customer_id,city,age,gender,monthly_income,plan_type,tenure_months,monthly_recharge_amount,data_usage_gb,call_minutes_used,sms_count,number_of_complaints,complaint_resolved,network_type,device_brand,device_price_range,avg_monthly_bill,late_payment_count,contract_type,customer_service_calls,international_roaming_used,value_added_services_count,satisfaction_score,app_usage_hours_per_week,social_media_usage_hours,streaming_service_used,number_of_family_lines,payment_method,signup_date,churn,tenure_days_from_signup
CUST01394,Nagpur,,Female,12000.0,Prepaid,8.0,154.95,0.28,396.0,17.0,2.0,Yes,4G,Vivo,Low (<10k),155.06,1.0,With Contract,2.0,No,2.0,5.0,2.8,1.1,Yes,0.0,UPI,2019-08-30,No,2538.0
CUST00186,Thane,58.0,Female,14100.0,Prepaid,30.0,95.67,2.81,516.0,34.0,3.0,Yes,2G,Xiaomi,Premium (>60k),86.36,1.0,No Contract,5.0,No,1.0,3.0,11.1,1.5,No,1.0,UPI,2019-03-11,Yes,2710.0
CUST00044,Navi Mumbai,44.0,Male,14200.0,Prepaid,64.0,238.28,,452.0,29.0,2.0,No,4G,Samsung,Mid (10k-25k),275.92,0.0,No Contract,4.0,No,2.0,5.0,1.5,2.5,No,0.0,Wallet,2019-04-28,No,2662.0
CUST01039,Mumbai,42.0,Male,12100.0,Postpaid,15.0,160.41,13.91,603.0,25.0,3.0,Yes,4G,Realme,,148.32,1.0,No Contract,1.0,No,1.0,,4.7,0.2,No,1.0,Debit Card,2022-01-09,Yes,1675.0
CUST00061,Pune,56.0,Male,49900.0,Postpaid,43.0,236.85,5.32,124.0,27.0,0.0,No Complaint Filed,5G,OnePlus,Low (<10k),285.58,0.0,No Contract,1.0,No,1.0,3.0,,4.5,No,1.0,Cash,2019-07-20,Yes,2579.0
CUST00336,Mumbai,80.0,Female,41900.0,Prepaid,9.0,325.08,0.18,497.0,29.0,3.0,No,4G,Vivo,Premium (>60k),270.84,1.0,No Contract,0.0,No,2.0,2.0,1.2,4.1,No,0.0,Debit Card,2024-11-04,No,645.0
CUST00532,Akola,48.0,Female,19500.0,Prepaid,35.0,161.34,4.02,533.0,32.0,2.0,Yes,,Oppo,Low (<10k),173.45,1.0,No Contract,1.0,No,1.0,5.0,3.6,10.8,Yes,3.0,Wallet,2019-11-27,No,2449.0
CUST00410,Mumbai,55.0,Male,11600.0,Postpaid,6.0,220.85,8.65,366.0,26.0,0.0,No Complaint Filed,4G,Samsung,Low (<10k),275.97,1.0,With Contract,2.0,No,1.0,5.0,3.2,5.8,Yes,3.0,UPI,2019-07-06,No,2593.0
CUST01168,Nagpur,,Female,29100.0,Postpaid,10.0,326.25,2.69,834.0,26.0,1.0,Yes,4G,Samsung,High (25k-60k),338.99,1.0,With Contract,2.0,Yes,0.0,4.0,3.5,1.2,Yes,0.0,Credit Card,2023-07-06,No,1132.0
CUST00364,Nagpur,31.0,Female,28400.0,Prepaid,2.0,232.9,4.52,456.0,22.0,6.0,No,5G,Oppo,Low (<10k),275.07,2.0,No Contract,3.0,No,4.0,5.0,14.9,5.9,No,1.0,Credit Card,2020-05-03,Yes,2291.0
CUST00285,Nashik,27.0,Female,30300.0,Prepaid,8.0,326.33,2.9,184.0,27.0,1.0,No,4G,Realme,Mid (10k-25k),284.97,2.0,No Contract,2.0,No,2.0,3.0,11.6,5.5,Yes,0.0,Wallet,2020-12-26,No,2054.0
CUST00118,Mumbai,,Female,155000.0,Prepaid,1.0,147.64,0.76,659.0,27.0,1.0,Yes,,Xiaomi,Premium (>60k),134.23,1.0,No Contract,0.0,No,1.0,1.0,19.7,0.6,No,0.0,Net Banking,2019-08-07,Yes,2561.0
CUST00735,Pune,51.0,Female,32400.0,Postpaid,500.0,110.6,14.53,82.0,26.0,2.0,No,5G,OnePlus,Mid (10k-25k),126.78,0.0,No Contract,2.0,No,1.0,3.0,1.2,1.8,No,0.0,Cash,2021-04-09,No,1950.0
CUST00205,Nashik,42.0,Female,48200.0,Postpaid,47.0,115.25,4.96,441.0,22.0,1.0,No,5G,Realme,Mid (10k-25k),134.26,1.0,No Contract,1.0,No,0.0,3.0,25.7,3.2,Yes,0.0,UPI,2023-09-29,No,1047.0
CUST00260,Mumbai,62.0,Female,31800.0,Prepaid,25.0,303.53,6.67,165.0,25.0,2.0,No,4G,Vivo,Mid (10k-25k),391.8,1.0,No Contract,2.0,No,1.0,2.0,0.0,8.2,No,0.0,UPI,2021-06-01,No,1897.0
CUST00873,Thane,56.0,Female,,Prepaid,11.0,186.88,5.75,639.0,29.0,1.0,No,4G,Apple,Mid (10k-25k),195.59,1.0,With Contract,1.0,No,0.0,4.0,10.7,6.9,No,0.0,Cash,2021-07-24,No,1844.0
CUST00639,Mumbai,55.0,Male,33400.0,Postpaid,9.0,146.65,9.59,738.0,28.0,0.0,No Complaint Filed,5G,Vivo,Mid (10k-25k),119.8,0.0,No Contract,4.0,No,2.0,5.0,1.4,0.7,No,1.0,UPI,2022-03-03,No,1622.0
CUST01021,Thane,42.0,Female,27700.0,Prepaid,34.0,162.69,0.4,585.0,21.0,4.0,Yes,4G,Realme,Mid (10k-25k),200.48,0.0,With Contract,3.0,No,1.0,5.0,22.5,2.6,No,1.0,Wallet,2021-06-24,Yes,1874.0
CUST00738,Solapur,52.0,Male,21700.0,Prepaid,9.0,398.87,13.96,,25.0,1.0,Yes,3G,Xiaomi,Mid (10k-25k),509.06,0.0,No Contract,1.0,No,1.0,5.0,2.2,7.3,No,0.0,Net Banking,2021-03-30,No,1960.0
CUST00455,Mumbai,64.0,Female,34800.0,Prepaid,19.0,178.7,1.31,234.0,16.0,1.0,Yes,3G,Realme,Mid (10k-25k),163.72,1.0,No Contract,1.0,No,2.0,4.0,2.7,5.9,No,0.0,,2023-10-15,No,1031.0
CUST00783,Mumbai,71.0,Female,13800.0,Prepaid,26.0,150.95,17.11,,27.0,1.0,No,4G,Samsung,Mid (10k-25k),184.0,1.0,No Contract,2.0,No,5.0,5.0,7.4,7.7,Yes,1.0,Cash,2021-08-30,No,1807.0
CUST01278,Akola,32.0,Male,19600.0,Postpaid,8.0,289.29,1.16,391.0,18.0,1.0,Yes,4G,Apple,Mid (10k-25k),318.88,1.0,No Contract,0.0,No,0.0,,10.8,0.4,No,3.0,Cash,2020-08-15,No,2187.0
CUST01073,Mumbai,64.0,Male,35900.0,Prepaid,8.0,228.94,2.37,0.0,25.0,1.0,No,3G,Oppo,Low (<10k),217.86,0.0,No Contract,3.0,No,0.0,2.0,3.6,6.6,No,1.0,UPI,2023-10-03,No,1043.0
CUST01444,Pune,69.0,Male,22000.0,Prepaid,22.0,211.1,5.56,502.0,23.0,0.0,No Complaint Filed,4G,Oppo,Low (<10k),179.59,0.0,With Contract,0.0,No,1.0,,,19.4,Yes,3.0,UPI,2023-09-06,No,1070.0
CUST00368,Navi Mumbai,66.0,Male,53600.0,Prepaid,1.0,156.54,1.04,458.0,34.0,0.0,No Complaint Filed,4G,Samsung,Mid (10k-25k),,0.0,With Contract,2.0,No,0.0,2.0,17.4,9.9,No,1.0,UPI,2020-08-01,Yes,2201.0
CUST01483,Nagpur,77.0,Female,21600.0,Prepaid,15.0,123.17,2.07,477.0,27.0,1.0,Yes,4G,Apple,Low (<10k),102.06,0.0,No Contract,1.0,No,2.0,4.0,0.3,5.5,No,2.0,Net Banking,2024-03-23,No,871.0
CUST00542,Nashik,32.0,Female,49700.0,Prepaid,12.0,131.98,0.48,491.0,34.0,4.0,No,4G,Oppo,Low (<10k),144.84,0.0,No Contract,1.0,No,0.0,4.0,5.0,5.0,Yes,3.0,Debit Card,2023-03-27,No,1233.0
CUST00512,Pune,50.0,Male,34300.0,Prepaid,3.0,613.32,0.42,423.0,32.0,0.0,No Complaint Filed,4G,OnePlus,Mid (10k-25k),684.97,2.0,No Contract,2.0,No,1.0,,8.6,12.1,Yes,2.0,Credit Card,2020-12-02,Yes,2078.0
CUST00390,Solapur,38.0,Female,9300.0,Postpaid,25.0,158.11,4.29,757.0,28.0,1.0,No,5G,Oppo,High (25k-60k),156.78,0.0,No Contract,3.0,No,4.0,3.0,0.9,1.7,Yes,0.0,UPI,2019-09-10,No,2527.0
CUST00557,Mumbai,30.0,Female,34400.0,Prepaid,0.0,170.54,2.88,240.0,29.0,1.0,No,5G,Xiaomi,Low (<10k),151.86,1.0,,3.0,No,1.0,5.0,16.1,0.8,Yes,0.0,Debit Card,2019-08-25,No,2543.0
CUST00770,Solapur,26.0,Female,23400.0,Postpaid,41.0,186.26,2.33,306.0,27.0,2.0,No,3G,Apple,,158.43,0.0,With Contract,4.0,No,4.0,4.0,4.0,2.0,No,1.0,UPI,2021-11-09,No,1736.0
CUST00703,Pune,32.0,Female,27200.0,Prepaid,2.0,426.5,,233.0,30.0,2.0,Yes,4G,Xiaomi,Premium (>60k),488.44,2.0,No Contract,3.0,No,1.0,4.0,1.0,2.1,Yes,0.0,Net Banking,2021-08-24,No,1813.0
CUST00801,Thane,,Male,33400.0,Prepaid,24.0,377.9,8.24,707.0,28.0,2.0,Yes,4G,Xiaomi,High (25k-60k),,1.0,With Contract,3.0,No,3.0,1.0,5.0,0.4,Yes,0.0,UPI,2021-01-16,No,2033.0
CUST00286,Mumbai,41.0,Female,26800.0,Prepaid,33.0,181.54,0.76,638.0,23.0,2.0,Yes,4G,Realme,Mid (10k-25k),168.98,2.0,No Contract,2.0,No,0.0,4.0,2.1,6.3,Yes,2.0,UPI,2024-03-08,Yes,886.0
CUST00072,Mumbai,,Male,123500.0,Prepaid,14.0,181.78,3.27,521.0,17.0,1.0,Yes,4G,Apple,Mid (10k-25k),149.98,1.0,With Contract,1.0,No,2.0,2.0,9.3,1.3,Yes,0.0,Debit Card,2024-04-23,No,840.0
CUST00612,Solapur,83.0,Male,28300.0,Postpaid,14.0,224.12,2.23,,23.0,2.0,No,4G,Samsung,Mid (10k-25k),255.6,0.0,With Contract,3.0,No,1.0,,2.0,2.7,Yes,3.0,Wallet,2019-07-23,No,2576.0
CUST00649,Chhatrapati Sambhajinagar,28.0,Female,12600.0,Postpaid,5.0,111.28,3.78,405.0,27.0,3.0,Yes,4G,Realme,,116.15,0.0,No Contract,4.0,No,1.0,1.0,1.3,1.2,No,2.0,Debit Card,2023-08-02,Yes,1105.0
CUST00914,Pune,49.0,Male,43700.0,Postpaid,4.0,243.0,17.21,153.0,33.0,1.0,Yes,4G,Realme,Mid (10k-25k),264.83,2.0,No Contract,2.0,Yes,1.0,5.0,1.1,1.7,Yes,1.0,UPI,2024-04-06,No,857.0
CUST01055,Akola,85.0,Male,28100.0,Prepaid,2.0,301.93,1.03,454.0,27.0,4.0,Yes,4G,OnePlus,High (25k-60k),304.49,0.0,No Contract,4.0,No,1.0,5.0,1.4,0.1,No,0.0,Cash,2021-07-06,Yes,1862.0
CUST01051,Amravati,47.0,Male,42100.0,Prepaid,30.0,168.82,0.97,543.0,23.0,1.0,No,4G,Vivo,Mid (10k-25k),179.8,1.0,No Contract,4.0,No,1.0,3.0,21.7,7.6,No,1.0,Cash,2022-02-05,No,1648.0
CUST01016,Navi Mumbai,43.0,Male,66200.0,Prepaid,2.0,205.09,7.54,459.0,31.0,0.0,No Complaint Filed,4G,Xiaomi,Low (<10k),265.97,0.0,With Contract,1.0,No,3.0,3.0,0.6,0.0,Yes,3.0,Credit Card,2024-04-16,No,847.0
CUST00351,Nagpur,47.0,Male,17700.0,Prepaid,41.0,280.88,16.72,249.0,28.0,2.0,Yes,4G,Samsung,Low (<10k),351.51,0.0,No Contract,1.0,No,0.0,2.0,21.6,7.4,Yes,1.0,Net Banking,2019-04-09,No,2681.0
CUST01401,Mumbai,38.0,,8600.0,Prepaid,0.0,209.59,5.99,588.0,31.0,1.0,No,4G,OnePlus,High (25k-60k),240.87,4.0,With Contract,2.0,No,0.0,3.0,0.1,8.1,Yes,1.0,Credit Card,2020-03-25,No,2330.0
CUST01361,Navi Mumbai,52.0,Female,32800.0,Postpaid,11.0,117.03,1.75,725.0,20.0,0.0,No Complaint Filed,4G,OnePlus,Low (<10k),115.38,0.0,No Contract,2.0,No,0.0,3.0,8.6,6.0,No,1.0,Net Banking,2022-11-11,Yes,1369.0
CUST00112,Mumbai,54.0,Female,16100.0,Prepaid,10.0,601.87,0.43,251.0,24.0,0.0,No Complaint Filed,3G,Realme,Mid (10k-25k),570.15,0.0,With Contract,0.0,No,2.0,5.0,2.2,5.0,Yes,0.0,UPI,2024-03-31,No,863.0
CUST01014,Mumbai,42.0,Female,44900.0,Prepaid,1.0,157.04,0.33,367.0,16.0,2.0,Yes,4G,Xiaomi,Low (<10k),141.06,1.0,No Contract,3.0,No,0.0,3.0,2.7,3.0,No,1.0,,2021-06-13,Yes,1885.0
CUST00716,Navi Mumbai,35.0,Male,14400.0,Prepaid,10.0,271.6,7.73,551.0,22.0,4.0,No,,Xiaomi,Mid (10k-25k),350.64,2.0,No Contract,3.0,No,2.0,5.0,12.6,7.0,No,0.0,UPI,2022-06-20,No,1513.0
CUST01062,Akola,61.0,Female,30900.0,Postpaid,8.0,188.44,4.09,31.0,25.0,1.0,Yes,4G,Xiaomi,Low (<10k),226.21,1.0,No Contract,2.0,Yes,0.0,3.0,3.5,2.7,No,1.0,Wallet,2019-05-17,No,2643.0
CUST00117,Solapur,,Female,29200.0,Prepaid,13.0,229.87,2.99,668.0,19.0,1.0,Yes,4G,Samsung,High (25k-60k),258.21,0.0,With Contract,3.0,No,1.0,2.0,,11.4,No,2.0,Debit Card,2019-05-17,No,2643.0
CUST00867,Mumbai,57.0,Male,24200.0,Prepaid,0.0,195.03,7.12,325.0,27.0,1.0,No,3G,Samsung,Low (<10k),224.01,1.0,No Contract,4.0,No,1.0,3.0,2.6,2.9,No,0.0,Credit Card,2020-09-30,No,2141.0
CUST00102,Nashik,63.0,Male,37100.0,Prepaid,0.0,155.21,3.3,616.0,14.0,2.0,No,5G,Xiaomi,Low (<10k),158.65,0.0,No Contract,3.0,No,1.0,2.0,,3.6,Yes,0.0,UPI,2019-01-11,No,2769.0
CUST00659,Thane,35.0,Female,25300.0,Postpaid,9.0,75.78,12.08,603.0,23.0,1.0,Yes,4G,Realme,High (25k-60k),92.28,2.0,No Contract,7.0,No,1.0,2.0,3.6,2.0,Yes,0.0,UPI,2023-02-04,No,1284.0
CUST00986,Nagpur,78.0,,28900.0,Postpaid,2.0,115.4,2.99,186.0,31.0,1.0,No,4G,Xiaomi,High (25k-60k),129.22,2.0,,3.0,No,0.0,3.0,6.4,1.3,No,2.0,Debit Card,2019-02-02,Yes,2747.0
CUST01048,Mumbai,31.0,Female,10600.0,Postpaid,14.0,104.48,,642.0,25.0,2.0,Yes,4G,Realme,Low (<10k),106.62,0.0,No Contract,2.0,No,2.0,3.0,2.2,1.7,No,0.0,Credit Card,2020-11-10,No,2100.0
CUST01191,Mumbai,34.0,Female,32000.0,Postpaid,5.0,68.04,8.18,346.0,15.0,2.0,Yes,4G,Samsung,Low (<10k),57.61,0.0,No Contract,0.0,No,1.0,4.0,1.1,12.2,Yes,4.0,Wallet,2019-06-12,No,2617.0
CUST00638,Mumbai,37.0,Male,60300.0,Prepaid,22.0,492.82,0.37,325.0,29.0,0.0,No Complaint Filed,4G,Samsung,Low (<10k),557.5,1.0,With Contract,3.0,No,2.0,5.0,13.8,2.1,Yes,0.0,Wallet,2020-05-11,No,2283.0
CUST00607,Mumbai,21.0,Female,,Prepaid,50.0,211.83,16.15,614.0,28.0,0.0,No Complaint Filed,4G,Apple,Mid (10k-25k),243.35,2.0,No Contract,0.0,No,0.0,2.0,3.0,20.0,No,0.0,UPI,2021-04-04,No,1955.0
CUST00453,Pune,36.0,Female,21400.0,Prepaid,20.0,140.43,0.2,,23.0,0.0,No Complaint Filed,4G,Vivo,Low (<10k),163.6,0.0,No Contract,1.0,No,2.0,5.0,1.0,0.1,Yes,1.0,Credit Card,2021-01-30,No,2019.0
CUST00733,Thane,69.0,Other,40900.0,Prepaid,1.0,150.31,0.55,,18.0,2.0,Yes,4G,Xiaomi,Premium (>60k),130.53,1.0,No Contract,1.0,No,2.0,3.0,4.6,6.4,Yes,0.0,,2021-07-11,Yes,1857.0
CUST00464,Nashik,40.0,Female,11700.0,Prepaid,10.0,252.93,10.71,123.0,16.0,1.0,Yes,4G,Vivo,High (25k-60k),325.24,0.0,No Contract,2.0,No,0.0,4.0,0.8,1.1,No,1.0,UPI,2024-04-20,No,843.0
CUST01075,Akola,51.0,Male,23800.0,Postpaid,8.0,103.14,6.32,605.0,34.0,2.0,Yes,4G,Samsung,Low (<10k),98.56,1.0,No Contract,0.0,No,2.0,4.0,,0.7,No,0.0,UPI,2020-07-11,No,2222.0
CUST01481,Solapur,39.0,Female,21800.0,Prepaid,10.0,649.04,1.17,0.0,15.0,2.0,Yes,4G,Xiaomi,Mid (10k-25k),828.48,0.0,No Contract,2.0,No,0.0,4.0,2.3,17.2,No,0.0,UPI,2022-12-10,No,1340.0
CUST00253,Kolhapur,38.0,Male,11000.0,Prepaid,5.0,114.03,12.26,762.0,26.0,2.0,No,4G,Vivo,Low (<10k),101.51,1.0,No Contract,2.0,No,1.0,5.0,2.0,0.8,Yes,3.0,Debit Card,2021-03-11,No,1979.0
CUST01458,Thane,53.0,Female,54700.0,Prepaid,40.0,278.22,33.5,299.0,26.0,1.0,Yes,4G,Realme,Mid (10k-25k),315.74,1.0,No Contract,1.0,Yes,0.0,4.0,4.5,4.2,Yes,4.0,UPI,2024-05-25,No,808.0
CUST01396,Solapur,57.0,Female,22100.0,Postpaid,25.0,420.0,5.93,463.0,23.0,2.0,No,4G,Realme,Mid (10k-25k),480.65,2.0,With Contract,1.0,No,2.0,4.0,3.7,1.5,Yes,2.0,UPI,2020-08-06,No,2196.0
CUST00128,Kolhapur,69.0,Female,,Prepaid,2.0,373.46,1.85,,33.0,0.0,No Complaint Filed,4G,Samsung,Mid (10k-25k),337.47,0.0,No Contract,3.0,No,5.0,5.0,0.7,4.7,Yes,0.0,Wallet,2023-10-31,Yes,1015.0
CUST00064,Pune,49.0,Male,28200.0,Prepaid,13.0,170.49,5.14,207.0,25.0,2.0,No,5G,Samsung,Premium (>60k),156.32,0.0,With Contract,0.0,No,2.0,5.0,7.4,8.7,No,1.0,Credit Card,2021-11-27,No,1718.0
CUST01027,Kolhapur,35.0,Male,16300.0,Prepaid,12.0,236.01,0.52,264.0,24.0,0.0,No Complaint Filed,4G,Vivo,Low (<10k),234.35,1.0,With Contract,3.0,No,1.0,2.0,7.1,10.4,No,1.0,UPI,2022-08-16,No,1456.0
CUST01447,Thane,50.0,Female,23500.0,Prepaid,7.0,494.25,4.69,173.0,14.0,0.0,No Complaint Filed,2G,Samsung,Mid (10k-25k),556.49,1.0,No Contract,2.0,No,1.0,2.0,5.7,21.5,Yes,1.0,UPI,2021-01-14,No,2035.0
CUST00059,Mumbai,56.0,,17000.0,Prepaid,10.0,433.4,4.21,746.0,31.0,1.0,Yes,3G,Realme,High (25k-60k),510.27,1.0,With Contract,1.0,No,0.0,,7.0,0.7,No,2.0,Wallet,2024-01-25,No,929.0
CUST01302,Navi Mumbai,47.0,Other,25100.0,Postpaid,19.0,73.24,11.49,64.0,20.0,2.0,Yes,4G,Xiaomi,Low (<10k),83.73,0.0,No Contract,4.0,No,1.0,,14.1,6.5,No,0.0,Wallet,2021-09-20,No,1786.0
CUST00349,Pune,60.0,Female,12100.0,Prepaid,4.0,128.35,7.43,346.0,28.0,1.0,No,4G,,Low (<10k),135.32,1.0,No Contract,0.0,No,1.0,,3.7,7.7,No,0.0,Net Banking,2019-07-14,Yes,2585.0
CUST01138,Nagpur,47.0,Male,13000.0,Prepaid,20.0,258.15,0.19,336.0,30.0,2.0,No,4G,Xiaomi,Premium (>60k),256.81,5.0,With Contract,2.0,No,1.0,5.0,32.6,4.1,No,0.0,Cash,2022-09-25,No,1416.0
CUST00468,Kolhapur,55.0,Male,5900.0,Prepaid,11.0,53.44,2.12,632.0,37.0,1.0,No,4G,Xiaomi,Mid (10k-25k),62.88,1.0,No Contract,1.0,No,0.0,3.0,6.7,4.6,Yes,3.0,Credit Card,2024-03-30,No,864.0
CUST01472,Thane,85.0,Male,45700.0,Postpaid,25.0,69.73,2.47,420.0,22.0,1.0,Yes,4G,OnePlus,Low (<10k),64.35,2.0,,2.0,No,3.0,1.0,1.6,0.8,Yes,0.0,Wallet,2022-04-16,No,1578.0
CUST00968,Pune,41.0,Male,10400.0,Prepaid,0.0,183.5,1.2,461.0,19.0,1.0,Yes,4G,Oppo,Premium (>60k),221.21,0.0,No Contract,3.0,No,0.0,4.0,6.0,3.4,No,0.0,Debit Card,2020-01-19,Yes,2396.0
CUST00096,Nagpur,58.0,Female,27700.0,Prepaid,14.0,91.0,9.39,715.0,29.0,2.0,No,4G,Xiaomi,Premium (>60k),81.36,0.0,No Contract,3.0,No,0.0,2.0,8.9,2.7,No,1.0,Net Banking,2021-07-27,Yes,1841.0
CUST00413,Navi Mumbai,39.0,Female,74800.0,Prepaid,20.0,465.22,14.33,821.0,24.0,2.0,No,4G,Samsung,Mid (10k-25k),562.99,3.0,With Contract,2.0,No,2.0,4.0,21.8,25.0,Yes,1.0,Net Banking,2021-03-19,No,1971.0
CUST00201,Thane,54.0,Male,25300.0,Prepaid,25.0,243.06,,182.0,25.0,0.0,No Complaint Filed,4G,,Low (<10k),197.27,1.0,With Contract,0.0,No,2.0,4.0,7.8,7.9,Yes,1.0,Cash,2021-01-12,No,2037.0
CUST00817,Nashik,68.0,Male,7100.0,Prepaid,59.0,270.16,12.32,739.0,25.0,0.0,No Complaint Filed,4G,Vivo,Low (<10k),241.87,0.0,No Contract,2.0,No,2.0,4.0,2.8,6.8,Yes,2.0,Debit Card,2022-06-25,No,1508.0
CUST00701,Nagpur,36.0,Female,33000.0,Prepaid,22.0,180.52,0.36,528.0,21.0,1.0,Yes,4G,Samsung,Low (<10k),228.99,2.0,No Contract,1.0,No,1.0,4.0,13.7,0.6,Yes,1.0,Cash,2022-09-06,No,1435.0
CUST00674,Nagpur,71.0,Female,34200.0,Postpaid,21.0,181.79,8.98,350.0,23.0,2.0,Yes,3G,Vivo,Mid (10k-25k),171.77,0.0,No Contract,2.0,No,2.0,3.0,13.1,1.3,No,1.0,UPI,2020-12-21,No,2059.0
CUST00433,Nashik,56.0,Female,21500.0,Postpaid,14.0,284.9,1.24,388.0,19.0,3.0,Yes,4G,Vivo,Mid (10k-25k),352.53,1.0,No Contract,2.0,No,0.0,2.0,5.2,16.2,Yes,2.0,Net Banking,2021-02-12,No,2006.0
CUST00384,Amravati,52.0,Male,25500.0,Postpaid,6.0,134.95,1.16,188.0,30.0,2.0,Yes,2G,Apple,Low (<10k),152.65,0.0,No Contract,3.0,No,3.0,2.0,5.7,3.8,Yes,0.0,UPI,2022-04-02,No,1592.0
CUST00028,Nagpur,50.0,Male,70600.0,Prepaid,0.0,157.06,0.85,473.0,23.0,1.0,No,4G,Samsung,Low (<10k),164.65,1.0,No Contract,0.0,No,0.0,3.0,21.8,5.6,Yes,3.0,Net Banking,2022-07-24,No,1479.0
CUST00142,Mumbai,46.0,Female,20600.0,Postpaid,10.0,251.63,8.58,69.0,26.0,3.0,No,4G,Xiaomi,Mid (10k-25k),232.1,2.0,No Contract,3.0,No,0.0,4.0,0.4,0.1,Yes,0.0,UPI,2021-10-22,Yes,1754.0
CUST00010,Thane,75.0,Male,24100.0,Postpaid,11.0,169.8,10.56,358.0,21.0,1.0,Yes,3G,Xiaomi,Low (<10k),173.91,3.0,No Contract,5.0,No,3.0,3.0,14.6,2.0,Yes,1.0,Debit Card,2019-11-13,Yes,2463.0
CUST00778,Thane,53.0,Female,29900.0,Prepaid,6.0,167.84,5.14,517.0,25.0,1.0,No,4G,OnePlus,High (25k-60k),168.7,2.0,No Contract,1.0,No,3.0,2.0,2.8,1.1,Yes,3.0,Credit Card,2021-03-04,No,1986.0
CUST00397,Kolhapur,52.0,Female,26000.0,Prepaid,3.0,203.56,1.71,104.0,18.0,0.0,No Complaint Filed,5G,Apple,Mid (10k-25k),239.39,0.0,No Contract,5.0,No,1.0,5.0,12.7,9.8,No,3.0,UPI,2023-09-19,No,1057.0
CUST01404,Thane,42.0,Female,46200.0,Prepaid,22.0,126.54,8.82,397.0,32.0,1.0,Yes,4G,Apple,High (25k-60k),,1.0,With Contract,2.0,No,1.0,1.0,4.3,1.3,No,1.0,Net Banking,2020-03-27,No,2328.0
CUST00653,Nashik,59.0,Male,32800.0,Prepaid,12.0,264.58,5.01,164.0,25.0,2.0,No,3G,Apple,Low (<10k),238.29,0.0,With Contract,1.0,No,1.0,5.0,1.5,8.7,Yes,0.0,UPI,2021-08-01,No,1836.0
CUST00650,Nagpur,36.0,Female,24300.0,Prepaid,8.0,80.86,2.24,,29.0,1.0,Yes,3G,Xiaomi,Mid (10k-25k),84.69,1.0,With Contract,0.0,No,1.0,2.0,2.0,3.0,No,0.0,Wallet,2021-04-30,No,1929.0
CUST00894,Pune,85.0,Male,6700.0,Prepaid,10.0,685.94,6.88,673.0,34.0,0.0,No Complaint Filed,4G,Xiaomi,Low (<10k),784.71,0.0,With Contract,5.0,No,2.0,3.0,0.7,5.5,Yes,0.0,,2021-02-07,No,2011.0
CUST00882,Thane,57.0,Female,29600.0,Postpaid,5.0,62.5,2.32,598.0,34.0,2.0,No,5G,Realme,Low (<10k),51.09,4.0,No Contract,1.0,No,1.0,3.0,3.6,0.2,No,0.0,Cash,2023-07-17,Yes,1121.0
CUST00685,Navi Mumbai,66.0,Female,20600.0,Prepaid,4.0,70.03,5.71,806.0,28.0,1.0,Yes,4G,Samsung,High (25k-60k),79.58,0.0,No Contract,0.0,No,0.0,3.0,23.7,0.5,Yes,1.0,Debit Card,2019-06-28,No,2601.0
CUST00194,Nashik,67.0,Male,23100.0,Prepaid,7.0,139.9,5.2,324.0,37.0,4.0,Yes,4G,Vivo,Mid (10k-25k),127.45,0.0,No Contract,1.0,No,0.0,3.0,1.9,13.6,No,0.0,Net Banking,2022-02-10,No,1643.0
CUST00665,Mumbai,58.0,Female,21900.0,Prepaid,29.0,43.76,2.76,225.0,30.0,3.0,No,5G,,Mid (10k-25k),,3.0,No Contract,2.0,No,1.0,,0.3,5.7,Yes,0.0,UPI,2021-04-04,No,1955.0
CUST00263,Mumbai,64.0,Male,45000.0,Prepaid,49.0,305.93,0.1,80.0,37.0,2.0,Yes,4G,Vivo,Low (<10k),272.01,0.0,With Contract,0.0,No,1.0,5.0,2.7,1.7,No,1.0,Credit Card,2022-06-25,No,1508.0
CUST00956,Pune,44.0,Male,29800.0,Postpaid,4.0,125.74,2.91,0.0,21.0,1.0,No,4G,Xiaomi,High (25k-60k),146.15,1.0,No Contract,2.0,No,2.0,5.0,4.2,1.0,Yes,1.0,Cash,2023-07-06,No,1132.0
CUST01139,Nagpur,62.0,Male,69900.0,Postpaid,1.0,376.84,,531.0,28.0,1.0,Yes,4G,Apple,High (25k-60k),397.82,0.0,With Contract,2.0,No,2.0,4.0,6.9,4.9,Yes,2.0,Net Banking,2019-08-31,No,2537.0
CUST00870,Navi Mumbai,45.0,,15700.0,Postpaid,17.0,52.74,0.2,333.0,18.0,1.0,No,4G,,Low (<10k),44.74,1.0,No Contract,7.0,No,2.0,3.0,,4.8,No,0.0,UPI,2019-07-23,No,2576.0
CUST00622,Mumbai,72.0,Female,15500.0,Postpaid,32.0,258.29,2.64,714.0,29.0,3.0,No,4G,Samsung,Premium (>60k),220.46,1.0,With Contract,3.0,No,0.0,4.0,18.9,3.0,Yes,0.0,UPI,2021-12-25,No,1690.0
CUST01277,Mumbai,72.0,Male,108500.0,Prepaid,22.0,157.36,12.52,0.0,29.0,1.0,Yes,4G,OnePlus,High (25k-60k),167.27,1.0,With Contract,2.0,No,3.0,3.0,,0.4,No,0.0,Wallet,2021-07-30,No,1838.0
CUST01074,Mumbai,42.0,Female,15900.0,Prepaid,1.0,103.73,0.21,161.0,24.0,2.0,No,4G,Samsung,Low (<10k),87.82,1.0,With Contract,1.0,No,1.0,5.0,10.2,1.4,No,0.0,Cash,2021-06-16,Yes,1882.0
CUST00839,Nashik,78.0,Male,16500.0,Prepaid,39.0,115.37,5.0,311.0,30.0,2.0,Yes,4G,Vivo,Low (<10k),149.0,1.0,No Contract,2.0,Yes,1.0,1.0,13.1,1.4,Yes,2.0,Net Banking,2021-04-23,No,1936.0
CUST01241,Kolhapur,41.0,Male,,Prepaid,9.0,160.14,5.27,332.0,24.0,1.0,Yes,4G,Vivo,High (25k-60k),184.83,0.0,With Contract,5.0,Yes,1.0,3.0,7.7,5.5,No,2.0,Debit Card,2023-08-28,No,1079.0
CUST00678,Pune,35.0,Female,23000.0,Postpaid,33.0,342.1,0.52,275.0,21.0,0.0,No Complaint Filed,4G,Realme,Premium (>60k),417.91,0.0,With Contract,3.0,No,2.0,3.0,3.2,4.0,No,3.0,UPI,2023-10-20,No,1026.0
CUST00993,Mumbai,31.0,Male,36400.0,Prepaid,7.0,470.84,9.62,630.0,25.0,0.0,No Complaint Filed,4G,Oppo,Premium (>60k),542.76,1.0,No Contract,2.0,No,4.0,2.0,0.0,15.5,No,1.0,UPI,2022-07-16,Yes,1487.0
CUST01390,Pune,59.0,Female,20300.0,Postpaid,7.0,112.31,14.42,511.0,27.0,0.0,No Complaint Filed,4G,Xiaomi,High (25k-60k),111.92,0.0,,2.0,No,0.0,5.0,7.0,4.3,Yes,0.0,UPI,2019-05-02,No,2658.0
CUST00018,Nagpur,52.0,Female,27200.0,Postpaid,28.0,231.03,3.51,349.0,29.0,2.0,No,4G,Xiaomi,Low (<10k),228.51,1.0,With Contract,4.0,No,2.0,,35.8,4.2,No,2.0,Wallet,2022-11-10,No,1370.0
CUST00766,Nagpur,39.0,Female,29200.0,Prepaid,7.0,372.94,1.44,179.0,20.0,0.0,No Complaint Filed,4G,Oppo,Mid (10k-25k),437.87,2.0,With Contract,2.0,No,1.0,1.0,0.6,3.8,No,3.0,UPI,2021-01-18,Yes,2031.0
CUST00187,Solapur,36.0,,20800.0,Prepaid,2.0,298.52,8.58,552.0,34.0,1.0,Yes,5G,Vivo,Mid (10k-25k),317.53,0.0,No Contract,3.0,No,0.0,5.0,6.8,7.4,Yes,0.0,UPI,2019-02-24,No,2725.0
CUST01388,Mumbai,38.0,Female,66200.0,Postpaid,5.0,730.15,6.91,410.0,26.0,0.0,No Complaint Filed,2G,Apple,Low (<10k),650.15,0.0,With Contract,3.0,No,0.0,1.0,12.6,12.9,Yes,4.0,Credit Card,2020-04-24,Yes,2300.0
CUST00705,Mumbai,83.0,Male,9300.0,Prepaid,7.0,417.29,2.72,871.0,23.0,0.0,No Complaint Filed,4G,Apple,Low (<10k),363.26,2.0,With Contract,2.0,No,4.0,4.0,0.2,19.7,No,0.0,Credit Card,2024-03-09,No,885.0
CUST00881,Mumbai,25.0,Female,57000.0,Postpaid,28.0,77.3,14.78,309.0,21.0,0.0,No Complaint Filed,5G,Xiaomi,Low (<10k),100.39,0.0,No Contract,2.0,No,1.0,4.0,33.2,16.4,No,0.0,Credit Card,2022-03-28,No,1597.0
CUST00706,Akola,37.0,Other,33500.0,Prepaid,10.0,344.95,,603.0,17.0,1.0,No,5G,Xiaomi,Low (<10k),438.01,0.0,No Contract,2.0,Yes,0.0,,12.6,15.2,Yes,0.0,Net Banking,2020-04-26,No,2298.0
CUST00207,Mumbai,49.0,Female,18800.0,Prepaid,12.0,85.35,1.23,506.0,23.0,1.0,Yes,4G,Realme,Mid (10k-25k),102.26,1.0,With Contract,0.0,No,2.0,5.0,0.0,8.4,No,0.0,Credit Card,2021-11-12,No,1733.0
CUST01199,Chhatrapati Sambhajinagar,48.0,Male,17100.0,Prepaid,18.0,199.39,5.1,709.0,25.0,0.0,No Complaint Filed,4G,Oppo,High (25k-60k),202.21,1.0,No Contract,2.0,No,0.0,4.0,8.8,8.8,Yes,2.0,Wallet,2022-10-28,No,1383.0
CUST01358,Pune,27.0,Male,12400.0,Postpaid,13.0,160.18,3.48,486.0,26.0,1.0,Yes,3G,Samsung,,180.19,0.0,With Contract,4.0,No,3.0,3.0,13.1,10.8,No,0.0,Credit Card,2021-07-15,No,1853.0
CUST00119,,62.0,,24100.0,Prepaid,10.0,163.96,9.11,262.0,32.0,0.0,No Complaint Filed,4G,Apple,Low (<10k),149.75,0.0,No Contract,3.0,Yes,2.0,1.0,1.0,1.1,No,3.0,UPI,2020-03-17,No,2338.0
CUST00599,Mumbai,33.0,Male,21900.0,Postpaid,5.0,229.36,2.73,462.0,20.0,0.0,No Complaint Filed,,Samsung,Mid (10k-25k),262.34,0.0,With Contract,4.0,No,0.0,1.0,2.4,10.0,No,4.0,Debit Card,2023-01-02,Yes,1317.0
CUST00670,Pune,49.0,Male,84100.0,Postpaid,0.0,370.95,5.96,518.0,23.0,1.0,No,2G,Vivo,Low (<10k),454.6,0.0,No Contract,1.0,No,2.0,5.0,14.1,0.6,No,1.0,Debit Card,2022-06-13,No,1520.0
CUST00596,Pune,72.0,Male,41100.0,Postpaid,3.0,542.43,9.92,364.0,25.0,0.0,No Complaint Filed,3G,Xiaomi,,532.79,1.0,No Contract,3.0,No,1.0,,2.6,3.2,No,1.0,Wallet,2023-06-04,Yes,1164.0
CUST00295,Mumbai,,Male,16900.0,Prepaid,71.0,317.91,3.66,572.0,30.0,1.0,No,4G,Samsung,Low (<10k),283.93,0.0,With Contract,5.0,No,2.0,2.0,13.4,1.2,No,3.0,UPI,2023-07-17,No,1121.0
CUST01402,Mumbai,47.0,Male,24900.0,Postpaid,8.0,197.01,8.68,518.0,29.0,2.0,No,3G,Samsung,Low (<10k),167.41,0.0,No Contract,0.0,No,1.0,5.0,23.6,2.2,Yes,1.0,UPI,2023-12-26,No,959.0
CUST00370,Mumbai,22.0,Male,52600.0,Postpaid,10.0,387.62,1.31,149.0,19.0,1.0,No,4G,Xiaomi,Low (<10k),314.44,0.0,No Contract,2.0,No,1.0,4.0,7.0,1.7,Yes,4.0,Net Banking,2022-03-13,No,1612.0
CUST01124,Solapur,51.0,Other,,Prepaid,8.0,312.64,15.8,597.0,30.0,0.0,No Complaint Filed,3G,,Low (<10k),269.03,3.0,No Contract,0.0,No,0.0,2.0,1.3,6.3,No,0.0,Credit Card,2019-03-26,No,2695.0
CUST01213,Mumbai,37.0,Male,131000.0,Prepaid,21.0,77.77,0.27,751.0,15.0,0.0,No Complaint Filed,2G,Xiaomi,Premium (>60k),77.02,0.0,With Contract,1.0,No,1.0,1.0,,1.5,Yes,0.0,Debit Card,2019-11-19,No,2457.0
CUST00906,Amravati,27.0,Female,,Prepaid,25.0,137.32,0.17,571.0,27.0,0.0,No Complaint Filed,3G,OnePlus,Mid (10k-25k),112.36,0.0,With Contract,4.0,No,1.0,1.0,0.6,0.4,Yes,0.0,UPI,2023-07-23,No,1115.0
CUST01327,Mumbai,48.0,Male,23200.0,Prepaid,14.0,227.02,4.24,191.0,22.0,1.0,No,4G,Xiaomi,Mid (10k-25k),286.77,0.0,With Contract,2.0,Yes,3.0,3.0,2.2,11.9,Yes,3.0,UPI,2021-11-10,No,1735.0
CUST01086,Pune,40.0,Female,16900.0,Postpaid,8.0,131.55,1.19,441.0,33.0,1.0,No,4G,OnePlus,Low (<10k),134.12,0.0,No Contract,5.0,No,1.0,5.0,1.1,4.9,Yes,0.0,UPI,2021-11-05,No,1740.0
CUST01160,Mumbai,39.0,Female,21700.0,Prepaid,15.0,112.23,3.97,612.0,21.0,0.0,No Complaint Filed,4G,Realme,Mid (10k-25k),128.13,1.0,With Contract,4.0,No,1.0,4.0,7.2,23.4,No,1.0,UPI,2022-05-17,No,1547.0
CUST01128,Pune,51.0,Female,24500.0,Prepaid,3.0,275.17,12.69,597.0,22.0,1.0,Yes,5G,Realme,High (25k-60k),281.82,0.0,With Contract,2.0,No,1.0,3.0,33.3,12.3,Yes,0.0,UPI,2020-12-10,No,2070.0
CUST00448,Chhatrapati Sambhajinagar,29.0,Male,34800.0,Prepaid,0.0,220.97,1.26,633.0,29.0,1.0,Yes,4G,Realme,High (25k-60k),257.24,2.0,With Contract,0.0,No,2.0,5.0,11.3,6.0,Yes,2.0,Debit Card,2022-03-11,No,1614.0
CUST00024,Pune,37.0,Male,12000.0,Postpaid,40.0,120.08,0.01,481.0,22.0,3.0,Yes,4G,Xiaomi,Low (<10k),155.66,1.0,No Contract,3.0,No,1.0,4.0,7.6,4.7,No,0.0,UPI,2019-09-07,Yes,2530.0
CUST00831,Mumbai,35.0,Male,18400.0,Prepaid,25.0,166.6,12.91,407.0,22.0,2.0,Yes,4G,,High (25k-60k),195.02,0.0,No Contract,3.0,No,1.0,,2.1,2.4,No,1.0,Cash,2022-03-05,No,1620.0
CUST00883,Mumbai,55.0,Other,39600.0,Prepaid,23.0,220.42,10.29,562.0,24.0,2.0,Yes,5G,Realme,Low (<10k),269.11,0.0,With Contract,1.0,No,0.0,1.0,2.0,11.9,Yes,0.0,UPI,2019-04-27,No,2663.0
CUST00814,Navi Mumbai,43.0,Female,15000.0,Prepaid,6.0,371.07,7.98,680.0,23.0,0.0,No Complaint Filed,4G,Vivo,Mid (10k-25k),306.81,0.0,With Contract,4.0,No,0.0,3.0,20.6,6.5,Yes,1.0,Cash,2022-11-04,No,1376.0
CUST01049,,34.0,Female,31500.0,Postpaid,22.0,284.34,7.68,430.0,26.0,1.0,No,4G,Xiaomi,Mid (10k-25k),362.95,0.0,No Contract,5.0,No,1.0,1.0,14.8,5.1,Yes,0.0,Debit Card,2024-06-22,Yes,780.0
CUST00846,Pune,31.0,Female,73400.0,Prepaid,15.0,90.74,2.04,611.0,24.0,1.0,No,5G,Xiaomi,Mid (10k-25k),77.33,0.0,With Contract,3.0,No,3.0,3.0,0.5,10.3,Yes,1.0,,2022-04-04,No,1590.0
CUST00168,Mumbai,62.0,Male,19900.0,Postpaid,3.0,295.01,8.98,250.0,19.0,0.0,No Complaint Filed,5G,Samsung,Low (<10k),276.28,1.0,No Contract,1.0,No,2.0,4.0,6.8,2.3,No,2.0,UPI,2020-05-02,No,2292.0
CUST00288,Nagpur,40.0,Female,30700.0,Prepaid,8.0,205.73,0.63,693.0,22.0,2.0,No,4G,Oppo,Low (<10k),180.66,0.0,No Contract,3.0,No,1.0,1.0,7.8,17.7,No,2.0,Credit Card,2023-08-08,No,1099.0
CUST00644,Pune,24.0,Male,27700.0,Postpaid,54.0,181.11,1.03,457.0,26.0,2.0,Yes,3G,Samsung,Premium (>60k),233.88,1.0,With Contract,0.0,No,2.0,4.0,11.6,9.5,Yes,0.0,UPI,2019-08-08,No,2560.0
CUST00964,Pune,73.0,Female,19400.0,Prepaid,21.0,102.66,2.08,266.0,26.0,2.0,No,3G,Xiaomi,High (25k-60k),114.15,0.0,No Contract,1.0,No,1.0,3.0,0.0,1.9,Yes,1.0,UPI,2021-01-30,No,2019.0
CUST00147,Nashik,58.0,Male,21600.0,Prepaid,3.0,477.81,0.89,402.0,21.0,1.0,No,4G,OnePlus,Low (<10k),441.11,0.0,No Contract,4.0,No,1.0,2.0,2.1,3.1,No,1.0,Wallet,2020-04-10,Yes,2314.0
CUST01467,Sangli,34.0,Male,57600.0,Postpaid,2.0,179.47,1.24,455.0,19.0,1.0,Yes,3G,Oppo,High (25k-60k),182.05,0.0,No Contract,2.0,No,1.0,2.0,0.6,1.5,No,0.0,UPI,2021-04-28,No,1931.0
CUST01197,Sangli,52.0,Female,18400.0,Prepaid,0.0,170.56,16.66,278.0,22.0,2.0,Yes,3G,Apple,Mid (10k-25k),161.08,0.0,No Contract,2.0,No,2.0,5.0,0.9,0.3,Yes,2.0,Wallet,2019-08-16,No,2552.0
CUST00173,Nagpur,62.0,Female,24200.0,Prepaid,7.0,193.22,51.26,102.0,22.0,1.0,No,4G,Apple,Mid (10k-25k),236.63,1.0,No Contract,0.0,No,0.0,1.0,12.0,1.8,Yes,1.0,UPI,2019-09-17,No,2520.0
CUST00326,Thane,42.0,Female,11000.0,Prepaid,11.0,556.53,5.64,1058.0,27.0,2.0,No,4G,Realme,Mid (10k-25k),447.36,1.0,With Contract,5.0,No,1.0,,2.2,13.4,No,0.0,Cash,2020-06-03,No,2260.0
CUST01116,Nashik,42.0,Male,,Prepaid,0.0,111.74,0.66,458.0,21.0,1.0,No,4G,Xiaomi,Mid (10k-25k),140.66,2.0,No Contract,2.0,No,4.0,1.0,7.8,4.8,No,1.0,Net Banking,2024-03-31,Yes,863.0
CUST00014,Mumbai,41.0,Male,22900.0,Postpaid,25.0,159.95,3.99,495.0,22.0,2.0,No,4G,Oppo,Mid (10k-25k),179.35,0.0,No Contract,3.0,No,2.0,4.0,4.0,18.9,No,3.0,Credit Card,2020-12-15,No,2065.0
CUST00109,Mumbai,65.0,Male,42100.0,Postpaid,2.0,280.84,3.61,874.0,35.0,2.0,No,4G,Samsung,High (25k-60k),348.36,1.0,No Contract,2.0,No,2.0,3.0,17.4,1.4,Yes,1.0,Wallet,2023-07-21,Yes,1117.0
CUST01409,Nashik,40.0,Male,7000.0,Prepaid,10.0,219.9,16.54,241.0,27.0,1.0,Yes,5G,Apple,Low (<10k),269.0,2.0,No Contract,3.0,No,2.0,2.0,15.4,19.5,No,1.0,UPI,2022-07-17,No,1486.0
CUST00972,,63.0,Male,,Prepaid,4.0,28.7,1.73,242.0,23.0,2.0,No,3G,Samsung,Low (<10k),26.59,0.0,No Contract,2.0,No,0.0,2.0,13.8,15.2,Yes,0.0,,2023-01-09,No,1310.0
CUST00393,Pune,47.0,Male,28700.0,Prepaid,13.0,61.7,23.22,17.0,25.0,3.0,Yes,,Xiaomi,Mid (10k-25k),67.57,1.0,With Contract,2.0,Yes,2.0,3.0,3.9,1.4,No,0.0,Wallet,2020-11-05,No,2105.0
CUST00475,Nagpur,30.0,Male,55100.0,Prepaid,46.0,188.26,2.7,422.0,33.0,0.0,No Complaint Filed,4G,Oppo,Mid (10k-25k),222.41,0.0,No Contract,3.0,No,1.0,1.0,2.1,4.6,Yes,0.0,UPI,2020-05-07,Yes,2287.0
CUST00035,Sangli,35.0,Female,30300.0,Prepaid,6.0,39.92,9.98,616.0,19.0,1.0,Yes,4G,Vivo,Mid (10k-25k),40.78,3.0,No Contract,2.0,No,3.0,5.0,7.8,4.3,No,0.0,Debit Card,2019-02-24,No,2725.0
CUST00880,Mumbai,41.0,Male,13900.0,Prepaid,1.0,379.52,5.3,912.0,22.0,1.0,No,4G,,Mid (10k-25k),420.43,1.0,No Contract,2.0,No,1.0,5.0,0.4,8.1,Yes,0.0,UPI,2022-12-31,No,1319.0
CUST00099,Mumbai,43.0,Male,17800.0,Prepaid,33.0,256.19,4.63,277.0,23.0,1.0,Yes,4G,Apple,Low (<10k),282.31,0.0,With Contract,3.0,Yes,0.0,2.0,1.5,0.9,No,1.0,Cash,2022-10-29,No,1382.0
CUST00902,Mumbai,52.0,Male,42700.0,Postpaid,2.0,171.33,,331.0,24.0,1.0,Yes,4G,Oppo,Premium (>60k),158.52,2.0,With Contract,4.0,Yes,4.0,4.0,1.6,0.8,Yes,2.0,Wallet,2021-06-08,Yes,1890.0
CUST00371,Mumbai,69.0,Female,19600.0,Prepaid,17.0,92.43,5.23,339.0,26.0,2.0,No,4G,,Mid (10k-25k),79.69,2.0,No Contract,1.0,No,3.0,4.0,,0.3,No,4.0,Debit Card,2020-06-07,No,2256.0
CUST00548,,45.0,Female,5200.0,Prepaid,1.0,165.55,10.77,484.0,34.0,1.0,No,4G,,Mid (10k-25k),148.11,1.0,No Contract,2.0,No,2.0,2.0,2.5,3.5,No,0.0,Cash,2020-11-05,No,2105.0
CUST01079,Mumbai,46.0,Male,,Prepaid,1.0,273.08,,446.0,32.0,1.0,No,4G,Xiaomi,Low (<10k),270.19,0.0,With Contract,2.0,Yes,1.0,2.0,4.8,3.5,No,0.0,Net Banking,2023-12-26,Yes,959.0
CUST01078,Thane,31.0,Female,16300.0,Prepaid,21.0,191.08,14.29,515.0,39.0,0.0,No Complaint Filed,4G,Samsung,Low (<10k),240.08,1.0,No Contract,0.0,No,3.0,5.0,4.3,5.3,No,0.0,Debit Card,2020-04-11,No,2313.0
CUST01219,Thane,41.0,,,Prepaid,2.0,73.66,26.2,276.0,18.0,0.0,No Complaint Filed,4G,Vivo,High (25k-60k),74.33,0.0,No Contract,2.0,No,2.0,4.0,0.9,3.1,No,0.0,UPI,2020-08-28,No,2174.0
CUST00800,Navi Mumbai,49.0,Male,18900.0,Postpaid,36.0,282.21,11.11,189.0,21.0,4.0,Yes,3G,Samsung,Low (<10k),235.59,2.0,With Contract,2.0,No,2.0,5.0,13.6,5.2,No,0.0,UPI,2019-06-23,No,2606.0
CUST01134,Mumbai,66.0,Male,12200.0,Prepaid,19.0,144.21,2.37,517.0,22.0,2.0,No,4G,Samsung,Mid (10k-25k),146.09,2.0,With Contract,1.0,Yes,1.0,2.0,1.2,6.9,Yes,0.0,Cash,2022-10-23,No,1388.0
CUST00709,Mumbai,45.0,Male,26600.0,Prepaid,17.0,98.94,8.71,345.0,25.0,1.0,Yes,4G,Apple,Low (<10k),94.01,1.0,No Contract,3.0,No,0.0,3.0,3.5,13.3,No,0.0,Net Banking,2022-07-17,No,1486.0
CUST00652,Nagpur,34.0,Male,,Prepaid,13.0,50.15,2.67,503.0,36.0,1.0,Yes,4G,Samsung,Mid (10k-25k),58.33,0.0,With Contract,3.0,No,0.0,5.0,2.5,0.3,No,0.0,Debit Card,2020-07-08,No,2225.0
CUST00180,Mumbai,31.0,Female,,Prepaid,6.0,225.49,1.38,919.0,15.0,2.0,No,5G,Oppo,Mid (10k-25k),243.39,0.0,With Contract,1.0,No,1.0,3.0,0.7,10.7,No,4.0,UPI,2019-02-25,No,2724.0
CUST00025,Pune,47.0,Female,42000.0,Postpaid,3.0,429.28,2.21,549.0,28.0,2.0,No,4G,Realme,Mid (10k-25k),459.24,0.0,No Contract,0.0,No,4.0,4.0,17.8,2.0,No,0.0,UPI,2021-05-05,No,1924.0
CUST00111,Pune,,Female,,Postpaid,0.0,405.5,0.2,655.0,23.0,1.0,Yes,4G,,Mid (10k-25k),,2.0,With Contract,4.0,No,1.0,3.0,4.6,13.3,No,1.0,UPI,2020-02-18,Yes,2366.0
CUST00016,Mumbai,74.0,Male,13700.0,Prepaid,3.0,350.46,1.64,170.0,21.0,0.0,No Complaint Filed,4G,Vivo,Premium (>60k),338.07,2.0,With Contract,5.0,No,2.0,5.0,,7.5,No,2.0,Cash,2021-03-29,No,1961.0
CUST01410,Kolhapur,64.0,,32900.0,Prepaid,19.0,226.58,2.05,620.0,29.0,3.0,No,4G,Apple,High (25k-60k),278.78,1.0,No Contract,1.0,No,3.0,4.0,1.2,1.2,Yes,0.0,Net Banking,2020-01-14,No,2401.0
CUST00888,Mumbai,67.0,Female,29700.0,Prepaid,29.0,68.66,9.33,440.0,24.0,1.0,No,5G,Apple,Low (<10k),72.25,0.0,,0.0,No,0.0,,0.6,4.6,No,3.0,UPI,2022-09-21,No,1420.0
CUST00451,Chhatrapati Sambhajinagar,33.0,Male,21000.0,Prepaid,37.0,137.59,9.63,738.0,30.0,1.0,No,4G,Xiaomi,Low (<10k),126.58,0.0,No Contract,2.0,No,0.0,4.0,8.8,2.1,No,1.0,Credit Card,2019-01-04,Yes,2776.0
CUST01462,Thane,74.0,Male,13000.0,Prepaid,5.0,696.12,7.62,311.0,33.0,1.0,No,4G,Xiaomi,,684.59,1.0,No Contract,2.0,No,1.0,,8.9,2.7,Yes,0.0,UPI,2019-03-14,No,2707.0
CUST00148,Nagpur,59.0,Female,30600.0,Prepaid,7.0,448.73,38.15,332.0,16.0,0.0,No Complaint Filed,5G,Samsung,Mid (10k-25k),495.09,0.0,No Contract,4.0,No,7.0,4.0,2.5,4.4,Yes,3.0,Cash,2023-05-24,No,1175.0
CUST00411,Pune,66.0,Male,20600.0,Prepaid,14.0,251.12,0.86,406.0,31.0,1.0,No,,Oppo,Mid (10k-25k),236.84,1.0,With Contract,2.0,No,1.0,2.0,4.0,6.2,No,1.0,Credit Card,2019-07-22,No,2577.0
CUST00211,Nagpur,37.0,Male,15100.0,Prepaid,1.0,248.68,4.21,,28.0,0.0,No Complaint Filed,3G,Apple,Mid (10k-25k),,0.0,No Contract,1.0,No,2.0,5.0,17.4,0.6,No,0.0,Debit Card,2020-05-29,No,2265.0
CUST00610,Thane,34.0,Female,47200.0,Postpaid,1.0,211.36,2.01,466.0,28.0,2.0,No,2G,Xiaomi,Low (<10k),264.94,2.0,With Contract,2.0,Yes,2.0,5.0,3.6,17.3,Yes,0.0,Wallet,2023-03-18,Yes,1242.0
CUST00994,Nashik,42.0,Female,15800.0,Prepaid,32.0,90.24,3.68,436.0,26.0,0.0,No Complaint Filed,4G,Realme,Mid (10k-25k),90.73,1.0,With Contract,0.0,No,1.0,2.0,4.2,13.0,No,4.0,,2019-08-06,No,2562.0
CUST00858,Pune,41.0,Male,51500.0,Postpaid,2.0,115.65,1.74,152.0,31.0,2.0,No,4G,Xiaomi,Low (<10k),149.46,1.0,With Contract,4.0,No,1.0,2.0,15.2,6.6,Yes,0.0,UPI,2022-06-19,Yes,1514.0
CUST00250,Kolhapur,54.0,Male,46500.0,Postpaid,26.0,405.77,3.54,223.0,25.0,1.0,No,4G,Realme,Mid (10k-25k),468.21,0.0,With Contract,4.0,No,4.0,,10.6,6.3,No,0.0,Credit Card,2019-04-23,No,2667.0
CUST00489,Navi Mumbai,51.0,Female,24200.0,Prepaid,37.0,236.78,7.15,548.0,22.0,3.0,Yes,4G,Apple,Mid (10k-25k),205.02,2.0,No Contract,2.0,No,5.0,4.0,3.1,6.1,Yes,0.0,UPI,2022-02-13,No,1640.0
CUST00904,Nashik,84.0,Male,10700.0,Prepaid,6.0,83.41,0.76,590.0,28.0,1.0,Yes,2G,Xiaomi,Premium (>60k),87.3,1.0,,1.0,No,0.0,4.0,27.2,15.3,No,1.0,UPI,2020-07-30,Yes,2203.0
CUST01344,Thane,59.0,Male,24900.0,Prepaid,16.0,208.2,1.28,414.0,27.0,2.0,No,4G,Vivo,Mid (10k-25k),,0.0,With Contract,1.0,No,1.0,4.0,12.7,16.8,Yes,3.0,Credit Card,2022-11-12,No,1368.0
CUST00100,Mumbai,44.0,Female,18100.0,Prepaid,0.0,275.64,1.05,705.0,30.0,0.0,No Complaint Filed,3G,Oppo,Low (<10k),265.64,2.0,No Contract,1.0,No,1.0,3.0,14.7,6.0,No,0.0,Credit Card,2022-03-28,No,1597.0
CUST00005,Mumbai,43.0,Female,44200.0,Prepaid,5.0,91.17,16.92,135.0,28.0,1.0,Yes,4G,Samsung,Mid (10k-25k),85.21,1.0,No Contract,3.0,No,0.0,1.0,5.8,0.5,No,0.0,UPI,2023-06-11,Yes,1157.0
CUST01090,Mumbai,43.0,Male,11200.0,Prepaid,4.0,190.35,2.58,391.0,24.0,0.0,No Complaint Filed,4G,Realme,Mid (10k-25k),171.88,3.0,No Contract,3.0,No,0.0,4.0,5.8,1.5,Yes,0.0,Net Banking,2022-08-08,No,1464.0
CUST00047,Pune,,Male,26600.0,Prepaid,35.0,215.39,9.6,646.0,27.0,0.0,No Complaint Filed,4G,Oppo,Mid (10k-25k),229.84,0.0,No Contract,2.0,No,1.0,2.0,0.6,2.8,Yes,3.0,Wallet,2021-06-15,No,1883.0
CUST00875,Mumbai,75.0,Female,23400.0,Prepaid,5.0,94.56,,451.0,29.0,1.0,No,4G,Xiaomi,High (25k-60k),120.82,2.0,With Contract,4.0,No,2.0,5.0,8.2,7.0,No,0.0,UPI,2022-04-06,No,1588.0
CUST01225,Pune,36.0,Female,18800.0,Prepaid,9.0,676.49,0.7,,22.0,1.0,Yes,3G,,Mid (10k-25k),673.29,0.0,,2.0,No,0.0,4.0,8.0,0.4,Yes,0.0,Debit Card,2023-08-31,No,1076.0
CUST00618,Mumbai,35.0,Female,26200.0,Postpaid,33.0,59.7,8.39,491.0,26.0,1.0,Yes,4G,Samsung,Low (<10k),48.52,2.0,With Contract,3.0,No,1.0,4.0,10.2,3.7,No,2.0,UPI,2020-12-10,No,2070.0
CUST00896,Mumbai,54.0,Male,35100.0,Prepaid,72.0,420.49,0.52,76.0,23.0,0.0,No Complaint Filed,4G,Apple,High (25k-60k),520.57,1.0,No Contract,0.0,No,1.0,5.0,2.2,0.0,No,2.0,UPI,2023-07-17,No,1121.0
CUST00190,Mumbai,73.0,Male,47800.0,Postpaid,52.0,90.18,8.79,697.0,25.0,0.0,No Complaint Filed,4G,Samsung,Mid (10k-25k),89.88,0.0,With Contract,1.0,No,1.0,3.0,15.3,3.8,No,0.0,UPI,2019-08-03,No,2565.0
CUST00242,Navi Mumbai,39.0,Male,40000.0,Prepaid,75.0,56.1,3.22,366.0,24.0,1.0,No,5G,Samsung,High (25k-60k),58.67,0.0,No Contract,1.0,No,1.0,4.0,8.0,4.1,Yes,0.0,UPI,2021-10-01,No,1775.0
CUST01251,Solapur,45.0,Female,23300.0,Postpaid,3.0,184.41,5.02,,23.0,1.0,No,,OnePlus,Low (<10k),208.7,0.0,With Contract,1.0,No,3.0,,5.6,17.8,No,1.0,,2019-02-23,No,2726.0
CUST00838,Pune,53.0,Male,33800.0,Prepaid,1.0,161.62,0.16,523.0,31.0,2.0,Yes,5G,Vivo,High (25k-60k),207.14,0.0,No Contract,3.0,No,3.0,,4.0,2.3,No,0.0,Debit Card,2022-11-15,Yes,1365.0
CUST00973,Thane,44.0,Other,30300.0,Prepaid,57.0,144.32,2.78,467.0,28.0,1.0,Yes,5G,Vivo,Mid (10k-25k),131.59,0.0,With Contract,2.0,No,2.0,3.0,1.4,2.0,No,1.0,UPI,2020-11-14,No,2096.0
CUST00505,Thane,52.0,Male,21600.0,Postpaid,55.0,104.58,1.56,57.0,24.0,2.0,Yes,4G,Apple,Low (<10k),104.72,0.0,With Contract,4.0,No,1.0,,10.1,3.7,No,2.0,Wallet,2020-08-12,No,2190.0
CUST01343,Kolhapur,60.0,Other,19700.0,Prepaid,0.0,101.69,,538.0,17.0,0.0,No Complaint Filed,4G,OnePlus,High (25k-60k),,0.0,No Contract,0.0,No,1.0,5.0,34.0,1.0,No,2.0,,2020-05-12,No,2282.0
CUST00264,Nagpur,44.0,Female,37500.0,Prepaid,29.0,147.39,0.99,614.0,24.0,0.0,No Complaint Filed,4G,OnePlus,Mid (10k-25k),178.27,2.0,No Contract,1.0,No,3.0,3.0,,4.8,No,0.0,Credit Card,2023-04-26,No,1203.0
CUST00452,Nagpur,,Male,49700.0,Prepaid,1.0,214.62,1.9,,20.0,3.0,No,4G,Samsung,High (25k-60k),245.94,1.0,With Contract,0.0,No,2.0,5.0,1.5,5.1,No,3.0,Wallet,2019-07-06,No,2593.0
CUST01254,Mumbai,64.0,Male,35000.0,Prepaid,1.0,292.99,4.47,634.0,23.0,2.0,No,4G,Realme,Mid (10k-25k),275.53,0.0,No Contract,2.0,No,1.0,5.0,4.4,6.5,Yes,1.0,Debit Card,2019-09-10,No,2527.0
CUST00511,Nashik,68.0,Male,15000.0,Postpaid,22.0,278.28,11.4,601.0,31.0,2.0,Yes,4G,Apple,High (25k-60k),332.93,1.0,No Contract,2.0,No,2.0,3.0,25.6,5.7,No,0.0,Debit Card,2019-04-30,No,2660.0
CUST00314,Sangli,48.0,Male,54000.0,Prepaid,5.0,143.12,8.18,827.0,23.0,0.0,No Complaint Filed,4G,OnePlus,Premium (>60k),,0.0,No Contract,3.0,No,0.0,3.0,10.8,12.2,No,0.0,UPI,2020-02-12,Yes,2372.0
CUST00114,Solapur,49.0,Male,19600.0,Prepaid,36.0,132.73,4.71,608.0,28.0,0.0,No Complaint Filed,4G,Xiaomi,Mid (10k-25k),107.62,1.0,No Contract,2.0,No,1.0,1.0,24.7,7.8,Yes,1.0,UPI,2023-06-03,No,1165.0
CUST01247,Mumbai,42.0,Female,14400.0,Postpaid,79.0,188.9,2.68,447.0,20.0,1.0,No,4G,Xiaomi,Mid (10k-25k),240.53,1.0,No Contract,0.0,No,2.0,2.0,38.4,2.6,No,1.0,UPI,2019-10-07,No,2500.0
CUST00052,Chhatrapati Sambhajinagar,52.0,Female,,Prepaid,3.0,201.33,3.06,649.0,19.0,0.0,No Complaint Filed,4G,Samsung,Premium (>60k),232.77,0.0,No Contract,1.0,No,4.0,2.0,1.2,4.1,No,0.0,UPI,2019-05-28,No,2632.0
CUST00541,Navi Mumbai,57.0,Female,84100.0,Prepaid,13.0,426.46,3.81,134.0,22.0,1.0,Yes,4G,Vivo,Low (<10k),422.65,1.0,No Contract,6.0,No,3.0,4.0,2.1,5.6,Yes,0.0,UPI,2020-09-26,No,2145.0
CUST00229,Amravati,62.0,Female,,Prepaid,40.0,205.46,2.18,590.0,25.0,1.0,No,4G,Xiaomi,Low (<10k),243.33,0.0,No Contract,2.0,No,3.0,3.0,2.8,20.9,Yes,4.0,Wallet,2022-08-23,No,1449.0
CUST00946,Mumbai,60.0,Male,19100.0,Prepaid,18.0,227.81,6.59,391.0,15.0,0.0,No Complaint Filed,4G,,Premium (>60k),275.91,0.0,With Contract,0.0,No,2.0,4.0,1.4,0.3,No,0.0,Net Banking,2022-09-08,No,1433.0
CUST00345,Pune,63.0,Male,44600.0,Prepaid,5.0,278.29,7.46,,18.0,0.0,No Complaint Filed,4G,Xiaomi,Mid (10k-25k),316.74,1.0,No Contract,2.0,No,1.0,5.0,5.8,3.6,No,0.0,Credit Card,2023-01-17,No,1302.0
CUST01448,Kolhapur,39.0,Female,11600.0,Prepaid,54.0,220.52,3.48,331.0,29.0,2.0,No,4G,Samsung,High (25k-60k),193.29,1.0,No Contract,2.0,No,0.0,2.0,0.8,4.4,No,0.0,Net Banking,2022-10-15,No,1396.0
CUST01479,Solapur,60.0,Female,5300.0,Prepaid,52.0,156.24,1.43,803.0,24.0,0.0,No Complaint Filed,4G,,Low (<10k),,2.0,With Contract,1.0,No,1.0,2.0,3.3,0.2,No,0.0,Debit Card,2024-02-25,No,898.0
CUST00309,Solapur,59.0,Male,8100.0,Postpaid,1.0,142.84,0.44,269.0,15.0,1.0,No,5G,Samsung,Low (<10k),172.16,0.0,No Contract,2.0,No,2.0,2.0,2.7,5.3,No,2.0,UPI,2023-09-15,No,1061.0
CUST00922,Nagpur,47.0,Male,95100.0,Postpaid,18.0,118.84,8.04,221.0,17.0,0.0,No Complaint Filed,3G,Oppo,Mid (10k-25k),106.7,0.0,With Contract,0.0,No,1.0,2.0,2.2,5.0,No,1.0,UPI,2021-12-30,Yes,1685.0
CUST01094,Nagpur,69.0,Female,,Prepaid,15.0,516.08,4.16,293.0,16.0,6.0,No,4G,Apple,Low (<10k),668.55,1.0,With Contract,0.0,No,2.0,4.0,0.8,11.3,No,3.0,UPI,2024-02-14,No,909.0
CUST01433,Nagpur,78.0,Male,29100.0,Prepaid,4.0,220.84,0.99,571.0,29.0,1.0,Yes,,Oppo,Mid (10k-25k),272.2,0.0,With Contract,2.0,No,1.0,,9.2,23.4,No,2.0,Debit Card,2019-07-11,Yes,2588.0
CUST01331,Nagpur,49.0,Female,23000.0,Prepaid,20.0,138.06,14.35,132.0,33.0,0.0,No Complaint Filed,3G,Apple,High (25k-60k),124.45,0.0,With Contract,0.0,No,5.0,1.0,5.5,3.8,Yes,0.0,UPI,2024-05-08,No,825.0
CUST00790,Navi Mumbai,27.0,Male,60900.0,Prepaid,16.0,166.84,3.03,445.0,29.0,0.0,No Complaint Filed,3G,Vivo,Mid (10k-25k),195.65,1.0,No Contract,0.0,No,1.0,5.0,7.5,8.3,Yes,3.0,UPI,2019-09-23,No,2514.0
CUST00165,Mumbai,37.0,Female,112300.0,Prepaid,56.0,136.86,12.6,580.0,19.0,1.0,No,5G,Vivo,Mid (10k-25k),120.35,3.0,No Contract,0.0,No,2.0,2.0,1.4,3.1,Yes,4.0,Credit Card,2021-10-12,No,1764.0
CUST01071,Pune,54.0,Female,50200.0,Prepaid,1.0,99.63,12.45,468.0,24.0,3.0,No,5G,Realme,High (25k-60k),107.44,0.0,No Contract,1.0,No,2.0,4.0,23.9,24.9,No,2.0,Debit Card,2021-02-05,Yes,2013.0
CUST01072,Mumbai,68.0,Other,12600.0,Prepaid,48.0,137.89,,370.0,19.0,0.0,No Complaint Filed,4G,Realme,Mid (10k-25k),159.23,0.0,No Contract,2.0,No,0.0,4.0,8.0,5.5,No,2.0,UPI,2021-11-19,No,1726.0
CUST00208,Thane,39.0,Male,10600.0,Prepaid,0.0,274.7,1.49,766.0,18.0,1.0,Yes,5G,Oppo,Low (<10k),,1.0,No Contract,1.0,No,1.0,3.0,3.3,12.1,Yes,1.0,UPI,2022-08-17,No,1455.0
CUST00565,Pune,81.0,Male,34600.0,Postpaid,12.0,84.77,0.88,861.0,19.0,1.0,Yes,4G,Realme,,94.0,0.0,With Contract,1.0,No,1.0,4.0,1.7,5.8,No,3.0,Wallet,2020-12-16,Yes,2064.0
CUST00359,Navi Mumbai,28.0,Female,8600.0,Postpaid,9.0,253.73,1.71,328.0,33.0,0.0,No Complaint Filed,4G,Samsung,Low (<10k),312.14,0.0,With Contract,3.0,No,2.0,4.0,7.2,7.9,No,2.0,UPI,2022-06-30,No,1503.0
CUST00789,Pune,,Female,29600.0,Prepaid,14.0,109.36,1.4,683.0,21.0,3.0,No,4G,Oppo,Low (<10k),122.49,0.0,No Contract,5.0,No,0.0,4.0,0.2,20.1,No,0.0,UPI,2021-05-03,No,1926.0
CUST01141,Solapur,63.0,Male,48000.0,Prepaid,4.0,187.69,1.74,535.0,29.0,2.0,Yes,4G,Xiaomi,High (25k-60k),200.41,1.0,With Contract,2.0,No,1.0,2.0,2.9,3.3,No,1.0,Cash,2020-06-04,Yes,2259.0
CUST00985,Thane,39.0,Female,22200.0,Prepaid,30.0,292.49,1.75,496.0,23.0,1.0,Yes,4G,Samsung,Premium (>60k),292.68,0.0,No Contract,0.0,No,0.0,4.0,4.8,6.1,Yes,1.0,Credit Card,2021-07-11,No,1857.0
CUST00341,Nagpur,54.0,Male,18900.0,Postpaid,35.0,128.93,1.88,364.0,24.0,0.0,No Complaint Filed,4G,Apple,,125.24,1.0,With Contract,3.0,Yes,1.0,4.0,4.6,7.0,No,3.0,Debit Card,2019-01-13,Yes,2767.0
CUST00021,Nashik,45.0,Male,22400.0,Prepaid,26.0,53.58,0.1,412.0,13.0,2.0,No,4G,Vivo,Mid (10k-25k),45.33,1.0,With Contract,4.0,No,2.0,1.0,12.7,1.6,Yes,3.0,Debit Card,2023-06-07,No,1161.0
CUST01024,Sangli,21.0,Male,112700.0,Postpaid,2.0,160.43,12.15,508.0,28.0,0.0,No Complaint Filed,3G,Vivo,Premium (>60k),140.5,0.0,No Contract,1.0,No,2.0,4.0,2.4,0.9,Yes,1.0,Credit Card,2023-12-09,No,976.0
CUST00798,Nagpur,58.0,Male,64000.0,Prepaid,4.0,177.62,2.06,370.0,21.0,1.0,Yes,3G,Vivo,Low (<10k),193.44,0.0,With Contract,2.0,No,0.0,3.0,13.0,6.6,No,0.0,Cash,2020-02-25,No,2359.0
CUST01431,Pune,72.0,Female,27500.0,Prepaid,11.0,52.17,0.52,752.0,33.0,1.0,No,4G,Samsung,Premium (>60k),58.84,2.0,,0.0,No,1.0,5.0,5.1,4.1,Yes,3.0,Debit Card,2021-07-29,No,1839.0
CUST00379,Solapur,49.0,Male,19100.0,Prepaid,34.0,136.06,2.37,630.0,26.0,5.0,Yes,4G,Samsung,Low (<10k),123.11,0.0,With Contract,1.0,No,2.0,2.0,4.9,7.2,No,0.0,UPI,2019-11-29,No,2447.0
CUST00276,Nagpur,52.0,Male,23000.0,Prepaid,12.0,163.73,0.17,547.0,23.0,2.0,Yes,4G,Xiaomi,Mid (10k-25k),169.54,0.0,With Contract,2.0,No,3.0,3.0,0.4,1.3,No,0.0,Cash,2022-06-08,No,1525.0
CUST00931,Mumbai,61.0,Female,48300.0,Prepaid,4.0,422.87,3.0,417.0,23.0,1.0,No,4G,Vivo,Low (<10k),489.16,0.0,With Contract,3.0,No,3.0,,6.9,8.7,No,0.0,Wallet,2021-05-07,Yes,1922.0
CUST00752,Navi Mumbai,26.0,Other,,Prepaid,63.0,93.04,9.92,352.0,33.0,1.0,Yes,4G,Vivo,Low (<10k),120.77,0.0,No Contract,0.0,No,2.0,4.0,9.0,1.9,No,0.0,UPI,2022-11-24,No,1356.0
CUST00347,Nashik,57.0,Male,60500.0,Prepaid,28.0,143.36,7.2,277.0,34.0,0.0,No Complaint Filed,4G,Realme,Mid (10k-25k),156.6,1.0,With Contract,1.0,No,3.0,5.0,5.9,4.6,No,1.0,UPI,2022-06-15,No,1518.0
CUST00027,Mumbai,52.0,Male,27400.0,Postpaid,2.0,188.29,3.0,489.0,17.0,4.0,No,4G,Oppo,High (25k-60k),151.3,1.0,With Contract,1.0,No,3.0,,16.7,2.7,Yes,1.0,UPI,2022-12-21,Yes,1329.0
CUST00748,Nagpur,53.0,Female,86300.0,Postpaid,12.0,486.82,6.67,753.0,22.0,0.0,No Complaint Filed,4G,Samsung,Premium (>60k),632.79,3.0,With Contract,2.0,No,1.0,5.0,,10.1,No,1.0,Credit Card,2019-12-16,No,2430.0
CUST01242,Chhatrapati Sambhajinagar,62.0,,30100.0,Postpaid,3.0,124.25,2.97,347.0,28.0,1.0,No,2G,Samsung,Mid (10k-25k),144.97,1.0,With Contract,4.0,No,1.0,4.0,6.0,3.0,No,0.0,UPI,2019-01-01,No,2779.0
CUST01425,Akola,42.0,Male,13000.0,Prepaid,2.0,7.75,2.36,526.0,34.0,2.0,No,5G,Apple,Low (<10k),7.91,2.0,No Contract,4.0,Yes,0.0,5.0,5.0,18.9,No,1.0,UPI,2021-02-09,No,2009.0
CUST00913,Nashik,54.0,Female,17500.0,Prepaid,20.0,327.92,0.49,787.0,16.0,1.0,No,4G,Realme,High (25k-60k),284.55,0.0,No Contract,1.0,No,2.0,,24.0,1.2,Yes,0.0,Credit Card,2021-02-11,No,2007.0
CUST00708,Solapur,40.0,Female,30400.0,Prepaid,12.0,105.36,11.16,484.0,21.0,1.0,No,4G,Samsung,Mid (10k-25k),86.65,3.0,With Contract,1.0,No,0.0,4.0,4.3,13.8,Yes,1.0,UPI,2023-12-16,No,969.0
CUST00682,Mumbai,33.0,Male,75600.0,Postpaid,6.0,383.84,1.21,591.0,26.0,1.0,No,4G,,Low (<10k),406.89,0.0,No Contract,3.0,No,1.0,4.0,24.0,4.0,Yes,3.0,UPI,2020-03-18,No,2337.0
CUST00737,Pune,85.0,Female,35300.0,Prepaid,42.0,213.77,1.84,461.0,22.0,0.0,No Complaint Filed,4G,Oppo,High (25k-60k),230.03,0.0,No Contract,1.0,No,0.0,,0.1,6.6,No,0.0,Wallet,2019-10-11,No,2496.0
CUST01123,Kolhapur,85.0,Female,12700.0,Postpaid,35.0,229.78,13.24,649.0,30.0,2.0,No,4G,Vivo,Low (<10k),284.93,0.0,With Contract,2.0,No,2.0,5.0,10.8,2.3,No,1.0,Cash,2022-06-08,No,1525.0
CUST00811,Akola,50.0,Female,31100.0,Prepaid,2.0,133.12,6.85,545.0,20.0,0.0,No Complaint Filed,4G,Xiaomi,High (25k-60k),167.91,2.0,No Contract,3.0,No,2.0,5.0,13.3,0.6,Yes,0.0,Net Banking,2021-05-07,No,1922.0
CUST00362,Thane,83.0,Female,21200.0,Postpaid,11.0,153.49,2.43,186.0,24.0,2.0,Yes,3G,Apple,Premium (>60k),152.99,0.0,No Contract,3.0,No,5.0,2.0,9.0,7.8,Yes,3.0,Cash,2019-07-11,No,2588.0
CUST00573,Pune,51.0,Male,50200.0,Postpaid,27.0,511.53,1.24,42.0,29.0,0.0,No Complaint Filed,4G,,,497.38,0.0,No Contract,2.0,No,3.0,4.0,3.5,1.5,No,0.0,Debit Card,2019-02-25,No,2724.0
CUST00129,Mumbai,33.0,Male,17000.0,Prepaid,11.0,71.58,16.47,404.0,26.0,0.0,No Complaint Filed,4G,Xiaomi,Low (<10k),71.99,0.0,No Contract,2.0,No,1.0,3.0,5.5,3.6,No,0.0,Credit Card,2022-08-24,No,1448.0
CUST01198,Sangli,,Male,27800.0,Prepaid,53.0,65.93,0.05,333.0,24.0,1.0,No,2G,Apple,Low (<10k),81.87,0.0,No Contract,1.0,No,3.0,,7.6,3.8,No,4.0,Credit Card,2023-04-15,No,1214.0
CUST00961,Mumbai,62.0,Female,13800.0,Prepaid,11.0,104.2,0.75,599.0,39.0,1.0,Yes,4G,Vivo,Mid (10k-25k),135.39,2.0,With Contract,2.0,No,0.0,5.0,1.9,5.1,No,1.0,Wallet,2019-09-27,No,2510.0
CUST01465,,72.0,Female,51000.0,Prepaid,14.0,756.7,15.42,,24.0,2.0,No,4G,Samsung,Mid (10k-25k),843.47,1.0,No Contract,0.0,No,0.0,3.0,19.1,13.3,Yes,1.0,Wallet,2021-05-18,No,1911.0
CUST00886,Mumbai,41.0,Female,,Postpaid,3.0,148.04,8.56,525.0,18.0,0.0,No Complaint Filed,4G,Oppo,Mid (10k-25k),146.02,2.0,With Contract,1.0,No,2.0,2.0,2.1,5.5,No,0.0,,2023-10-27,No,1019.0
CUST01070,Pune,48.0,Male,17400.0,Prepaid,14.0,65.98,15.57,60.0,25.0,1.0,No,4G,Oppo,Low (<10k),60.67,1.0,No Contract,3.0,No,1.0,3.0,4.1,4.8,No,2.0,Credit Card,2019-01-23,No,2757.0
CUST00504,Solapur,84.0,Male,23900.0,Prepaid,5.0,230.17,3.91,334.0,23.0,2.0,Yes,4G,Realme,Low (<10k),289.07,0.0,With Contract,1.0,No,1.0,3.0,5.2,0.3,Yes,1.0,Net Banking,2021-11-11,No,1734.0
CUST01451,Nagpur,52.0,Female,28700.0,Prepaid,40.0,118.45,7.04,463.0,37.0,3.0,No,4G,Vivo,Low (<10k),130.42,0.0,With Contract,2.0,No,1.0,5.0,6.1,4.6,Yes,1.0,UPI,2020-07-28,No,2205.0
CUST00152,Mumbai,73.0,Male,26200.0,Prepaid,4.0,45.13,2.15,341.0,25.0,3.0,No,4G,Apple,Low (<10k),44.41,0.0,No Contract,7.0,No,2.0,4.0,16.0,3.7,No,2.0,Credit Card,2021-03-31,Yes,1959.0
CUST01009,,53.0,Female,12000.0,Postpaid,39.0,320.37,0.91,747.0,21.0,2.0,Yes,4G,Vivo,Premium (>60k),346.31,1.0,No Contract,3.0,No,2.0,5.0,2.7,2.7,No,3.0,Credit Card,2019-05-17,No,2643.0
CUST00996,Mumbai,50.0,Female,28000.0,Prepaid,51.0,214.62,10.0,546.0,30.0,1.0,Yes,4G,Xiaomi,Mid (10k-25k),185.79,0.0,No Contract,2.0,No,0.0,5.0,9.9,8.8,Yes,0.0,,2019-09-27,No,2510.0
CUST00279,Thane,41.0,Male,24000.0,Prepaid,22.0,92.02,0.27,266.0,15.0,3.0,No,4G,Xiaomi,,102.55,1.0,No Contract,2.0,No,1.0,5.0,8.9,3.1,No,0.0,UPI,2024-04-24,No,839.0
CUST00983,Mumbai,53.0,Male,120000.0,Prepaid,27.0,170.51,0.63,681.0,25.0,0.0,No Complaint Filed,4G,Apple,Mid (10k-25k),184.78,0.0,No Contract,3.0,No,0.0,5.0,39.6,3.5,No,0.0,Cash,2023-01-25,No,1294.0
CUST00923,Amravati,41.0,Male,27500.0,Prepaid,8.0,441.62,3.08,297.0,25.0,3.0,No,2G,Xiaomi,Low (<10k),373.84,2.0,With Contract,2.0,No,4.0,3.0,5.8,15.0,Yes,0.0,UPI,2020-11-01,No,2109.0
CUST00919,Chhatrapati Sambhajinagar,58.0,Male,20600.0,Prepaid,8.0,119.5,0.12,378.0,20.0,2.0,No,4G,Realme,Low (<10k),125.44,0.0,With Contract,3.0,No,3.0,4.0,3.0,6.4,Yes,0.0,,2020-06-02,No,2261.0
CUST00518,Solapur,45.0,Female,50500.0,Prepaid,4.0,73.38,10.93,201.0,22.0,0.0,No Complaint Filed,4G,Samsung,Mid (10k-25k),86.24,2.0,No Contract,3.0,No,2.0,3.0,0.8,9.2,No,0.0,Debit Card,2019-06-20,No,2609.0
CUST00408,Mumbai,51.0,Male,77700.0,Postpaid,27.0,180.34,3.08,469.0,26.0,0.0,No Complaint Filed,4G,Realme,Premium (>60k),188.11,0.0,No Contract,3.0,No,4.0,4.0,25.0,15.6,Yes,0.0,Wallet,2021-04-02,No,1957.0
CUST00952,Thane,31.0,Male,32300.0,Prepaid,22.0,229.33,0.23,541.0,22.0,3.0,No,5G,Samsung,Mid (10k-25k),293.97,1.0,No Contract,2.0,No,3.0,4.0,1.6,4.2,Yes,1.0,Cash,2021-12-05,No,1710.0
CUST00598,Mumbai,63.0,Female,14700.0,Postpaid,2.0,203.71,3.35,437.0,27.0,2.0,No,4G,Apple,Mid (10k-25k),225.26,3.0,With Contract,3.0,No,1.0,3.0,10.8,2.5,No,1.0,UPI,2019-12-01,Yes,2445.0
CUST00398,Pune,59.0,Male,54700.0,Prepaid,4.0,269.33,2.86,295.0,27.0,1.0,No,4G,Xiaomi,High (25k-60k),303.96,1.0,With Contract,1.0,No,1.0,2.0,12.4,6.7,No,2.0,Cash,2020-04-19,Yes,2305.0
CUST00657,Pune,72.0,Male,21200.0,Postpaid,3.0,102.21,1.3,536.0,32.0,2.0,Yes,4G,Xiaomi,Mid (10k-25k),120.82,1.0,No Contract,2.0,No,4.0,2.0,4.5,7.6,No,2.0,UPI,2020-10-31,Yes,2110.0
CUST00884,Mumbai,56.0,Female,28300.0,Prepaid,1.0,161.69,0.06,528.0,24.0,2.0,No,5G,Samsung,Low (<10k),148.39,0.0,With Contract,0.0,No,0.0,,5.4,9.4,Yes,0.0,Debit Card,2020-04-14,No,2310.0
CUST00502,Nagpur,49.0,Male,73300.0,Prepaid,6.0,71.76,2.99,522.0,34.0,1.0,Yes,4G,OnePlus,High (25k-60k),89.79,0.0,No Contract,5.0,No,0.0,2.0,3.1,1.9,No,0.0,UPI,2023-05-24,No,1175.0
CUST00531,Solapur,36.0,Male,26900.0,Prepaid,7.0,141.96,22.44,445.0,20.0,2.0,No,2G,Samsung,High (25k-60k),130.0,0.0,No Contract,2.0,No,2.0,5.0,15.7,16.5,No,3.0,,2022-01-27,No,1657.0
CUST00907,Solapur,60.0,Male,18800.0,Prepaid,64.0,24.06,1.42,409.0,27.0,1.0,No,3G,Vivo,Low (<10k),25.22,0.0,No Contract,5.0,No,0.0,3.0,2.5,3.6,No,0.0,Net Banking,2021-11-04,No,1741.0
CUST00745,Mumbai,66.0,Female,24800.0,Prepaid,15.0,100.13,0.3,309.0,32.0,2.0,No,4G,Oppo,Mid (10k-25k),106.34,1.0,With Contract,1.0,No,1.0,,5.2,1.6,No,1.0,UPI,2022-06-01,No,1532.0
CUST01017,Mumbai,48.0,Male,28100.0,Prepaid,21.0,112.37,2.8,706.0,23.0,1.0,No,4G,Samsung,Low (<10k),110.42,0.0,No Contract,1.0,No,6.0,,3.3,8.2,No,2.0,Credit Card,2023-06-26,No,1142.0
CUST01372,Mumbai,53.0,Male,25400.0,Prepaid,0.0,329.1,6.29,371.0,18.0,2.0,Yes,4G,Oppo,Premium (>60k),411.49,1.0,No Contract,4.0,No,3.0,4.0,1.0,3.4,Yes,3.0,Cash,2023-10-26,No,1020.0
CUST01276,Mumbai,45.0,Female,,Prepaid,17.0,299.56,12.5,276.0,21.0,0.0,No Complaint Filed,4G,Oppo,Low (<10k),294.32,2.0,No Contract,3.0,No,2.0,4.0,10.1,13.0,No,1.0,Credit Card,2020-08-02,No,2200.0
CUST00756,Solapur,30.0,Female,25200.0,Prepaid,4.0,133.66,0.39,513.0,22.0,0.0,No Complaint Filed,3G,Apple,Mid (10k-25k),148.68,2.0,No Contract,2.0,No,1.0,4.0,,12.0,No,1.0,Debit Card,2021-10-13,No,1763.0
CUST01050,Mumbai,74.0,Male,26300.0,Prepaid,2.0,148.73,8.91,434.0,31.0,1.0,Yes,2G,Realme,Low (<10k),153.09,0.0,With Contract,4.0,Yes,1.0,4.0,2.8,1.5,Yes,3.0,Cash,2023-11-24,Yes,991.0
CUST00331,Pune,50.0,Female,12800.0,Postpaid,15.0,647.41,11.71,581.0,31.0,3.0,No,4G,Vivo,Mid (10k-25k),714.54,1.0,No Contract,4.0,No,0.0,4.0,7.3,12.1,No,1.0,Cash,2023-07-31,No,1107.0
CUST00879,Mumbai,39.0,Female,39600.0,Postpaid,10.0,74.37,2.18,359.0,36.0,4.0,No,4G,OnePlus,Low (<10k),63.28,0.0,No Contract,3.0,No,1.0,3.0,1.7,12.3,No,2.0,UPI,2020-12-13,Yes,2067.0
CUST00171,Thane,58.0,Female,28700.0,Postpaid,54.0,103.69,3.18,318.0,28.0,0.0,No Complaint Filed,4G,Samsung,Low (<10k),86.39,1.0,No Contract,3.0,No,1.0,4.0,4.7,7.8,No,2.0,Cash,2019-07-04,No,2595.0
CUST01453,Kolhapur,53.0,Male,47800.0,Prepaid,5.0,197.89,2.48,381.0,23.0,1.0,Yes,3G,Apple,High (25k-60k),231.3,0.0,No Contract,2.0,No,1.0,4.0,6.9,3.2,Yes,0.0,UPI,2021-12-04,Yes,1711.0
,,,,,,,,,,,,No Complaint Filed,,,,,,,,,,,,,,,,,,
CUST01355,Nagpur,53.0,Male,15700.0,Prepaid,32.0,169.3,5.0,470.0,26.0,1.0,Yes,4G,OnePlus,High (25k-60k),143.57,0.0,With Contract,4.0,No,1.0,2.0,4.8,3.9,No,0.0,Net Banking,2021-05-11,Yes,1918.0
CUST00729,Mumbai,65.0,Male,30400.0,Prepaid,7.0,143.77,9.58,466.0,25.0,1.0,Yes,4G,Vivo,Premium (>60k),176.93,1.0,No Contract,1.0,Yes,1.0,4.0,0.1,4.5,Yes,1.0,Cash,2022-04-25,No,1569.0
CUST00265,Amravati,76.0,Male,23100.0,Prepaid,18.0,51.26,0.58,,28.0,2.0,No,4G,Samsung,High (25k-60k),53.87,0.0,No Contract,0.0,No,0.0,3.0,0.4,2.1,Yes,0.0,Credit Card,2021-09-24,No,1782.0
CUST00507,Navi Mumbai,63.0,Female,91300.0,Postpaid,22.0,300.86,6.37,256.0,16.0,2.0,No,4G,Oppo,Mid (10k-25k),304.5,0.0,With Contract,3.0,No,1.0,1.0,0.7,5.1,Yes,2.0,Cash,2023-02-17,No,1271.0
CUST00799,Thane,43.0,Male,12900.0,Prepaid,18.0,546.9,,147.0,24.0,1.0,Yes,3G,OnePlus,Mid (10k-25k),538.22,0.0,With Contract,1.0,No,2.0,4.0,5.2,8.7,Yes,0.0,Credit Card,2023-12-07,No,978.0
CUST01427,Mumbai,42.0,Male,16200.0,Postpaid,3.0,243.03,0.28,414.0,25.0,1.0,No,4G,,Mid (10k-25k),232.72,0.0,No Contract,6.0,No,2.0,4.0,44.4,8.7,Yes,4.0,UPI,2021-11-26,No,1719.0
CUST00718,Sangli,43.0,Male,22100.0,Prepaid,26.0,133.92,0.54,484.0,17.0,0.0,No Complaint Filed,4G,,Premium (>60k),151.28,0.0,No Contract,2.0,No,5.0,5.0,6.1,2.1,No,2.0,Debit Card,2019-05-18,No,2642.0
CUST00427,Pune,28.0,Female,32100.0,Prepaid,28.0,482.76,0.04,,31.0,3.0,No,4G,Realme,Mid (10k-25k),503.46,0.0,With Contract,3.0,No,4.0,4.0,2.5,0.2,No,0.0,Debit Card,2023-10-26,No,1020.0
CUST00698,Nashik,50.0,Female,,Prepaid,10.0,196.33,9.96,530.0,26.0,1.0,No,4G,Vivo,High (25k-60k),170.98,0.0,With Contract,1.0,Yes,2.0,4.0,22.4,0.1,Yes,0.0,Debit Card,2022-10-04,No,1407.0
CUST01166,Solapur,53.0,Male,69500.0,Prepaid,19.0,647.23,1.85,830.0,25.0,1.0,Yes,4G,Xiaomi,High (25k-60k),726.17,1.0,No Contract,4.0,No,1.0,4.0,7.3,17.7,Yes,0.0,Credit Card,2023-06-11,No,1157.0
CUST00747,Pune,47.0,Male,25200.0,Postpaid,24.0,19.8,8.22,266.0,28.0,3.0,No,4G,,Mid (10k-25k),24.14,0.0,With Contract,2.0,No,1.0,4.0,0.4,12.2,Yes,0.0,Credit Card,2019-03-26,No,2695.0
CUST01028,Kolhapur,50.0,Male,52000.0,Prepaid,61.0,200.87,1.92,489.0,29.0,2.0,Yes,3G,Xiaomi,High (25k-60k),214.0,1.0,No Contract,3.0,No,2.0,4.0,7.5,5.3,No,0.0,UPI,2019-06-05,No,2624.0
CUST01040,Pune,53.0,Male,,Prepaid,39.0,130.55,4.1,845.0,22.0,0.0,No Complaint Filed,4G,Apple,Low (<10k),147.02,0.0,With Contract,4.0,No,1.0,4.0,9.3,3.5,No,3.0,Cash,2022-03-30,No,1595.0
CUST00214,Mumbai,76.0,Female,11100.0,Prepaid,0.0,375.53,1.13,233.0,18.0,2.0,No,4G,Vivo,Low (<10k),453.53,0.0,No Contract,0.0,Yes,1.0,4.0,9.7,8.3,No,3.0,Cash,2023-03-08,No,1252.0
CUST00818,Pune,,Female,19700.0,Postpaid,19.0,189.72,2.22,566.0,31.0,1.0,No,3G,Apple,Low (<10k),181.81,0.0,No Contract,2.0,No,2.0,4.0,2.9,3.6,Yes,0.0,UPI,2024-02-23,No,900.0
CUST01158,Amravati,59.0,Female,20200.0,Postpaid,3.0,91.46,9.97,408.0,22.0,3.0,No,4G,Samsung,Mid (10k-25k),92.11,0.0,No Contract,2.0,No,1.0,4.0,11.5,13.1,Yes,1.0,Debit Card,2024-05-10,No,823.0
CUST01480,Pune,33.0,Female,33000.0,Prepaid,7.0,428.58,4.56,399.0,24.0,2.0,No,3G,Oppo,Low (<10k),494.16,1.0,No Contract,0.0,No,0.0,5.0,3.4,0.7,Yes,4.0,Debit Card,2019-05-26,No,2634.0
CUST00325,Navi Mumbai,65.0,Female,24000.0,Prepaid,17.0,163.76,,333.0,18.0,2.0,No,4G,Oppo,,203.77,1.0,No Contract,2.0,No,1.0,5.0,3.8,3.4,No,1.0,Cash,2021-04-26,No,1933.0
CUST00327,Nagpur,58.0,Male,61000.0,Prepaid,0.0,399.06,1.27,256.0,31.0,0.0,No Complaint Filed,4G,Samsung,Mid (10k-25k),473.62,0.0,No Contract,1.0,No,1.0,4.0,0.1,5.2,No,0.0,UPI,2022-02-12,No,1641.0
CUST00684,Thane,43.0,Male,18700.0,Prepaid,0.0,289.01,1.43,575.0,19.0,2.0,No,4G,Samsung,Low (<10k),261.96,0.0,No Contract,3.0,No,0.0,4.0,6.8,2.8,No,4.0,Cash,2021-01-25,No,2024.0
CUST00200,Chhatrapati Sambhajinagar,32.0,Female,44500.0,Postpaid,18.0,118.8,0.32,255.0,30.0,4.0,No,4G,Samsung,High (25k-60k),100.68,0.0,With Contract,1.0,No,1.0,3.0,2.8,1.7,Yes,0.0,Net Banking,2021-10-05,No,1771.0
CUST00666,Mumbai,50.0,Female,7700.0,Prepaid,2.0,147.41,2.09,784.0,22.0,1.0,No,3G,Samsung,High (25k-60k),,0.0,No Contract,0.0,No,3.0,2.0,20.9,9.8,No,2.0,Debit Card,2020-09-18,No,2153.0
CUST00352,Kolhapur,50.0,Female,29600.0,Prepaid,32.0,443.33,0.72,,20.0,0.0,No Complaint Filed,3G,Vivo,High (25k-60k),524.54,0.0,No Contract,0.0,No,4.0,3.0,2.0,2.6,No,0.0,Debit Card,2020-07-22,No,2211.0
CUST01289,Mumbai,78.0,Male,62000.0,Prepaid,21.0,304.68,5.09,722.0,31.0,1.0,Yes,4G,Xiaomi,Low (<10k),339.07,1.0,With Contract,2.0,No,0.0,5.0,5.9,0.1,No,2.0,UPI,2019-02-28,No,2721.0
CUST01173,Nashik,62.0,Male,20200.0,Prepaid,21.0,361.16,12.92,635.0,27.0,1.0,Yes,4G,Xiaomi,Premium (>60k),,0.0,With Contract,1.0,No,1.0,4.0,0.9,31.4,No,4.0,Credit Card,2021-05-23,No,1906.0
CUST00472,Sangli,55.0,Female,41700.0,Prepaid,10.0,242.88,0.5,508.0,29.0,4.0,No,4G,Samsung,Low (<10k),307.55,1.0,No Contract,3.0,No,1.0,5.0,10.5,0.6,Yes,1.0,UPI,2023-09-20,No,1056.0
CUST00217,Pune,57.0,Male,21000.0,Prepaid,23.0,90.48,12.12,555.0,26.0,0.0,No Complaint Filed,3G,Samsung,Low (<10k),100.67,1.0,,2.0,No,4.0,5.0,2.5,5.5,No,3.0,Cash,2023-11-15,No,1000.0
CUST00643,Mumbai,56.0,Male,14700.0,Prepaid,23.0,279.48,11.9,563.0,21.0,1.0,Yes,2G,Xiaomi,High (25k-60k),263.71,0.0,With Contract,1.0,Yes,3.0,2.0,7.0,7.5,No,0.0,Wallet,2024-06-03,No,799.0
CUST00254,Pune,47.0,Male,15500.0,Prepaid,0.0,247.71,8.97,314.0,18.0,4.0,No,4G,Apple,Low (<10k),292.36,1.0,No Contract,1.0,No,2.0,3.0,2.8,0.1,No,0.0,Debit Card,2020-01-02,No,2413.0
CUST00153,Mumbai,73.0,Male,37600.0,Postpaid,15.0,370.31,5.08,434.0,13.0,3.0,Yes,4G,,Low (<10k),441.59,1.0,With Contract,1.0,Yes,3.0,3.0,0.5,3.3,No,1.0,Debit Card,2023-05-27,No,1172.0
CUST00195,Pune,52.0,Male,32400.0,Prepaid,3.0,157.09,1.63,590.0,18.0,1.0,No,4G,Apple,Low (<10k),159.08,0.0,No Contract,2.0,No,2.0,3.0,,8.3,No,2.0,Net Banking,2024-01-28,No,926.0
CUST00375,Mumbai,51.0,Male,17600.0,Prepaid,8.0,332.02,8.3,426.0,26.0,0.0,No Complaint Filed,4G,Samsung,Premium (>60k),362.61,0.0,No Contract,1.0,Yes,1.0,1.0,19.1,0.7,Yes,0.0,Wallet,2022-09-20,No,1421.0
CUST01174,Mumbai,55.0,Male,12300.0,Prepaid,16.0,416.5,0.03,540.0,22.0,0.0,No Complaint Filed,3G,Samsung,Mid (10k-25k),351.65,0.0,With Contract,2.0,No,3.0,5.0,0.7,9.6,Yes,1.0,Credit Card,2021-08-27,No,1810.0
CUST00069,Mumbai,33.0,Female,14100.0,Prepaid,1.0,117.1,,798.0,29.0,0.0,No Complaint Filed,4G,Samsung,Premium (>60k),127.69,2.0,No Contract,1.0,No,1.0,5.0,1.5,7.2,No,2.0,Wallet,2021-08-22,Yes,1815.0
CUST00131,Pune,38.0,Male,32400.0,Postpaid,37.0,82.66,0.82,679.0,32.0,1.0,Yes,4G,OnePlus,Low (<10k),94.98,1.0,With Contract,1.0,No,1.0,3.0,1.1,0.1,Yes,0.0,UPI,2023-06-29,No,1139.0
CUST00329,Pune,53.0,Male,20100.0,Postpaid,2.0,146.15,6.14,333.0,23.0,1.0,Yes,3G,Realme,Low (<10k),155.2,0.0,With Contract,4.0,No,2.0,5.0,1.2,0.0,No,0.0,UPI,2019-02-14,No,2735.0
CUST01216,Mumbai,45.0,Male,7200.0,Postpaid,11.0,339.85,27.58,249.0,24.0,1.0,Yes,4G,OnePlus,Premium (>60k),429.18,1.0,No Contract,3.0,No,3.0,3.0,19.4,6.7,No,3.0,UPI,2022-06-03,Yes,1530.0
CUST00301,Mumbai,48.0,Male,14300.0,Postpaid,6.0,453.25,6.64,330.0,28.0,1.0,Yes,4G,Samsung,High (25k-60k),477.75,0.0,No Contract,1.0,No,0.0,,1.9,0.0,No,0.0,UPI,2023-11-21,No,994.0
CUST01348,Pune,65.0,Male,11500.0,Postpaid,6.0,412.71,0.66,487.0,20.0,0.0,No Complaint Filed,4G,Vivo,High (25k-60k),518.21,1.0,No Contract,1.0,No,2.0,4.0,5.5,2.8,No,4.0,Cash,2022-06-03,No,1530.0
CUST01261,Mumbai,74.0,Male,23600.0,Prepaid,12.0,237.95,3.42,303.0,21.0,2.0,No,5G,Vivo,Mid (10k-25k),308.0,1.0,With Contract,2.0,No,3.0,5.0,1.8,7.4,No,2.0,UPI,2023-10-28,No,1018.0
CUST01455,Mumbai,48.0,Male,,Postpaid,17.0,263.89,0.61,787.0,20.0,1.0,No,4G,Xiaomi,High (25k-60k),342.24,2.0,With Contract,3.0,No,2.0,3.0,1.9,4.3,No,0.0,UPI,2023-11-29,No,986.0
CUST00355,Mumbai,37.0,Other,11500.0,Prepaid,11.0,642.87,18.52,607.0,24.0,1.0,Yes,4G,,Premium (>60k),690.04,1.0,No Contract,4.0,No,1.0,3.0,6.9,1.9,No,1.0,Debit Card,2022-09-11,No,1430.0
CUST01476,Thane,85.0,Male,17600.0,Prepaid,0.0,96.98,5.95,728.0,28.0,3.0,No,4G,Samsung,Premium (>60k),116.34,1.0,With Contract,2.0,Yes,1.0,1.0,20.3,1.3,Yes,0.0,Cash,2023-10-13,Yes,1033.0
CUST00241,Navi Mumbai,36.0,Female,18300.0,Prepaid,25.0,382.3,12.19,425.0,26.0,1.0,No,4G,Samsung,Mid (10k-25k),349.09,0.0,No Contract,0.0,No,3.0,4.0,0.8,5.9,No,3.0,Cash,2020-01-21,No,2394.0
CUST00572,Chhatrapati Sambhajinagar,62.0,Female,,Prepaid,26.0,286.42,3.08,645.0,14.0,2.0,Yes,4G,Xiaomi,Low (<10k),240.28,1.0,With Contract,0.0,No,2.0,5.0,21.5,8.2,No,2.0,UPI,2023-08-30,No,1077.0
CUST01424,Mumbai,43.0,Male,38500.0,Postpaid,16.0,426.53,2.67,622.0,27.0,2.0,No,4G,Oppo,High (25k-60k),367.52,0.0,No Contract,2.0,No,1.0,5.0,,5.4,No,1.0,,2019-04-15,No,2675.0
CUST00188,Nagpur,45.0,Female,,Postpaid,35.0,540.52,3.62,335.0,26.0,3.0,No,,Samsung,Low (<10k),643.15,1.0,With Contract,0.0,No,1.0,4.0,22.5,4.5,No,3.0,,2020-07-14,No,2219.0
CUST00717,Kolhapur,61.0,Female,37900.0,Prepaid,9.0,498.44,3.75,460.0,26.0,1.0,Yes,4G,,High (25k-60k),441.25,2.0,No Contract,2.0,No,1.0,5.0,0.5,1.2,No,1.0,Wallet,2022-08-21,No,1451.0
CUST01114,Nagpur,53.0,Male,16000.0,Prepaid,16.0,245.08,8.46,615.0,26.0,1.0,No,3G,Realme,Premium (>60k),234.86,1.0,With Contract,1.0,No,1.0,1.0,16.1,2.6,Yes,3.0,UPI,2021-07-04,No,1864.0
CUST01052,Nagpur,41.0,,28500.0,Postpaid,16.0,159.96,3.52,564.0,24.0,1.0,No,4G,Xiaomi,Low (<10k),192.33,1.0,No Contract,2.0,No,1.0,3.0,2.0,6.8,No,2.0,UPI,2022-07-07,No,1496.0
CUST00759,Amravati,66.0,Male,36500.0,Prepaid,34.0,405.97,15.06,813.0,24.0,1.0,No,4G,Oppo,Mid (10k-25k),366.83,0.0,With Contract,2.0,No,1.0,3.0,38.0,0.7,No,1.0,Debit Card,2024-01-23,No,931.0
CUST00978,Mumbai,43.0,Male,,Postpaid,1.0,631.1,6.26,785.0,22.0,0.0,No Complaint Filed,4G,Samsung,High (25k-60k),755.69,1.0,With Contract,1.0,No,0.0,4.0,31.2,0.5,Yes,2.0,Cash,2023-01-01,No,1318.0
CUST01018,Nagpur,54.0,Female,49800.0,Prepaid,12.0,322.77,6.83,758.0,24.0,1.0,Yes,4G,Samsung,Mid (10k-25k),347.36,0.0,With Contract,2.0,No,3.0,3.0,0.7,1.2,No,0.0,UPI,2020-12-28,No,2052.0
CUST00284,Mumbai,69.0,Female,30500.0,Prepaid,3.0,60.9,3.81,351.0,22.0,3.0,No,4G,Oppo,Mid (10k-25k),76.27,0.0,No Contract,3.0,No,1.0,4.0,17.8,2.6,Yes,0.0,UPI,2021-04-15,Yes,1944.0
CUST00508,Solapur,60.0,Male,35600.0,Postpaid,13.0,121.73,0.47,543.0,21.0,1.0,No,3G,Apple,High (25k-60k),,2.0,No Contract,1.0,No,3.0,5.0,4.4,3.7,No,0.0,UPI,2021-08-18,No,1819.0
CUST00836,Pune,48.0,Female,14900.0,Prepaid,52.0,70.73,6.8,454.0,25.0,1.0,Yes,2G,Xiaomi,Low (<10k),84.03,0.0,No Contract,0.0,No,3.0,,1.0,1.5,Yes,2.0,UPI,2024-03-08,No,886.0
CUST01125,Thane,51.0,Male,69400.0,Postpaid,4.0,127.01,1.63,253.0,29.0,0.0,No Complaint Filed,4G,Vivo,High (25k-60k),134.77,0.0,No Contract,3.0,No,0.0,2.0,3.8,1.9,No,1.0,Debit Card,2020-11-01,Yes,2109.0
CUST00519,Akola,73.0,Male,26400.0,Postpaid,9.0,240.36,0.13,285.0,21.0,0.0,No Complaint Filed,4G,Xiaomi,Low (<10k),213.16,2.0,No Contract,2.0,No,0.0,4.0,18.1,5.0,Yes,1.0,UPI,2023-03-20,No,1240.0
CUST01445,Kolhapur,65.0,Male,41000.0,Prepaid,40.0,81.37,2.16,411.0,22.0,1.0,Yes,4G,Vivo,Low (<10k),69.24,0.0,No Contract,0.0,No,0.0,2.0,5.5,1.1,Yes,0.0,Credit Card,2022-06-03,No,1530.0
CUST00110,Mumbai,85.0,Female,32700.0,Postpaid,4.0,105.79,4.24,205.0,29.0,1.0,No,4G,Xiaomi,Low (<10k),92.62,2.0,No Contract,1.0,No,3.0,4.0,20.0,9.0,No,0.0,UPI,2020-11-21,No,2089.0
CUST01316,Thane,50.0,,23400.0,Postpaid,18.0,253.86,37.84,333.0,33.0,2.0,No,4G,Realme,Premium (>60k),225.77,0.0,No Contract,2.0,No,1.0,3.0,9.5,11.0,Yes,1.0,UPI,2021-08-13,No,1824.0
CUST00123,Pune,85.0,Female,25500.0,Prepaid,31.0,158.47,8.05,546.0,23.0,2.0,Yes,4G,Vivo,High (25k-60k),133.78,1.0,No Contract,1.0,No,0.0,4.0,2.8,2.6,No,4.0,Cash,2022-10-27,No,1384.0
CUST00431,Mumbai,49.0,Female,66800.0,Prepaid,32.0,261.65,10.63,477.0,19.0,2.0,No,4G,Apple,Mid (10k-25k),297.42,0.0,With Contract,6.0,No,3.0,5.0,0.5,2.9,No,0.0,UPI,2021-09-28,No,1778.0
CUST00281,Amravati,55.0,Male,,Prepaid,25.0,333.08,0.48,520.0,21.0,0.0,No Complaint Filed,4G,Xiaomi,High (25k-60k),384.9,2.0,No Contract,2.0,Yes,1.0,4.0,4.3,3.4,Yes,2.0,Debit Card,2023-12-25,No,960.0
CUST01068,Mumbai,27.0,Male,16100.0,Prepaid,6.0,449.88,0.48,733.0,25.0,1.0,Yes,4G,,Premium (>60k),543.32,3.0,No Contract,2.0,No,1.0,1.0,1.5,1.2,Yes,0.0,Cash,2021-10-29,Yes,1747.0
CUST00667,Mumbai,52.0,Female,48300.0,Prepaid,22.0,199.57,10.57,402.0,25.0,0.0,No Complaint Filed,4G,Vivo,Low (<10k),222.51,0.0,With Contract,1.0,No,0.0,3.0,2.0,4.7,Yes,0.0,Wallet,2019-01-31,No,2749.0
CUST00499,Sangli,37.0,Male,12800.0,Prepaid,42.0,90.35,13.84,338.0,25.0,0.0,No Complaint Filed,4G,Xiaomi,Premium (>60k),,0.0,No Contract,2.0,No,2.0,3.0,3.5,0.2,No,1.0,Wallet,2022-03-14,No,1611.0
CUST00490,Amravati,64.0,Male,,Prepaid,8.0,252.13,13.28,927.0,20.0,1.0,No,4G,,Low (<10k),256.84,0.0,With Contract,1.0,No,1.0,2.0,8.7,1.1,No,4.0,UPI,2022-12-19,No,1331.0
CUST00803,Nashik,52.0,Female,11000.0,Prepaid,13.0,139.1,2.51,454.0,24.0,0.0,No Complaint Filed,5G,Realme,Low (<10k),162.97,0.0,No Contract,2.0,No,2.0,2.0,3.6,1.5,No,0.0,UPI,2023-12-29,No,956.0
CUST01382,Pune,62.0,Female,16400.0,Postpaid,18.0,131.45,1.03,790.0,26.0,0.0,No Complaint Filed,4G,Apple,Mid (10k-25k),122.75,2.0,No Contract,0.0,Yes,1.0,3.0,0.6,6.7,Yes,0.0,Wallet,2022-04-16,No,1578.0
CUST00594,Pune,72.0,Female,32200.0,Prepaid,5.0,200.56,10.49,617.0,41.0,0.0,No Complaint Filed,4G,Realme,High (25k-60k),237.17,0.0,No Contract,2.0,Yes,0.0,3.0,9.3,4.3,Yes,1.0,UPI,2023-12-31,Yes,954.0
CUST01088,Mumbai,49.0,Female,66100.0,Prepaid,2.0,59.9,1.37,92.0,32.0,0.0,No Complaint Filed,4G,Samsung,Low (<10k),48.78,0.0,No Contract,2.0,No,2.0,5.0,,3.4,Yes,0.0,,2022-11-17,No,1363.0
CUST00563,Mumbai,50.0,Male,23700.0,Prepaid,8.0,251.66,13.09,149.0,26.0,0.0,No Complaint Filed,5G,Samsung,Low (<10k),237.23,2.0,With Contract,0.0,No,0.0,3.0,0.6,2.7,No,0.0,UPI,2022-01-17,No,1667.0
CUST00893,Kolhapur,54.0,Female,,Prepaid,3.0,287.76,1.17,590.0,27.0,1.0,Yes,5G,Realme,Mid (10k-25k),233.33,0.0,With Contract,3.0,No,1.0,4.0,6.8,2.1,No,0.0,UPI,2021-09-14,No,1792.0
CUST01189,Pune,62.0,Female,44200.0,Prepaid,47.0,186.93,23.47,667.0,28.0,2.0,No,4G,Oppo,Low (<10k),188.81,1.0,With Contract,1.0,No,7.0,2.0,11.1,6.3,No,0.0,Debit Card,2023-09-03,No,1073.0
CUST00068,Solapur,60.0,Male,27700.0,Prepaid,1.0,43.17,0.26,309.0,21.0,1.0,No,4G,Vivo,Low (<10k),45.23,2.0,No Contract,4.0,No,1.0,3.0,27.9,0.3,No,1.0,Credit Card,2023-03-04,Yes,1256.0
CUST01029,Pune,40.0,Male,45300.0,Postpaid,15.0,128.3,2.12,742.0,25.0,2.0,Yes,4G,Vivo,High (25k-60k),144.5,0.0,With Contract,2.0,No,1.0,4.0,18.1,14.0,Yes,0.0,Credit Card,2021-01-30,No,2019.0
CUST00694,Mumbai,49.0,Female,24000.0,Prepaid,0.0,236.26,1.27,605.0,28.0,4.0,Yes,4G,Samsung,Low (<10k),236.67,1.0,With Contract,5.0,No,2.0,5.0,6.2,2.4,No,0.0,Cash,2023-07-13,No,1125.0
CUST00485,Nashik,35.0,Male,16100.0,Prepaid,6.0,250.61,15.18,461.0,25.0,0.0,No Complaint Filed,4G,Oppo,High (25k-60k),203.63,0.0,With Contract,3.0,No,2.0,4.0,5.7,11.6,No,0.0,Wallet,2023-04-04,No,1225.0
CUST01222,Mumbai,55.0,Male,42800.0,Prepaid,0.0,173.42,20.71,566.0,15.0,0.0,No Complaint Filed,5G,Samsung,Mid (10k-25k),222.81,2.0,With Contract,2.0,No,2.0,2.0,12.0,17.5,No,0.0,UPI,2019-05-18,No,2642.0
CUST01267,Pune,37.0,Female,16500.0,Prepaid,6.0,151.8,0.33,292.0,22.0,1.0,No,4G,Vivo,,134.93,1.0,With Contract,2.0,No,0.0,4.0,2.2,1.4,No,2.0,UPI,2021-04-01,No,1958.0
CUST01057,Chhatrapati Sambhajinagar,52.0,Female,13500.0,Prepaid,1.0,109.78,1.57,440.0,27.0,1.0,No,3G,Vivo,Mid (10k-25k),139.87,3.0,No Contract,2.0,No,1.0,3.0,13.9,11.0,No,2.0,UPI,2023-10-13,Yes,1033.0
CUST00415,Nashik,78.0,Female,48300.0,Prepaid,60.0,194.07,11.7,,25.0,1.0,Yes,4G,Oppo,Mid (10k-25k),219.07,1.0,With Contract,0.0,No,3.0,4.0,25.0,8.1,Yes,0.0,UPI,2020-04-14,No,2310.0
CUST00373,Mumbai,28.0,Female,17000.0,Prepaid,20.0,24.72,1.11,539.0,18.0,2.0,Yes,4G,Apple,Low (<10k),30.08,0.0,No Contract,0.0,No,2.0,4.0,14.8,3.2,Yes,1.0,UPI,2023-06-11,No,1157.0
CUST00514,Kolhapur,49.0,Male,,Postpaid,5.0,84.58,7.2,301.0,19.0,2.0,No,4G,Oppo,Mid (10k-25k),77.43,2.0,With Contract,3.0,No,0.0,1.0,1.6,4.1,No,4.0,UPI,2021-10-13,Yes,1763.0
CUST00417,Pune,33.0,Female,,Prepaid,0.0,109.24,4.49,573.0,27.0,0.0,No Complaint Filed,4G,Samsung,High (25k-60k),130.68,0.0,No Contract,4.0,No,2.0,5.0,11.2,12.8,No,1.0,Credit Card,2019-04-14,No,2676.0
CUST00319,Mumbai,37.0,Female,9100.0,Prepaid,12.0,427.95,6.66,487.0,25.0,1.0,Yes,4G,Samsung,Low (<10k),465.52,0.0,No Contract,1.0,No,2.0,2.0,,9.4,No,1.0,Debit Card,2021-07-21,No,1847.0
CUST00937,Mumbai,61.0,Female,72500.0,Prepaid,10.0,140.15,4.23,912.0,31.0,1.0,Yes,4G,OnePlus,Mid (10k-25k),169.26,1.0,No Contract,2.0,No,2.0,5.0,2.6,1.3,No,0.0,UPI,2019-04-02,No,2688.0
CUST00569,Navi Mumbai,68.0,Male,46100.0,Prepaid,3.0,203.52,11.87,563.0,26.0,1.0,Yes,4G,Xiaomi,Low (<10k),262.45,1.0,With Contract,2.0,No,1.0,3.0,1.9,2.2,No,1.0,UPI,2021-01-02,No,2047.0
CUST00631,Thane,46.0,Male,,Prepaid,10.0,285.62,11.99,149.0,33.0,1.0,Yes,5G,Xiaomi,Mid (10k-25k),316.91,0.0,With Contract,1.0,No,0.0,,10.5,13.5,Yes,0.0,Net Banking,2019-02-05,No,2744.0
CUST00863,Nagpur,39.0,Male,24600.0,Prepaid,43.0,205.06,2.15,155.0,25.0,2.0,Yes,4G,Xiaomi,Premium (>60k),210.18,0.0,No Contract,2.0,No,2.0,4.0,17.5,11.5,No,0.0,Net Banking,2021-06-20,No,1878.0
CUST00133,Mumbai,48.0,Female,21000.0,Prepaid,50.0,381.07,0.82,607.0,20.0,0.0,No Complaint Filed,4G,Xiaomi,Premium (>60k),485.53,2.0,With Contract,2.0,No,1.0,2.0,6.0,0.5,No,2.0,UPI,2020-04-23,No,2301.0
CUST00849,Nagpur,37.0,Female,6900.0,Prepaid,10.0,164.21,9.94,810.0,31.0,2.0,Yes,4G,Apple,High (25k-60k),204.01,0.0,With Contract,0.0,No,0.0,4.0,25.1,6.0,Yes,0.0,,2022-04-06,No,1588.0
CUST00493,Mumbai,55.0,Female,59200.0,Postpaid,43.0,45.97,2.57,412.0,25.0,2.0,No,2G,Apple,Mid (10k-25k),37.81,1.0,With Contract,2.0,No,1.0,2.0,3.5,7.4,No,3.0,Credit Card,2022-08-06,No,1466.0
CUST00416,Pune,66.0,Male,62300.0,Prepaid,5.0,357.3,0.36,558.0,32.0,3.0,No,4G,Apple,Mid (10k-25k),432.6,1.0,No Contract,4.0,No,3.0,2.0,16.6,3.3,No,2.0,Net Banking,2022-11-12,Yes,1368.0
CUST00826,Navi Mumbai,77.0,Male,18800.0,Prepaid,8.0,183.7,7.88,757.0,27.0,0.0,No Complaint Filed,4G,Xiaomi,Low (<10k),210.78,2.0,No Contract,4.0,Yes,1.0,2.0,0.5,16.6,No,0.0,Wallet,2021-01-02,No,2047.0
CUST01295,Solapur,67.0,Female,25100.0,Prepaid,26.0,121.44,7.03,0.0,23.0,2.0,No,5G,Xiaomi,Mid (10k-25k),118.5,0.0,With Contract,2.0,No,0.0,2.0,6.4,2.0,No,3.0,UPI,2020-03-04,No,2351.0
CUST00699,Mumbai,59.0,Female,18500.0,Prepaid,10.0,117.25,3.14,321.0,15.0,0.0,No Complaint Filed,4G,Vivo,High (25k-60k),114.55,0.0,No Contract,4.0,No,1.0,5.0,13.0,15.1,No,0.0,Cash,2019-06-13,No,2616.0
CUST00446,Navi Mumbai,55.0,Female,,Prepaid,9.0,253.9,18.56,530.0,22.0,1.0,No,5G,OnePlus,Low (<10k),222.37,0.0,With Contract,4.0,No,4.0,3.0,1.7,0.2,No,1.0,Net Banking,2021-12-16,No,1699.0
CUST00126,Pune,80.0,Female,48300.0,Prepaid,0.0,399.2,4.6,498.0,25.0,2.0,Yes,4G,Oppo,Mid (10k-25k),377.97,1.0,No Contract,2.0,No,2.0,5.0,12.8,3.8,Yes,0.0,UPI,2019-10-17,No,2490.0
CUST00466,Pune,28.0,Female,44600.0,Prepaid,1.0,140.44,3.76,178.0,29.0,1.0,No,4G,Apple,Low (<10k),174.25,0.0,With Contract,8.0,No,0.0,1.0,12.5,0.4,Yes,1.0,Wallet,2022-11-09,Yes,1371.0
CUST01495,Nashik,60.0,Male,17800.0,Prepaid,14.0,232.55,10.06,,25.0,1.0,Yes,4G,Xiaomi,High (25k-60k),189.01,0.0,No Contract,1.0,No,1.0,5.0,,6.2,Yes,1.0,Net Banking,2019-10-23,No,2484.0
CUST01011,Mumbai,44.0,Male,61500.0,Postpaid,4.0,336.1,13.02,420.0,20.0,2.0,Yes,4G,Apple,Low (<10k),310.12,1.0,With Contract,2.0,No,3.0,4.0,9.9,10.8,No,0.0,UPI,2019-05-20,Yes,2640.0
CUST00769,Pune,51.0,,136200.0,Postpaid,67.0,222.72,4.34,239.0,28.0,0.0,No Complaint Filed,4G,Xiaomi,Premium (>60k),186.67,0.0,No Contract,1.0,No,2.0,2.0,20.4,0.7,No,2.0,UPI,2019-12-19,No,2427.0
CUST01195,Mumbai,54.0,Male,23600.0,Postpaid,16.0,299.41,20.08,619.0,27.0,1.0,No,4G,Xiaomi,High (25k-60k),259.68,3.0,With Contract,1.0,No,3.0,2.0,0.8,1.1,No,1.0,Debit Card,2023-04-13,Yes,1216.0
CUST00387,Pune,32.0,Male,48000.0,Prepaid,4.0,220.54,0.06,129.0,23.0,1.0,No,4G,Realme,Mid (10k-25k),237.25,0.0,With Contract,1.0,No,2.0,4.0,12.7,0.7,Yes,1.0,UPI,2024-03-21,No,873.0
CUST00290,Nashik,26.0,Female,9400.0,Prepaid,22.0,130.56,0.87,450.0,22.0,0.0,No Complaint Filed,4G,Samsung,Mid (10k-25k),151.78,2.0,No Contract,0.0,Yes,2.0,5.0,6.8,7.5,No,0.0,Cash,2024-11-01,No,648.0
CUST00889,Mumbai,51.0,Female,,Postpaid,61.0,58.36,15.96,752.0,26.0,0.0,No Complaint Filed,4G,Xiaomi,High (25k-60k),59.74,1.0,With Contract,0.0,No,1.0,2.0,5.7,3.1,No,2.0,UPI,2022-02-22,No,1631.0
CUST00859,Nagpur,47.0,Female,27500.0,Prepaid,0.0,162.47,3.02,264.0,31.0,1.0,Yes,4G,Oppo,Low (<10k),210.31,1.0,No Contract,2.0,Yes,4.0,2.0,8.6,2.8,Yes,0.0,UPI,2022-05-28,Yes,1536.0
CUST01385,Thane,58.0,Male,19300.0,Prepaid,4.0,326.09,3.58,,18.0,0.0,No Complaint Filed,4G,Xiaomi,High (25k-60k),326.58,1.0,No Contract,5.0,No,1.0,5.0,28.0,9.7,Yes,0.0,,2021-08-27,Yes,1810.0
CUST00054,Amravati,40.0,Female,74800.0,Prepaid,13.0,236.78,7.85,413.0,17.0,2.0,Yes,2G,Realme,Mid (10k-25k),300.76,0.0,With Contract,4.0,Yes,1.0,4.0,5.4,5.1,No,1.0,Wallet,2020-07-05,No,2228.0
CUST00582,Akola,55.0,Male,9200.0,Prepaid,40.0,221.48,1.34,632.0,24.0,2.0,No,4G,Samsung,High (25k-60k),269.64,1.0,No Contract,1.0,No,1.0,3.0,2.7,1.5,No,1.0,Wallet,2020-08-17,No,2185.0
CUST00603,Mumbai,47.0,Male,4900.0,Postpaid,28.0,269.74,5.85,590.0,24.0,1.0,No,4G,Xiaomi,High (25k-60k),272.95,1.0,No Contract,1.0,No,3.0,1.0,1.9,7.2,Yes,0.0,UPI,2019-01-18,No,2762.0
CUST00810,Mumbai,38.0,Male,19200.0,Postpaid,37.0,84.77,6.95,404.0,25.0,1.0,No,4G,Oppo,Low (<10k),87.76,0.0,With Contract,3.0,No,3.0,3.0,2.6,5.0,No,1.0,Net Banking,2021-03-20,No,1970.0
CUST00736,Amravati,69.0,Female,12300.0,Prepaid,26.0,280.84,0.59,197.0,22.0,0.0,No Complaint Filed,5G,Samsung,Mid (10k-25k),319.73,1.0,No Contract,4.0,No,3.0,3.0,5.0,0.2,No,1.0,UPI,2023-03-25,No,1235.0
CUST00041,Mumbai,31.0,Female,14800.0,Prepaid,16.0,374.57,1.15,477.0,28.0,2.0,No,4G,Apple,Mid (10k-25k),410.44,1.0,With Contract,1.0,No,2.0,2.0,23.2,4.3,No,2.0,UPI,2020-03-17,Yes,2338.0
CUST00340,Mumbai,36.0,Male,19300.0,Prepaid,13.0,318.24,1.92,482.0,23.0,1.0,Yes,4G,Apple,Mid (10k-25k),304.91,0.0,No Contract,1.0,No,0.0,3.0,7.3,10.8,No,0.0,Credit Card,2021-09-04,No,1802.0
CUST00713,Pune,42.0,Male,62000.0,Prepaid,13.0,514.41,2.07,96.0,19.0,1.0,No,4G,Realme,Mid (10k-25k),500.72,0.0,No Contract,0.0,No,2.0,2.0,0.6,0.8,No,0.0,Credit Card,2020-01-07,No,2408.0
CUST01286,Nagpur,41.0,Male,11500.0,Prepaid,7.0,136.06,28.08,54.0,20.0,2.0,Yes,4G,Realme,Mid (10k-25k),121.69,0.0,With Contract,3.0,No,1.0,4.0,18.8,2.1,Yes,0.0,Cash,2021-08-17,No,1820.0
CUST01288,Pune,40.0,Male,39000.0,Prepaid,6.0,318.29,10.88,595.0,22.0,2.0,Yes,3G,Oppo,Mid (10k-25k),283.79,1.0,With Contract,2.0,No,0.0,1.0,26.1,9.3,No,1.0,Debit Card,2022-12-15,Yes,1335.0
CUST01420,Navi Mumbai,48.0,Male,29000.0,Prepaid,51.0,119.18,7.57,632.0,29.0,1.0,Yes,4G,Xiaomi,Mid (10k-25k),116.4,1.0,With Contract,4.0,No,4.0,5.0,,1.0,Yes,0.0,UPI,2020-10-25,Yes,2116.0
CUST00084,Mumbai,40.0,Female,25800.0,Prepaid,1.0,176.83,1.34,,19.0,3.0,No,4G,Realme,Mid (10k-25k),165.86,0.0,No Contract,1.0,No,2.0,,0.2,1.0,Yes,0.0,Wallet,2022-08-06,No,1466.0
CUST00116,Amravati,50.0,Female,26700.0,Prepaid,17.0,320.66,5.57,196.0,20.0,1.0,Yes,5G,Xiaomi,Mid (10k-25k),354.09,0.0,With Contract,0.0,No,4.0,,24.7,5.7,Yes,3.0,,2021-04-28,No,1931.0
CUST01167,Kolhapur,31.0,Male,21200.0,Prepaid,24.0,455.75,,346.0,26.0,1.0,Yes,4G,Vivo,Mid (10k-25k),387.65,0.0,No Contract,0.0,No,1.0,2.0,10.6,0.3,No,2.0,Credit Card,2023-06-02,No,1166.0
CUST01003,Amravati,61.0,Female,100800.0,Prepaid,18.0,176.41,4.09,444.0,20.0,4.0,Yes,5G,Oppo,Mid (10k-25k),171.61,2.0,No Contract,3.0,Yes,0.0,2.0,,2.2,No,2.0,Credit Card,2019-10-15,Yes,2492.0
CUST01310,Solapur,57.0,Male,,Prepaid,13.0,80.37,9.62,352.0,27.0,1.0,No,3G,,High (25k-60k),99.71,1.0,With Contract,4.0,No,2.0,2.0,21.9,0.7,Yes,4.0,Debit Card,2023-07-01,No,1137.0
CUST00958,Mumbai,28.0,Female,13000.0,Prepaid,17.0,96.74,10.88,103.0,24.0,1.0,No,5G,Apple,Mid (10k-25k),84.27,0.0,No Contract,1.0,Yes,1.0,5.0,36.9,3.6,Yes,1.0,Debit Card,2020-02-04,No,2380.0
CUST01082,Mumbai,36.0,Female,29400.0,Prepaid,1.0,96.21,1.52,333.0,29.0,2.0,No,4G,Samsung,Low (<10k),95.05,0.0,No Contract,0.0,No,1.0,2.0,11.2,0.9,Yes,1.0,UPI,2022-03-09,No,1616.0
CUST00271,Solapur,52.0,Female,22800.0,Prepaid,1.0,278.77,0.91,,32.0,1.0,Yes,4G,Realme,Mid (10k-25k),285.05,0.0,No Contract,5.0,No,1.0,4.0,2.7,1.7,Yes,2.0,Debit Card,2023-12-02,Yes,983.0
CUST00936,Mumbai,52.0,Female,18300.0,Postpaid,13.0,81.43,2.83,485.0,31.0,0.0,No Complaint Filed,4G,Samsung,Mid (10k-25k),86.44,1.0,With Contract,2.0,No,1.0,4.0,5.8,7.9,Yes,1.0,UPI,2019-08-07,No,2561.0
CUST01264,Pune,44.0,Female,52900.0,Prepaid,43.0,220.04,0.82,544.0,29.0,1.0,No,5G,Oppo,Mid (10k-25k),234.62,0.0,With Contract,2.0,No,1.0,4.0,18.2,3.3,No,2.0,Debit Card,2021-09-01,No,1805.0
CUST01087,Nashik,60.0,Male,54300.0,Prepaid,17.0,116.48,8.32,487.0,25.0,2.0,No,4G,Xiaomi,Mid (10k-25k),106.24,1.0,With Contract,2.0,No,0.0,1.0,2.6,1.7,Yes,2.0,Debit Card,2023-04-04,No,1225.0
CUST00833,Mumbai,46.0,,33400.0,Prepaid,15.0,398.18,3.36,379.0,22.0,1.0,No,4G,Vivo,Low (<10k),500.12,0.0,No Contract,1.0,No,5.0,4.0,9.5,0.7,Yes,2.0,UPI,2021-04-05,No,1954.0
CUST00378,Mumbai,40.0,Female,8200.0,Postpaid,12.0,268.88,,737.0,25.0,0.0,No Complaint Filed,5G,Samsung,Mid (10k-25k),320.38,4.0,No Contract,1.0,No,4.0,3.0,1.7,2.5,Yes,2.0,UPI,2024-02-18,No,905.0
CUST01377,Pune,48.0,Female,12400.0,Postpaid,20.0,244.78,35.53,610.0,27.0,3.0,No,4G,Vivo,High (25k-60k),238.07,1.0,With Contract,2.0,No,1.0,2.0,,15.8,No,0.0,Credit Card,2024-01-27,Yes,927.0
CUST00097,Nagpur,56.0,Male,35900.0,Prepaid,44.0,152.98,0.47,469.0,20.0,1.0,Yes,4G,Vivo,Mid (10k-25k),162.32,0.0,No Contract,3.0,No,0.0,1.0,7.8,10.4,No,0.0,UPI,2022-04-15,No,1579.0
CUST01412,Mumbai,72.0,Male,48200.0,Postpaid,10.0,138.55,2.48,385.0,19.0,0.0,No Complaint Filed,5G,,Low (<10k),162.38,0.0,With Contract,0.0,No,0.0,4.0,16.5,2.7,Yes,3.0,UPI,2019-05-08,No,2652.0
CUST00465,Sangli,60.0,Female,20100.0,Postpaid,69.0,217.81,5.12,,22.0,0.0,No Complaint Filed,3G,Xiaomi,,262.48,4.0,No Contract,2.0,No,1.0,,1.2,3.0,Yes,4.0,UPI,2022-02-07,No,1646.0
CUST01380,Nashik,63.0,Male,23400.0,Prepaid,19.0,248.43,3.59,560.0,27.0,0.0,No Complaint Filed,4G,Realme,Low (<10k),256.04,0.0,No Contract,2.0,No,0.0,5.0,2.4,3.4,Yes,0.0,Cash,2021-02-15,No,2003.0
CUST00566,Nashik,45.0,Male,30700.0,Prepaid,11.0,108.46,0.52,542.0,22.0,1.0,No,4G,Samsung,High (25k-60k),90.24,0.0,With Contract,1.0,No,1.0,2.0,2.5,7.4,No,3.0,Net Banking,2021-03-13,No,1977.0
CUST00049,Nagpur,80.0,Male,,Prepaid,1.0,112.96,2.72,,19.0,3.0,Yes,4G,Apple,Low (<10k),95.68,0.0,With Contract,0.0,No,2.0,2.0,18.1,3.2,Yes,0.0,Credit Card,2021-07-30,No,1838.0
CUST00784,Pune,59.0,Male,55200.0,Prepaid,17.0,211.68,3.05,731.0,28.0,1.0,No,4G,Vivo,Low (<10k),264.61,0.0,With Contract,3.0,No,2.0,2.0,15.7,15.5,No,2.0,,2021-01-06,No,2043.0
CUST01126,Nagpur,,Male,18600.0,Prepaid,26.0,237.45,3.31,248.0,20.0,1.0,Yes,4G,Oppo,Low (<10k),276.09,0.0,No Contract,3.0,No,0.0,2.0,1.2,12.7,Yes,2.0,UPI,2022-06-19,No,1514.0
CUST01064,Pune,53.0,Male,33200.0,Prepaid,17.0,115.13,25.34,364.0,28.0,0.0,No Complaint Filed,5G,Oppo,Mid (10k-25k),135.33,1.0,No Contract,1.0,No,0.0,4.0,29.8,2.1,Yes,2.0,,2021-12-31,No,1684.0
CUST00154,Nagpur,59.0,Male,18900.0,Prepaid,15.0,38.57,0.97,345.0,24.0,1.0,Yes,,Samsung,High (25k-60k),32.24,2.0,No Contract,1.0,No,3.0,4.0,8.2,7.3,No,2.0,Cash,2019-03-06,No,2715.0
CUST00238,Mumbai,48.0,Male,12600.0,Prepaid,17.0,147.21,9.88,376.0,22.0,1.0,No,4G,Oppo,Low (<10k),186.8,0.0,With Contract,2.0,No,2.0,2.0,0.9,12.5,No,1.0,Cash,2020-07-15,No,2218.0
CUST00055,,48.0,Male,25100.0,Prepaid,48.0,118.13,,200.0,31.0,4.0,Yes,2G,Samsung,High (25k-60k),139.78,0.0,No Contract,2.0,No,2.0,3.0,1.4,2.9,Yes,0.0,Credit Card,2021-11-07,No,1738.0
CUST00395,Pune,31.0,Female,,Prepaid,6.0,164.82,2.0,591.0,37.0,2.0,No,4G,Realme,Low (<10k),175.23,1.0,No Contract,3.0,Yes,0.0,3.0,1.7,9.0,No,0.0,UPI,2019-12-24,Yes,2422.0
CUST00124,Mumbai,35.0,Male,27200.0,Postpaid,1.0,139.88,14.27,279.0,26.0,2.0,Yes,4G,Samsung,Mid (10k-25k),151.98,1.0,With Contract,0.0,No,2.0,4.0,20.6,15.5,No,1.0,UPI,2023-12-14,No,971.0
CUST00356,Thane,50.0,Male,43600.0,Prepaid,8.0,148.79,1.42,568.0,19.0,1.0,Yes,,Realme,Premium (>60k),143.47,0.0,With Contract,1.0,No,1.0,4.0,2.7,0.8,Yes,1.0,UPI,2020-03-19,No,2336.0
CUST00432,Chhatrapati Sambhajinagar,55.0,Female,33800.0,Postpaid,5.0,186.37,13.39,161.0,31.0,3.0,No,4G,Xiaomi,Mid (10k-25k),226.37,0.0,No Contract,4.0,No,0.0,2.0,0.2,4.9,Yes,2.0,Credit Card,2021-07-16,No,1852.0
CUST00135,Navi Mumbai,62.0,Male,37400.0,Postpaid,0.0,413.56,4.94,555.0,32.0,0.0,No Complaint Filed,4G,Xiaomi,High (25k-60k),525.94,1.0,With Contract,2.0,No,2.0,1.0,4.6,5.8,No,2.0,Net Banking,2023-04-30,Yes,1199.0
CUST00269,Pune,53.0,Male,17100.0,Postpaid,4.0,190.41,0.18,624.0,26.0,1.0,No,4G,Realme,Mid (10k-25k),167.85,1.0,With Contract,2.0,No,4.0,5.0,11.6,17.8,No,1.0,UPI,2022-12-13,No,1337.0
CUST00386,Solapur,44.0,Female,39900.0,Prepaid,39.0,338.62,4.33,575.0,21.0,0.0,No Complaint Filed,3G,Vivo,High (25k-60k),402.43,1.0,No Contract,1.0,No,1.0,4.0,0.7,2.6,No,2.0,,2019-10-18,No,2489.0
CUST00098,Pune,37.0,Male,41700.0,Prepaid,8.0,476.6,,528.0,18.0,1.0,Yes,3G,,Premium (>60k),503.29,1.0,With Contract,3.0,No,0.0,3.0,6.2,11.4,No,1.0,Wallet,2024-03-31,No,863.0
CUST00221,Thane,76.0,Male,57000.0,Postpaid,19.0,246.98,1.28,463.0,21.0,3.0,Yes,2G,Realme,Low (<10k),301.79,2.0,With Contract,1.0,No,2.0,5.0,1.5,4.0,Yes,3.0,UPI,2023-02-12,No,1276.0
CUST00042,Nagpur,56.0,Male,29200.0,Postpaid,12.0,175.13,2.48,405.0,31.0,1.0,No,5G,OnePlus,High (25k-60k),205.2,0.0,No Contract,3.0,No,1.0,4.0,24.5,2.3,Yes,2.0,Debit Card,2020-01-21,No,2394.0
CUST01022,Pune,67.0,Male,41500.0,Postpaid,13.0,136.29,1.28,753.0,25.0,2.0,No,4G,Realme,Premium (>60k),121.21,2.0,With Contract,2.0,No,0.0,1.0,27.2,7.1,Yes,3.0,Debit Card,2022-01-05,No,1679.0
CUST00526,Pune,67.0,Male,40700.0,Prepaid,21.0,153.84,13.38,419.0,27.0,1.0,No,3G,Vivo,Premium (>60k),144.99,0.0,With Contract,2.0,No,2.0,4.0,3.1,2.5,No,1.0,UPI,2021-04-07,No,1952.0
CUST00876,Mumbai,49.0,Male,15700.0,Postpaid,23.0,478.61,,144.0,24.0,0.0,No Complaint Filed,4G,Xiaomi,Low (<10k),502.01,0.0,With Contract,3.0,No,3.0,3.0,4.6,20.1,No,2.0,Credit Card,2020-04-14,No,2310.0
CUST00975,Mumbai,68.0,Female,35900.0,Postpaid,44.0,199.31,1.54,538.0,29.0,2.0,No,4G,Samsung,Premium (>60k),195.53,0.0,No Contract,5.0,No,1.0,2.0,21.4,3.7,No,0.0,UPI,2022-08-23,Yes,1449.0
CUST00949,Amravati,40.0,Male,,Prepaid,3.0,453.34,6.15,631.0,20.0,0.0,No Complaint Filed,4G,Apple,Low (<10k),518.25,1.0,With Contract,2.0,No,2.0,1.0,,16.5,No,1.0,UPI,2020-06-10,Yes,2253.0
CUST00547,Mumbai,69.0,Male,18300.0,Prepaid,10.0,104.04,7.63,525.0,32.0,2.0,Yes,4G,Oppo,Mid (10k-25k),111.67,1.0,No Contract,1.0,No,2.0,5.0,7.5,0.7,Yes,1.0,Debit Card,2019-11-02,No,2474.0
CUST00732,Solapur,,Male,24400.0,Prepaid,11.0,269.89,4.34,421.0,24.0,3.0,Yes,4G,Samsung,Low (<10k),225.61,1.0,No Contract,3.0,No,0.0,5.0,3.6,0.7,No,3.0,UPI,2021-01-03,No,2046.0
CUST00013,Kolhapur,46.0,Male,33000.0,Prepaid,18.0,74.56,1.76,594.0,12.0,3.0,Yes,,Oppo,High (25k-60k),94.37,0.0,No Contract,0.0,No,1.0,1.0,8.7,1.1,Yes,3.0,Net Banking,2019-09-20,No,2517.0
CUST00743,Chhatrapati Sambhajinagar,41.0,Female,35400.0,Postpaid,10.0,127.15,3.22,,16.0,2.0,No,4G,Xiaomi,Low (<10k),136.57,0.0,No Contract,0.0,No,2.0,4.0,11.2,4.4,No,0.0,Wallet,2019-06-14,No,2615.0
CUST00982,Chhatrapati Sambhajinagar,47.0,Female,34200.0,Prepaid,7.0,311.99,34.4,711.0,25.0,1.0,Yes,4G,Realme,Low (<10k),305.35,0.0,No Contract,3.0,No,4.0,4.0,2.1,0.7,No,1.0,Debit Card,2019-01-16,No,2764.0
CUST00611,Mumbai,79.0,Male,24200.0,Prepaid,9.0,261.03,2.29,280.0,22.0,2.0,No,4G,Samsung,Low (<10k),280.02,2.0,No Contract,3.0,No,0.0,5.0,,9.1,No,0.0,UPI,2022-12-15,No,1335.0
CUST01290,Mumbai,59.0,Female,28800.0,Prepaid,31.0,316.87,12.29,246.0,20.0,1.0,No,4G,Vivo,Low (<10k),407.22,0.0,No Contract,3.0,No,4.0,4.0,1.0,0.2,No,0.0,UPI,2021-09-17,No,1789.0
CUST01441,Sangli,,Male,40800.0,Prepaid,8.0,387.27,3.61,374.0,26.0,0.0,No Complaint Filed,4G,,Mid (10k-25k),482.26,0.0,With Contract,1.0,No,1.0,2.0,3.1,0.3,Yes,3.0,Debit Card,2019-06-14,No,2615.0
CUST01260,Nashik,27.0,Male,18900.0,Prepaid,7.0,196.25,34.33,365.0,20.0,0.0,No Complaint Filed,4G,OnePlus,High (25k-60k),161.91,0.0,With Contract,2.0,No,3.0,4.0,3.9,6.4,No,0.0,UPI,2021-03-07,No,1983.0
CUST01296,Mumbai,45.0,Female,28300.0,Prepaid,8.0,113.45,2.99,519.0,24.0,3.0,Yes,4G,Vivo,Low (<10k),131.8,3.0,No Contract,1.0,No,5.0,1.0,6.3,0.6,No,0.0,UPI,2023-06-25,No,1143.0
CUST00929,Nashik,45.0,Male,33000.0,Prepaid,26.0,400.7,3.92,423.0,23.0,1.0,Yes,4G,Samsung,Low (<10k),356.14,0.0,With Contract,1.0,No,1.0,4.0,2.2,4.1,No,0.0,UPI,2022-05-26,No,1538.0
CUST01337,Mumbai,50.0,Female,33300.0,Prepaid,0.0,309.37,1.38,488.0,28.0,2.0,No,4G,Vivo,Mid (10k-25k),291.15,3.0,No Contract,1.0,No,3.0,4.0,1.4,7.6,Yes,0.0,UPI,2019-11-28,Yes,2448.0
CUST00741,Pune,,Male,12800.0,Postpaid,6.0,182.86,4.59,594.0,30.0,1.0,No,4G,Oppo,High (25k-60k),168.92,1.0,With Contract,1.0,No,0.0,3.0,13.5,16.8,No,2.0,Net Banking,2019-12-22,No,2424.0
CUST00957,Nagpur,79.0,Female,53700.0,Postpaid,28.0,100.72,14.41,472.0,24.0,1.0,No,3G,Oppo,Low (<10k),110.38,0.0,With Contract,3.0,No,0.0,4.0,2.6,10.3,Yes,2.0,UPI,2021-10-15,No,1761.0
CUST00620,Chhatrapati Sambhajinagar,26.0,Female,18000.0,Prepaid,32.0,539.07,3.07,229.0,21.0,1.0,Yes,5G,Vivo,Low (<10k),,0.0,With Contract,1.0,No,0.0,1.0,10.3,16.1,No,0.0,Wallet,2023-08-21,No,1086.0
CUST01341,Mumbai,53.0,Female,92500.0,Postpaid,35.0,429.48,17.37,512.0,22.0,1.0,Yes,4G,Realme,High (25k-60k),362.51,0.0,No Contract,2.0,No,0.0,5.0,0.3,6.1,No,1.0,UPI,2022-01-20,No,1664.0
CUST00857,Mumbai,60.0,Other,10500.0,Postpaid,16.0,117.67,7.84,313.0,28.0,0.0,No Complaint Filed,4G,Vivo,Low (<10k),117.51,1.0,No Contract,3.0,No,0.0,,1.7,4.7,No,3.0,UPI,2020-09-14,No,2157.0
CUST01370,Mumbai,59.0,Male,,Prepaid,67.0,121.69,26.42,419.0,26.0,0.0,No Complaint Filed,4G,Vivo,Mid (10k-25k),105.74,0.0,No Contract,2.0,No,6.0,2.0,,7.9,No,1.0,Wallet,2021-06-15,No,1883.0
CUST01169,Mumbai,,Male,25900.0,Postpaid,49.0,112.02,4.72,201.0,31.0,2.0,Yes,4G,Vivo,Mid (10k-25k),108.35,1.0,No Contract,3.0,No,4.0,5.0,1.4,5.3,Yes,0.0,Debit Card,2023-01-19,No,1300.0
CUST00501,Thane,45.0,Male,74100.0,Prepaid,42.0,131.12,5.89,476.0,21.0,1.0,Yes,4G,Xiaomi,Premium (>60k),156.03,1.0,No Contract,2.0,No,0.0,4.0,7.6,1.1,Yes,2.0,Cash,2022-09-26,No,1415.0
CUST00225,Mumbai,58.0,Female,55000.0,Postpaid,37.0,334.78,0.52,251.0,23.0,0.0,No Complaint Filed,4G,Realme,Low (<10k),345.95,3.0,No Contract,2.0,No,2.0,4.0,17.6,0.0,No,1.0,UPI,2022-10-31,No,1380.0
CUST00337,Kolhapur,67.0,Male,125900.0,Prepaid,17.0,139.37,8.84,499.0,28.0,3.0,Yes,4G,Apple,Low (<10k),112.46,1.0,With Contract,1.0,No,1.0,3.0,6.8,2.8,No,1.0,Credit Card,2019-09-17,No,2520.0
CUST00233,Nashik,39.0,Female,,Postpaid,45.0,154.26,6.22,530.0,24.0,2.0,Yes,4G,,High (25k-60k),197.11,0.0,No Contract,2.0,No,4.0,4.0,1.5,2.9,No,0.0,Credit Card,2022-05-10,No,1554.0
CUST00587,Mumbai,41.0,Male,32800.0,Prepaid,0.0,126.08,17.07,318.0,18.0,0.0,No Complaint Filed,3G,Vivo,Low (<10k),105.9,1.0,With Contract,1.0,No,1.0,2.0,2.7,7.5,No,0.0,UPI,2021-07-26,No,1842.0
CUST00559,Chhatrapati Sambhajinagar,33.0,Female,28800.0,Prepaid,30.0,169.92,5.46,440.0,23.0,2.0,Yes,4G,Samsung,Low (<10k),218.11,2.0,No Contract,2.0,No,0.0,4.0,7.2,2.2,No,0.0,Cash,2020-10-02,No,2139.0
CUST01239,Sangli,45.0,Male,,Prepaid,0.0,326.06,2.89,519.0,24.0,5.0,No,4G,Xiaomi,Low (<10k),360.34,0.0,No Contract,0.0,No,1.0,4.0,3.6,2.7,Yes,2.0,Net Banking,2022-06-28,Yes,1505.0
CUST00469,Mumbai,37.0,Male,23500.0,Postpaid,17.0,223.28,1.21,579.0,29.0,0.0,No Complaint Filed,4G,Realme,Low (<10k),266.68,0.0,No Contract,4.0,No,1.0,5.0,4.5,21.3,Yes,0.0,Net Banking,2022-03-24,No,1601.0
CUST00749,Navi Mumbai,55.0,Female,9400.0,Prepaid,1.0,572.57,6.19,136.0,25.0,1.0,Yes,4G,Vivo,Low (<10k),550.36,0.0,No Contract,2.0,No,2.0,4.0,3.2,1.8,No,2.0,Cash,2021-01-30,Yes,2019.0
CUST00641,Mumbai,38.0,Female,15200.0,Prepaid,-3.0,28.03,7.24,318.0,22.0,1.0,No,4G,Realme,Premium (>60k),29.54,2.0,,1.0,No,3.0,5.0,9.1,1.6,No,4.0,Credit Card,2023-12-27,No,958.0
CUST00298,Mumbai,85.0,Male,16600.0,Prepaid,4.0,189.67,4.05,668.0,28.0,2.0,No,4G,Realme,Mid (10k-25k),188.4,0.0,With Contract,1.0,No,1.0,3.0,28.1,8.7,No,1.0,UPI,2023-02-07,Yes,1281.0
CUST00871,Pune,44.0,Female,36400.0,Postpaid,3.0,631.48,5.79,387.0,26.0,2.0,Yes,4G,Samsung,Mid (10k-25k),558.51,1.0,No Contract,3.0,No,0.0,1.0,2.8,4.1,No,0.0,Credit Card,2023-06-23,No,1145.0
CUST01077,Pune,43.0,Female,44100.0,Prepaid,12.0,264.67,3.69,631.0,27.0,2.0,Yes,4G,Realme,High (25k-60k),327.85,0.0,With Contract,1.0,No,0.0,5.0,,12.0,No,1.0,Debit Card,2021-02-01,No,2017.0
CUST00474,Amravati,75.0,Female,31400.0,Prepaid,8.0,93.78,5.62,531.0,26.0,1.0,Yes,4G,Xiaomi,Low (<10k),76.99,2.0,No Contract,1.0,No,1.0,4.0,3.7,3.1,No,2.0,UPI,2020-07-20,No,2213.0
CUST00695,Mumbai,39.0,Male,19100.0,Postpaid,24.0,224.76,4.83,249.0,17.0,0.0,No Complaint Filed,4G,Apple,Mid (10k-25k),,0.0,With Contract,2.0,Yes,0.0,2.0,6.5,3.2,No,0.0,Wallet,2020-12-24,No,2056.0
CUST00206,Mumbai,85.0,Male,26700.0,Postpaid,7.0,212.73,0.52,362.0,30.0,0.0,No Complaint Filed,4G,Samsung,Premium (>60k),223.15,1.0,No Contract,2.0,No,0.0,3.0,24.0,10.7,No,2.0,UPI,2023-07-12,No,1126.0
CUST00004,Nashik,52.0,Male,16500.0,Prepaid,31.0,188.61,9.94,216.0,22.0,0.0,No Complaint Filed,5G,Vivo,Low (<10k),205.14,0.0,With Contract,1.0,No,5.0,3.0,2.9,3.2,No,2.0,UPI,2023-08-06,No,1101.0
CUST01194,Nashik,46.0,,6000.0,Postpaid,2.0,90.95,3.0,373.0,33.0,3.0,No,4G,Apple,Mid (10k-25k),110.13,0.0,No Contract,2.0,Yes,2.0,5.0,5.1,3.1,Yes,1.0,UPI,2020-09-24,No,2147.0
CUST00714,Pune,46.0,Male,11900.0,Prepaid,20.0,121.31,9.03,309.0,29.0,3.0,Yes,2G,Samsung,High (25k-60k),135.21,0.0,With Contract,0.0,No,1.0,1.0,23.2,5.6,Yes,2.0,Cash,2021-04-02,Yes,1957.0
CUST01389,Sangli,50.0,,60600.0,Prepaid,32.0,287.4,2.25,200.0,27.0,1.0,Yes,5G,Xiaomi,Mid (10k-25k),250.43,2.0,With Contract,0.0,No,1.0,5.0,3.6,6.8,Yes,0.0,Wallet,2022-01-29,No,1655.0
CUST01084,Amravati,36.0,Female,30500.0,Postpaid,1.0,184.27,4.19,30.0,25.0,1.0,No,4G,Realme,Low (<10k),180.43,2.0,With Contract,1.0,No,3.0,4.0,2.8,4.6,No,2.0,Cash,2023-02-26,No,1262.0
CUST00739,Pune,57.0,Male,27400.0,Prepaid,55.0,368.21,2.01,0.0,19.0,0.0,No Complaint Filed,4G,Apple,Mid (10k-25k),387.94,1.0,With Contract,2.0,No,0.0,1.0,3.7,0.2,No,1.0,UPI,2019-11-06,No,2470.0
CUST01204,Pune,54.0,Male,47000.0,Prepaid,20.0,202.32,0.0,,28.0,0.0,No Complaint Filed,4G,Samsung,Mid (10k-25k),219.45,1.0,With Contract,0.0,No,1.0,1.0,6.5,0.7,No,0.0,UPI,2023-12-26,No,959.0
CUST01270,Pune,39.0,Female,27400.0,Postpaid,5.0,184.67,1.36,352.0,24.0,0.0,No Complaint Filed,4G,Apple,High (25k-60k),190.69,0.0,With Contract,1.0,No,1.0,,1.1,6.4,Yes,1.0,Debit Card,2020-12-11,No,2069.0
CUST00757,Nashik,29.0,Female,,Prepaid,0.0,129.14,2.57,272.0,24.0,1.0,No,4G,Samsung,Low (<10k),148.82,1.0,With Contract,2.0,No,3.0,4.0,18.9,1.0,No,3.0,Debit Card,2022-02-13,No,1640.0
CUST01012,Akola,53.0,Female,49600.0,Postpaid,10.0,433.79,1.6,501.0,32.0,2.0,Yes,4G,Apple,Low (<10k),460.66,1.0,With Contract,1.0,No,2.0,4.0,2.2,1.8,Yes,0.0,UPI,2020-09-21,Yes,2150.0
CUST00830,Pune,71.0,Male,21300.0,Prepaid,25.0,153.3,12.54,444.0,30.0,1.0,Yes,4G,Samsung,Low (<10k),145.64,1.0,No Contract,4.0,No,0.0,2.0,6.0,0.2,Yes,1.0,Wallet,2021-10-29,No,1747.0
CUST00903,Mumbai,27.0,Female,26900.0,Prepaid,14.0,138.14,2.13,0.0,33.0,1.0,Yes,5G,Samsung,Mid (10k-25k),122.1,1.0,No Contract,2.0,No,2.0,,7.0,20.0,Yes,0.0,Cash,2023-05-30,No,1169.0
CUST00721,Navi Mumbai,49.0,Female,27400.0,Postpaid,40.0,273.65,3.74,314.0,22.0,3.0,Yes,4G,Vivo,High (25k-60k),234.21,0.0,With Contract,0.0,No,2.0,5.0,8.5,0.4,No,0.0,UPI,2019-03-12,No,2709.0
CUST01350,Mumbai,,Male,,Prepaid,3.0,163.18,7.17,674.0,30.0,2.0,No,4G,Oppo,High (25k-60k),139.29,1.0,With Contract,1.0,No,1.0,4.0,4.6,30.4,No,1.0,UPI,2022-03-19,Yes,1606.0
CUST00977,Nashik,77.0,Male,99400.0,Postpaid,23.0,395.7,23.38,508.0,30.0,0.0,No Complaint Filed,4G,Xiaomi,Mid (10k-25k),508.54,0.0,No Contract,2.0,No,0.0,4.0,0.7,0.5,No,1.0,Credit Card,2019-05-17,No,2643.0
CUST00636,Pune,48.0,Female,27200.0,Prepaid,64.0,91.79,7.74,490.0,22.0,0.0,No Complaint Filed,4G,Xiaomi,High (25k-60k),86.16,1.0,No Contract,2.0,No,1.0,3.0,14.8,5.6,No,2.0,Wallet,2021-06-22,No,1876.0
CUST01429,Nashik,33.0,Male,37000.0,Postpaid,13.0,94.27,0.93,173.0,33.0,1.0,No,4G,,Low (<10k),98.69,0.0,No Contract,2.0,No,1.0,2.0,9.7,3.4,No,0.0,,2021-07-12,Yes,1856.0
CUST01294,Thane,59.0,Male,22600.0,Postpaid,37.0,153.73,5.43,277.0,26.0,1.0,Yes,4G,OnePlus,Premium (>60k),186.28,2.0,,3.0,No,0.0,2.0,11.0,0.0,Yes,0.0,Credit Card,2020-06-07,Yes,2256.0
CUST00805,Pune,30.0,Male,41500.0,Prepaid,2.0,186.73,5.41,186.0,13.0,0.0,No Complaint Filed,4G,Vivo,Low (<10k),200.17,1.0,No Contract,0.0,No,0.0,3.0,2.3,3.1,No,4.0,,2021-01-05,No,2044.0
CUST00672,Amravati,66.0,,14400.0,Prepaid,7.0,403.68,10.86,147.0,21.0,0.0,No Complaint Filed,4G,Realme,Mid (10k-25k),498.8,0.0,No Contract,1.0,No,0.0,2.0,6.2,3.0,Yes,0.0,Wallet,2019-10-03,No,2504.0
CUST00158,Chhatrapati Sambhajinagar,66.0,Male,22000.0,Prepaid,15.0,274.46,7.55,555.0,22.0,3.0,No,4G,Samsung,Low (<10k),353.24,0.0,No Contract,1.0,No,1.0,2.0,23.1,5.1,No,0.0,UPI,2022-09-29,No,1412.0
CUST01203,Mumbai,37.0,Male,59800.0,Prepaid,12.0,255.05,,387.0,24.0,1.0,No,3G,Realme,High (25k-60k),276.43,1.0,No Contract,2.0,No,1.0,2.0,13.6,18.2,No,1.0,Credit Card,2022-09-22,No,1419.0
CUST01304,Nagpur,64.0,Male,24400.0,Prepaid,4.0,141.58,0.27,929.0,17.0,0.0,No Complaint Filed,4G,Xiaomi,Low (<10k),132.63,1.0,With Contract,3.0,No,0.0,4.0,,13.7,No,1.0,Net Banking,2019-12-01,Yes,2445.0
CUST00463,Chhatrapati Sambhajinagar,85.0,Female,29700.0,Prepaid,8.0,489.95,6.63,353.0,10.0,2.0,No,4G,Xiaomi,High (25k-60k),439.88,0.0,No Contract,0.0,No,2.0,,6.8,6.8,Yes,0.0,Credit Card,2019-01-24,No,2756.0
CUST00141,Sangli,40.0,Female,30700.0,Prepaid,12.0,44.9,2.74,613.0,27.0,3.0,Yes,4G,Xiaomi,Low (<10k),41.58,1.0,No Contract,4.0,No,1.0,2.0,33.9,11.1,No,0.0,Debit Card,2022-02-28,No,1625.0
CUST00161,Pune,38.0,Female,22100.0,Prepaid,24.0,98.41,5.62,420.0,25.0,2.0,Yes,5G,Xiaomi,Mid (10k-25k),79.64,2.0,No Contract,0.0,No,3.0,3.0,3.1,3.3,No,0.0,,2023-06-25,No,1143.0
CUST00306,Sangli,35.0,Male,73500.0,Prepaid,12.0,233.25,4.93,358.0,20.0,2.0,No,3G,OnePlus,Low (<10k),199.01,4.0,With Contract,3.0,No,1.0,3.0,4.5,4.3,Yes,0.0,UPI,2019-10-28,No,2479.0
CUST00396,Navi Mumbai,53.0,Male,18600.0,Prepaid,6.0,232.18,1.67,501.0,22.0,1.0,No,4G,Apple,Mid (10k-25k),275.13,1.0,With Contract,5.0,Yes,1.0,1.0,33.8,1.5,No,2.0,Credit Card,2020-12-11,Yes,2069.0
CUST00400,Chhatrapati Sambhajinagar,78.0,Male,26000.0,Prepaid,3.0,384.9,14.64,47.0,16.0,1.0,No,4G,Xiaomi,Mid (10k-25k),396.41,0.0,No Contract,1.0,No,3.0,2.0,0.1,4.5,No,0.0,Debit Card,2021-12-08,No,1707.0
CUST01159,Amravati,28.0,Male,22500.0,Prepaid,2.0,217.53,8.56,897.0,20.0,0.0,No Complaint Filed,4G,,Low (<10k),198.83,3.0,With Contract,3.0,No,4.0,3.0,1.4,1.2,Yes,1.0,Debit Card,2020-11-16,No,2094.0
CUST00604,Mumbai,38.0,Female,60800.0,Postpaid,27.0,131.72,1.0,,31.0,3.0,No,4G,Xiaomi,Mid (10k-25k),168.64,0.0,No Contract,0.0,No,1.0,3.0,8.5,4.5,No,0.0,Net Banking,2021-05-19,Yes,1910.0
CUST01395,Pune,56.0,Male,,Postpaid,16.0,210.4,16.12,649.0,30.0,3.0,Yes,4G,Vivo,Low (<10k),185.44,0.0,With Contract,2.0,No,5.0,3.0,3.8,17.7,Yes,0.0,UPI,2023-03-20,No,1240.0
CUST01265,Mumbai,48.0,Male,8400.0,Prepaid,8.0,217.46,0.78,678.0,17.0,1.0,Yes,4G,Vivo,Low (<10k),205.97,2.0,No Contract,2.0,No,1.0,3.0,15.1,1.6,Yes,0.0,Net Banking,2022-06-04,Yes,1529.0
CUST01366,Mumbai,45.0,Female,,Prepaid,21.0,109.69,2.95,569.0,31.0,1.0,Yes,4G,Apple,Mid (10k-25k),139.71,1.0,No Contract,1.0,No,2.0,4.0,1.5,3.9,Yes,0.0,Wallet,2022-10-22,No,1389.0
CUST01105,Akola,65.0,Male,38300.0,Postpaid,4.0,296.13,1.85,997.0,30.0,3.0,No,5G,Apple,Premium (>60k),248.17,2.0,No Contract,2.0,No,0.0,1.0,1.9,3.4,No,0.0,Net Banking,2023-11-22,Yes,993.0
CUST01381,Mumbai,36.0,Male,13600.0,Prepaid,5.0,197.43,4.98,222.0,24.0,0.0,No Complaint Filed,3G,Oppo,Mid (10k-25k),199.13,0.0,With Contract,3.0,No,1.0,2.0,6.4,3.9,No,2.0,UPI,2021-02-05,No,2013.0
CUST01234,,74.0,Male,14100.0,Prepaid,21.0,219.64,1.42,562.0,24.0,3.0,No,3G,Xiaomi,Mid (10k-25k),279.82,0.0,No Contract,3.0,No,3.0,1.0,3.1,8.6,Yes,4.0,Net Banking,2022-04-28,No,1566.0
CUST00458,Pune,44.0,Female,18200.0,Postpaid,0.0,241.34,15.43,464.0,25.0,4.0,No,4G,Vivo,Low (<10k),207.9,2.0,No Contract,3.0,No,3.0,4.0,0.0,5.7,Yes,2.0,Net Banking,2024-03-30,No,864.0
CUST00926,Mumbai,28.0,Other,29000.0,Prepaid,16.0,162.24,0.44,469.0,19.0,2.0,Yes,4G,Samsung,High (25k-60k),155.18,2.0,No Contract,4.0,No,1.0,5.0,0.2,8.3,Yes,0.0,UPI,2022-01-25,No,1659.0
CUST00479,Sangli,53.0,Female,12800.0,Prepaid,10.0,325.53,3.14,724.0,18.0,0.0,No Complaint Filed,4G,Apple,,361.54,0.0,No Contract,3.0,No,4.0,4.0,28.1,20.3,No,3.0,Cash,2020-11-24,No,2086.0
CUST01119,Mumbai,41.0,Female,28400.0,Prepaid,32.0,88.19,1.83,533.0,27.0,0.0,No Complaint Filed,4G,Realme,High (25k-60k),,0.0,No Contract,2.0,No,2.0,4.0,14.8,9.3,Yes,1.0,Wallet,2019-04-25,No,2665.0
CUST01398,Mumbai,63.0,Male,22700.0,Prepaid,44.0,139.72,4.62,414.0,31.0,0.0,No Complaint Filed,3G,Realme,Mid (10k-25k),149.98,0.0,With Contract,2.0,No,2.0,3.0,,0.6,No,2.0,Debit Card,2024-01-05,No,949.0
CUST00688,Mumbai,31.0,Male,,Prepaid,3.0,103.88,10.13,624.0,33.0,3.0,No,4G,,High (25k-60k),103.1,0.0,No Contract,0.0,No,1.0,3.0,1.4,2.2,No,1.0,Wallet,2019-02-23,No,2726.0
CUST01227,Pune,54.0,,,Prepaid,28.0,181.04,9.93,428.0,25.0,1.0,Yes,4G,Xiaomi,High (25k-60k),145.77,0.0,No Contract,2.0,No,1.0,1.0,5.5,5.3,Yes,0.0,Net Banking,2023-09-26,No,1050.0
CUST00348,Mumbai,51.0,Male,10900.0,Prepaid,9.0,600.44,45.13,296.0,22.0,0.0,No Complaint Filed,4G,Apple,Low (<10k),563.23,0.0,With Contract,1.0,No,2.0,2.0,6.5,2.1,No,2.0,Wallet,2019-07-27,No,2572.0
CUST00447,Akola,35.0,Female,29200.0,Postpaid,49.0,58.47,,792.0,29.0,0.0,No Complaint Filed,4G,Xiaomi,Mid (10k-25k),66.6,1.0,No Contract,1.0,Yes,2.0,5.0,3.2,1.4,Yes,2.0,Debit Card,2022-11-03,No,1377.0
CUST01351,Kolhapur,49.0,Female,8400.0,Postpaid,19.0,193.89,2.63,224.0,31.0,1.0,Yes,5G,Apple,Mid (10k-25k),223.14,0.0,No Contract,1.0,No,2.0,5.0,6.1,0.3,No,0.0,Credit Card,2019-09-12,No,2525.0
CUST00380,Pune,55.0,Female,13300.0,Prepaid,37.0,37.23,2.05,417.0,23.0,1.0,Yes,4G,Xiaomi,Premium (>60k),,1.0,No Contract,3.0,No,2.0,5.0,15.4,22.5,Yes,0.0,UPI,2023-09-20,No,1056.0
CUST01308,Solapur,36.0,Male,,Prepaid,37.0,130.91,2.39,,29.0,2.0,No,4G,Samsung,Low (<10k),156.8,0.0,With Contract,1.0,No,2.0,,2.6,10.4,No,2.0,Cash,2021-09-14,No,1792.0
CUST00621,Mumbai,68.0,Male,26000.0,Prepaid,1.0,160.64,,502.0,18.0,0.0,No Complaint Filed,4G,Samsung,Mid (10k-25k),156.96,0.0,No Contract,1.0,No,0.0,5.0,8.4,0.4,Yes,3.0,Cash,2019-11-26,No,2450.0
CUST01226,Nashik,36.0,Male,29300.0,Postpaid,23.0,221.05,3.49,267.0,22.0,1.0,Yes,4G,Apple,Mid (10k-25k),266.82,4.0,No Contract,3.0,No,4.0,5.0,20.4,7.5,Yes,3.0,UPI,2022-04-07,No,1587.0
CUST00232,Nagpur,46.0,Female,127100.0,Prepaid,1.0,287.36,2.74,323.0,25.0,3.0,No,4G,Apple,High (25k-60k),242.0,0.0,With Contract,1.0,No,0.0,3.0,8.0,3.0,No,0.0,Cash,2021-10-22,No,1754.0
CUST00383,Nashik,41.0,Female,46900.0,Prepaid,17.0,247.06,0.75,473.0,19.0,0.0,No Complaint Filed,4G,Realme,Low (<10k),216.07,1.0,No Contract,2.0,No,0.0,1.0,0.4,2.5,Yes,0.0,,2020-06-08,No,2255.0
CUST00681,Solapur,50.0,Male,20700.0,Postpaid,17.0,470.98,18.42,305.0,29.0,1.0,No,4G,Samsung,Premium (>60k),420.11,1.0,No Contract,3.0,Yes,0.0,3.0,2.1,7.3,Yes,3.0,Debit Card,2023-11-02,No,1013.0
CUST00073,Mumbai,41.0,Male,26300.0,Prepaid,9.0,200.02,1.3,469.0,29.0,0.0,No Complaint Filed,4G,Xiaomi,High (25k-60k),208.28,3.0,No Contract,2.0,No,1.0,4.0,0.8,2.2,Yes,0.0,Credit Card,2020-06-04,No,2259.0
CUST00071,Chhatrapati Sambhajinagar,85.0,,20200.0,Postpaid,22.0,180.16,0.79,,26.0,3.0,No,4G,,Low (<10k),172.29,0.0,No Contract,0.0,No,1.0,4.0,0.7,2.3,No,2.0,Debit Card,2024-02-26,No,897.0
CUST01117,Mumbai,49.0,Male,24500.0,Prepaid,24.0,236.25,10.86,317.0,24.0,0.0,No Complaint Filed,4G,Oppo,High (25k-60k),190.56,1.0,With Contract,1.0,No,1.0,2.0,10.1,6.6,No,3.0,Cash,2023-06-05,No,1163.0
CUST00586,Mumbai,43.0,Female,25400.0,Prepaid,14.0,293.43,11.12,445.0,25.0,0.0,No Complaint Filed,4G,OnePlus,High (25k-60k),341.19,0.0,With Contract,5.0,No,0.0,4.0,,14.9,Yes,0.0,UPI,2022-10-03,No,1408.0
CUST00172,Mumbai,37.0,Female,14100.0,Postpaid,18.0,74.43,5.54,188.0,18.0,2.0,Yes,4G,Oppo,High (25k-60k),83.52,0.0,No Contract,0.0,Yes,2.0,4.0,9.0,8.4,No,1.0,Debit Card,2024-03-22,No,872.0
CUST00169,Mumbai,51.0,Male,14500.0,Prepaid,11.0,396.18,3.39,200.0,19.0,2.0,Yes,4G,OnePlus,High (25k-60k),502.9,0.0,No Contract,1.0,No,4.0,3.0,0.4,1.4,Yes,1.0,,2022-10-22,No,1389.0
CUST00494,Mumbai,39.0,Male,30500.0,Prepaid,30.0,125.75,10.74,330.0,23.0,2.0,No,4G,OnePlus,Mid (10k-25k),122.98,1.0,No Contract,6.0,No,1.0,4.0,18.0,4.9,No,3.0,Cash,2022-02-21,No,1632.0
CUST00588,Mumbai,46.0,Female,47600.0,Prepaid,24.0,210.0,6.39,658.0,26.0,2.0,Yes,4G,Apple,Low (<10k),248.45,0.0,No Contract,1.0,No,0.0,3.0,2.3,2.6,No,1.0,,2021-11-11,No,1734.0
CUST00675,Pune,33.0,Male,34100.0,Postpaid,26.0,473.47,5.71,988.0,27.0,2.0,Yes,4G,Samsung,Mid (10k-25k),612.5,0.0,No Contract,2.0,No,1.0,4.0,5.3,0.5,No,0.0,Wallet,2021-10-29,No,1747.0
CUST00273,Kolhapur,,Female,16600.0,Prepaid,15.0,73.61,16.23,799.0,29.0,2.0,Yes,4G,Samsung,Mid (10k-25k),,1.0,No Contract,6.0,No,2.0,5.0,13.5,0.1,No,0.0,Credit Card,2019-09-09,No,2528.0
CUST01026,Pune,52.0,Male,22800.0,Postpaid,5.0,405.99,5.13,585.0,32.0,1.0,Yes,3G,Samsung,Premium (>60k),457.33,2.0,With Contract,1.0,No,1.0,4.0,18.8,4.4,Yes,1.0,Debit Card,2023-12-10,Yes,975.0
CUST00421,Solapur,54.0,Female,26300.0,Prepaid,3.0,166.0,1.65,681.0,23.0,3.0,Yes,3G,Apple,Low (<10k),158.26,0.0,With Contract,0.0,No,2.0,,,14.6,Yes,0.0,UPI,2023-04-30,No,1199.0
CUST00095,Chhatrapati Sambhajinagar,55.0,Male,10400.0,Postpaid,2.0,364.14,0.58,,25.0,0.0,No Complaint Filed,4G,Samsung,Low (<10k),452.23,1.0,With Contract,1.0,No,1.0,3.0,7.1,22.4,No,3.0,Net Banking,2019-05-16,No,2644.0
CUST01098,Mumbai,59.0,Female,19100.0,Prepaid,9.0,145.9,3.04,270.0,29.0,0.0,No Complaint Filed,4G,Samsung,High (25k-60k),144.0,2.0,No Contract,1.0,No,1.0,4.0,20.8,3.3,No,3.0,Debit Card,2020-12-15,Yes,2065.0
CUST01202,Mumbai,46.0,Female,15300.0,Prepaid,7.0,185.23,14.12,293.0,36.0,1.0,Yes,4G,Oppo,Low (<10k),164.54,0.0,No Contract,1.0,No,2.0,4.0,0.4,7.2,Yes,1.0,Debit Card,2021-03-17,No,1973.0
CUST00043,Mumbai,67.0,Female,28300.0,Postpaid,18.0,78.47,,524.0,19.0,1.0,No,4G,,High (25k-60k),92.63,0.0,With Contract,3.0,No,2.0,3.0,5.3,2.6,Yes,1.0,UPI,2021-04-23,No,1936.0
CUST00057,Mumbai,41.0,Female,45900.0,Prepaid,21.0,76.74,,320.0,34.0,1.0,Yes,4G,Xiaomi,Low (<10k),97.05,0.0,No Contract,2.0,No,2.0,5.0,14.9,6.6,No,0.0,Debit Card,2021-11-15,No,1730.0
CUST01206,Chhatrapati Sambhajinagar,42.0,Male,36300.0,Postpaid,5.0,340.1,0.18,258.0,30.0,1.0,No,4G,Xiaomi,Mid (10k-25k),433.88,0.0,No Contract,1.0,No,0.0,3.0,34.6,4.3,No,0.0,UPI,2023-10-25,No,1021.0
CUST01339,Mumbai,43.0,Male,46300.0,Postpaid,11.0,202.16,,413.0,29.0,2.0,Yes,4G,Apple,Low (<10k),210.61,0.0,No Contract,2.0,No,2.0,5.0,0.7,4.4,No,0.0,Cash,2022-01-16,No,1668.0
CUST00039,Thane,66.0,Male,32900.0,Postpaid,33.0,490.2,3.24,245.0,18.0,1.0,No,4G,Vivo,Low (<10k),,1.0,No Contract,4.0,No,1.0,3.0,0.4,13.1,Yes,2.0,Debit Card,2020-11-23,No,2087.0
CUST00307,Nagpur,41.0,Female,22800.0,Prepaid,1.0,490.78,12.07,608.0,28.0,1.0,No,4G,OnePlus,High (25k-60k),600.38,0.0,No Contract,3.0,No,0.0,4.0,0.8,9.4,Yes,0.0,Wallet,2022-06-21,No,1512.0
CUST00669,Mumbai,64.0,Female,16900.0,Prepaid,6.0,205.39,13.71,103.0,19.0,6.0,No,3G,Vivo,High (25k-60k),246.46,1.0,No Contract,5.0,No,1.0,3.0,,19.7,No,1.0,Debit Card,2022-11-01,No,1379.0
CUST01142,Pune,36.0,Male,22400.0,Prepaid,96.0,184.77,12.6,319.0,24.0,0.0,No Complaint Filed,4G,Vivo,Low (<10k),239.75,0.0,No Contract,2.0,No,2.0,5.0,4.4,7.4,Yes,2.0,Wallet,2020-10-26,No,2115.0
CUST00409,Navi Mumbai,47.0,Male,32600.0,Prepaid,17.0,148.58,9.52,268.0,20.0,1.0,No,5G,OnePlus,Mid (10k-25k),118.97,1.0,With Contract,2.0,No,1.0,2.0,,7.1,Yes,2.0,Net Banking,2021-09-13,No,1793.0
CUST00167,Pune,40.0,Male,,Prepaid,10.0,188.09,2.92,666.0,27.0,3.0,No,4G,Xiaomi,Low (<10k),,0.0,No Contract,1.0,No,2.0,2.0,3.3,3.1,No,4.0,UPI,2023-12-30,No,955.0
CUST00535,Chhatrapati Sambhajinagar,37.0,,14900.0,Prepaid,2.0,353.89,5.3,726.0,27.0,3.0,No,4G,Vivo,High (25k-60k),359.69,0.0,No Contract,4.0,No,1.0,5.0,0.3,0.3,No,0.0,UPI,2023-08-04,Yes,1103.0
CUST00877,,54.0,Male,,Postpaid,10.0,133.24,14.52,692.0,32.0,1.0,Yes,4G,Apple,High (25k-60k),162.3,1.0,No Contract,1.0,No,0.0,4.0,15.7,0.5,No,1.0,UPI,2019-12-20,No,2426.0
CUST01436,Mumbai,42.0,Male,38900.0,Postpaid,9.0,220.71,1.97,505.0,22.0,1.0,No,4G,OnePlus,Mid (10k-25k),228.0,2.0,No Contract,3.0,No,0.0,1.0,1.9,1.2,No,0.0,UPI,2020-08-11,No,2191.0
CUST01076,Pune,56.0,Female,14500.0,Prepaid,16.0,206.18,4.59,854.0,31.0,2.0,Yes,5G,Xiaomi,Low (<10k),244.43,1.0,,0.0,No,0.0,3.0,12.9,5.5,No,0.0,UPI,2022-04-23,No,1571.0
CUST01426,Sangli,35.0,,43700.0,Postpaid,17.0,105.32,4.37,283.0,22.0,1.0,Yes,4G,Oppo,Premium (>60k),127.02,0.0,With Contract,5.0,No,0.0,3.0,5.6,2.4,No,2.0,UPI,2023-01-04,No,1315.0
CUST00702,Mumbai,45.0,Male,14800.0,Postpaid,5.0,339.51,11.64,675.0,21.0,0.0,No Complaint Filed,4G,Xiaomi,Mid (10k-25k),344.26,4.0,No Contract,0.0,Yes,3.0,,0.4,8.5,Yes,0.0,UPI,2024-05-17,Yes,816.0
CUST00955,Pune,43.0,Female,45200.0,Postpaid,21.0,203.85,2.25,747.0,35.0,2.0,Yes,3G,Samsung,High (25k-60k),236.71,2.0,No Contract,3.0,No,2.0,1.0,5.4,2.3,No,1.0,Credit Card,2021-08-07,No,1830.0
CUST00317,Pune,62.0,Male,10100.0,Prepaid,1.0,308.07,1.47,434.0,24.0,1.0,Yes,4G,Samsung,Low (<10k),387.31,0.0,No Contract,0.0,No,2.0,1.0,11.1,0.7,No,1.0,Debit Card,2020-02-17,No,2367.0
CUST01449,Navi Mumbai,39.0,Male,34200.0,Prepaid,0.0,163.97,2.97,280.0,23.0,1.0,Yes,4G,Samsung,Premium (>60k),169.89,3.0,No Contract,3.0,Yes,2.0,3.0,4.2,8.5,Yes,0.0,Wallet,2019-05-11,Yes,2649.0
CUST01299,Nashik,39.0,Female,29200.0,Postpaid,28.0,396.22,4.08,603.0,25.0,1.0,No,4G,Vivo,Mid (10k-25k),472.14,1.0,With Contract,2.0,No,0.0,3.0,2.6,0.8,No,3.0,Debit Card,2020-03-09,No,2346.0
CUST00517,Pune,40.0,Male,,Prepaid,4.0,202.87,1.13,415.0,22.0,3.0,Yes,4G,Oppo,Low (<10k),182.3,0.0,With Contract,5.0,No,1.0,5.0,3.0,1.7,No,2.0,Credit Card,2021-11-26,No,1719.0
CUST01121,Amravati,59.0,Male,29300.0,Prepaid,15.0,171.86,10.36,486.0,23.0,0.0,No Complaint Filed,5G,Oppo,Mid (10k-25k),193.13,0.0,No Contract,0.0,No,2.0,4.0,12.8,5.8,No,2.0,UPI,2022-03-16,No,1609.0
CUST00534,Nagpur,51.0,Female,,Prepaid,15.0,248.23,16.61,353.0,29.0,1.0,Yes,4G,Samsung,Low (<10k),317.93,1.0,With Contract,3.0,No,1.0,3.0,5.3,5.0,Yes,0.0,UPI,2019-03-02,Yes,2719.0
CUST00661,Pune,54.0,Female,,Postpaid,28.0,172.27,6.83,594.0,35.0,2.0,Yes,4G,Vivo,Mid (10k-25k),,2.0,With Contract,1.0,No,2.0,2.0,8.6,2.6,No,0.0,Debit Card,2024-06-07,No,795.0
CUST01281,Nashik,58.0,Male,56400.0,Prepaid,10.0,188.71,9.04,,25.0,0.0,No Complaint Filed,5G,,Mid (10k-25k),,0.0,No Contract,2.0,No,3.0,,0.8,3.4,No,1.0,UPI,2019-05-19,No,2641.0
CUST01463,Mumbai,36.0,Male,35000.0,Postpaid,2.0,421.99,3.47,218.0,28.0,0.0,No Complaint Filed,4G,,Low (<10k),481.52,0.0,With Contract,0.0,Yes,4.0,3.0,8.2,3.9,No,1.0,Net Banking,2023-07-27,Yes,1111.0
CUST00549,Nagpur,77.0,Female,54800.0,Prepaid,27.0,301.13,3.02,541.0,28.0,0.0,No Complaint Filed,4G,Samsung,Premium (>60k),322.47,0.0,With Contract,1.0,No,2.0,3.0,11.3,37.1,No,1.0,Credit Card,2020-04-30,No,2294.0
CUST00454,Navi Mumbai,39.0,Male,93900.0,Postpaid,20.0,369.13,4.37,,21.0,2.0,Yes,4G,Apple,Low (<10k),474.08,1.0,With Contract,1.0,Yes,1.0,4.0,4.0,4.0,No,3.0,Cash,2020-10-19,No,2122.0
CUST01233,Mumbai,34.0,Male,25500.0,Prepaid,15.0,150.9,3.7,363.0,19.0,1.0,No,4G,Realme,Low (<10k),189.93,0.0,With Contract,1.0,No,2.0,4.0,12.5,15.8,Yes,1.0,Debit Card,2022-04-05,No,1589.0
CUST00900,Mumbai,72.0,Female,102600.0,Postpaid,13.0,74.72,7.38,,29.0,1.0,Yes,4G,Vivo,Premium (>60k),70.77,0.0,No Contract,2.0,No,0.0,3.0,7.9,4.8,No,1.0,Net Banking,2020-03-06,No,2349.0
CUST00571,Nagpur,41.0,Male,40000.0,Prepaid,30.0,329.78,0.02,425.0,28.0,0.0,No Complaint Filed,,Vivo,High (25k-60k),365.47,1.0,With Contract,2.0,No,2.0,5.0,38.1,4.1,No,2.0,,2022-01-15,No,1669.0
CUST00651,Mumbai,47.0,Male,,Postpaid,0.0,303.07,3.46,506.0,31.0,1.0,Yes,5G,Samsung,High (25k-60k),358.79,2.0,No Contract,0.0,No,0.0,3.0,9.5,1.9,Yes,2.0,Net Banking,2023-02-09,Yes,1279.0
CUST00062,Mumbai,34.0,Male,36400.0,Prepaid,3.0,157.72,11.08,96.0,24.0,1.0,Yes,3G,Realme,Mid (10k-25k),188.29,0.0,No Contract,1.0,No,1.0,3.0,2.6,1.2,No,0.0,Credit Card,2020-11-13,No,2097.0
CUST01043,Pune,68.0,,56000.0,Prepaid,12.0,163.62,5.15,621.0,31.0,1.0,No,5G,Apple,Low (<10k),200.86,1.0,With Contract,1.0,Yes,1.0,2.0,1.3,25.6,No,0.0,UPI,2022-10-16,No,1395.0
CUST00537,Kolhapur,56.0,Male,18000.0,Prepaid,42.0,372.2,4.47,615.0,30.0,2.0,Yes,4G,Realme,Premium (>60k),473.58,1.0,No Contract,1.0,No,1.0,1.0,2.3,2.4,Yes,4.0,,2022-09-04,No,1437.0
CUST01497,Nashik,60.0,Male,,Postpaid,0.0,27.26,1.8,743.0,19.0,1.0,No,4G,Oppo,Mid (10k-25k),22.53,1.0,No Contract,4.0,No,2.0,2.0,3.1,7.7,Yes,2.0,UPI,2021-04-27,Yes,1932.0
CUST01492,Pune,34.0,Male,35500.0,Prepaid,4.0,186.53,0.1,667.0,24.0,2.0,No,4G,Samsung,Low (<10k),149.26,0.0,No Contract,4.0,No,2.0,2.0,3.9,4.2,No,1.0,UPI,2023-01-30,No,1289.0
CUST00245,Mumbai,41.0,Female,,Postpaid,42.0,55.81,1.04,289.0,28.0,3.0,Yes,4G,Apple,Low (<10k),54.93,0.0,No Contract,4.0,No,3.0,5.0,16.5,1.1,Yes,2.0,UPI,2022-12-21,No,1329.0
CUST00026,Chhatrapati Sambhajinagar,32.0,Male,23800.0,Prepaid,96.0,238.57,1.96,224.0,27.0,2.0,No,4G,Samsung,High (25k-60k),281.21,2.0,With Contract,2.0,No,0.0,3.0,1.9,0.0,No,3.0,Wallet,2021-06-11,Yes,1887.0
CUST00223,Mumbai,42.0,Male,31700.0,Prepaid,0.0,286.93,1.91,930.0,22.0,0.0,No Complaint Filed,3G,Samsung,Mid (10k-25k),235.19,1.0,No Contract,2.0,No,2.0,3.0,7.6,0.8,No,1.0,Wallet,2022-04-27,No,1567.0
CUST01498,Pune,85.0,Male,40800.0,Postpaid,0.0,117.13,2.36,687.0,27.0,1.0,Yes,4G,Xiaomi,Mid (10k-25k),137.57,0.0,With Contract,2.0,No,1.0,2.0,8.9,0.6,Yes,0.0,Wallet,2023-08-14,No,1093.0
CUST00106,Mumbai,55.0,Female,,Prepaid,16.0,440.29,1.38,496.0,20.0,0.0,No Complaint Filed,4G,Xiaomi,High (25k-60k),489.3,0.0,No Contract,0.0,No,1.0,1.0,6.7,9.9,No,0.0,UPI,2019-08-17,No,2551.0
CUST00755,Mumbai,47.0,Female,22700.0,Postpaid,1.0,208.41,0.65,723.0,34.0,0.0,No Complaint Filed,4G,Xiaomi,Low (<10k),190.57,0.0,With Contract,4.0,No,0.0,3.0,1.5,3.3,No,1.0,Debit Card,2021-06-03,No,1895.0
CUST00510,,72.0,Female,,Prepaid,4.0,148.34,16.06,638.0,28.0,3.0,Yes,4G,Vivo,Low (<10k),145.07,2.0,No Contract,0.0,No,1.0,4.0,9.6,0.2,No,2.0,Credit Card,2020-11-04,No,2106.0
CUST00132,Mumbai,48.0,Male,,Prepaid,24.0,200.96,3.4,608.0,25.0,1.0,No,4G,Vivo,Mid (10k-25k),173.22,1.0,With Contract,4.0,Yes,2.0,4.0,8.2,5.9,Yes,4.0,Debit Card,2020-04-18,No,2306.0
CUST00445,Solapur,41.0,Male,6400.0,Prepaid,0.0,344.62,,318.0,25.0,1.0,Yes,4G,Oppo,Low (<10k),353.07,2.0,No Contract,0.0,No,1.0,1.0,1.4,6.2,No,0.0,,2019-02-08,Yes,2741.0
CUST00654,Chhatrapati Sambhajinagar,38.0,Female,,Prepaid,13.0,11.0,1.63,707.0,21.0,0.0,No Complaint Filed,4G,OnePlus,Low (<10k),12.07,0.0,With Contract,3.0,No,1.0,5.0,17.6,2.1,No,0.0,Cash,2020-07-11,No,2222.0
CUST00509,Navi Mumbai,37.0,Male,20000.0,Postpaid,11.0,102.01,5.55,632.0,22.0,1.0,Yes,4G,Vivo,High (25k-60k),109.49,0.0,No Contract,1.0,No,2.0,4.0,0.5,12.2,No,0.0,Credit Card,2022-08-11,No,1461.0
CUST00686,Nagpur,58.0,Male,13000.0,Prepaid,2.0,83.82,7.69,563.0,18.0,0.0,No Complaint Filed,4G,Xiaomi,Mid (10k-25k),71.99,3.0,,3.0,No,0.0,,4.0,17.7,Yes,0.0,Net Banking,2021-04-27,No,1932.0
CUST00076,Thane,28.0,Male,36700.0,Prepaid,49.0,98.71,8.05,,23.0,1.0,Yes,4G,Oppo,Mid (10k-25k),97.06,1.0,With Contract,1.0,No,0.0,4.0,2.7,0.7,No,0.0,UPI,2021-05-02,No,1927.0
CUST00037,Pune,57.0,Male,27600.0,Postpaid,2.0,208.78,7.26,511.0,22.0,3.0,Yes,5G,Apple,Mid (10k-25k),198.36,0.0,No Contract,1.0,No,0.0,1.0,1.9,6.2,No,1.0,UPI,2023-08-06,Yes,1101.0
CUST01333,Mumbai,56.0,Male,52600.0,Prepaid,26.0,161.01,8.23,748.0,32.0,1.0,No,4G,Xiaomi,High (25k-60k),171.25,0.0,With Contract,3.0,No,1.0,5.0,11.6,0.3,Yes,0.0,UPI,2019-04-19,No,2671.0
CUST00058,Mumbai,52.0,Female,13700.0,Postpaid,0.0,199.41,11.88,,23.0,3.0,No,3G,Oppo,Low (<10k),207.52,0.0,No Contract,1.0,No,0.0,4.0,0.2,1.7,Yes,0.0,Net Banking,2019-01-07,Yes,2773.0
CUST00197,Thane,44.0,Male,11600.0,Prepaid,11.0,303.57,8.52,271.0,29.0,4.0,No,4G,Realme,Mid (10k-25k),367.4,0.0,No Contract,1.0,No,2.0,,0.8,3.7,Yes,1.0,Debit Card,2019-12-02,No,2444.0
CUST01252,Nagpur,70.0,Female,,Postpaid,22.0,270.1,8.67,324.0,18.0,1.0,Yes,3G,Realme,Low (<10k),280.45,0.0,No Contract,2.0,No,2.0,2.0,1.1,2.3,Yes,0.0,Credit Card,2024-06-02,No,800.0
CUST00719,Mumbai,55.0,Female,19700.0,Postpaid,15.0,321.17,0.35,73.0,32.0,2.0,No,4G,Samsung,Mid (10k-25k),371.88,1.0,No Contract,8.0,No,2.0,2.0,3.4,4.7,Yes,1.0,Debit Card,2022-09-17,Yes,1424.0
CUST01359,Mumbai,46.0,Male,,Prepaid,1.0,273.17,,184.0,26.0,2.0,Yes,4G,OnePlus,Low (<10k),227.24,0.0,With Contract,3.0,No,0.0,1.0,4.4,2.1,No,1.0,Credit Card,2022-05-10,Yes,1554.0
CUST00673,Mumbai,44.0,Male,45000.0,Postpaid,5.0,234.96,0.34,541.0,29.0,1.0,No,4G,Apple,Mid (10k-25k),264.81,1.0,No Contract,3.0,No,1.0,4.0,0.7,3.8,No,0.0,Credit Card,2022-10-22,Yes,1389.0
CUST00478,Nagpur,61.0,Female,39200.0,Prepaid,2.0,269.55,3.99,285.0,32.0,0.0,No Complaint Filed,3G,,Mid (10k-25k),225.82,0.0,With Contract,1.0,No,1.0,5.0,6.9,7.4,No,1.0,UPI,2020-09-26,No,2145.0
CUST00087,Thane,56.0,Female,,Postpaid,23.0,595.86,3.27,306.0,35.0,1.0,Yes,3G,Xiaomi,Low (<10k),769.02,2.0,With Contract,1.0,No,1.0,4.0,0.8,9.8,No,1.0,UPI,2023-11-08,No,1007.0
CUST00562,Mumbai,55.0,Female,25300.0,Prepaid,16.0,93.4,2.31,471.0,17.0,2.0,Yes,3G,Oppo,Premium (>60k),94.4,2.0,No Contract,0.0,No,0.0,4.0,0.0,21.2,No,3.0,Wallet,2022-12-02,No,1348.0
CUST00335,Mumbai,37.0,Female,,Prepaid,46.0,408.05,14.52,332.0,15.0,0.0,No Complaint Filed,4G,Realme,Low (<10k),340.09,0.0,No Contract,0.0,No,2.0,3.0,3.5,2.0,No,2.0,Debit Card,2021-10-30,No,1746.0
CUST01042,Solapur,48.0,Male,32600.0,Prepaid,0.0,129.72,13.35,181.0,21.0,1.0,Yes,4G,Samsung,Premium (>60k),123.21,0.0,With Contract,4.0,No,2.0,4.0,14.0,3.0,No,0.0,UPI,2019-05-16,Yes,2644.0
CUST00829,Thane,32.0,Female,18200.0,Postpaid,10.0,222.32,5.63,944.0,29.0,1.0,Yes,5G,Xiaomi,Low (<10k),210.79,1.0,No Contract,0.0,No,1.0,3.0,15.2,0.0,No,0.0,Cash,2020-02-10,No,2374.0
CUST00916,Pune,23.0,Male,45000.0,Prepaid,39.0,268.95,11.58,430.0,27.0,1.0,No,5G,Vivo,High (25k-60k),306.0,1.0,No Contract,1.0,No,2.0,4.0,2.3,7.6,No,3.0,Credit Card,2021-03-17,No,1973.0
CUST01171,Nashik,,Female,48500.0,Prepaid,11.0,324.18,2.88,382.0,21.0,0.0,No Complaint Filed,4G,Samsung,,,0.0,No Contract,0.0,No,3.0,5.0,21.6,1.1,No,0.0,UPI,2023-11-28,No,987.0
CUST01460,Thane,45.0,Male,21700.0,Postpaid,4.0,157.03,0.55,161.0,28.0,3.0,Yes,5G,Apple,Mid (10k-25k),190.11,2.0,With Contract,2.0,No,0.0,2.0,11.6,1.2,Yes,0.0,Wallet,2023-04-17,Yes,1212.0
CUST00539,Pune,62.0,Male,12000.0,Prepaid,12.0,114.52,0.2,555.0,14.0,1.0,No,5G,Samsung,Mid (10k-25k),97.44,0.0,No Contract,1.0,No,1.0,4.0,7.6,11.0,Yes,0.0,UPI,2019-06-19,No,2610.0
CUST01478,Chhatrapati Sambhajinagar,42.0,Male,29300.0,Postpaid,4.0,340.77,1.13,355.0,24.0,1.0,No,4G,Oppo,Low (<10k),339.37,2.0,No Contract,0.0,No,2.0,5.0,6.1,0.5,Yes,1.0,Debit Card,2023-10-13,No,1033.0
CUST00692,Pune,45.0,Other,27600.0,Prepaid,0.0,233.38,6.97,631.0,22.0,3.0,Yes,4G,Apple,Mid (10k-25k),226.24,2.0,No Contract,6.0,No,2.0,4.0,3.2,8.4,No,3.0,Credit Card,2022-07-24,No,1479.0
CUST00419,Thane,34.0,Female,,Prepaid,22.0,266.52,11.83,386.0,25.0,4.0,No,4G,Oppo,Premium (>60k),225.03,1.0,No Contract,2.0,No,1.0,4.0,16.1,5.0,No,2.0,Debit Card,2020-12-21,Yes,2059.0
CUST00962,Nashik,50.0,Female,,Prepaid,16.0,207.91,0.1,443.0,26.0,1.0,No,5G,Apple,Low (<10k),194.08,1.0,No Contract,1.0,No,3.0,2.0,2.3,7.3,No,2.0,Net Banking,2022-03-06,No,1619.0
CUST01414,Mumbai,56.0,Male,,Prepaid,9.0,277.92,0.64,696.0,35.0,1.0,No,4G,Xiaomi,High (25k-60k),361.08,1.0,With Contract,2.0,No,0.0,3.0,10.9,1.0,Yes,0.0,Debit Card,2022-09-07,No,1434.0
CUST01275,Nagpur,27.0,Female,52100.0,Prepaid,8.0,101.86,20.06,292.0,27.0,2.0,No,4G,Realme,Low (<10k),102.23,2.0,No Contract,3.0,No,2.0,4.0,0.5,4.9,Yes,0.0,,2019-08-02,No,2566.0
CUST00574,Nashik,47.0,Female,28400.0,Prepaid,22.0,98.34,5.88,239.0,27.0,0.0,No Complaint Filed,4G,Vivo,Low (<10k),118.12,1.0,No Contract,2.0,No,3.0,3.0,3.1,11.1,No,2.0,Wallet,2022-05-12,No,1552.0
CUST01243,Chhatrapati Sambhajinagar,52.0,Male,46700.0,Prepaid,0.0,35.51,0.7,725.0,28.0,1.0,Yes,4G,OnePlus,Low (<10k),42.42,0.0,With Contract,3.0,No,9.0,2.0,0.0,0.1,No,0.0,UPI,2019-10-01,No,2506.0
CUST01282,Thane,60.0,Female,26800.0,Postpaid,18.0,64.16,0.43,399.0,23.0,2.0,No,5G,Samsung,Low (<10k),69.88,2.0,With Contract,4.0,No,0.0,5.0,10.4,2.6,No,1.0,UPI,2022-12-05,No,1345.0
CUST00333,Mumbai,69.0,Female,13900.0,Postpaid,0.0,259.57,1.86,410.0,23.0,2.0,No,4G,Samsung,Low (<10k),228.97,2.0,No Contract,3.0,No,1.0,4.0,14.1,3.3,No,0.0,Debit Card,2024-01-18,No,936.0
CUST01152,,26.0,Male,14100.0,Prepaid,34.0,492.57,,574.0,20.0,3.0,No,5G,Samsung,Mid (10k-25k),561.56,2.0,No Contract,3.0,No,1.0,,26.8,3.4,No,3.0,Debit Card,2021-01-04,No,2045.0
CUST00575,Kolhapur,47.0,,19800.0,Prepaid,5.0,89.26,6.82,483.0,29.0,1.0,Yes,4G,Apple,Mid (10k-25k),92.71,1.0,With Contract,1.0,No,2.0,3.0,2.2,1.0,Yes,0.0,UPI,2023-08-18,Yes,1089.0
CUST01297,Mumbai,41.0,Male,40700.0,Postpaid,23.0,108.37,12.71,,26.0,0.0,No Complaint Filed,4G,Xiaomi,Low (<10k),128.82,1.0,No Contract,3.0,No,1.0,5.0,2.7,1.5,No,0.0,Wallet,2020-10-27,No,2114.0
CUST01106,Mumbai,48.0,Female,23600.0,Prepaid,39.0,301.06,1.5,564.0,20.0,1.0,Yes,4G,Samsung,Low (<10k),376.42,1.0,With Contract,1.0,No,0.0,1.0,3.3,6.8,No,0.0,Debit Card,2022-11-24,Yes,1356.0
CUST01365,Thane,48.0,Female,36800.0,Prepaid,51.0,84.04,5.63,284.0,28.0,1.0,No,5G,Vivo,Mid (10k-25k),85.54,1.0,No Contract,0.0,No,4.0,4.0,3.4,13.9,Yes,3.0,Debit Card,2022-03-31,No,1594.0
CUST01378,Nagpur,,Male,65200.0,Prepaid,83.0,46.4,,634.0,25.0,0.0,No Complaint Filed,4G,Vivo,Low (<10k),41.43,0.0,No Contract,3.0,No,0.0,2.0,0.9,4.0,Yes,1.0,UPI,2020-03-04,Yes,2351.0
CUST00948,Navi Mumbai,36.0,Male,27600.0,Prepaid,18.0,458.13,9.06,,27.0,0.0,No Complaint Filed,4G,Samsung,Mid (10k-25k),443.11,1.0,With Contract,3.0,No,2.0,3.0,13.0,2.7,No,2.0,UPI,2019-12-30,No,2416.0
CUST01184,Navi Mumbai,30.0,Male,,Prepaid,17.0,275.63,12.25,295.0,28.0,0.0,No Complaint Filed,2G,Xiaomi,Low (<10k),343.85,0.0,No Contract,3.0,Yes,0.0,5.0,8.2,13.1,Yes,1.0,Credit Card,2020-01-06,No,2409.0
CUST00009,Nashik,40.0,Female,52700.0,Prepaid,16.0,244.74,2.06,294.0,20.0,1.0,No,4G,OnePlus,Mid (10k-25k),220.21,1.0,No Contract,4.0,No,1.0,3.0,3.1,10.1,Yes,2.0,Wallet,2020-07-14,No,2219.0
CUST01180,Nagpur,60.0,Female,61200.0,Prepaid,0.0,120.43,,656.0,33.0,0.0,No Complaint Filed,3G,Realme,High (25k-60k),124.11,0.0,No Contract,3.0,No,0.0,2.0,17.0,11.9,Yes,3.0,Credit Card,2021-12-22,No,1693.0
CUST01300,Thane,38.0,Male,26200.0,Prepaid,13.0,552.87,2.97,441.0,16.0,0.0,No Complaint Filed,5G,OnePlus,Premium (>60k),529.9,1.0,No Contract,4.0,No,1.0,2.0,4.7,7.4,No,1.0,,2020-12-12,Yes,2068.0
CUST01196,Amravati,59.0,Female,48100.0,Prepaid,6.0,37.15,5.09,557.0,24.0,3.0,No,4G,Realme,Low (<10k),43.51,0.0,With Contract,1.0,No,1.0,2.0,15.3,16.5,No,2.0,UPI,2021-01-16,No,2033.0
CUST00305,Thane,43.0,Male,22100.0,Postpaid,21.0,135.18,1.24,334.0,25.0,0.0,No Complaint Filed,4G,Apple,Mid (10k-25k),,1.0,With Contract,2.0,No,2.0,1.0,1.9,8.5,Yes,0.0,Cash,2021-07-24,No,1844.0
CUST01140,Nashik,57.0,Female,45500.0,Postpaid,47.0,168.26,1.14,,28.0,0.0,No Complaint Filed,4G,Samsung,High (25k-60k),214.83,2.0,With Contract,5.0,No,1.0,2.0,26.1,2.1,No,2.0,Cash,2021-07-13,No,1855.0
CUST01280,Nagpur,45.0,Male,25200.0,Prepaid,14.0,85.34,0.48,328.0,28.0,0.0,No Complaint Filed,4G,OnePlus,Premium (>60k),106.53,0.0,No Contract,1.0,No,1.0,1.0,5.2,8.8,No,0.0,Net Banking,2024-03-13,No,881.0
CUST00075,Thane,49.0,Male,24800.0,Postpaid,8.0,150.3,2.91,284.0,29.0,1.0,Yes,4G,Xiaomi,High (25k-60k),179.64,0.0,With Contract,1.0,No,0.0,2.0,8.3,5.2,Yes,0.0,Wallet,2021-05-26,No,1903.0
CUST00864,Pune,65.0,Female,50800.0,Prepaid,4.0,147.58,0.7,520.0,22.0,2.0,Yes,4G,Samsung,Mid (10k-25k),128.16,2.0,No Contract,2.0,No,1.0,4.0,3.2,16.9,No,0.0,Net Banking,2019-09-17,No,2520.0
CUST00523,Sangli,37.0,Male,18500.0,Prepaid,22.0,75.37,9.16,380.0,23.0,0.0,No Complaint Filed,5G,Xiaomi,,67.42,2.0,No Contract,1.0,No,2.0,2.0,,2.5,No,0.0,Debit Card,2020-01-03,No,2412.0
CUST00570,Pune,67.0,Male,27500.0,Prepaid,12.0,113.55,3.6,649.0,32.0,0.0,No Complaint Filed,4G,Xiaomi,Low (<10k),112.23,0.0,With Contract,0.0,No,0.0,1.0,5.0,6.4,No,1.0,UPI,2019-01-27,No,2753.0
CUST00591,Mumbai,55.0,Male,17300.0,Prepaid,12.0,344.41,3.77,197.0,25.0,0.0,No Complaint Filed,4G,Oppo,Mid (10k-25k),363.21,0.0,With Contract,3.0,No,0.0,4.0,5.8,5.1,No,0.0,Wallet,2022-12-04,No,1346.0
CUST00089,Amravati,47.0,Female,29400.0,Postpaid,22.0,152.49,3.45,639.0,27.0,1.0,Yes,3G,Samsung,High (25k-60k),169.63,1.0,No Contract,3.0,No,0.0,4.0,0.5,7.0,Yes,3.0,Cash,2021-09-12,No,1794.0
CUST00740,Pune,62.0,Male,40900.0,Postpaid,36.0,227.57,6.37,720.0,20.0,0.0,No Complaint Filed,4G,Xiaomi,High (25k-60k),233.19,1.0,With Contract,0.0,No,0.0,2.0,1.0,7.1,Yes,1.0,Credit Card,2024-03-14,Yes,880.0
CUST00218,Chhatrapati Sambhajinagar,52.0,,17300.0,Prepaid,2.0,141.37,11.33,884.0,28.0,0.0,No Complaint Filed,4G,Xiaomi,High (25k-60k),179.9,2.0,No Contract,3.0,No,3.0,4.0,2.4,0.9,Yes,3.0,UPI,2022-06-30,No,1503.0
CUST01035,Mumbai,28.0,Male,74900.0,Postpaid,36.0,194.44,3.61,510.0,31.0,4.0,Yes,4G,Samsung,Mid (10k-25k),163.98,1.0,With Contract,0.0,Yes,1.0,3.0,3.7,3.8,Yes,0.0,Cash,2024-01-05,Yes,949.0
CUST00174,Mumbai,34.0,Male,34200.0,Prepaid,16.0,82.06,4.08,,18.0,2.0,No,4G,Apple,High (25k-60k),104.76,0.0,No Contract,1.0,No,0.0,5.0,0.2,4.1,Yes,2.0,Wallet,2022-10-04,No,1407.0
CUST01392,Mumbai,26.0,Female,5600.0,Postpaid,50.0,128.08,6.23,595.0,25.0,1.0,Yes,4G,Vivo,High (25k-60k),163.78,1.0,No Contract,1.0,No,1.0,2.0,3.3,3.5,Yes,2.0,Wallet,2024-01-30,No,924.0
CUST00222,Nagpur,47.0,Male,16900.0,Postpaid,20.0,226.39,7.0,786.0,23.0,3.0,No,4G,Vivo,Mid (10k-25k),193.52,0.0,No Contract,1.0,No,2.0,4.0,0.1,0.7,No,0.0,Net Banking,2020-09-25,No,2146.0
CUST00320,Mumbai,64.0,Female,22800.0,Prepaid,33.0,556.57,13.49,576.0,28.0,2.0,Yes,4G,Samsung,Mid (10k-25k),477.86,3.0,No Contract,2.0,No,3.0,3.0,3.1,4.2,Yes,2.0,UPI,2023-01-25,Yes,1294.0
CUST01318,Thane,85.0,Male,10600.0,Prepaid,23.0,301.56,12.92,387.0,18.0,1.0,Yes,4G,Apple,Low (<10k),259.16,0.0,No Contract,0.0,No,1.0,3.0,8.9,9.3,No,1.0,Credit Card,2019-05-03,No,2657.0
CUST01354,Thane,53.0,Other,18100.0,Prepaid,7.0,191.42,4.9,362.0,19.0,1.0,Yes,4G,Oppo,Low (<10k),203.46,1.0,With Contract,3.0,No,2.0,5.0,2.0,3.7,No,4.0,Credit Card,2019-04-01,No,2689.0
CUST00807,Navi Mumbai,56.0,,155800.0,Prepaid,8.0,144.31,1.84,526.0,32.0,2.0,No,4G,Samsung,Mid (10k-25k),172.22,0.0,No Contract,1.0,No,2.0,,,7.7,No,0.0,UPI,2020-05-17,No,2277.0
CUST00267,Thane,84.0,Male,,Prepaid,73.0,75.46,0.63,704.0,32.0,0.0,No Complaint Filed,4G,Oppo,Low (<10k),88.05,1.0,No Contract,0.0,Yes,0.0,4.0,7.3,2.6,No,2.0,UPI,2021-10-12,No,1764.0
CUST00007,Mumbai,36.0,Female,7700.0,Prepaid,56.0,554.91,0.44,688.0,28.0,1.0,Yes,4G,OnePlus,Mid (10k-25k),711.06,0.0,With Contract,1.0,No,0.0,2.0,0.9,5.7,Yes,1.0,Credit Card,2021-10-09,No,1767.0
CUST00792,Nashik,46.0,Male,25000.0,Prepaid,11.0,281.58,0.19,525.0,25.0,1.0,No,4G,Vivo,Low (<10k),234.79,1.0,With Contract,1.0,No,1.0,2.0,11.3,7.2,Yes,0.0,Wallet,2023-11-15,No,1000.0
CUST00139,Pune,28.0,Female,25000.0,Postpaid,7.0,173.19,8.91,,28.0,2.0,No,4G,Samsung,Low (<10k),150.61,0.0,No Contract,2.0,No,3.0,2.0,18.7,1.7,No,1.0,Credit Card,2019-09-26,No,2511.0
CUST00164,Nagpur,32.0,Female,42700.0,Prepaid,67.0,54.44,8.79,380.0,18.0,2.0,Yes,5G,Realme,Mid (10k-25k),54.12,1.0,No Contract,3.0,No,0.0,1.0,24.6,0.0,Yes,1.0,Credit Card,2022-12-02,Yes,1348.0
CUST01246,Nashik,69.0,Male,18600.0,Postpaid,29.0,437.61,11.93,338.0,35.0,1.0,No,2G,Samsung,Premium (>60k),389.22,1.0,With Contract,0.0,Yes,0.0,4.0,4.8,4.3,No,0.0,UPI,2022-11-16,No,1364.0
CUST00595,Amravati,56.0,Male,16800.0,Postpaid,3.0,114.81,2.07,637.0,26.0,2.0,No,5G,Oppo,Low (<10k),148.43,0.0,With Contract,0.0,No,5.0,3.0,4.3,5.9,No,2.0,Net Banking,2023-11-16,No,999.0
CUST01428,Navi Mumbai,71.0,Female,20100.0,Postpaid,12.0,285.11,17.44,640.0,23.0,0.0,No Complaint Filed,5G,Samsung,Low (<10k),291.36,0.0,No Contract,5.0,No,0.0,3.0,8.5,0.9,No,0.0,Wallet,2024-04-24,No,839.0
CUST01336,Thane,38.0,Other,52000.0,Prepaid,26.0,275.39,0.35,352.0,27.0,0.0,No Complaint Filed,4G,Xiaomi,Low (<10k),265.24,1.0,No Contract,1.0,No,1.0,3.0,3.4,5.4,No,3.0,Net Banking,2023-01-05,No,1314.0
CUST01143,Thane,24.0,Male,9500.0,Prepaid,3.0,177.83,3.44,472.0,30.0,1.0,No,4G,Samsung,High (25k-60k),154.9,2.0,No Contract,2.0,No,4.0,4.0,4.0,9.0,No,1.0,UPI,2021-07-30,No,1838.0
CUST01438,Thane,46.0,Female,,Postpaid,26.0,457.52,4.86,735.0,26.0,2.0,Yes,4G,Vivo,High (25k-60k),475.53,0.0,With Contract,2.0,Yes,1.0,2.0,5.1,9.4,No,0.0,Credit Card,2021-04-18,No,1941.0
CUST00524,Kolhapur,54.0,Male,42100.0,Prepaid,15.0,260.53,8.23,0.0,24.0,0.0,No Complaint Filed,4G,Apple,Mid (10k-25k),253.81,3.0,With Contract,2.0,No,1.0,2.0,0.5,4.0,Yes,1.0,Cash,2021-11-12,No,1733.0
CUST00861,Chhatrapati Sambhajinagar,44.0,Male,,Prepaid,21.0,213.51,1.68,,27.0,1.0,Yes,4G,Xiaomi,High (25k-60k),246.53,1.0,With Contract,6.0,No,1.0,5.0,15.4,4.3,Yes,1.0,Debit Card,2020-04-20,No,2304.0
CUST00821,Solapur,32.0,Other,56700.0,Postpaid,4.0,365.29,56.97,542.0,20.0,1.0,No,4G,Samsung,Low (<10k),343.46,0.0,With Contract,1.0,No,2.0,4.0,2.5,4.8,Yes,2.0,Net Banking,2020-07-01,No,2232.0
CUST00579,Nagpur,43.0,Female,34000.0,Postpaid,2.0,149.81,11.07,325.0,28.0,2.0,No,4G,Apple,Mid (10k-25k),193.45,0.0,No Contract,0.0,No,1.0,5.0,,1.9,Yes,2.0,Wallet,2019-05-10,No,2650.0
CUST00772,Kolhapur,41.0,Female,63900.0,Prepaid,31.0,80.54,3.62,477.0,36.0,0.0,No Complaint Filed,4G,Xiaomi,High (25k-60k),78.06,0.0,With Contract,5.0,No,0.0,1.0,1.7,2.9,Yes,2.0,Credit Card,2019-02-14,No,2735.0
CUST00020,Pune,48.0,Male,20900.0,Prepaid,13.0,297.39,2.7,159.0,32.0,1.0,No,4G,Vivo,Low (<10k),373.47,0.0,No Contract,2.0,No,3.0,2.0,1.0,1.9,No,1.0,Net Banking,2020-12-07,No,2073.0
CUST00700,Nagpur,60.0,Female,28500.0,Postpaid,12.0,297.81,0.16,,36.0,0.0,No Complaint Filed,4G,Vivo,Low (<10k),286.07,0.0,,0.0,No,2.0,3.0,21.8,2.6,Yes,0.0,UPI,2019-04-28,No,2662.0
CUST00634,Nagpur,49.0,Female,146500.0,Prepaid,25.0,470.32,,251.0,27.0,0.0,No Complaint Filed,4G,Realme,High (25k-60k),528.32,0.0,No Contract,1.0,No,0.0,1.0,1.9,2.0,No,1.0,Cash,2023-08-12,No,1095.0
CUST01450,Thane,,Male,59400.0,Postpaid,8.0,280.66,6.7,394.0,15.0,0.0,No Complaint Filed,4G,Vivo,Mid (10k-25k),237.77,2.0,No Contract,1.0,No,0.0,5.0,1.8,2.4,Yes,0.0,Net Banking,2019-03-15,No,2706.0
CUST00619,Solapur,64.0,Male,,Postpaid,7.0,337.42,0.99,589.0,25.0,0.0,No Complaint Filed,5G,OnePlus,Low (<10k),426.2,1.0,No Contract,2.0,No,2.0,4.0,6.2,7.3,Yes,2.0,Credit Card,2024-03-26,No,868.0
CUST01170,Pune,82.0,Male,18100.0,Prepaid,24.0,128.62,4.01,239.0,24.0,1.0,No,3G,,High (25k-60k),159.75,1.0,No Contract,1.0,No,0.0,3.0,2.7,0.5,Yes,3.0,UPI,2021-10-06,No,1770.0
CUST00656,Mumbai,74.0,Male,36800.0,Prepaid,43.0,87.41,4.17,409.0,27.0,1.0,Yes,4G,Samsung,Mid (10k-25k),87.35,1.0,With Contract,2.0,No,1.0,1.0,3.4,13.1,Yes,4.0,,2021-04-22,No,1937.0
CUST01494,Mumbai,49.0,Female,57100.0,Prepaid,3.0,356.95,1.31,346.0,38.0,2.0,No,5G,Xiaomi,Mid (10k-25k),339.42,0.0,No Contract,2.0,No,2.0,4.0,,7.7,No,4.0,UPI,2020-11-08,Yes,2102.0
CUST01330,Nagpur,38.0,Male,20800.0,Prepaid,41.0,134.37,2.87,830.0,25.0,2.0,Yes,2G,Apple,Low (<10k),169.27,0.0,No Contract,1.0,Yes,3.0,5.0,13.0,1.1,Yes,2.0,UPI,2022-12-26,No,1324.0
CUST00138,Thane,52.0,Male,8900.0,Postpaid,5.0,147.93,17.24,436.0,18.0,1.0,No,4G,Vivo,Mid (10k-25k),185.82,1.0,No Contract,2.0,No,1.0,5.0,1.9,29.8,No,1.0,Cash,2021-08-05,Yes,1832.0
CUST00558,Mumbai,29.0,Female,22800.0,Postpaid,8.0,41.37,8.69,254.0,26.0,1.0,Yes,4G,Realme,High (25k-60k),48.97,0.0,With Contract,0.0,No,1.0,4.0,16.1,1.1,No,1.0,UPI,2019-06-15,No,2614.0
CUST01419,Pune,35.0,Female,17700.0,Postpaid,21.0,372.14,0.84,,16.0,1.0,Yes,4G,Vivo,Mid (10k-25k),403.32,2.0,With Contract,2.0,No,0.0,4.0,3.1,3.5,Yes,1.0,UPI,2024-04-17,No,846.0
CUST01353,Pune,69.0,Male,10400.0,Postpaid,5.0,265.56,22.34,478.0,27.0,1.0,No,5G,,Low (<10k),216.13,0.0,No Contract,0.0,No,0.0,3.0,3.2,0.5,Yes,0.0,UPI,2020-12-06,No,2074.0
CUST00869,Kolhapur,52.0,Male,73300.0,Prepaid,37.0,353.04,4.71,610.0,21.0,2.0,Yes,3G,Vivo,Low (<10k),357.06,0.0,With Contract,4.0,No,2.0,3.0,5.7,4.2,No,0.0,,2024-01-25,No,929.0
CUST01230,Pune,61.0,Female,36200.0,Postpaid,5.0,155.07,8.22,504.0,31.0,3.0,No,3G,Apple,Mid (10k-25k),155.51,0.0,No Contract,1.0,No,1.0,3.0,17.4,1.4,No,0.0,UPI,2021-11-16,No,1729.0
CUST00369,Mumbai,31.0,Male,23800.0,Prepaid,25.0,412.41,0.29,476.0,18.0,1.0,No,4G,Xiaomi,Mid (10k-25k),493.04,1.0,With Contract,1.0,No,3.0,3.0,12.5,9.0,Yes,1.0,Debit Card,2024-04-20,No,843.0
CUST00780,Thane,38.0,Male,22900.0,Postpaid,40.0,54.71,6.48,598.0,22.0,0.0,No Complaint Filed,4G,Samsung,Low (<10k),55.76,0.0,No Contract,2.0,No,1.0,,8.8,11.8,No,0.0,UPI,2022-12-04,No,1346.0
CUST00328,Nashik,46.0,Male,,Postpaid,0.0,169.6,1.92,680.0,24.0,1.0,No,4G,OnePlus,Premium (>60k),175.59,2.0,With Contract,0.0,No,4.0,5.0,16.4,3.3,No,0.0,Debit Card,2023-10-06,No,1040.0
CUST00318,Mumbai,42.0,Male,15600.0,Postpaid,30.0,161.63,10.53,377.0,25.0,0.0,No Complaint Filed,4G,Oppo,Low (<10k),151.64,1.0,No Contract,3.0,No,2.0,4.0,2.2,10.3,No,0.0,Debit Card,2019-03-05,No,2716.0
CUST01150,Kolhapur,38.0,Female,57900.0,Prepaid,21.0,344.51,6.82,169.0,27.0,4.0,No,4G,Samsung,Mid (10k-25k),439.96,1.0,No Contract,2.0,No,0.0,3.0,2.7,3.9,No,1.0,UPI,2021-11-20,Yes,1725.0
CUST01115,Nashik,69.0,Male,41600.0,Postpaid,7.0,213.23,,761.0,35.0,0.0,No Complaint Filed,4G,,Low (<10k),205.43,0.0,No Contract,2.0,No,2.0,1.0,1.8,7.9,Yes,1.0,Wallet,2022-06-02,No,1531.0
CUST00529,Mumbai,48.0,Male,31700.0,Prepaid,5.0,177.48,6.2,493.0,28.0,0.0,No Complaint Filed,5G,Vivo,High (25k-60k),168.81,2.0,No Contract,3.0,No,2.0,3.0,1.4,2.1,No,0.0,UPI,2022-04-04,Yes,1590.0
CUST00527,Pune,66.0,Male,51700.0,Prepaid,3.0,412.32,1.55,405.0,23.0,1.0,No,4G,,Mid (10k-25k),361.93,1.0,,1.0,No,1.0,4.0,4.5,5.9,Yes,0.0,UPI,2021-01-05,Yes,2044.0
CUST00088,Nashik,57.0,Female,26700.0,Postpaid,1.0,302.72,13.23,325.0,22.0,1.0,Yes,3G,Xiaomi,Low (<10k),342.1,2.0,With Contract,4.0,No,2.0,1.0,16.1,7.0,No,0.0,Wallet,2019-05-20,Yes,2640.0
CUST00480,Nagpur,36.0,,10900.0,Postpaid,1.0,67.75,6.31,,23.0,1.0,No,4G,OnePlus,High (25k-60k),62.59,0.0,No Contract,4.0,No,2.0,3.0,0.1,4.6,No,4.0,Debit Card,2019-07-19,Yes,2580.0
CUST00339,Pune,41.0,Male,,Prepaid,27.0,157.71,0.17,,29.0,4.0,No,5G,Xiaomi,Low (<10k),179.76,1.0,With Contract,4.0,No,4.0,4.0,2.8,5.0,No,0.0,UPI,2023-06-26,No,1142.0
CUST00761,Mumbai,38.0,Male,32100.0,Prepaid,47.0,230.33,15.15,632.0,19.0,1.0,No,4G,Realme,High (25k-60k),232.75,2.0,No Contract,2.0,No,3.0,,1.0,31.8,Yes,2.0,UPI,2021-03-06,Yes,1984.0
CUST00658,Pune,53.0,Male,17200.0,Postpaid,8.0,160.95,3.89,497.0,26.0,4.0,No,4G,Apple,Low (<10k),160.91,0.0,With Contract,1.0,No,2.0,5.0,5.2,2.4,Yes,0.0,UPI,2023-04-24,No,1205.0
CUST00149,Mumbai,55.0,Male,15500.0,Postpaid,24.0,508.99,,710.0,24.0,1.0,Yes,4G,Samsung,Low (<10k),657.91,0.0,No Contract,1.0,No,2.0,4.0,11.1,3.3,No,3.0,Credit Card,2022-12-09,No,1341.0
CUST01224,Navi Mumbai,63.0,Female,32400.0,Prepaid,0.0,92.47,,261.0,25.0,1.0,Yes,4G,Xiaomi,Low (<10k),88.01,0.0,No Contract,2.0,No,2.0,3.0,0.5,5.2,No,4.0,UPI,2019-12-19,No,2427.0
CUST01397,Pune,51.0,Female,12000.0,Prepaid,41.0,178.96,30.76,357.0,17.0,3.0,Yes,4G,Oppo,High (25k-60k),150.22,2.0,No Contract,1.0,No,0.0,5.0,16.3,1.3,No,0.0,Credit Card,2022-11-02,No,1378.0
CUST00029,Nashik,41.0,Male,26600.0,Prepaid,39.0,438.42,4.25,496.0,19.0,3.0,Yes,3G,Oppo,Mid (10k-25k),512.39,3.0,No Contract,3.0,No,3.0,2.0,0.7,8.9,Yes,2.0,Debit Card,2023-09-03,Yes,1073.0
CUST00247,Pune,38.0,Male,13000.0,Prepaid,13.0,126.83,7.57,360.0,29.0,1.0,No,4G,Vivo,Low (<10k),130.72,1.0,With Contract,1.0,No,3.0,4.0,2.9,3.4,Yes,1.0,UPI,2021-03-09,No,1981.0
CUST00366,Pune,71.0,Male,27000.0,Prepaid,4.0,282.54,4.08,701.0,35.0,6.0,Yes,4G,Xiaomi,High (25k-60k),293.31,1.0,With Contract,4.0,No,1.0,,3.4,2.2,No,2.0,Net Banking,2021-10-07,Yes,1769.0
CUST01006,Thane,,Male,21000.0,Prepaid,32.0,258.24,3.6,677.0,23.0,4.0,No,4G,Oppo,Mid (10k-25k),329.58,1.0,No Contract,4.0,No,1.0,4.0,10.4,7.1,Yes,0.0,Wallet,2023-05-25,No,1174.0
CUST01144,Nagpur,52.0,Female,86800.0,Postpaid,26.0,109.14,1.92,672.0,24.0,2.0,Yes,4G,Xiaomi,Premium (>60k),134.36,1.0,No Contract,3.0,No,2.0,4.0,0.4,2.9,No,0.0,Cash,2023-11-28,No,987.0
CUST01485,Pune,50.0,Female,52700.0,Prepaid,14.0,154.39,,717.0,25.0,0.0,No Complaint Filed,,Samsung,Low (<10k),127.31,0.0,No Contract,2.0,No,0.0,,8.6,5.9,No,0.0,Credit Card,2022-10-20,No,1391.0
CUST00199,Amravati,56.0,Male,30000.0,Prepaid,0.0,251.65,1.17,798.0,27.0,2.0,No,5G,Xiaomi,Mid (10k-25k),284.62,3.0,No Contract,0.0,No,0.0,3.0,3.4,4.6,Yes,1.0,Credit Card,2020-04-06,Yes,2318.0
CUST00908,Pune,27.0,Male,54200.0,Prepaid,0.0,326.2,3.4,439.0,32.0,2.0,Yes,4G,Samsung,Mid (10k-25k),296.04,2.0,No Contract,1.0,No,1.0,4.0,4.3,1.2,Yes,3.0,UPI,2022-11-11,No,1369.0
CUST01364,Nashik,56.0,Female,36400.0,Postpaid,22.0,122.01,5.52,425.0,24.0,0.0,No Complaint Filed,5G,,High (25k-60k),132.84,0.0,No Contract,3.0,No,1.0,4.0,1.5,1.0,No,0.0,Debit Card,2020-09-29,No,2142.0
CUST00405,Pune,46.0,Male,42300.0,Postpaid,2.0,213.46,3.42,709.0,30.0,0.0,No Complaint Filed,4G,,Low (<10k),274.21,1.0,No Contract,1.0,No,0.0,3.0,3.3,7.1,No,0.0,Wallet,2020-11-12,No,2098.0
CUST01500,Kolhapur,40.0,Female,14600.0,Postpaid,2.0,141.4,14.34,508.0,36.0,1.0,No,4G,Oppo,Mid (10k-25k),130.99,0.0,No Contract,3.0,No,3.0,4.0,11.6,5.5,Yes,0.0,UPI,2021-06-21,Yes,1877.0
CUST00484,Nashik,27.0,Female,18600.0,Prepaid,0.0,169.09,11.3,706.0,19.0,0.0,No Complaint Filed,4G,Oppo,Low (<10k),142.76,1.0,With Contract,3.0,No,2.0,3.0,3.3,14.8,Yes,0.0,Cash,2023-03-24,Yes,1236.0
CUST00159,Mumbai,36.0,Female,16200.0,Prepaid,22.0,402.49,13.19,128.0,24.0,0.0,No Complaint Filed,4G,Oppo,Mid (10k-25k),510.33,0.0,No Contract,2.0,No,5.0,3.0,18.3,0.8,No,0.0,Credit Card,2022-12-18,Yes,1332.0
CUST00316,Thane,52.0,,46000.0,Postpaid,22.0,410.33,0.05,680.0,27.0,1.0,Yes,4G,Oppo,Low (<10k),350.93,2.0,No Contract,2.0,No,0.0,1.0,21.0,6.4,No,0.0,Debit Card,2021-09-21,No,1785.0
CUST00257,Navi Mumbai,62.0,Male,28200.0,Prepaid,2.0,179.57,3.83,503.0,21.0,2.0,Yes,4G,Vivo,Low (<10k),199.25,1.0,With Contract,1.0,No,4.0,3.0,11.1,1.6,Yes,0.0,UPI,2024-05-19,No,814.0
CUST00008,Kolhapur,33.0,Female,26500.0,Prepaid,21.0,176.37,4.89,801.0,20.0,0.0,No Complaint Filed,5G,Samsung,Mid (10k-25k),142.9,2.0,With Contract,2.0,No,2.0,2.0,3.6,6.2,Yes,0.0,Credit Card,2019-02-05,No,2744.0
CUST01200,Mumbai,41.0,Male,33400.0,Postpaid,37.0,148.56,7.58,,22.0,1.0,No,3G,Xiaomi,High (25k-60k),131.6,1.0,No Contract,2.0,No,4.0,,4.1,2.3,Yes,2.0,UPI,2020-05-21,No,2273.0
CUST00385,Thane,68.0,Male,24200.0,Prepaid,0.0,220.14,8.94,333.0,34.0,2.0,Yes,4G,Vivo,Low (<10k),243.28,1.0,No Contract,2.0,No,2.0,2.0,5.1,7.2,Yes,4.0,Debit Card,2020-06-28,Yes,2235.0
CUST00178,Pune,27.0,Female,19800.0,Postpaid,14.0,106.48,4.91,653.0,19.0,1.0,No,4G,Apple,Mid (10k-25k),134.13,0.0,With Contract,0.0,No,2.0,1.0,2.2,1.2,Yes,1.0,UPI,2019-10-15,No,2492.0
CUST00758,Nagpur,56.0,Female,23000.0,Prepaid,21.0,323.36,9.8,461.0,24.0,2.0,Yes,3G,Samsung,Low (<10k),378.51,0.0,,0.0,No,1.0,4.0,0.0,8.7,Yes,3.0,Credit Card,2019-04-30,No,2660.0
CUST00315,Kolhapur,47.0,Male,19500.0,Prepaid,39.0,251.75,14.02,141.0,27.0,1.0,Yes,4G,Xiaomi,Low (<10k),296.5,1.0,With Contract,3.0,No,0.0,3.0,19.0,0.4,No,2.0,Cash,2023-04-16,No,1213.0
CUST00358,Nashik,46.0,Female,41800.0,Postpaid,2.0,129.71,6.85,742.0,27.0,1.0,No,4G,Xiaomi,Mid (10k-25k),139.03,0.0,No Contract,1.0,Yes,4.0,3.0,6.0,4.1,Yes,0.0,UPI,2021-10-15,No,1761.0
CUST00299,Nashik,27.0,Male,21800.0,Postpaid,5.0,275.11,2.17,427.0,23.0,0.0,No Complaint Filed,4G,Realme,Low (<10k),261.39,1.0,No Contract,0.0,No,1.0,2.0,6.4,1.6,No,0.0,Net Banking,2022-06-27,No,1506.0
CUST00456,Nagpur,56.0,Male,12500.0,Prepaid,51.0,130.72,8.51,150.0,17.0,1.0,No,4G,,Mid (10k-25k),110.7,1.0,No Contract,2.0,No,3.0,4.0,8.4,3.1,Yes,2.0,UPI,2019-06-17,No,2612.0
CUST00544,Thane,,Male,34000.0,Prepaid,21.0,226.63,3.0,786.0,27.0,2.0,Yes,5G,Realme,Premium (>60k),,1.0,With Contract,1.0,Yes,2.0,3.0,,6.2,No,4.0,Net Banking,2020-11-27,No,2083.0
CUST00663,Nashik,28.0,Male,27900.0,Prepaid,15.0,226.53,1.11,627.0,21.0,1.0,No,4G,Samsung,Premium (>60k),224.23,4.0,,3.0,No,0.0,1.0,3.5,0.8,No,0.0,UPI,2024-01-10,No,944.0
CUST00597,Thane,85.0,Female,94000.0,Postpaid,64.0,436.58,15.17,705.0,31.0,0.0,No Complaint Filed,4G,Vivo,Mid (10k-25k),490.98,0.0,No Contract,4.0,No,4.0,2.0,7.7,9.1,No,0.0,Credit Card,2023-12-02,No,983.0
CUST01190,Thane,79.0,Female,18400.0,Prepaid,21.0,217.46,2.31,107.0,24.0,3.0,Yes,4G,Apple,Low (<10k),207.1,1.0,No Contract,3.0,Yes,0.0,,1.5,1.0,Yes,0.0,Net Banking,2021-11-21,No,1724.0
CUST01334,Akola,77.0,Male,,Prepaid,51.0,432.8,15.98,,28.0,1.0,Yes,4G,Samsung,Low (<10k),367.86,0.0,With Contract,1.0,No,0.0,1.0,6.9,2.2,No,0.0,Cash,2019-10-13,No,2494.0
CUST00528,Mumbai,80.0,Female,40700.0,Prepaid,27.0,343.23,4.84,325.0,26.0,2.0,Yes,4G,Xiaomi,High (25k-60k),444.92,0.0,No Contract,1.0,Yes,3.0,5.0,3.5,1.7,No,0.0,Debit Card,2019-10-12,No,2495.0
CUST01266,Mumbai,47.0,Male,48400.0,Prepaid,0.0,212.57,1.98,5.0,37.0,1.0,Yes,4G,Oppo,Premium (>60k),188.9,0.0,No Contract,2.0,No,2.0,1.0,9.7,0.7,No,2.0,Cash,2019-02-26,No,2723.0
CUST00160,Thane,55.0,Female,46900.0,Prepaid,2.0,232.86,10.84,266.0,31.0,2.0,Yes,4G,Xiaomi,Mid (10k-25k),261.03,0.0,With Contract,2.0,No,1.0,3.0,2.2,10.8,No,1.0,UPI,2022-08-17,No,1455.0
CUST01468,Pune,63.0,Female,36100.0,Prepaid,6.0,82.09,9.14,326.0,22.0,1.0,No,5G,Oppo,Low (<10k),88.58,3.0,With Contract,1.0,No,0.0,4.0,10.2,8.4,Yes,0.0,UPI,2024-06-16,No,786.0
CUST00361,Pune,43.0,Male,,Prepaid,12.0,83.91,1.79,599.0,15.0,2.0,Yes,4G,Samsung,Mid (10k-25k),92.49,0.0,No Contract,2.0,No,0.0,4.0,4.0,3.6,No,1.0,Cash,2022-02-22,No,1631.0
CUST01332,Thane,,,24000.0,Prepaid,76.0,199.02,3.49,276.0,32.0,3.0,Yes,4G,Xiaomi,Low (<10k),252.13,0.0,With Contract,1.0,No,4.0,3.0,12.3,12.6,Yes,1.0,UPI,2022-11-10,No,1370.0
CUST00203,Mumbai,63.0,Male,42200.0,Prepaid,39.0,90.67,4.15,689.0,21.0,3.0,Yes,5G,Samsung,Low (<10k),82.71,1.0,With Contract,3.0,No,3.0,1.0,6.2,14.3,No,1.0,UPI,2019-10-28,No,2479.0
CUST00921,Kolhapur,51.0,Male,,Prepaid,3.0,387.24,2.69,458.0,20.0,2.0,Yes,3G,Apple,Premium (>60k),400.55,0.0,No Contract,2.0,No,1.0,5.0,11.5,2.2,Yes,2.0,UPI,2023-10-30,No,1016.0
CUST00782,Nagpur,,Male,31600.0,Postpaid,2.0,772.96,8.35,728.0,38.0,3.0,No,4G,Realme,Low (<10k),808.9,2.0,No Contract,3.0,Yes,3.0,3.0,14.9,0.8,No,0.0,UPI,2023-06-13,Yes,1155.0
CUST00113,Navi Mumbai,23.0,Female,36700.0,Postpaid,5.0,54.81,1.79,326.0,24.0,1.0,Yes,4G,Xiaomi,High (25k-60k),70.89,1.0,No Contract,1.0,No,1.0,4.0,8.3,19.0,No,3.0,UPI,2023-03-03,No,1257.0
CUST00899,,74.0,Female,56800.0,Prepaid,17.0,500.28,,304.0,31.0,3.0,Yes,4G,Xiaomi,Low (<10k),601.62,1.0,No Contract,1.0,No,1.0,3.0,8.0,10.4,Yes,1.0,Cash,2020-04-04,No,2320.0
CUST00308,Pune,54.0,Male,7200.0,Postpaid,3.0,283.02,12.86,500.0,24.0,4.0,No,5G,Oppo,Mid (10k-25k),273.88,0.0,No Contract,2.0,Yes,1.0,2.0,,8.4,No,0.0,UPI,2020-10-10,Yes,2131.0
CUST00852,Chhatrapati Sambhajinagar,59.0,Other,41300.0,Prepaid,14.0,164.62,0.93,509.0,32.0,1.0,Yes,4G,,Low (<10k),188.76,1.0,With Contract,1.0,Yes,2.0,3.0,7.6,13.8,No,1.0,Cash,2024-05-17,No,816.0
CUST00423,Mumbai,66.0,Female,51700.0,Prepaid,12.0,401.85,12.05,402.0,28.0,1.0,Yes,4G,Xiaomi,Mid (10k-25k),422.03,1.0,With Contract,0.0,No,2.0,3.0,5.8,1.3,Yes,0.0,UPI,2021-08-02,Yes,1835.0
CUST01107,Pune,31.0,Male,28000.0,Prepaid,35.0,152.53,1.31,324.0,31.0,1.0,No,4G,Samsung,Premium (>60k),194.43,0.0,No Contract,3.0,No,2.0,4.0,5.8,5.9,Yes,0.0,UPI,2020-02-03,No,2381.0
CUST01118,Amravati,29.0,Male,15500.0,Postpaid,4.0,291.84,3.15,522.0,14.0,1.0,Yes,,Apple,Low (<10k),261.78,4.0,With Contract,2.0,No,1.0,3.0,1.3,1.0,No,1.0,Wallet,2020-08-14,No,2188.0
CUST00954,Navi Mumbai,44.0,Male,36700.0,Prepaid,9.0,193.99,10.49,599.0,30.0,1.0,Yes,4G,Samsung,Mid (10k-25k),247.25,0.0,No Contract,3.0,No,1.0,2.0,0.1,3.1,Yes,2.0,Debit Card,2019-11-10,No,2466.0
CUST00460,Mumbai,63.0,Male,70200.0,Prepaid,9.0,203.54,1.2,,31.0,0.0,No Complaint Filed,4G,Realme,High (25k-60k),196.83,1.0,With Contract,2.0,No,1.0,4.0,4.5,4.2,No,0.0,UPI,2019-09-22,No,2515.0
CUST01443,Thane,49.0,Male,15800.0,Prepaid,14.0,270.42,4.17,569.0,21.0,1.0,Yes,5G,Samsung,Mid (10k-25k),332.53,0.0,No Contract,2.0,No,4.0,5.0,8.5,0.6,Yes,2.0,Wallet,2020-10-28,No,2113.0
CUST01307,Thane,70.0,Male,20800.0,Postpaid,15.0,90.83,9.04,414.0,25.0,1.0,No,4G,Oppo,Mid (10k-25k),95.07,1.0,With Contract,1.0,No,1.0,4.0,8.3,12.0,Yes,0.0,UPI,2023-01-08,No,1311.0
CUST00763,Mumbai,47.0,Female,21000.0,Prepaid,17.0,220.16,4.49,590.0,28.0,2.0,Yes,4G,Vivo,Premium (>60k),235.85,2.0,No Contract,3.0,No,0.0,5.0,,3.7,No,2.0,UPI,2019-03-07,No,2714.0
CUST01335,Sangli,45.0,Female,24300.0,Prepaid,4.0,65.82,14.29,129.0,18.0,0.0,No Complaint Filed,3G,Xiaomi,Low (<10k),67.46,3.0,With Contract,1.0,No,1.0,3.0,2.0,14.4,No,0.0,UPI,2021-06-10,Yes,1888.0
CUST00928,Nagpur,39.0,Male,,Prepaid,4.0,260.56,0.31,54.0,25.0,0.0,No Complaint Filed,5G,OnePlus,Mid (10k-25k),325.08,1.0,With Contract,3.0,No,1.0,3.0,17.1,15.4,Yes,1.0,UPI,2019-05-25,No,2635.0
CUST00450,Mumbai,43.0,Female,21400.0,Prepaid,12.0,78.38,1.81,595.0,32.0,0.0,No Complaint Filed,4G,Apple,High (25k-60k),93.46,1.0,With Contract,1.0,No,1.0,2.0,4.2,0.6,No,0.0,Wallet,2019-02-10,No,2739.0
CUST01257,Mumbai,,Female,15400.0,Prepaid,0.0,332.62,11.03,18.0,27.0,3.0,Yes,3G,Xiaomi,High (25k-60k),356.52,0.0,With Contract,5.0,No,0.0,5.0,1.7,1.0,Yes,0.0,Credit Card,2020-03-30,No,2325.0
CUST00680,Kolhapur,34.0,Female,8600.0,Prepaid,49.0,169.62,4.74,375.0,25.0,0.0,No Complaint Filed,4G,Samsung,Mid (10k-25k),,1.0,With Contract,0.0,No,1.0,5.0,4.9,2.7,No,2.0,UPI,2022-03-10,No,1615.0
CUST00693,Nagpur,85.0,Female,49700.0,Prepaid,0.0,365.84,4.14,273.0,25.0,3.0,No,4G,Vivo,Low (<10k),322.56,1.0,No Contract,3.0,No,1.0,4.0,19.7,2.2,Yes,2.0,Cash,2019-04-23,No,2667.0
CUST00987,Thane,66.0,Female,,Prepaid,3.0,142.86,6.23,550.0,23.0,0.0,No Complaint Filed,4G,Samsung,Mid (10k-25k),148.1,1.0,With Contract,3.0,Yes,1.0,1.0,5.0,14.7,Yes,4.0,Credit Card,2022-06-09,No,1524.0
CUST00081,Kolhapur,61.0,Male,11800.0,Postpaid,3.0,479.11,6.95,539.0,37.0,2.0,Yes,4G,Xiaomi,Mid (10k-25k),485.12,1.0,No Contract,2.0,No,2.0,5.0,0.3,0.4,Yes,1.0,UPI,2019-05-13,No,2647.0
CUST01321,Mumbai,50.0,Male,46100.0,Prepaid,10.0,213.23,2.12,241.0,19.0,0.0,No Complaint Filed,4G,Xiaomi,Mid (10k-25k),178.87,1.0,No Contract,1.0,No,0.0,1.0,,7.5,Yes,3.0,UPI,2020-08-16,No,2186.0
CUST00998,Mumbai,57.0,Female,9700.0,Prepaid,1.0,185.49,1.42,470.0,18.0,2.0,No,4G,,Mid (10k-25k),225.03,1.0,No Contract,2.0,No,2.0,4.0,11.1,0.1,Yes,0.0,UPI,2021-04-12,Yes,1947.0
CUST01232,Mumbai,62.0,Female,,Postpaid,26.0,346.64,12.51,349.0,28.0,0.0,No Complaint Filed,4G,Apple,Premium (>60k),428.5,1.0,With Contract,1.0,No,1.0,2.0,26.1,6.4,No,0.0,Cash,2023-05-13,No,1186.0
CUST00216,Mumbai,49.0,Female,13600.0,Prepaid,0.0,159.65,3.79,533.0,24.0,1.0,Yes,4G,Realme,Mid (10k-25k),145.84,2.0,With Contract,2.0,Yes,2.0,5.0,3.6,0.1,No,4.0,UPI,2020-03-27,No,2328.0
CUST00965,Pune,69.0,Female,23700.0,Postpaid,10.0,403.54,4.81,767.0,24.0,0.0,No Complaint Filed,5G,Oppo,Low (<10k),425.93,1.0,No Contract,2.0,No,2.0,2.0,0.1,4.8,Yes,0.0,Credit Card,2019-03-29,No,2692.0
CUST00031,Nashik,,Male,13300.0,Prepaid,23.0,509.61,5.97,195.0,20.0,5.0,Yes,4G,,Low (<10k),447.96,0.0,No Contract,1.0,No,0.0,4.0,2.4,1.8,Yes,1.0,Debit Card,2022-08-15,No,1457.0
CUST00243,Navi Mumbai,33.0,Male,49800.0,Prepaid,29.0,155.26,4.59,692.0,32.0,2.0,No,3G,Vivo,Mid (10k-25k),137.47,3.0,No Contract,2.0,No,0.0,1.0,8.0,12.5,No,0.0,Net Banking,2023-11-05,Yes,1010.0
CUST01309,Pune,32.0,Female,,Postpaid,47.0,164.07,3.83,683.0,31.0,1.0,No,4G,Xiaomi,Low (<10k),,1.0,No Contract,2.0,No,0.0,4.0,20.1,1.3,Yes,0.0,UPI,2022-10-12,No,1399.0
CUST00642,Pune,55.0,Female,21900.0,Postpaid,91.0,118.69,0.14,610.0,17.0,1.0,Yes,3G,Samsung,Mid (10k-25k),138.37,2.0,,5.0,No,2.0,4.0,8.4,4.4,No,2.0,,2021-04-17,No,1942.0
CUST00697,Pune,49.0,Female,38100.0,Postpaid,28.0,400.36,2.97,0.0,22.0,0.0,No Complaint Filed,5G,Xiaomi,High (25k-60k),457.3,0.0,No Contract,4.0,No,0.0,,11.5,0.8,Yes,1.0,Net Banking,2020-05-22,Yes,2272.0
CUST00210,Mumbai,57.0,Female,34700.0,Prepaid,4.0,326.95,,883.0,20.0,1.0,No,5G,Vivo,Mid (10k-25k),311.81,1.0,No Contract,0.0,No,2.0,,15.2,12.9,Yes,1.0,Net Banking,2021-08-11,No,1826.0
CUST00841,Mumbai,51.0,Male,6400.0,Prepaid,88.0,392.25,10.79,589.0,26.0,3.0,Yes,4G,Samsung,Low (<10k),336.09,1.0,With Contract,2.0,No,1.0,4.0,0.5,7.2,No,2.0,Credit Card,2019-01-01,No,2779.0
CUST00771,Mumbai,51.0,Male,52200.0,Postpaid,2.0,133.11,1.0,947.0,24.0,3.0,Yes,4G,Samsung,Mid (10k-25k),131.98,0.0,With Contract,4.0,No,2.0,4.0,11.6,2.1,No,2.0,UPI,2022-10-06,Yes,1405.0
CUST00753,,85.0,Female,32200.0,Prepaid,2.0,196.95,,,24.0,3.0,No,4G,Apple,Mid (10k-25k),191.31,2.0,No Contract,4.0,No,0.0,5.0,0.0,1.1,No,0.0,Debit Card,2019-11-27,Yes,2449.0
CUST01317,Nagpur,48.0,Female,97500.0,Prepaid,0.0,249.88,10.47,662.0,29.0,1.0,No,4G,Oppo,Mid (10k-25k),264.21,2.0,No Contract,3.0,No,3.0,3.0,3.1,3.3,Yes,0.0,Cash,2021-06-20,No,1878.0
CUST00436,Thane,,Male,71800.0,Prepaid,6.0,198.19,3.74,454.0,27.0,2.0,No,4G,,Low (<10k),164.17,0.0,With Contract,7.0,No,0.0,3.0,21.6,5.2,No,1.0,UPI,2023-01-21,No,1298.0
CUST01324,Mumbai,52.0,Male,40500.0,Postpaid,6.0,243.92,6.83,554.0,25.0,3.0,No,4G,Xiaomi,Mid (10k-25k),313.36,1.0,No Contract,4.0,No,2.0,2.0,7.2,3.2,Yes,1.0,UPI,2020-11-09,No,2101.0
CUST01461,Pune,44.0,Male,56200.0,Postpaid,48.0,92.84,0.12,383.0,21.0,0.0,No Complaint Filed,4G,Samsung,Low (<10k),98.38,1.0,With Contract,2.0,No,1.0,5.0,3.9,11.9,Yes,0.0,UPI,2021-04-07,No,1952.0
CUST01103,Amravati,44.0,Male,26600.0,Prepaid,0.0,146.85,,1107.0,20.0,0.0,No Complaint Filed,,Vivo,Low (<10k),117.82,0.0,No Contract,4.0,No,1.0,4.0,20.6,2.4,Yes,0.0,Cash,2022-06-13,No,1520.0
CUST01379,Pune,52.0,Female,36100.0,Prepaid,1.0,74.73,5.14,635.0,19.0,2.0,No,4G,Samsung,Low (<10k),94.98,3.0,With Contract,6.0,No,4.0,3.0,0.1,31.0,No,0.0,Debit Card,2020-11-22,Yes,2088.0
CUST00689,Chhatrapati Sambhajinagar,36.0,Male,29200.0,Prepaid,13.0,161.86,11.53,792.0,20.0,0.0,No Complaint Filed,4G,Xiaomi,Low (<10k),162.66,0.0,No Contract,1.0,No,1.0,3.0,22.3,19.1,No,0.0,Cash,2021-09-03,No,1803.0
CUST00552,Kolhapur,41.0,Female,23100.0,Postpaid,18.0,114.11,5.84,404.0,19.0,0.0,No Complaint Filed,4G,,Mid (10k-25k),118.73,0.0,No Contract,3.0,No,0.0,,9.6,2.3,No,0.0,UPI,2021-09-14,No,1792.0
CUST00545,Nashik,45.0,Female,54200.0,Prepaid,2.0,44.42,1.91,636.0,32.0,3.0,No,4G,Samsung,Mid (10k-25k),39.06,1.0,No Contract,3.0,No,2.0,1.0,29.6,4.9,Yes,0.0,Net Banking,2019-11-13,Yes,2463.0
CUST01099,Chhatrapati Sambhajinagar,35.0,Male,27600.0,Prepaid,11.0,557.3,,0.0,32.0,1.0,No,4G,Vivo,High (25k-60k),492.25,0.0,No Contract,0.0,No,1.0,5.0,6.1,5.4,Yes,1.0,Cash,2022-12-23,No,1327.0
CUST01356,Amravati,85.0,Female,43700.0,Prepaid,25.0,174.48,2.12,412.0,20.0,1.0,No,4G,Realme,Premium (>60k),223.71,1.0,With Contract,0.0,No,1.0,5.0,5.9,1.9,No,0.0,UPI,2019-07-20,No,2579.0
CUST00872,Mumbai,64.0,Female,25500.0,Prepaid,6.0,36.41,0.34,6.0,20.0,1.0,Yes,4G,Samsung,Premium (>60k),47.02,0.0,With Contract,3.0,Yes,1.0,5.0,39.0,11.5,No,2.0,Cash,2023-12-18,No,967.0
CUST01313,Nagpur,48.0,Female,11900.0,Prepaid,24.0,175.36,3.04,838.0,17.0,3.0,Yes,4G,,Mid (10k-25k),,0.0,With Contract,0.0,No,0.0,4.0,0.3,12.3,Yes,1.0,Net Banking,2019-02-20,No,2729.0
CUST00404,Solapur,51.0,Male,19400.0,Prepaid,7.0,423.97,4.43,416.0,28.0,1.0,No,3G,Samsung,Premium (>60k),436.09,0.0,No Contract,2.0,No,1.0,5.0,4.3,4.5,Yes,0.0,Credit Card,2019-03-17,No,2704.0
CUST01493,Mumbai,70.0,Female,67800.0,Postpaid,10.0,223.86,2.32,420.0,28.0,0.0,No Complaint Filed,4G,Oppo,Low (<10k),191.34,0.0,No Contract,1.0,No,0.0,5.0,3.9,1.6,No,4.0,UPI,2021-05-28,No,1901.0
CUST00363,Pune,56.0,Male,37100.0,Prepaid,13.0,54.28,3.5,1069.0,19.0,1.0,Yes,4G,,Low (<10k),61.07,1.0,No Contract,4.0,No,1.0,3.0,14.4,6.0,Yes,4.0,Cash,2021-01-03,No,2046.0
CUST00272,Solapur,35.0,Male,56400.0,Prepaid,69.0,146.16,17.42,329.0,27.0,3.0,Yes,4G,Oppo,Low (<10k),172.02,1.0,With Contract,1.0,No,1.0,3.0,1.7,10.6,No,1.0,UPI,2024-01-21,No,933.0
CUST00467,Pune,51.0,Male,14300.0,Prepaid,45.0,374.17,6.07,332.0,22.0,3.0,Yes,5G,Realme,Low (<10k),473.22,2.0,No Contract,4.0,No,0.0,4.0,2.1,10.3,Yes,3.0,Debit Card,2021-09-24,No,1782.0
CUST01349,Akola,,Female,,Prepaid,51.0,228.24,9.23,385.0,22.0,0.0,No Complaint Filed,3G,Vivo,Low (<10k),269.4,0.0,With Contract,4.0,Yes,0.0,2.0,7.8,6.5,Yes,0.0,UPI,2024-06-02,No,800.0
CUST01110,Mumbai,55.0,Male,31400.0,Prepaid,12.0,116.85,0.93,816.0,24.0,0.0,No Complaint Filed,4G,,Premium (>60k),101.77,2.0,No Contract,0.0,Yes,2.0,3.0,,2.3,Yes,0.0,UPI,2021-01-15,No,2034.0
CUST00947,Mumbai,53.0,Male,16700.0,Postpaid,3.0,102.63,3.83,286.0,24.0,1.0,No,4G,Apple,Mid (10k-25k),91.51,1.0,No Contract,5.0,No,1.0,4.0,3.3,6.9,Yes,0.0,Credit Card,2023-12-04,Yes,981.0
CUST00278,Thane,45.0,Female,23600.0,Prepaid,17.0,210.61,4.44,,21.0,2.0,No,3G,Xiaomi,Mid (10k-25k),204.51,0.0,No Contract,2.0,No,2.0,4.0,1.6,4.9,No,0.0,UPI,2019-06-02,No,2627.0
CUST01347,Pune,52.0,Male,26500.0,Prepaid,32.0,69.19,3.91,734.0,29.0,0.0,No Complaint Filed,3G,Oppo,Mid (10k-25k),55.5,0.0,No Contract,1.0,No,1.0,4.0,8.2,5.2,No,3.0,Debit Card,2019-02-28,No,2721.0
CUST01434,Thane,53.0,Female,6400.0,Prepaid,37.0,121.77,0.23,235.0,31.0,0.0,No Complaint Filed,3G,,Low (<10k),148.08,2.0,With Contract,4.0,No,2.0,5.0,3.4,15.0,Yes,0.0,UPI,2020-03-21,No,2334.0
CUST00971,Thane,72.0,Male,,Prepaid,28.0,272.52,4.8,393.0,28.0,0.0,No Complaint Filed,4G,,Mid (10k-25k),281.41,1.0,With Contract,2.0,No,1.0,4.0,2.2,1.9,Yes,1.0,,2023-09-06,No,1070.0
CUST00442,Akola,43.0,Male,35300.0,Prepaid,0.0,72.19,0.1,465.0,28.0,1.0,No,4G,Samsung,Low (<10k),64.8,2.0,No Contract,3.0,No,2.0,5.0,2.0,2.7,No,2.0,UPI,2023-07-31,Yes,1107.0
CUST01127,Mumbai,,Male,53200.0,Prepaid,10.0,146.0,0.09,399.0,30.0,0.0,No Complaint Filed,4G,,High (25k-60k),163.24,0.0,No Contract,4.0,No,1.0,3.0,,6.5,No,0.0,Net Banking,2021-03-15,No,1975.0
CUST00787,Nashik,39.0,Female,25200.0,Prepaid,35.0,89.02,0.7,300.0,31.0,0.0,No Complaint Filed,5G,Oppo,Mid (10k-25k),113.29,2.0,With Contract,0.0,No,2.0,,2.8,1.2,Yes,1.0,UPI,2019-06-28,No,2601.0
CUST01161,Solapur,56.0,Female,19300.0,Prepaid,19.0,166.72,4.63,946.0,25.0,3.0,No,4G,Apple,High (25k-60k),149.59,2.0,With Contract,1.0,No,1.0,4.0,9.6,26.8,No,1.0,UPI,2021-09-26,No,1780.0
CUST00443,Pune,34.0,Male,28300.0,Postpaid,21.0,255.86,30.69,687.0,27.0,2.0,Yes,5G,Vivo,Low (<10k),303.89,0.0,No Contract,2.0,No,3.0,4.0,10.4,27.3,No,0.0,UPI,2023-11-06,No,1009.0
CUST00300,Mumbai,80.0,Male,42700.0,Prepaid,12.0,71.89,4.91,,24.0,1.0,Yes,4G,Xiaomi,Mid (10k-25k),91.57,1.0,No Contract,6.0,No,2.0,5.0,19.0,2.6,No,1.0,Wallet,2022-09-06,No,1435.0
CUST01329,Thane,,Female,16400.0,Prepaid,6.0,184.81,13.17,693.0,28.0,0.0,No Complaint Filed,4G,Oppo,Mid (10k-25k),,1.0,No Contract,4.0,No,2.0,3.0,16.0,11.6,Yes,0.0,UPI,2020-04-10,No,2314.0
CUST00376,Pune,55.0,Female,39600.0,Postpaid,8.0,474.74,2.18,173.0,24.0,0.0,No Complaint Filed,4G,OnePlus,Premium (>60k),594.81,0.0,With Contract,4.0,No,1.0,4.0,35.2,0.1,No,2.0,Wallet,2021-05-12,No,1917.0
CUST01322,Mumbai,49.0,Male,52800.0,Prepaid,34.0,298.9,1.6,491.0,22.0,0.0,No Complaint Filed,4G,Oppo,Mid (10k-25k),338.11,0.0,No Contract,4.0,No,2.0,5.0,13.6,1.0,Yes,0.0,UPI,2022-07-05,No,1498.0
CUST01129,Pune,,Female,24400.0,Postpaid,42.0,348.74,1.01,480.0,31.0,0.0,No Complaint Filed,4G,Xiaomi,Mid (10k-25k),281.98,0.0,No Contract,2.0,No,1.0,,0.9,3.0,No,1.0,Credit Card,2022-03-08,No,1617.0
CUST01442,Mumbai,57.0,Female,8000.0,Prepaid,34.0,257.71,7.96,47.0,22.0,0.0,No Complaint Filed,4G,Samsung,Premium (>60k),264.74,0.0,No Contract,0.0,Yes,1.0,,6.3,1.7,Yes,0.0,UPI,2021-02-11,No,2007.0
CUST01187,Thane,54.0,Male,11400.0,Postpaid,36.0,189.38,4.47,674.0,29.0,1.0,Yes,4G,Oppo,Mid (10k-25k),175.45,0.0,No Contract,3.0,No,1.0,2.0,1.4,8.5,Yes,0.0,Wallet,2023-06-08,No,1160.0
CUST01000,Pune,49.0,,,Postpaid,8.0,174.56,12.74,454.0,31.0,4.0,No,3G,Samsung,High (25k-60k),190.23,1.0,No Contract,2.0,No,3.0,3.0,20.8,1.2,No,0.0,Debit Card,2019-03-25,No,2696.0
CUST00473,Mumbai,78.0,Male,39400.0,Prepaid,9.0,219.87,0.0,917.0,22.0,0.0,No Complaint Filed,4G,Oppo,High (25k-60k),217.48,1.0,,1.0,No,1.0,3.0,8.3,5.6,Yes,0.0,Debit Card,2019-02-26,No,2723.0
CUST01183,Nashik,48.0,Male,25500.0,Prepaid,19.0,483.84,6.43,381.0,24.0,1.0,No,3G,Realme,High (25k-60k),467.36,0.0,With Contract,1.0,No,2.0,2.0,4.8,12.0,Yes,0.0,Credit Card,2020-11-28,No,2082.0
CUST00564,Mumbai,74.0,Female,48200.0,Prepaid,42.0,87.54,0.3,248.0,29.0,0.0,No Complaint Filed,4G,Xiaomi,High (25k-60k),104.79,0.0,With Contract,3.0,No,2.0,5.0,3.6,0.1,Yes,0.0,Cash,2023-02-05,No,1283.0
CUST01371,Sangli,38.0,Female,35000.0,Prepaid,18.0,157.63,3.47,593.0,24.0,2.0,No,4G,Xiaomi,Mid (10k-25k),143.71,2.0,No Contract,3.0,No,1.0,4.0,6.4,9.2,No,2.0,Cash,2019-01-29,No,2751.0
CUST00751,Mumbai,53.0,Male,10100.0,Prepaid,6.0,567.19,0.14,458.0,21.0,1.0,Yes,4G,Samsung,Mid (10k-25k),701.33,1.0,No Contract,0.0,No,1.0,3.0,,3.2,Yes,1.0,Credit Card,2020-10-21,No,2120.0
CUST00389,Chhatrapati Sambhajinagar,80.0,Male,16900.0,Postpaid,22.0,609.36,3.31,526.0,21.0,0.0,No Complaint Filed,3G,Vivo,Low (<10k),702.55,0.0,With Contract,3.0,Yes,0.0,4.0,8.3,9.5,Yes,0.0,Credit Card,2021-08-02,No,1835.0
CUST00023,Pune,28.0,Male,22000.0,Postpaid,9.0,467.18,2.45,515.0,26.0,1.0,No,2G,Oppo,Low (<10k),480.85,0.0,No Contract,4.0,No,4.0,3.0,6.1,1.8,No,4.0,UPI,2022-10-18,No,1393.0
CUST00834,Mumbai,39.0,Female,15600.0,Prepaid,40.0,132.68,3.75,467.0,35.0,1.0,Yes,4G,Vivo,Low (<10k),141.62,1.0,No Contract,5.0,No,2.0,2.0,26.8,2.9,No,1.0,Debit Card,2023-01-14,No,1305.0
CUST00125,Mumbai,53.0,Male,43300.0,Prepaid,4.0,444.99,15.23,503.0,23.0,1.0,Yes,4G,Apple,Mid (10k-25k),444.49,0.0,With Contract,3.0,No,1.0,5.0,18.7,4.7,No,1.0,UPI,2020-07-05,No,2228.0
CUST00424,Nagpur,78.0,Male,17200.0,Postpaid,7.0,56.76,16.77,604.0,25.0,1.0,Yes,4G,Vivo,Mid (10k-25k),56.61,2.0,No Contract,2.0,No,4.0,3.0,32.1,6.8,No,2.0,UPI,2022-06-16,Yes,1517.0
CUST00774,Pune,,Female,16200.0,Prepaid,84.0,31.86,5.07,206.0,22.0,3.0,Yes,5G,Realme,Mid (10k-25k),39.54,5.0,With Contract,4.0,No,1.0,,6.5,1.7,Yes,3.0,UPI,2020-08-20,No,2182.0
CUST01383,Sangli,34.0,Male,58800.0,Postpaid,16.0,257.27,11.63,811.0,34.0,1.0,Yes,4G,Apple,Low (<10k),320.51,1.0,With Contract,6.0,No,3.0,5.0,7.6,1.2,Yes,1.0,UPI,2021-02-26,No,1992.0
CUST00471,Mumbai,63.0,Male,29200.0,Postpaid,8.0,325.55,,586.0,28.0,0.0,No Complaint Filed,5G,Samsung,Mid (10k-25k),343.53,0.0,No Contract,2.0,Yes,1.0,3.0,12.4,39.3,Yes,0.0,UPI,2023-09-18,No,1058.0
CUST00722,Mumbai,27.0,Female,36700.0,Prepaid,0.0,109.89,5.64,318.0,24.0,1.0,Yes,3G,Samsung,Low (<10k),96.3,0.0,With Contract,2.0,No,1.0,4.0,22.9,5.7,Yes,2.0,UPI,2022-01-15,No,1669.0
CUST01038,Thane,83.0,Male,15700.0,Postpaid,34.0,81.43,5.0,274.0,36.0,1.0,No,4G,,Low (<10k),71.34,0.0,With Contract,2.0,No,1.0,2.0,3.7,1.2,Yes,0.0,Net Banking,2019-05-16,No,2644.0
CUST00182,Mumbai,44.0,Female,27100.0,Prepaid,30.0,839.71,8.11,662.0,22.0,2.0,No,4G,Samsung,Low (<10k),857.57,0.0,No Contract,2.0,No,0.0,4.0,0.1,7.7,No,0.0,UPI,2022-01-11,No,1673.0
CUST00143,Nagpur,63.0,Female,23900.0,Postpaid,12.0,183.42,3.99,284.0,17.0,1.0,Yes,3G,Oppo,Mid (10k-25k),175.24,0.0,No Contract,0.0,No,0.0,3.0,5.5,1.4,No,1.0,Credit Card,2023-10-11,No,1035.0
CUST00051,Sangli,42.0,Male,9000.0,Prepaid,7.0,495.02,5.41,380.0,28.0,1.0,Yes,4G,Vivo,High (25k-60k),597.63,1.0,No Contract,2.0,No,1.0,4.0,0.7,1.9,Yes,1.0,UPI,2021-03-06,No,1984.0
CUST01411,,65.0,Male,22800.0,Prepaid,10.0,422.43,7.01,823.0,25.0,0.0,No Complaint Filed,4G,Vivo,Low (<10k),468.8,1.0,No Contract,0.0,No,2.0,5.0,2.4,1.0,Yes,0.0,Debit Card,2022-10-16,No,1395.0
CUST01054,Solapur,51.0,Male,16000.0,Postpaid,7.0,101.44,6.51,193.0,34.0,2.0,No,5G,Xiaomi,Premium (>60k),112.58,2.0,No Contract,1.0,No,4.0,2.0,22.1,0.2,No,1.0,UPI,2023-11-24,No,991.0
CUST00624,Nagpur,,Female,11100.0,Prepaid,1.0,81.34,6.96,462.0,25.0,4.0,No,4G,Apple,Mid (10k-25k),66.29,1.0,With Contract,2.0,No,1.0,3.0,1.5,9.1,Yes,1.0,Credit Card,2021-06-06,No,1892.0
CUST01096,Mumbai,41.0,Male,13500.0,Prepaid,19.0,109.63,5.32,499.0,35.0,0.0,No Complaint Filed,4G,Apple,Low (<10k),123.16,0.0,With Contract,2.0,No,1.0,5.0,4.8,1.3,Yes,1.0,UPI,2021-01-14,No,2035.0
CUST00082,Nashik,54.0,Female,20700.0,Prepaid,6.0,85.15,0.21,442.0,15.0,2.0,No,4G,Vivo,Low (<10k),73.37,1.0,With Contract,5.0,No,0.0,5.0,0.9,12.1,Yes,0.0,Credit Card,2023-09-26,No,1050.0
CUST00704,Mumbai,54.0,Male,11200.0,Prepaid,14.0,169.86,7.0,658.0,28.0,2.0,No,4G,Vivo,Low (<10k),187.06,1.0,No Contract,2.0,Yes,1.0,4.0,17.3,1.2,No,1.0,Debit Card,2021-04-06,No,1953.0
CUST00483,Pune,43.0,Female,42300.0,Prepaid,13.0,29.16,16.51,0.0,29.0,0.0,No Complaint Filed,2G,Xiaomi,High (25k-60k),35.62,0.0,With Contract,1.0,No,1.0,2.0,14.3,2.7,No,1.0,Credit Card,2022-02-17,No,1636.0
CUST00322,Thane,74.0,Male,28800.0,Postpaid,20.0,146.26,5.45,287.0,27.0,1.0,No,3G,Oppo,Mid (10k-25k),146.55,1.0,No Contract,1.0,No,0.0,3.0,14.9,8.9,Yes,1.0,,2020-05-10,No,2284.0
CUST01262,Solapur,42.0,Male,11300.0,Postpaid,13.0,126.9,0.15,906.0,27.0,0.0,No Complaint Filed,3G,OnePlus,High (25k-60k),111.47,1.0,With Contract,1.0,No,5.0,3.0,20.9,3.3,Yes,1.0,UPI,2019-02-26,No,2723.0
CUST00506,Mumbai,,Male,9900.0,Prepaid,0.0,300.67,2.89,335.0,26.0,2.0,Yes,5G,Samsung,Mid (10k-25k),335.86,1.0,With Contract,3.0,No,2.0,4.0,2.6,4.4,No,0.0,Debit Card,2023-12-25,No,960.0
CUST01437,Pune,33.0,Male,50100.0,Prepaid,3.0,422.06,7.52,133.0,24.0,0.0,No Complaint Filed,4G,Xiaomi,High (25k-60k),497.51,2.0,No Contract,3.0,No,0.0,2.0,4.1,4.9,No,0.0,Credit Card,2023-03-11,Yes,1249.0
CUST00842,Thane,35.0,Male,62000.0,Prepaid,20.0,272.98,8.38,744.0,25.0,5.0,No,5G,Apple,,254.31,2.0,No Contract,2.0,No,1.0,1.0,20.3,0.8,Yes,0.0,Wallet,2019-02-06,Yes,2743.0
CUST00067,Mumbai,53.0,Female,14500.0,Postpaid,16.0,80.44,7.9,,28.0,2.0,No,4G,Oppo,Low (<10k),96.96,1.0,No Contract,2.0,No,3.0,4.0,0.9,3.8,No,0.0,Net Banking,2020-09-03,No,2168.0
CUST01293,Nagpur,36.0,Female,20600.0,Prepaid,5.0,636.72,1.98,538.0,29.0,1.0,No,4G,Apple,High (25k-60k),611.47,0.0,No Contract,0.0,No,2.0,4.0,6.2,1.8,No,2.0,UPI,2022-03-04,No,1621.0
CUST01245,Chhatrapati Sambhajinagar,46.0,Female,18800.0,Postpaid,19.0,58.97,0.22,316.0,31.0,0.0,No Complaint Filed,4G,Xiaomi,Low (<10k),65.7,0.0,No Contract,2.0,No,3.0,,1.4,1.9,No,2.0,Credit Card,2019-11-22,No,2454.0
CUST01338,Thane,45.0,Male,28000.0,Postpaid,19.0,450.65,3.89,768.0,29.0,2.0,Yes,4G,Realme,Low (<10k),482.53,0.0,With Contract,3.0,No,1.0,3.0,0.1,11.1,Yes,1.0,Net Banking,2023-02-10,No,1278.0
CUST00802,Mumbai,46.0,Female,13100.0,Postpaid,36.0,151.17,1.35,355.0,23.0,1.0,Yes,4G,Samsung,Mid (10k-25k),129.74,0.0,No Contract,2.0,No,0.0,1.0,8.3,0.2,Yes,1.0,Wallet,2019-09-07,No,2530.0
CUST00862,Pune,,Female,5900.0,Prepaid,1.0,317.24,2.83,680.0,23.0,0.0,No Complaint Filed,4G,Xiaomi,Low (<10k),404.68,1.0,No Contract,2.0,No,1.0,2.0,0.2,0.2,No,0.0,Debit Card,2022-10-27,No,1384.0
CUST00032,Mumbai,62.0,Female,23600.0,Postpaid,29.0,474.71,,,29.0,0.0,No Complaint Filed,4G,Oppo,High (25k-60k),479.21,0.0,No Contract,1.0,Yes,3.0,3.0,0.7,25.4,No,2.0,UPI,2019-09-13,No,2524.0
CUST00796,Amravati,51.0,Male,20900.0,Postpaid,43.0,349.85,,471.0,16.0,0.0,No Complaint Filed,3G,Samsung,Low (<10k),307.41,0.0,With Contract,2.0,No,2.0,3.0,,1.5,No,2.0,Debit Card,2022-10-25,No,1386.0
CUST00418,Pune,57.0,Female,22800.0,Postpaid,14.0,54.79,4.65,433.0,22.0,4.0,Yes,4G,OnePlus,Low (<10k),65.25,4.0,With Contract,2.0,No,1.0,,9.6,7.6,No,4.0,Debit Card,2021-10-14,No,1762.0
CUST00633,Nagpur,49.0,Female,18300.0,Prepaid,21.0,315.84,5.73,380.0,20.0,1.0,Yes,4G,Apple,Low (<10k),289.49,2.0,No Contract,3.0,No,2.0,3.0,21.4,8.7,Yes,2.0,Debit Card,2021-10-19,No,1757.0
CUST01083,Pune,38.0,Female,17000.0,Prepaid,34.0,132.51,0.2,50.0,30.0,2.0,Yes,4G,Vivo,Low (<10k),150.15,1.0,With Contract,1.0,No,3.0,2.0,0.1,8.1,No,1.0,Credit Card,2023-05-26,No,1173.0
CUST00065,Pune,66.0,Female,34200.0,Prepaid,5.0,339.57,0.79,580.0,23.0,0.0,No Complaint Filed,4G,Xiaomi,Mid (10k-25k),316.77,0.0,No Contract,1.0,No,0.0,4.0,6.2,6.4,No,0.0,Credit Card,2019-09-02,No,2535.0
CUST00140,Sangli,58.0,Male,27200.0,Prepaid,5.0,186.37,10.95,,29.0,1.0,Yes,4G,Xiaomi,High (25k-60k),165.53,2.0,No Contract,1.0,No,4.0,5.0,3.2,4.9,Yes,0.0,Net Banking,2023-02-04,No,1284.0
CUST01217,Mumbai,61.0,Female,61900.0,Prepaid,11.0,70.01,1.4,667.0,31.0,0.0,No Complaint Filed,4G,Samsung,Premium (>60k),62.01,1.0,With Contract,2.0,No,1.0,,8.2,2.3,Yes,3.0,Net Banking,2024-03-02,No,892.0
CUST01211,Pune,41.0,Male,19100.0,Prepaid,9.0,93.52,4.43,434.0,20.0,3.0,No,4G,Samsung,Low (<10k),79.36,1.0,No Contract,7.0,No,3.0,3.0,11.5,12.9,Yes,3.0,Debit Card,2023-05-18,No,1181.0
CUST00078,Mumbai,74.0,Female,18900.0,Prepaid,20.0,344.61,5.6,531.0,30.0,2.0,Yes,4G,Samsung,Mid (10k-25k),385.43,0.0,With Contract,1.0,No,2.0,5.0,1.1,6.0,No,2.0,UPI,2019-10-19,No,2488.0
CUST00492,Nashik,66.0,Male,17200.0,Prepaid,33.0,140.27,36.95,,32.0,0.0,No Complaint Filed,4G,Xiaomi,Mid (10k-25k),172.2,0.0,No Contract,3.0,No,1.0,4.0,,0.0,No,0.0,UPI,2024-03-27,No,867.0
CUST01065,Pune,27.0,Female,15700.0,Prepaid,15.0,284.94,5.32,315.0,34.0,2.0,Yes,5G,Xiaomi,Low (<10k),330.11,1.0,No Contract,5.0,No,0.0,3.0,1.5,36.5,No,1.0,UPI,2020-10-22,No,2119.0
CUST01146,Amravati,26.0,Male,17200.0,Prepaid,1.0,111.8,0.92,,30.0,0.0,No Complaint Filed,4G,Xiaomi,Mid (10k-25k),90.71,0.0,No Contract,0.0,No,1.0,3.0,0.2,1.8,Yes,1.0,UPI,2019-10-12,No,2495.0
CUST00533,Akola,36.0,Female,21900.0,Postpaid,2.0,346.88,0.36,364.0,24.0,0.0,No Complaint Filed,4G,Xiaomi,Mid (10k-25k),344.5,1.0,No Contract,1.0,Yes,2.0,4.0,2.0,5.0,No,3.0,UPI,2022-08-15,No,1457.0
CUST00066,,85.0,Female,30400.0,Postpaid,4.0,256.47,,458.0,24.0,0.0,No Complaint Filed,4G,Vivo,Premium (>60k),310.14,1.0,No Contract,1.0,No,1.0,1.0,4.0,17.4,No,1.0,Credit Card,2021-08-04,No,1833.0
CUST01274,Mumbai,22.0,Female,38700.0,Prepaid,-3.0,162.81,5.09,770.0,26.0,2.0,Yes,4G,Xiaomi,Low (<10k),165.97,0.0,With Contract,3.0,No,1.0,5.0,3.5,5.8,No,1.0,Debit Card,2020-08-19,No,2183.0
CUST01287,Mumbai,42.0,Male,19700.0,Prepaid,11.0,114.46,8.48,589.0,26.0,1.0,No,2G,Realme,Low (<10k),137.42,1.0,No Contract,1.0,No,3.0,4.0,5.3,6.3,Yes,0.0,Cash,2019-04-07,No,2683.0
CUST01269,Nashik,40.0,Female,25800.0,Postpaid,9.0,422.3,0.46,403.0,22.0,1.0,No,4G,Samsung,Mid (10k-25k),522.16,0.0,No Contract,3.0,No,1.0,3.0,,1.7,No,1.0,Cash,2019-02-23,No,2726.0
CUST00297,Chhatrapati Sambhajinagar,56.0,Male,19800.0,Prepaid,21.0,249.99,5.39,457.0,24.0,0.0,No Complaint Filed,5G,Vivo,Mid (10k-25k),261.56,1.0,With Contract,0.0,No,4.0,5.0,2.4,8.7,No,4.0,Wallet,2022-11-04,No,1376.0
CUST00592,Thane,55.0,Male,45200.0,Prepaid,12.0,330.94,13.69,683.0,24.0,0.0,No Complaint Filed,4G,Oppo,Mid (10k-25k),310.19,2.0,With Contract,0.0,No,2.0,3.0,0.7,2.6,No,0.0,UPI,2023-08-25,No,1082.0
CUST00420,Chhatrapati Sambhajinagar,45.0,Female,23800.0,Prepaid,28.0,157.69,0.62,483.0,19.0,0.0,No Complaint Filed,4G,Xiaomi,Premium (>60k),132.45,4.0,No Contract,2.0,No,0.0,2.0,9.2,16.7,No,0.0,Credit Card,2023-11-06,No,1009.0
CUST00768,Amravati,53.0,Female,21700.0,Postpaid,41.0,132.61,1.59,286.0,28.0,0.0,No Complaint Filed,4G,Xiaomi,High (25k-60k),115.02,1.0,No Contract,2.0,No,2.0,3.0,2.4,6.0,Yes,2.0,,2019-12-30,No,2416.0
CUST00439,Thane,47.0,Female,20100.0,Prepaid,3.0,139.92,2.83,474.0,34.0,1.0,No,4G,Vivo,Low (<10k),128.23,0.0,No Contract,1.0,No,1.0,4.0,3.1,3.8,No,2.0,UPI,2022-12-08,No,1342.0
CUST00262,Akola,79.0,Female,22300.0,Prepaid,40.0,138.59,3.46,24.0,20.0,1.0,Yes,5G,Apple,Mid (10k-25k),173.48,1.0,With Contract,0.0,No,0.0,1.0,6.4,1.6,No,0.0,Net Banking,2020-04-24,Yes,2300.0
CUST00984,Mumbai,35.0,Male,22800.0,Prepaid,7.0,32.8,6.89,,17.0,2.0,No,,Apple,High (25k-60k),35.01,1.0,No Contract,2.0,No,0.0,1.0,0.4,2.7,No,2.0,Debit Card,2019-10-18,No,2489.0
CUST00725,Nashik,69.0,Male,28700.0,Prepaid,55.0,142.79,2.71,329.0,13.0,0.0,No Complaint Filed,4G,Apple,Premium (>60k),162.35,1.0,No Contract,0.0,No,3.0,1.0,9.7,1.7,No,3.0,Debit Card,2023-08-12,No,1095.0
CUST01400,Thane,42.0,Male,36900.0,Prepaid,4.0,394.93,0.35,414.0,25.0,0.0,No Complaint Filed,4G,Xiaomi,High (25k-60k),503.55,1.0,No Contract,2.0,No,4.0,5.0,17.5,1.9,Yes,2.0,Cash,2023-09-19,No,1057.0
CUST00282,Pune,44.0,Other,13100.0,Postpaid,4.0,104.41,,0.0,17.0,0.0,No Complaint Filed,4G,Samsung,Low (<10k),115.01,0.0,With Contract,1.0,No,0.0,,0.8,2.1,No,0.0,UPI,2021-09-02,Yes,1804.0
CUST00627,Pune,44.0,Female,,Postpaid,42.0,120.29,16.4,601.0,28.0,4.0,Yes,4G,Apple,Mid (10k-25k),124.7,0.0,No Contract,2.0,No,5.0,4.0,20.8,5.9,No,4.0,Debit Card,2024-04-18,No,845.0
CUST01386,Pune,42.0,Male,36500.0,Postpaid,17.0,127.66,1.97,572.0,27.0,2.0,No,4G,Realme,Premium (>60k),104.08,0.0,No Contract,2.0,Yes,2.0,3.0,18.4,12.4,No,0.0,Credit Card,2019-11-12,No,2464.0
CUST01063,Chhatrapati Sambhajinagar,45.0,Male,,Postpaid,1.0,462.16,0.53,424.0,27.0,1.0,No,5G,Realme,High (25k-60k),576.56,2.0,No Contract,2.0,No,2.0,4.0,7.3,5.0,Yes,1.0,Cash,2021-12-05,No,1710.0
CUST01464,Thane,,Female,11800.0,Prepaid,1.0,48.61,9.27,394.0,26.0,1.0,Yes,5G,Samsung,High (25k-60k),53.23,0.0,No Contract,3.0,Yes,5.0,3.0,7.4,2.6,No,4.0,Debit Card,2024-03-03,Yes,891.0
CUST00189,Nagpur,53.0,Female,38600.0,Postpaid,41.0,142.97,9.46,483.0,29.0,2.0,Yes,4G,Realme,Low (<10k),132.01,0.0,With Contract,3.0,No,0.0,3.0,12.8,7.0,Yes,2.0,Debit Card,2021-07-23,No,1845.0
CUST01315,Pune,58.0,Female,7700.0,Prepaid,8.0,341.48,2.47,699.0,34.0,0.0,No Complaint Filed,4G,Samsung,Mid (10k-25k),425.9,0.0,With Contract,3.0,No,0.0,4.0,25.3,1.5,No,0.0,UPI,2019-03-17,No,2704.0
CUST00252,Pune,47.0,,35400.0,Postpaid,6.0,85.02,4.11,577.0,32.0,3.0,No,4G,Samsung,Mid (10k-25k),79.83,0.0,No Contract,2.0,No,1.0,2.0,3.4,12.1,No,1.0,Wallet,2020-01-29,No,2386.0
CUST00584,Pune,85.0,Other,35800.0,Postpaid,14.0,423.14,2.33,239.0,24.0,2.0,No,3G,Xiaomi,Mid (10k-25k),520.81,0.0,With Contract,3.0,No,2.0,4.0,8.1,7.2,No,3.0,Debit Card,2020-10-28,No,2113.0
CUST01045,Amravati,55.0,Male,25400.0,Prepaid,17.0,117.6,2.34,334.0,23.0,0.0,No Complaint Filed,4G,Vivo,Mid (10k-25k),150.33,0.0,No Contract,2.0,No,0.0,,2.9,7.4,No,0.0,Wallet,2019-12-16,No,2430.0
CUST01368,Navi Mumbai,73.0,Male,32300.0,Postpaid,14.0,121.7,10.78,792.0,26.0,1.0,No,4G,Vivo,High (25k-60k),131.77,3.0,No Contract,1.0,No,2.0,4.0,6.4,19.7,Yes,0.0,Debit Card,2020-06-13,Yes,2250.0
CUST00976,Mumbai,39.0,Female,16000.0,Prepaid,22.0,98.94,13.68,484.0,25.0,2.0,No,4G,OnePlus,Low (<10k),81.45,0.0,With Contract,2.0,No,2.0,3.0,2.1,0.2,Yes,1.0,Credit Card,2021-06-14,No,1884.0
CUST00515,Mumbai,31.0,Female,25900.0,Prepaid,56.0,240.78,1.06,149.0,22.0,1.0,No,4G,Apple,High (25k-60k),309.35,2.0,No Contract,4.0,Yes,2.0,4.0,2.1,5.3,Yes,2.0,UPI,2022-05-29,Yes,1535.0
CUST00934,,56.0,Male,7400.0,Postpaid,27.0,209.35,9.2,342.0,26.0,0.0,No Complaint Filed,4G,Apple,Low (<10k),191.32,1.0,No Contract,1.0,No,0.0,,13.7,5.9,No,1.0,Cash,2023-04-24,No,1205.0
CUST01325,Sangli,42.0,Male,62000.0,Prepaid,7.0,60.59,,360.0,22.0,0.0,No Complaint Filed,4G,Xiaomi,High (25k-60k),55.03,0.0,No Contract,0.0,No,1.0,1.0,5.2,0.5,Yes,0.0,Debit Card,2023-04-26,No,1203.0
CUST01430,Kolhapur,52.0,Female,18100.0,Prepaid,37.0,122.86,14.0,31.0,29.0,1.0,No,4G,Xiaomi,Mid (10k-25k),151.29,3.0,With Contract,2.0,No,0.0,5.0,3.0,1.5,Yes,0.0,Cash,2019-01-27,No,2753.0
CUST00707,Pune,31.0,Male,21400.0,Prepaid,18.0,132.59,6.52,608.0,24.0,1.0,Yes,4G,Realme,Mid (10k-25k),129.0,0.0,With Contract,4.0,No,2.0,4.0,15.2,0.7,Yes,3.0,Wallet,2020-04-26,No,2298.0
CUST00488,Pune,34.0,Female,27100.0,Prepaid,68.0,195.24,8.13,299.0,25.0,2.0,No,4G,Xiaomi,High (25k-60k),217.35,1.0,No Contract,1.0,No,3.0,5.0,3.3,7.2,No,0.0,UPI,2022-12-11,No,1339.0
CUST00664,Mumbai,48.0,Female,18700.0,Postpaid,34.0,383.76,10.21,418.0,34.0,0.0,No Complaint Filed,3G,Apple,Mid (10k-25k),308.83,1.0,No Contract,4.0,No,1.0,4.0,5.6,7.7,No,0.0,Net Banking,2022-03-19,No,1606.0
CUST01145,Mumbai,44.0,Male,25900.0,Prepaid,4.0,172.79,5.34,263.0,29.0,0.0,No Complaint Filed,4G,Oppo,Mid (10k-25k),181.19,2.0,With Contract,2.0,No,4.0,4.0,14.2,7.0,No,0.0,Net Banking,2022-09-22,No,1419.0
CUST01153,Thane,41.0,Male,18000.0,Postpaid,6.0,247.49,17.77,,27.0,1.0,Yes,4G,Vivo,Low (<10k),221.74,2.0,With Contract,4.0,No,1.0,3.0,8.7,2.9,No,0.0,UPI,2023-05-31,Yes,1168.0
CUST00274,Navi Mumbai,41.0,Male,30100.0,Postpaid,14.0,99.03,1.53,438.0,42.0,1.0,Yes,5G,Oppo,Low (<10k),80.54,0.0,No Contract,2.0,No,0.0,5.0,3.2,1.8,Yes,2.0,Wallet,2024-06-15,No,787.0
CUST01132,,37.0,Female,29100.0,Postpaid,0.0,322.25,2.75,384.0,28.0,3.0,Yes,4G,Vivo,Mid (10k-25k),313.1,0.0,No Contract,1.0,No,1.0,3.0,0.8,2.5,Yes,0.0,UPI,2021-07-15,Yes,1853.0
CUST01258,Nagpur,56.0,Female,,Prepaid,1.0,10.15,8.61,366.0,27.0,3.0,Yes,4G,Xiaomi,Low (<10k),12.98,1.0,No Contract,1.0,No,6.0,2.0,2.0,24.8,No,1.0,Wallet,2023-02-14,Yes,1274.0
CUST00878,Thane,44.0,Male,8700.0,Postpaid,6.0,49.33,10.06,317.0,23.0,1.0,No,4G,Xiaomi,Mid (10k-25k),52.99,0.0,No Contract,2.0,No,3.0,3.0,3.2,2.9,No,0.0,UPI,2022-02-07,No,1646.0
CUST01059,Pune,66.0,Male,30900.0,Prepaid,0.0,132.48,11.42,441.0,32.0,2.0,No,4G,Vivo,High (25k-60k),144.92,2.0,No Contract,2.0,No,3.0,4.0,4.7,3.4,No,0.0,Credit Card,2021-09-15,No,1791.0
CUST01363,Nashik,28.0,Male,21600.0,Prepaid,33.0,168.42,4.69,216.0,26.0,0.0,No Complaint Filed,4G,Apple,Mid (10k-25k),148.96,1.0,No Contract,0.0,No,1.0,3.0,34.1,18.5,Yes,0.0,Cash,2021-04-03,No,1956.0
CUST00449,Pune,47.0,Male,17600.0,Prepaid,15.0,179.78,9.9,560.0,22.0,0.0,No Complaint Filed,4G,OnePlus,High (25k-60k),176.34,1.0,With Contract,3.0,No,1.0,4.0,0.3,0.3,No,4.0,Cash,2022-11-21,No,1359.0
CUST00412,Navi Mumbai,58.0,,,Prepaid,1.0,290.17,0.56,403.0,24.0,0.0,No Complaint Filed,4G,Xiaomi,Low (<10k),269.53,4.0,No Contract,2.0,No,0.0,1.0,2.8,3.1,No,0.0,Debit Card,2022-09-10,Yes,1431.0
CUST00459,Mumbai,34.0,Female,7200.0,Postpaid,11.0,346.57,9.17,341.0,26.0,0.0,No Complaint Filed,4G,Vivo,High (25k-60k),306.66,1.0,No Contract,1.0,No,1.0,3.0,18.6,5.6,Yes,3.0,Credit Card,2021-10-02,No,1774.0
CUST00377,Kolhapur,24.0,Female,21400.0,Prepaid,18.0,60.49,18.16,661.0,23.0,0.0,No Complaint Filed,4G,Samsung,Mid (10k-25k),75.96,1.0,No Contract,6.0,No,3.0,5.0,5.5,3.3,No,2.0,Debit Card,2023-10-03,No,1043.0
CUST01320,Mumbai,60.0,Male,10900.0,Prepaid,9.0,342.8,2.5,777.0,25.0,1.0,Yes,4G,,Mid (10k-25k),391.82,2.0,No Contract,5.0,Yes,1.0,2.0,16.4,0.4,No,1.0,Wallet,2020-05-03,No,2291.0
CUST00668,Mumbai,39.0,Male,32200.0,Postpaid,10.0,102.28,6.11,355.0,28.0,1.0,Yes,3G,Xiaomi,Mid (10k-25k),122.02,1.0,No Contract,0.0,No,3.0,4.0,9.6,6.0,Yes,0.0,UPI,2022-06-17,No,1516.0
CUST01253,Mumbai,46.0,Male,36400.0,Postpaid,25.0,382.51,8.5,587.0,34.0,1.0,Yes,4G,Oppo,Low (<10k),446.83,0.0,With Contract,1.0,No,2.0,2.0,36.7,0.1,No,2.0,Net Banking,2022-08-09,No,1463.0
CUST00150,Mumbai,74.0,Female,76000.0,Prepaid,25.0,138.49,3.49,0.0,22.0,4.0,No,4G,Apple,,146.64,2.0,No Contract,2.0,No,1.0,5.0,17.6,7.2,No,2.0,UPI,2021-08-02,No,1835.0
CUST01314,Solapur,41.0,Male,41800.0,Prepaid,4.0,101.27,1.57,598.0,31.0,0.0,No Complaint Filed,4G,Vivo,High (25k-60k),114.82,0.0,With Contract,2.0,No,1.0,4.0,,19.5,Yes,0.0,Credit Card,2019-04-10,No,2680.0
CUST01209,Mumbai,68.0,Male,9700.0,Prepaid,19.0,247.08,3.84,288.0,23.0,1.0,No,4G,Oppo,Mid (10k-25k),318.01,0.0,No Contract,1.0,No,1.0,4.0,1.3,2.1,Yes,0.0,UPI,2022-08-22,No,1450.0
CUST00734,Nagpur,47.0,,16300.0,Prepaid,17.0,147.72,6.4,549.0,23.0,0.0,No Complaint Filed,4G,Samsung,Mid (10k-25k),167.35,1.0,No Contract,2.0,No,3.0,4.0,5.2,6.6,No,0.0,Cash,2023-09-20,No,1056.0
CUST00219,Thane,35.0,Female,10100.0,Prepaid,43.0,146.0,4.3,543.0,24.0,2.0,No,5G,Samsung,Mid (10k-25k),122.79,0.0,With Contract,3.0,No,0.0,3.0,6.6,0.9,Yes,1.0,,2021-03-20,No,1970.0
CUST00240,Mumbai,34.0,Female,28200.0,Prepaid,0.0,448.65,3.83,300.0,20.0,4.0,Yes,4G,Xiaomi,Low (<10k),412.97,1.0,No Contract,1.0,No,2.0,,0.5,9.2,No,0.0,Credit Card,2022-07-17,Yes,1486.0
CUST01089,Akola,29.0,Male,16500.0,Prepaid,1.0,277.34,6.98,299.0,21.0,3.0,Yes,5G,Samsung,Low (<10k),287.16,0.0,With Contract,2.0,No,2.0,5.0,27.9,5.8,No,3.0,UPI,2022-02-16,No,1637.0
CUST00868,Mumbai,82.0,Female,4700.0,Prepaid,26.0,217.76,10.21,240.0,23.0,1.0,Yes,3G,Samsung,High (25k-60k),261.67,1.0,No Contract,1.0,No,0.0,4.0,3.5,5.3,Yes,1.0,Cash,2019-05-19,No,2641.0
CUST00726,Kolhapur,34.0,Female,22200.0,Postpaid,1.0,190.68,11.31,33.0,24.0,2.0,No,4G,Samsung,Mid (10k-25k),192.67,0.0,With Contract,2.0,No,1.0,3.0,16.4,1.8,Yes,2.0,UPI,2020-10-18,No,2123.0
CUST00193,Navi Mumbai,54.0,Female,14300.0,Prepaid,8.0,252.56,16.8,823.0,24.0,1.0,No,4G,Vivo,Low (<10k),274.37,0.0,With Contract,1.0,No,1.0,2.0,3.5,0.3,No,1.0,Debit Card,2021-11-05,No,1740.0
CUST00793,Nagpur,44.0,Male,13900.0,Postpaid,3.0,173.11,6.42,343.0,27.0,0.0,No Complaint Filed,4G,Oppo,High (25k-60k),151.74,3.0,With Contract,1.0,No,3.0,2.0,10.4,1.6,Yes,1.0,UPI,2023-09-18,Yes,1058.0
CUST00192,Amravati,71.0,Female,,Prepaid,4.0,143.99,11.58,621.0,27.0,1.0,No,4G,Samsung,Low (<10k),170.01,0.0,No Contract,2.0,No,1.0,4.0,13.3,0.2,No,3.0,Wallet,2024-06-22,Yes,780.0
CUST00944,Solapur,74.0,Female,34100.0,Postpaid,16.0,242.86,7.48,344.0,26.0,1.0,No,4G,Oppo,High (25k-60k),276.24,1.0,No Contract,4.0,No,0.0,4.0,4.1,5.4,Yes,3.0,UPI,2019-03-17,No,2704.0
CUST01193,Pune,33.0,Male,24100.0,Prepaid,13.0,248.37,5.63,695.0,19.0,1.0,Yes,4G,Samsung,High (25k-60k),235.72,1.0,No Contract,2.0,No,1.0,3.0,9.3,26.1,Yes,1.0,UPI,2022-03-01,No,1624.0
CUST01418,Mumbai,34.0,Female,48900.0,Postpaid,9.0,397.88,6.22,434.0,23.0,2.0,No,4G,Vivo,Premium (>60k),340.6,1.0,No Contract,4.0,No,3.0,5.0,4.4,12.7,No,0.0,Credit Card,2023-07-06,No,1132.0
CUST00645,Mumbai,36.0,Female,19200.0,Prepaid,32.0,116.52,4.33,503.0,24.0,5.0,Yes,4G,OnePlus,Low (<10k),133.1,1.0,No Contract,3.0,No,1.0,5.0,4.3,0.4,No,1.0,,2020-01-11,No,2404.0
CUST00360,Nashik,38.0,Male,32400.0,Prepaid,7.0,103.06,,471.0,14.0,2.0,No,4G,Xiaomi,High (25k-60k),127.11,1.0,With Contract,4.0,No,1.0,4.0,13.8,6.4,No,1.0,Credit Card,2024-04-04,No,859.0
CUST01352,Nashik,48.0,Male,,Postpaid,20.0,354.95,13.1,405.0,32.0,1.0,Yes,4G,Vivo,Low (<10k),287.51,0.0,No Contract,1.0,No,2.0,3.0,35.7,18.3,No,1.0,Debit Card,2023-10-22,No,1024.0
CUST01466,Mumbai,50.0,Female,23000.0,Prepaid,2.0,126.8,5.49,453.0,19.0,1.0,No,4G,Samsung,Mid (10k-25k),123.19,0.0,No Contract,1.0,No,2.0,1.0,0.1,13.9,No,0.0,Credit Card,2021-10-04,Yes,1772.0
CUST00017,Pune,43.0,Female,41200.0,Prepaid,12.0,157.91,5.35,778.0,26.0,2.0,No,,Samsung,Low (<10k),191.78,0.0,No Contract,1.0,No,1.0,3.0,6.1,8.4,No,0.0,Debit Card,2019-11-10,No,2466.0
CUST00334,Mumbai,61.0,Male,25800.0,Prepaid,11.0,323.05,,848.0,23.0,0.0,No Complaint Filed,4G,Realme,Mid (10k-25k),296.9,0.0,With Contract,1.0,No,0.0,3.0,5.7,4.0,No,1.0,Wallet,2022-03-01,No,1624.0
CUST01218,Thane,29.0,Female,12000.0,Prepaid,15.0,342.28,4.72,306.0,35.0,0.0,No Complaint Filed,4G,Samsung,High (25k-60k),419.07,0.0,With Contract,2.0,No,1.0,1.0,5.0,2.7,No,0.0,Net Banking,2021-07-26,No,1842.0
CUST00583,Nagpur,45.0,Female,15300.0,Prepaid,39.0,399.85,13.18,251.0,20.0,1.0,No,4G,Realme,Mid (10k-25k),364.17,0.0,With Contract,2.0,No,0.0,2.0,7.2,7.8,Yes,4.0,UPI,2023-06-28,No,1140.0
CUST01435,Mumbai,55.0,Female,9000.0,Prepaid,3.0,382.25,7.63,598.0,29.0,2.0,No,4G,Oppo,Low (<10k),449.84,1.0,No Contract,2.0,Yes,2.0,3.0,11.0,5.2,No,1.0,Credit Card,2022-02-12,Yes,1641.0
CUST01080,,69.0,Female,21900.0,Prepaid,6.0,55.54,,787.0,20.0,0.0,No Complaint Filed,4G,Oppo,Mid (10k-25k),54.78,0.0,With Contract,1.0,No,3.0,4.0,3.9,5.2,Yes,1.0,Net Banking,2021-09-12,No,1794.0
CUST00840,Nashik,32.0,Female,32600.0,Prepaid,33.0,105.35,0.61,623.0,24.0,2.0,Yes,3G,Apple,Mid (10k-25k),119.4,1.0,No Contract,3.0,No,1.0,5.0,5.1,3.0,No,1.0,Credit Card,2024-04-15,No,848.0
CUST00628,Chhatrapati Sambhajinagar,46.0,Male,41400.0,Postpaid,8.0,84.19,5.0,,24.0,1.0,Yes,4G,Samsung,Low (<10k),68.12,1.0,No Contract,0.0,No,0.0,2.0,19.0,0.0,No,1.0,UPI,2023-10-17,No,1029.0
CUST01405,Thane,85.0,,43100.0,Prepaid,19.0,191.92,1.54,547.0,21.0,1.0,No,4G,Vivo,Low (<10k),174.2,0.0,With Contract,2.0,No,1.0,3.0,8.5,1.6,No,1.0,UPI,2023-10-26,No,1020.0
CUST00324,Mumbai,45.0,Male,15400.0,Prepaid,4.0,355.62,0.22,109.0,31.0,3.0,No,4G,Apple,High (25k-60k),284.51,3.0,No Contract,3.0,No,0.0,5.0,7.5,14.2,Yes,1.0,UPI,2024-04-02,No,861.0
CUST00825,Nagpur,39.0,Female,19100.0,Prepaid,4.0,120.05,9.82,457.0,21.0,2.0,No,4G,Vivo,Low (<10k),139.52,0.0,No Contract,2.0,No,0.0,3.0,3.6,2.8,No,0.0,UPI,2024-02-16,Yes,907.0
CUST01238,Pune,39.0,Female,24100.0,Prepaid,22.0,277.06,4.76,816.0,31.0,3.0,No,4G,Samsung,Low (<10k),243.01,0.0,With Contract,0.0,Yes,2.0,2.0,0.4,5.5,No,3.0,UPI,2019-09-16,No,2521.0
CUST00632,Amravati,,Male,27700.0,Prepaid,7.0,219.21,2.02,530.0,38.0,0.0,No Complaint Filed,4G,Samsung,Mid (10k-25k),236.76,0.0,With Contract,0.0,No,1.0,3.0,3.9,1.0,No,4.0,Debit Card,2021-05-30,No,1899.0
CUST01091,Navi Mumbai,65.0,Female,32200.0,Prepaid,2.0,133.18,4.3,492.0,19.0,0.0,No Complaint Filed,4G,Apple,Low (<10k),136.69,0.0,With Contract,1.0,No,0.0,3.0,3.3,8.3,No,1.0,UPI,2019-12-04,Yes,2442.0
CUST01188,Mumbai,37.0,Female,,Prepaid,8.0,494.2,2.42,,25.0,0.0,No Complaint Filed,5G,Samsung,Low (<10k),490.07,3.0,No Contract,3.0,No,0.0,2.0,2.3,1.1,No,0.0,Wallet,2023-08-03,No,1104.0
CUST00779,Thane,48.0,Female,12700.0,Prepaid,1.0,214.3,3.73,570.0,26.0,1.0,Yes,4G,Apple,High (25k-60k),205.47,1.0,With Contract,1.0,No,0.0,2.0,0.9,9.3,No,0.0,Credit Card,2023-07-13,Yes,1125.0
CUST01047,Mumbai,72.0,Male,22300.0,Prepaid,5.0,126.37,0.28,591.0,22.0,1.0,No,4G,Samsung,Mid (10k-25k),162.62,1.0,With Contract,1.0,No,1.0,4.0,15.6,2.2,Yes,1.0,Wallet,2022-10-19,No,1392.0
CUST00940,Nashik,47.0,Male,36000.0,Prepaid,36.0,168.7,8.34,440.0,30.0,2.0,No,5G,Apple,High (25k-60k),211.65,1.0,No Contract,0.0,No,1.0,4.0,2.1,0.6,No,0.0,Debit Card,2022-05-19,No,1545.0
CUST00856,Mumbai,73.0,Male,49200.0,Prepaid,10.0,83.47,1.65,537.0,22.0,0.0,No Complaint Filed,2G,Samsung,Premium (>60k),72.19,1.0,No Contract,3.0,No,0.0,2.0,10.0,4.2,No,0.0,UPI,2022-05-30,No,1534.0
CUST00438,Solapur,39.0,Female,26600.0,Prepaid,61.0,157.95,3.67,466.0,23.0,4.0,Yes,4G,Samsung,Low (<10k),190.53,1.0,No Contract,4.0,No,1.0,3.0,15.7,9.0,No,0.0,UPI,2023-02-12,No,1276.0
CUST00120,Nagpur,45.0,Male,13700.0,Postpaid,96.0,138.08,2.71,770.0,21.0,2.0,No,3G,Samsung,Premium (>60k),140.2,0.0,No Contract,1.0,No,2.0,4.0,3.6,1.9,No,3.0,Debit Card,2020-08-29,No,2173.0
CUST01345,Chhatrapati Sambhajinagar,54.0,Female,35000.0,Prepaid,8.0,166.49,13.47,59.0,29.0,1.0,No,4G,Vivo,High (25k-60k),201.84,0.0,No Contract,5.0,No,0.0,3.0,11.1,9.5,Yes,0.0,,2023-08-16,No,1091.0
CUST01175,Nashik,53.0,Female,15700.0,Postpaid,37.0,154.8,16.27,367.0,18.0,2.0,Yes,4G,Realme,Premium (>60k),139.5,1.0,No Contract,1.0,No,0.0,3.0,1.6,4.3,No,0.0,Credit Card,2021-08-29,No,1808.0
CUST00791,Mumbai,47.0,Female,,Prepaid,1.0,214.62,0.71,4.0,30.0,1.0,Yes,4G,Xiaomi,Mid (10k-25k),179.85,1.0,With Contract,1.0,No,4.0,,6.1,5.1,Yes,0.0,UPI,2022-07-16,No,1487.0
CUST00342,Pune,41.0,Female,18500.0,Prepaid,8.0,447.46,10.27,938.0,26.0,0.0,No Complaint Filed,5G,OnePlus,High (25k-60k),,0.0,No Contract,4.0,No,0.0,4.0,13.1,1.4,No,0.0,Debit Card,2021-11-14,No,1731.0
CUST00816,Nagpur,40.0,Male,9100.0,Prepaid,41.0,93.92,2.61,490.0,15.0,1.0,Yes,3G,OnePlus,Low (<10k),107.94,0.0,With Contract,3.0,No,3.0,5.0,2.5,11.3,No,3.0,Wallet,2023-09-25,No,1051.0
CUST00003,Thane,69.0,Male,24300.0,Prepaid,2.0,290.39,20.19,813.0,28.0,0.0,No Complaint Filed,4G,Xiaomi,High (25k-60k),344.31,1.0,With Contract,2.0,Yes,2.0,,5.1,5.4,No,1.0,Wallet,2020-11-14,No,2096.0
CUST00230,,42.0,Female,41500.0,Prepaid,6.0,199.14,6.37,542.0,34.0,0.0,No Complaint Filed,4G,Samsung,High (25k-60k),257.27,0.0,No Contract,2.0,No,2.0,2.0,3.7,0.8,Yes,2.0,Debit Card,2020-01-24,No,2391.0
CUST01133,Mumbai,37.0,Male,21400.0,Prepaid,17.0,126.35,0.24,626.0,27.0,1.0,Yes,,OnePlus,Low (<10k),108.51,2.0,With Contract,2.0,No,1.0,3.0,0.9,3.6,Yes,4.0,UPI,2022-08-10,No,1462.0
CUST01456,,56.0,Female,33800.0,Prepaid,10.0,178.21,1.61,932.0,23.0,4.0,No,4G,Samsung,High (25k-60k),201.64,0.0,No Contract,0.0,No,3.0,4.0,0.3,3.1,Yes,0.0,Cash,2021-09-21,No,1785.0
CUST00077,Chhatrapati Sambhajinagar,,Male,73400.0,Prepaid,1.0,281.26,8.93,223.0,27.0,1.0,Yes,4G,OnePlus,High (25k-60k),234.12,1.0,With Contract,0.0,No,3.0,4.0,6.1,5.3,No,1.0,Credit Card,2023-10-03,No,1043.0
CUST01470,Chhatrapati Sambhajinagar,78.0,Female,63200.0,Postpaid,16.0,131.42,5.21,,17.0,0.0,No Complaint Filed,4G,Realme,Mid (10k-25k),155.27,1.0,No Contract,2.0,No,4.0,4.0,34.5,0.2,No,2.0,Cash,2019-03-24,No,2697.0
CUST01023,Navi Mumbai,31.0,Male,21600.0,Postpaid,4.0,331.24,0.43,594.0,30.0,2.0,No,4G,Realme,Mid (10k-25k),414.04,0.0,With Contract,3.0,No,3.0,3.0,2.9,0.7,No,0.0,UPI,2022-11-30,No,1350.0
CUST01475,Pune,60.0,Female,29400.0,Postpaid,60.0,265.36,15.77,564.0,22.0,3.0,Yes,5G,Xiaomi,Low (<10k),242.06,0.0,No Contract,1.0,Yes,3.0,4.0,3.3,10.2,Yes,2.0,Cash,2019-10-27,No,2480.0
CUST00372,Mumbai,42.0,Male,19700.0,Prepaid,23.0,190.07,9.25,553.0,27.0,2.0,Yes,4G,OnePlus,Mid (10k-25k),233.1,1.0,With Contract,0.0,Yes,0.0,5.0,4.6,8.8,No,2.0,UPI,2020-05-07,No,2287.0
CUST00181,Pune,59.0,Male,78500.0,Prepaid,0.0,138.56,7.13,477.0,28.0,0.0,No Complaint Filed,4G,Vivo,Low (<10k),149.33,1.0,No Contract,3.0,No,1.0,5.0,1.3,3.2,No,2.0,UPI,2021-05-09,No,1920.0
CUST01085,Navi Mumbai,60.0,Female,67400.0,Prepaid,32.0,45.1,2.26,714.0,21.0,0.0,No Complaint Filed,4G,Xiaomi,Mid (10k-25k),36.54,1.0,With Contract,1.0,No,1.0,3.0,1.2,3.1,No,0.0,Cash,2022-04-14,No,1580.0
CUST01486,Pune,42.0,,,Prepaid,23.0,355.23,3.74,307.0,27.0,1.0,No,4G,Apple,Low (<10k),393.69,1.0,,2.0,No,2.0,4.0,12.0,0.2,Yes,3.0,Credit Card,2024-01-26,No,928.0
CUST00942,Nagpur,56.0,Female,,Prepaid,0.0,226.54,3.35,670.0,16.0,1.0,Yes,4G,Samsung,Low (<10k),217.28,0.0,No Contract,0.0,No,0.0,4.0,12.4,14.4,No,1.0,UPI,2021-05-17,No,1912.0
CUST00578,Navi Mumbai,85.0,Female,22100.0,Postpaid,3.0,229.13,6.4,502.0,20.0,2.0,No,3G,Vivo,High (25k-60k),289.69,1.0,With Contract,2.0,Yes,0.0,2.0,3.3,8.0,Yes,0.0,Credit Card,2024-06-16,Yes,786.0
CUST00979,,45.0,,24600.0,Postpaid,4.0,164.29,14.92,442.0,24.0,3.0,No,4G,,High (25k-60k),152.33,1.0,No Contract,0.0,No,4.0,4.0,2.5,0.3,No,0.0,,2021-01-21,Yes,2028.0
CUST00820,Pune,66.0,Female,18400.0,Postpaid,13.0,144.21,7.28,11.0,26.0,0.0,No Complaint Filed,4G,OnePlus,Low (<10k),139.32,1.0,With Contract,4.0,No,3.0,4.0,9.6,1.1,Yes,1.0,Credit Card,2022-02-14,No,1639.0
CUST01135,Thane,64.0,Male,32900.0,Prepaid,6.0,241.34,13.16,387.0,22.0,2.0,No,4G,Realme,Premium (>60k),214.63,1.0,No Contract,6.0,No,1.0,,8.3,7.2,Yes,4.0,Wallet,2023-03-31,No,1229.0
CUST01122,Navi Mumbai,25.0,Female,45400.0,Postpaid,37.0,92.79,9.05,415.0,16.0,0.0,No Complaint Filed,4G,Samsung,Low (<10k),105.29,1.0,With Contract,2.0,No,1.0,4.0,1.4,0.7,No,0.0,UPI,2019-12-13,No,2433.0
CUST01301,Mumbai,37.0,Male,15400.0,Prepaid,6.0,41.88,3.83,186.0,26.0,2.0,Yes,4G,Samsung,Low (<10k),44.31,2.0,No Contract,5.0,No,0.0,4.0,,1.8,Yes,0.0,UPI,2019-07-25,No,2574.0
CUST01292,Mumbai,56.0,Female,11900.0,Prepaid,81.0,196.51,17.53,563.0,21.0,1.0,No,5G,Apple,Premium (>60k),175.62,1.0,No Contract,2.0,No,1.0,3.0,15.8,7.1,Yes,2.0,UPI,2020-04-20,No,2304.0
CUST00063,Solapur,39.0,Male,,Prepaid,6.0,57.05,2.01,437.0,25.0,1.0,No,4G,,High (25k-60k),50.01,0.0,No Contract,2.0,No,4.0,2.0,3.0,1.8,No,1.0,UPI,2019-04-03,Yes,2687.0
CUST00590,Mumbai,41.0,Female,,Postpaid,18.0,108.7,1.74,531.0,28.0,1.0,No,3G,OnePlus,Mid (10k-25k),130.72,0.0,No Contract,2.0,No,0.0,4.0,0.6,7.1,No,0.0,Credit Card,2019-08-20,Yes,2548.0
CUST00887,Thane,40.0,Male,40300.0,Postpaid,38.0,305.44,8.6,504.0,30.0,0.0,No Complaint Filed,4G,Xiaomi,Mid (10k-25k),381.62,1.0,No Contract,4.0,No,1.0,4.0,7.7,0.3,Yes,0.0,Credit Card,2023-06-15,No,1153.0
CUST00969,Nagpur,31.0,Female,53300.0,Prepaid,6.0,300.5,6.0,508.0,26.0,2.0,Yes,4G,Xiaomi,High (25k-60k),313.07,1.0,No Contract,3.0,No,1.0,5.0,9.3,0.2,Yes,0.0,Cash,2019-04-07,No,2683.0
CUST01131,Thane,41.0,Female,15800.0,Prepaid,0.0,290.04,2.4,502.0,34.0,0.0,No Complaint Filed,4G,Samsung,Low (<10k),249.28,1.0,No Contract,4.0,No,1.0,4.0,9.0,5.2,Yes,1.0,Credit Card,2022-09-19,No,1422.0
CUST00786,Navi Mumbai,39.0,Male,9900.0,Postpaid,5.0,72.37,4.8,92.0,22.0,1.0,Yes,3G,Xiaomi,High (25k-60k),66.57,1.0,No Contract,1.0,No,1.0,4.0,11.8,0.1,No,2.0,Cash,2020-12-24,Yes,2056.0
CUST01157,Mumbai,57.0,Female,11400.0,Postpaid,39.0,100.27,0.98,405.0,21.0,1.0,No,3G,Oppo,,80.57,2.0,No Contract,1.0,No,4.0,,0.3,0.5,Yes,1.0,UPI,2020-07-18,No,2215.0
CUST00312,Mumbai,,Male,33700.0,Prepaid,25.0,138.05,0.95,607.0,32.0,1.0,Yes,5G,Samsung,High (25k-60k),138.66,0.0,No Contract,1.0,No,1.0,5.0,3.0,5.1,Yes,3.0,UPI,2021-09-09,No,1797.0
CUST01212,Pune,56.0,Female,21700.0,Prepaid,55.0,76.59,2.87,639.0,26.0,0.0,No Complaint Filed,4G,Vivo,Low (<10k),90.59,2.0,No Contract,1.0,No,2.0,4.0,27.6,1.1,Yes,0.0,Debit Card,2023-03-02,No,1258.0
CUST00302,Nagpur,43.0,Male,34800.0,Prepaid,3.0,117.62,0.16,536.0,21.0,1.0,Yes,4G,Samsung,Mid (10k-25k),127.1,0.0,With Contract,6.0,No,0.0,1.0,32.8,0.6,No,0.0,UPI,2021-01-17,Yes,2032.0
CUST00723,Mumbai,44.0,Male,14900.0,Prepaid,24.0,300.71,0.04,570.0,26.0,2.0,No,4G,Samsung,Premium (>60k),277.68,0.0,No Contract,3.0,No,2.0,1.0,0.1,8.0,Yes,1.0,UPI,2022-05-12,No,1552.0
CUST00690,Mumbai,65.0,Female,26100.0,Postpaid,16.0,153.95,0.48,692.0,18.0,1.0,No,4G,Vivo,Low (<10k),147.77,1.0,With Contract,2.0,No,3.0,2.0,12.9,2.1,No,2.0,Cash,2019-07-07,No,2592.0
CUST00813,Mumbai,47.0,Female,38800.0,Prepaid,7.0,225.24,4.97,861.0,27.0,1.0,Yes,4G,Samsung,Mid (10k-25k),282.18,0.0,With Contract,1.0,Yes,2.0,4.0,9.4,11.7,Yes,1.0,Credit Card,2020-04-20,No,2304.0
CUST00038,Mumbai,54.0,Female,50100.0,Postpaid,9.0,394.1,3.42,23.0,17.0,2.0,No,5G,Xiaomi,Mid (10k-25k),400.52,0.0,With Contract,1.0,No,3.0,5.0,,20.3,Yes,2.0,UPI,2020-07-27,No,2206.0
CUST00354,Mumbai,58.0,Female,29400.0,Prepaid,17.0,209.02,11.42,574.0,20.0,0.0,No Complaint Filed,4G,Vivo,High (25k-60k),268.12,1.0,No Contract,4.0,No,1.0,4.0,14.2,13.2,Yes,0.0,Wallet,2021-07-06,No,1862.0
CUST01391,Mumbai,,Male,18400.0,Prepaid,12.0,148.67,6.67,560.0,28.0,1.0,No,4G,Samsung,High (25k-60k),126.3,0.0,With Contract,6.0,Yes,3.0,5.0,,16.1,Yes,0.0,Debit Card,2024-01-12,No,942.0
CUST00715,Pune,38.0,Male,23900.0,Prepaid,37.0,138.23,13.46,578.0,27.0,3.0,No,4G,Xiaomi,Mid (10k-25k),111.05,0.0,With Contract,2.0,No,4.0,5.0,2.8,10.4,No,0.0,Credit Card,2020-01-31,No,2384.0
CUST00981,Pune,41.0,Male,,Prepaid,22.0,201.19,0.2,860.0,31.0,0.0,No Complaint Filed,4G,Samsung,Mid (10k-25k),247.69,0.0,No Contract,0.0,No,2.0,1.0,5.3,2.4,No,0.0,UPI,2020-07-30,No,2203.0
CUST00237,Pune,45.0,Female,11100.0,Prepaid,25.0,311.74,5.64,656.0,14.0,3.0,No,4G,Realme,Low (<10k),368.04,0.0,No Contract,1.0,No,3.0,5.0,25.2,9.3,No,0.0,Debit Card,2021-12-02,No,1713.0
CUST01263,Pune,49.0,Female,47800.0,Prepaid,5.0,182.78,2.7,814.0,22.0,0.0,No Complaint Filed,4G,Xiaomi,Mid (10k-25k),,0.0,No Contract,1.0,No,0.0,3.0,10.0,19.6,No,2.0,Debit Card,2020-09-06,No,2165.0
CUST00963,Mumbai,35.0,Female,15300.0,Prepaid,11.0,51.8,0.68,289.0,30.0,0.0,No Complaint Filed,,OnePlus,Mid (10k-25k),47.41,0.0,No Contract,1.0,No,1.0,2.0,6.7,6.0,No,0.0,Credit Card,2024-04-14,No,849.0
CUST01154,Thane,59.0,Male,47800.0,Prepaid,13.0,229.28,0.74,373.0,23.0,0.0,No Complaint Filed,4G,Apple,High (25k-60k),211.7,0.0,No Contract,0.0,No,3.0,4.0,6.3,2.4,Yes,3.0,Cash,2022-08-10,No,1462.0
CUST00730,Mumbai,63.0,Male,10200.0,Postpaid,1.0,178.94,7.42,260.0,38.0,3.0,No,4G,Xiaomi,Low (<10k),158.41,2.0,No Contract,1.0,Yes,2.0,3.0,1.9,7.7,No,3.0,Net Banking,2024-06-01,Yes,801.0
CUST01248,Mumbai,35.0,Male,,Postpaid,7.0,260.9,6.12,,30.0,1.0,No,3G,Realme,Premium (>60k),296.78,2.0,No Contract,0.0,No,2.0,4.0,16.9,0.1,No,0.0,UPI,2022-05-29,No,1535.0
CUST01019,Navi Mumbai,52.0,Female,131300.0,Postpaid,0.0,371.31,7.49,279.0,21.0,2.0,No,3G,Realme,Low (<10k),357.92,0.0,With Contract,3.0,No,2.0,3.0,6.2,0.3,No,1.0,Debit Card,2022-04-14,No,1580.0
CUST00500,Akola,39.0,Male,47600.0,Postpaid,4.0,73.75,1.48,,19.0,0.0,No Complaint Filed,4G,Xiaomi,Mid (10k-25k),,0.0,With Contract,1.0,No,3.0,2.0,0.6,3.1,Yes,3.0,UPI,2020-03-16,No,2339.0
CUST01250,Nashik,26.0,Female,22300.0,Prepaid,49.0,358.85,0.99,370.0,21.0,1.0,Yes,4G,Xiaomi,High (25k-60k),320.64,0.0,No Contract,2.0,No,0.0,5.0,7.2,0.6,Yes,3.0,UPI,2019-11-03,No,2473.0
CUST00554,Nagpur,55.0,Male,,Postpaid,39.0,332.23,4.02,305.0,23.0,0.0,No Complaint Filed,4G,Vivo,Mid (10k-25k),361.35,0.0,No Contract,2.0,No,1.0,4.0,5.9,17.9,No,4.0,Credit Card,2021-11-02,No,1743.0
CUST00056,Navi Mumbai,39.0,Male,21900.0,Prepaid,29.0,267.25,1.31,607.0,30.0,1.0,Yes,5G,OnePlus,Low (<10k),343.13,1.0,No Contract,3.0,No,4.0,5.0,18.0,6.6,Yes,0.0,UPI,2019-01-28,No,2752.0
CUST00303,Nagpur,41.0,Male,9700.0,Prepaid,5.0,182.78,3.76,520.0,29.0,2.0,No,4G,Samsung,Mid (10k-25k),232.98,2.0,No Contract,1.0,No,2.0,2.0,13.5,0.8,No,1.0,Credit Card,2021-12-30,Yes,1685.0
CUST00795,Mumbai,41.0,Male,30000.0,Prepaid,19.0,701.11,7.39,786.0,25.0,1.0,No,4G,Apple,Low (<10k),708.36,0.0,No Contract,3.0,No,1.0,2.0,0.5,2.3,Yes,1.0,,2019-06-26,No,2603.0
CUST00287,Pune,37.0,Female,19700.0,Postpaid,31.0,92.48,1.69,445.0,35.0,2.0,Yes,,Apple,Mid (10k-25k),120.03,0.0,No Contract,4.0,No,0.0,1.0,24.6,2.1,No,0.0,UPI,2022-10-30,Yes,1381.0
CUST01151,Thane,29.0,Male,51500.0,Postpaid,14.0,211.95,4.06,390.0,30.0,0.0,No Complaint Filed,3G,Samsung,Mid (10k-25k),184.5,1.0,No Contract,1.0,No,1.0,4.0,3.4,1.6,No,2.0,Debit Card,2020-01-17,No,2398.0
CUST00220,Kolhapur,80.0,Male,,Postpaid,40.0,59.35,,680.0,31.0,2.0,Yes,4G,Realme,Low (<10k),50.72,2.0,No Contract,1.0,No,1.0,1.0,1.5,1.0,Yes,0.0,Wallet,2019-08-12,No,2556.0
CUST00901,Mumbai,78.0,Male,12200.0,Postpaid,19.0,254.84,5.84,355.0,35.0,2.0,Yes,4G,Apple,Mid (10k-25k),323.1,0.0,No Contract,0.0,No,3.0,4.0,,12.2,Yes,2.0,UPI,2024-03-02,No,892.0
CUST00991,Solapur,58.0,Male,10100.0,Prepaid,25.0,134.1,2.51,208.0,23.0,0.0,No Complaint Filed,4G,Xiaomi,Mid (10k-25k),138.4,0.0,With Contract,2.0,No,0.0,4.0,3.0,4.9,Yes,0.0,Credit Card,2020-06-16,No,2247.0
CUST01034,Mumbai,61.0,,35300.0,Prepaid,11.0,153.44,2.13,454.0,30.0,3.0,Yes,4G,Oppo,Low (<10k),126.51,1.0,With Contract,2.0,No,2.0,4.0,16.7,26.9,No,0.0,UPI,2019-09-21,No,2516.0
CUST00935,Mumbai,45.0,,35200.0,Postpaid,4.0,239.1,15.36,,20.0,2.0,No,4G,Samsung,Low (<10k),299.09,0.0,With Contract,1.0,No,0.0,2.0,5.9,7.1,No,0.0,Wallet,2021-08-16,No,1821.0
CUST00388,Mumbai,39.0,Male,26600.0,Postpaid,47.0,101.54,6.72,484.0,22.0,1.0,Yes,3G,Oppo,Mid (10k-25k),84.26,1.0,With Contract,4.0,No,3.0,4.0,2.7,7.9,Yes,0.0,UPI,2021-09-09,No,1797.0
CUST00391,Akola,34.0,Male,17800.0,Prepaid,4.0,116.94,1.45,712.0,18.0,2.0,No,4G,Oppo,Low (<10k),112.28,1.0,With Contract,2.0,No,0.0,,15.8,0.9,Yes,1.0,Debit Card,2021-10-05,No,1771.0
CUST00744,Nagpur,53.0,Female,94700.0,Prepaid,9.0,111.46,2.14,536.0,26.0,2.0,No,4G,Xiaomi,Low (<10k),106.72,2.0,No Contract,4.0,No,3.0,1.0,5.1,7.2,No,0.0,Cash,2024-01-17,Yes,937.0
CUST00353,Thane,75.0,Female,28600.0,Prepaid,14.0,264.13,7.32,719.0,25.0,0.0,No Complaint Filed,4G,Xiaomi,Mid (10k-25k),276.41,1.0,No Contract,2.0,No,0.0,5.0,1.0,5.5,Yes,1.0,Debit Card,2024-02-19,No,904.0
CUST00236,Thane,45.0,Female,43000.0,Postpaid,14.0,296.21,15.07,557.0,19.0,0.0,No Complaint Filed,4G,Xiaomi,Low (<10k),241.6,0.0,No Contract,1.0,No,1.0,4.0,2.1,3.9,No,0.0,UPI,2019-07-10,No,2589.0
CUST01284,Mumbai,52.0,Male,58900.0,Prepaid,-3.0,323.0,1.71,177.0,25.0,5.0,No,2G,Samsung,High (25k-60k),380.07,1.0,No Contract,0.0,No,1.0,3.0,3.9,1.6,No,2.0,Credit Card,2019-03-01,No,2720.0
CUST00481,Nashik,38.0,Male,17200.0,Prepaid,17.0,216.6,2.64,563.0,28.0,2.0,Yes,4G,Xiaomi,Premium (>60k),271.1,1.0,No Contract,3.0,No,0.0,3.0,51.2,2.4,No,3.0,UPI,2024-06-02,Yes,800.0
CUST00568,Pune,85.0,Male,21400.0,Prepaid,12.0,269.21,0.06,534.0,20.0,1.0,Yes,4G,Vivo,Low (<10k),240.55,2.0,No Contract,1.0,No,1.0,4.0,25.6,1.2,Yes,0.0,Wallet,2020-06-18,No,2245.0
CUST01268,Pune,61.0,Male,45000.0,Prepaid,13.0,226.69,7.0,356.0,30.0,1.0,No,4G,Xiaomi,Premium (>60k),278.65,1.0,With Contract,0.0,No,2.0,4.0,7.6,5.1,No,2.0,UPI,2020-11-19,No,2091.0
CUST01403,Mumbai,51.0,Male,11700.0,Prepaid,2.0,243.03,9.04,754.0,21.0,1.0,Yes,4G,Samsung,Low (<10k),205.18,0.0,No Contract,3.0,No,3.0,,18.3,7.7,Yes,1.0,Credit Card,2020-03-29,No,2326.0
CUST01178,Mumbai,56.0,Male,13100.0,Postpaid,4.0,81.44,11.61,267.0,21.0,3.0,Yes,4G,Vivo,Low (<10k),105.39,0.0,No Contract,2.0,No,1.0,3.0,3.4,17.2,No,1.0,,2020-07-06,No,2227.0
CUST00121,Solapur,44.0,Female,31700.0,Prepaid,32.0,295.91,7.99,,24.0,0.0,No Complaint Filed,4G,Apple,Mid (10k-25k),250.91,0.0,With Contract,0.0,No,1.0,4.0,,13.5,No,4.0,Debit Card,2024-06-17,No,785.0
CUST01298,Mumbai,74.0,Female,20600.0,Postpaid,1.0,583.91,23.41,337.0,28.0,2.0,No,4G,Oppo,Premium (>60k),613.45,0.0,No Contract,1.0,Yes,1.0,1.0,1.8,2.4,No,0.0,Debit Card,2023-06-16,Yes,1152.0
CUST01025,Navi Mumbai,57.0,Male,30000.0,Prepaid,8.0,200.85,9.44,583.0,22.0,0.0,No Complaint Filed,4G,Samsung,Mid (10k-25k),170.26,0.0,No Contract,1.0,No,2.0,3.0,0.9,3.1,No,0.0,UPI,2020-07-20,No,2213.0
CUST00927,Mumbai,,Male,44800.0,Postpaid,8.0,144.36,15.32,510.0,23.0,2.0,No,4G,Apple,High (25k-60k),136.81,0.0,No Contract,3.0,No,1.0,3.0,3.0,9.8,Yes,0.0,UPI,2021-02-21,No,1997.0
CUST00516,Mumbai,75.0,Female,11300.0,Prepaid,0.0,210.85,0.07,648.0,19.0,1.0,Yes,4G,Oppo,Mid (10k-25k),238.28,1.0,With Contract,1.0,No,1.0,4.0,2.0,1.3,No,0.0,Wallet,2021-01-30,No,2019.0
CUST00224,Pune,35.0,Male,34600.0,Prepaid,75.0,128.37,10.7,556.0,13.0,2.0,No,4G,Samsung,Premium (>60k),125.03,0.0,No Contract,0.0,No,2.0,1.0,41.4,1.8,Yes,3.0,UPI,2022-02-13,No,1640.0
CUST01229,Akola,79.0,Male,48100.0,Postpaid,16.0,76.32,7.28,260.0,28.0,1.0,No,4G,,Mid (10k-25k),87.99,2.0,With Contract,1.0,No,2.0,5.0,3.5,1.3,Yes,0.0,Credit Card,2022-04-06,No,1588.0
CUST00614,Mumbai,33.0,Female,52900.0,Prepaid,10.0,292.12,4.88,455.0,22.0,0.0,No Complaint Filed,4G,Apple,Premium (>60k),325.96,1.0,No Contract,3.0,No,1.0,4.0,10.7,3.3,Yes,0.0,UPI,2023-06-20,Yes,1148.0
CUST00844,Sangli,64.0,Male,10900.0,Prepaid,31.0,136.29,3.36,668.0,26.0,1.0,Yes,4G,Xiaomi,Low (<10k),167.05,0.0,No Contract,2.0,No,3.0,5.0,8.8,1.9,No,2.0,Wallet,2023-01-17,No,1302.0
CUST00053,Navi Mumbai,38.0,Female,11700.0,Postpaid,34.0,302.26,10.83,442.0,36.0,1.0,No,4G,OnePlus,Mid (10k-25k),304.1,1.0,No Contract,1.0,No,2.0,3.0,17.1,8.6,No,1.0,UPI,2022-11-13,No,1367.0
CUST01387,Chhatrapati Sambhajinagar,39.0,Female,16500.0,Prepaid,2.0,102.2,0.91,,26.0,2.0,No,5G,Apple,Low (<10k),104.58,1.0,No Contract,4.0,No,1.0,3.0,6.7,5.6,No,3.0,Wallet,2024-03-12,Yes,882.0
CUST00486,Navi Mumbai,84.0,Male,18600.0,Postpaid,20.0,384.33,3.58,537.0,26.0,1.0,Yes,4G,OnePlus,Premium (>60k),352.63,0.0,With Contract,1.0,No,1.0,5.0,12.8,4.5,No,1.0,UPI,2022-08-06,No,1466.0
CUST01439,Mumbai,67.0,Male,23200.0,Postpaid,11.0,94.48,0.69,482.0,23.0,1.0,Yes,3G,Vivo,Low (<10k),110.38,2.0,With Contract,3.0,No,2.0,4.0,1.5,0.2,No,1.0,Debit Card,2023-05-12,Yes,1187.0
CUST00819,Mumbai,56.0,Female,22500.0,Prepaid,32.0,135.77,4.74,762.0,29.0,1.0,Yes,5G,Xiaomi,Mid (10k-25k),117.87,0.0,With Contract,2.0,No,0.0,4.0,3.2,7.1,Yes,2.0,UPI,2024-06-05,No,797.0
CUST00156,Mumbai,56.0,Male,20800.0,Postpaid,14.0,59.01,2.42,204.0,22.0,0.0,No Complaint Filed,3G,OnePlus,Low (<10k),59.54,1.0,No Contract,4.0,No,0.0,2.0,1.7,12.3,Yes,0.0,Credit Card,2023-02-20,Yes,1268.0
CUST00601,Mumbai,51.0,Other,43100.0,Postpaid,16.0,45.13,4.52,1087.0,31.0,2.0,Yes,2G,Samsung,Low (<10k),42.69,0.0,No Contract,2.0,No,1.0,4.0,8.2,7.4,No,1.0,Credit Card,2019-11-04,No,2472.0
CUST01207,Thane,66.0,Male,37100.0,Postpaid,37.0,116.07,22.02,507.0,19.0,2.0,Yes,4G,Xiaomi,Mid (10k-25k),141.83,1.0,With Contract,6.0,No,3.0,5.0,7.0,3.3,Yes,0.0,Wallet,2022-11-08,No,1372.0
CUST00249,Sangli,53.0,Male,18700.0,Prepaid,10.0,29.43,0.93,540.0,20.0,1.0,Yes,4G,Samsung,Low (<10k),25.63,0.0,No Contract,3.0,No,3.0,2.0,11.2,13.7,Yes,1.0,Debit Card,2019-04-28,No,2662.0
CUST00762,Pune,61.0,Female,23300.0,Prepaid,16.0,285.62,14.3,609.0,30.0,1.0,Yes,4G,Xiaomi,Mid (10k-25k),259.4,2.0,With Contract,3.0,No,0.0,5.0,2.2,0.5,No,2.0,Debit Card,2021-12-30,No,1685.0
CUST01375,Mumbai,45.0,Male,33500.0,Prepaid,28.0,126.79,11.44,603.0,24.0,0.0,No Complaint Filed,4G,Apple,Low (<10k),137.58,1.0,With Contract,2.0,No,1.0,3.0,,1.3,Yes,0.0,UPI,2019-12-10,No,2436.0
CUST00543,Mumbai,46.0,Female,72100.0,Prepaid,15.0,87.93,7.34,413.0,17.0,1.0,No,3G,Xiaomi,Mid (10k-25k),86.83,1.0,With Contract,0.0,No,1.0,5.0,26.1,1.4,Yes,4.0,Credit Card,2021-08-26,No,1811.0
CUST00794,Nashik,56.0,Female,,Postpaid,4.0,176.21,5.65,153.0,34.0,1.0,Yes,4G,Apple,Mid (10k-25k),153.96,1.0,No Contract,2.0,Yes,2.0,1.0,7.9,7.0,No,3.0,Credit Card,2022-01-13,Yes,1671.0
CUST01095,Mumbai,35.0,Male,16600.0,Postpaid,28.0,162.58,11.56,692.0,34.0,2.0,Yes,4G,Realme,High (25k-60k),174.55,0.0,With Contract,5.0,No,4.0,3.0,3.4,4.1,No,1.0,UPI,2023-04-25,No,1204.0
CUST00629,Mumbai,56.0,Female,9500.0,Prepaid,6.0,556.74,5.67,139.0,25.0,1.0,Yes,4G,Samsung,High (25k-60k),459.76,0.0,With Contract,2.0,No,1.0,5.0,16.4,9.3,No,1.0,UPI,2023-10-17,No,1029.0
CUST00151,Navi Mumbai,50.0,Male,18400.0,Postpaid,19.0,81.01,3.61,697.0,21.0,1.0,Yes,4G,Xiaomi,Mid (10k-25k),82.05,0.0,No Contract,4.0,No,2.0,4.0,8.7,8.9,Yes,0.0,UPI,2023-07-06,No,1132.0
CUST00292,Mumbai,42.0,Male,23100.0,Postpaid,3.0,310.4,2.52,547.0,18.0,0.0,No Complaint Filed,5G,Vivo,Mid (10k-25k),283.62,0.0,With Contract,1.0,No,2.0,4.0,13.7,6.6,Yes,2.0,Debit Card,2019-05-25,No,2635.0
CUST00382,Thane,46.0,Female,13200.0,Prepaid,2.0,77.31,0.49,1136.0,26.0,1.0,Yes,4G,,Mid (10k-25k),96.4,1.0,No Contract,3.0,No,3.0,3.0,3.3,1.7,Yes,0.0,Cash,2021-01-03,No,2046.0
CUST00687,Nashik,85.0,Female,7200.0,Prepaid,17.0,227.61,7.69,578.0,21.0,2.0,No,4G,Samsung,Premium (>60k),189.11,0.0,,0.0,No,2.0,2.0,3.5,10.9,No,3.0,Wallet,2021-08-16,No,1821.0
CUST00898,Amravati,56.0,Male,10400.0,Prepaid,16.0,138.12,4.41,,18.0,3.0,Yes,4G,Oppo,Low (<10k),125.81,0.0,No Contract,0.0,No,1.0,4.0,4.1,8.5,Yes,1.0,UPI,2024-05-25,No,808.0
CUST00855,,65.0,Male,35300.0,Postpaid,38.0,206.47,8.93,258.0,25.0,3.0,No,4G,,Mid (10k-25k),246.22,0.0,No Contract,2.0,No,0.0,2.0,4.5,21.2,Yes,2.0,Cash,2022-01-25,No,1659.0
CUST01446,Mumbai,32.0,Male,120500.0,Postpaid,41.0,76.38,1.34,706.0,17.0,4.0,No,4G,Realme,Low (<10k),82.04,0.0,With Contract,1.0,No,3.0,4.0,6.3,1.0,No,1.0,UPI,2023-04-04,No,1225.0
CUST01273,Chhatrapati Sambhajinagar,40.0,Male,12800.0,Prepaid,96.0,409.15,1.87,559.0,18.0,2.0,No,3G,Apple,High (25k-60k),426.95,1.0,With Contract,1.0,No,0.0,4.0,1.4,4.9,Yes,1.0,UPI,2022-03-17,No,1608.0
CUST00892,Kolhapur,41.0,Male,16700.0,Postpaid,8.0,142.49,14.04,614.0,22.0,1.0,Yes,4G,Vivo,Low (<10k),120.15,1.0,No Contract,2.0,No,0.0,4.0,3.1,5.4,No,1.0,UPI,2022-04-05,No,1589.0
CUST00775,Solapur,42.0,Male,6200.0,Prepaid,11.0,288.76,12.64,81.0,27.0,0.0,No Complaint Filed,4G,Xiaomi,Low (<10k),319.86,0.0,No Contract,1.0,No,4.0,2.0,13.8,2.6,No,1.0,Debit Card,2023-02-22,Yes,1266.0
CUST00616,Navi Mumbai,45.0,Male,,Postpaid,7.0,258.26,2.2,439.0,23.0,3.0,Yes,5G,Samsung,High (25k-60k),229.63,1.0,With Contract,2.0,No,2.0,3.0,3.9,9.8,No,1.0,Debit Card,2022-09-24,No,1417.0
CUST00155,Akola,53.0,Male,8900.0,Prepaid,11.0,229.63,,759.0,28.0,2.0,Yes,4G,Vivo,Mid (10k-25k),293.9,2.0,With Contract,1.0,No,2.0,4.0,9.6,4.9,Yes,3.0,UPI,2019-09-27,No,2510.0
CUST00092,Thane,38.0,Female,44600.0,Postpaid,0.0,70.98,15.19,185.0,15.0,4.0,Yes,4G,Xiaomi,Mid (10k-25k),63.59,0.0,,1.0,No,2.0,,0.8,0.0,Yes,2.0,UPI,2019-08-22,Yes,2546.0
CUST00323,Thane,41.0,Female,27900.0,Postpaid,90.0,326.76,5.05,580.0,21.0,2.0,Yes,4G,Vivo,Mid (10k-25k),340.98,0.0,With Contract,0.0,No,0.0,3.0,,4.0,Yes,0.0,Net Banking,2021-03-03,No,1987.0
CUST01163,Pune,68.0,Male,106400.0,Prepaid,8.0,458.33,4.86,433.0,28.0,0.0,No Complaint Filed,4G,Xiaomi,Mid (10k-25k),427.87,1.0,No Contract,2.0,Yes,0.0,,8.0,26.4,No,0.0,UPI,2024-03-04,No,890.0
CUST00083,Pune,44.0,Female,23100.0,Postpaid,22.0,46.18,10.25,719.0,19.0,0.0,No Complaint Filed,5G,Oppo,Mid (10k-25k),57.97,0.0,With Contract,2.0,Yes,2.0,4.0,1.9,0.3,No,0.0,Wallet,2020-09-20,No,2151.0
CUST00513,Navi Mumbai,38.0,Other,24300.0,Prepaid,14.0,274.11,30.11,346.0,23.0,2.0,No,4G,Samsung,Low (<10k),313.82,1.0,No Contract,2.0,No,1.0,5.0,2.6,0.3,Yes,0.0,Wallet,2019-08-06,No,2562.0
CUST01147,Solapur,70.0,Male,34500.0,Prepaid,37.0,278.09,1.8,192.0,20.0,0.0,No Complaint Filed,4G,,Mid (10k-25k),357.65,2.0,With Contract,1.0,No,1.0,5.0,10.5,10.7,No,1.0,Credit Card,2023-10-25,No,1021.0
CUST00930,Mumbai,77.0,Female,18900.0,Prepaid,11.0,159.57,7.7,563.0,25.0,0.0,No Complaint Filed,4G,Samsung,Premium (>60k),170.34,3.0,No Contract,2.0,No,0.0,1.0,1.2,1.3,Yes,4.0,Credit Card,2021-04-19,No,1940.0
CUST01237,Kolhapur,44.0,Female,46400.0,Prepaid,8.0,360.41,8.33,306.0,22.0,1.0,Yes,4G,Xiaomi,Low (<10k),421.13,1.0,No Contract,1.0,No,3.0,3.0,1.4,2.9,No,1.0,Debit Card,2024-05-19,No,814.0
CUST00011,Mumbai,41.0,Female,41700.0,Prepaid,8.0,220.52,6.69,216.0,27.0,1.0,Yes,4G,Xiaomi,Mid (10k-25k),246.81,1.0,With Contract,5.0,No,2.0,4.0,12.1,6.8,No,1.0,Net Banking,2019-04-13,No,2677.0
CUST00832,Pune,44.0,Male,30500.0,Postpaid,5.0,343.19,0.69,623.0,31.0,1.0,Yes,4G,Samsung,Mid (10k-25k),313.8,0.0,No Contract,1.0,No,1.0,1.0,1.7,8.8,Yes,0.0,Cash,2021-05-01,Yes,1928.0
CUST00033,Mumbai,61.0,Male,38800.0,Postpaid,35.0,141.79,3.61,7.0,17.0,1.0,No,4G,Samsung,Mid (10k-25k),143.14,1.0,With Contract,3.0,No,2.0,1.0,25.5,1.8,No,0.0,UPI,2021-08-14,No,1823.0
CUST00414,Nashik,62.0,Male,13800.0,Postpaid,23.0,235.08,4.6,526.0,27.0,1.0,Yes,3G,Vivo,Mid (10k-25k),220.74,0.0,No Contract,1.0,No,0.0,2.0,10.2,0.9,No,2.0,Cash,2019-12-20,No,2426.0
CUST00581,Pune,47.0,Male,22200.0,Prepaid,36.0,453.25,10.63,655.0,33.0,0.0,No Complaint Filed,4G,Xiaomi,Mid (10k-25k),490.68,1.0,No Contract,2.0,No,2.0,4.0,10.7,7.3,No,1.0,Wallet,2023-11-06,No,1009.0
CUST01165,Mumbai,70.0,Female,13400.0,Prepaid,5.0,171.31,5.12,288.0,37.0,0.0,No Complaint Filed,4G,,Mid (10k-25k),162.58,1.0,With Contract,0.0,No,1.0,4.0,1.6,0.5,No,2.0,Credit Card,2022-10-08,No,1403.0
CUST01432,Nagpur,,Female,22300.0,Postpaid,5.0,482.58,10.38,552.0,24.0,5.0,Yes,5G,Samsung,High (25k-60k),410.24,0.0,With Contract,7.0,No,3.0,4.0,1.6,3.2,No,0.0,Debit Card,2024-02-03,Yes,920.0
CUST00615,Amravati,42.0,Female,15900.0,Postpaid,16.0,82.23,12.87,600.0,24.0,0.0,No Complaint Filed,4G,Apple,Mid (10k-25k),101.93,3.0,,0.0,No,2.0,4.0,24.8,0.6,Yes,0.0,Net Banking,2022-08-01,No,1471.0
CUST01046,Nashik,31.0,Female,22000.0,Prepaid,28.0,130.92,2.73,358.0,32.0,0.0,No Complaint Filed,4G,Apple,High (25k-60k),113.66,0.0,No Contract,0.0,No,1.0,3.0,1.3,1.7,No,2.0,Debit Card,2019-01-09,No,2771.0
CUST01015,Thane,54.0,Female,33000.0,Postpaid,55.0,251.35,5.62,,26.0,3.0,No,4G,OnePlus,Mid (10k-25k),278.34,0.0,With Contract,0.0,No,2.0,5.0,1.8,0.8,No,0.0,UPI,2022-02-04,No,1649.0
CUST00090,Pune,53.0,Male,28500.0,Prepaid,20.0,404.62,0.47,448.0,31.0,2.0,No,4G,Xiaomi,Low (<10k),388.32,1.0,With Contract,3.0,No,1.0,3.0,15.8,15.3,Yes,0.0,UPI,2022-03-02,No,1623.0
CUST01279,Mumbai,48.0,Female,47800.0,Prepaid,42.0,140.23,1.85,630.0,23.0,0.0,No Complaint Filed,4G,Vivo,Mid (10k-25k),144.89,1.0,No Contract,1.0,No,2.0,4.0,14.9,7.3,No,3.0,UPI,2022-02-06,No,1647.0
CUST00602,Mumbai,77.0,Female,19200.0,Postpaid,3.0,184.19,6.92,719.0,17.0,2.0,No,2G,Vivo,High (25k-60k),231.1,1.0,With Contract,1.0,No,1.0,5.0,26.9,3.9,No,0.0,UPI,2023-12-25,No,960.0
CUST00134,,,Male,14800.0,Prepaid,0.0,149.14,4.19,220.0,29.0,0.0,No Complaint Filed,4G,Oppo,Premium (>60k),126.01,0.0,No Contract,2.0,No,5.0,4.0,10.4,8.0,Yes,1.0,UPI,2022-02-08,No,1645.0
CUST00556,Pune,35.0,Female,9500.0,Postpaid,36.0,544.27,15.02,685.0,31.0,1.0,Yes,3G,Oppo,Low (<10k),584.41,1.0,With Contract,3.0,No,2.0,3.0,0.4,29.5,No,2.0,Cash,2023-11-20,No,995.0
CUST01032,Nashik,45.0,Female,10900.0,Prepaid,11.0,226.54,0.45,401.0,17.0,1.0,Yes,4G,Samsung,High (25k-60k),233.44,1.0,With Contract,2.0,No,0.0,2.0,,6.4,Yes,1.0,UPI,2019-08-20,No,2548.0
CUST01179,Chhatrapati Sambhajinagar,42.0,Male,22900.0,Prepaid,0.0,204.86,,272.0,15.0,0.0,No Complaint Filed,4G,Samsung,Mid (10k-25k),167.4,0.0,With Contract,2.0,Yes,1.0,1.0,14.7,2.6,No,0.0,Credit Card,2023-08-16,Yes,1091.0
CUST00321,Nagpur,63.0,Male,26200.0,Prepaid,16.0,357.89,0.35,269.0,23.0,0.0,No Complaint Filed,4G,Oppo,Mid (10k-25k),334.54,1.0,,0.0,No,3.0,,8.9,6.5,Yes,1.0,UPI,2020-12-03,No,2077.0
CUST01328,Chhatrapati Sambhajinagar,53.0,Male,6800.0,Prepaid,3.0,113.92,4.51,742.0,25.0,1.0,Yes,4G,,Premium (>60k),96.34,1.0,With Contract,3.0,No,1.0,4.0,5.4,2.3,Yes,1.0,UPI,2019-10-19,No,2488.0
CUST01306,Amravati,,,28200.0,Prepaid,10.0,199.71,0.1,488.0,31.0,1.0,No,4G,Vivo,Mid (10k-25k),225.21,0.0,With Contract,2.0,No,1.0,3.0,6.8,1.4,No,2.0,Credit Card,2019-05-29,No,2631.0
CUST00635,Mumbai,53.0,Male,,Prepaid,34.0,16.99,5.43,520.0,32.0,3.0,Yes,,Xiaomi,High (25k-60k),21.1,1.0,With Contract,0.0,No,0.0,1.0,1.2,4.9,Yes,1.0,Debit Card,2024-01-20,No,934.0
CUST00553,Nagpur,46.0,Male,,Prepaid,38.0,239.33,0.07,506.0,22.0,2.0,Yes,4G,Xiaomi,Premium (>60k),301.09,1.0,With Contract,0.0,No,0.0,2.0,7.6,0.6,No,0.0,Credit Card,2021-05-02,No,1927.0
CUST01056,,66.0,Male,41900.0,Prepaid,12.0,105.85,14.07,236.0,19.0,0.0,No Complaint Filed,4G,Realme,Mid (10k-25k),126.62,0.0,With Contract,3.0,No,4.0,3.0,23.1,4.6,Yes,2.0,Cash,2021-08-11,No,1826.0
CUST01172,Akola,35.0,Female,29000.0,Prepaid,15.0,41.05,7.61,437.0,26.0,2.0,No,4G,Realme,High (25k-60k),49.87,1.0,With Contract,3.0,Yes,1.0,5.0,3.5,18.4,No,0.0,Cash,2023-12-30,No,955.0
CUST00797,Navi Mumbai,71.0,Male,8600.0,Prepaid,9.0,153.89,0.73,391.0,21.0,1.0,No,5G,,Low (<10k),188.86,1.0,No Contract,0.0,No,1.0,1.0,0.1,1.6,No,1.0,Credit Card,2022-05-02,No,1562.0
CUST01362,Mumbai,56.0,Male,16500.0,Postpaid,1.0,189.99,1.32,394.0,18.0,1.0,Yes,4G,Samsung,,197.67,2.0,No Contract,3.0,No,1.0,4.0,11.9,8.4,Yes,3.0,UPI,2023-08-13,Yes,1094.0
CUST00175,Thane,39.0,Male,33400.0,Prepaid,6.0,250.34,1.4,382.0,29.0,1.0,Yes,4G,Realme,Low (<10k),296.3,2.0,No Contract,0.0,No,2.0,5.0,1.3,3.7,No,3.0,Credit Card,2021-04-29,No,1930.0
CUST00767,Chhatrapati Sambhajinagar,57.0,Female,6800.0,Prepaid,42.0,109.31,1.87,464.0,25.0,4.0,Yes,4G,Vivo,High (25k-60k),87.76,0.0,With Contract,3.0,No,1.0,2.0,0.3,5.7,No,1.0,Credit Card,2023-06-19,No,1149.0
CUST00246,Navi Mumbai,48.0,Female,34500.0,Prepaid,9.0,188.46,6.16,839.0,26.0,0.0,No Complaint Filed,3G,,Mid (10k-25k),181.21,0.0,No Contract,3.0,No,1.0,5.0,9.7,6.9,No,1.0,Debit Card,2023-08-25,No,1082.0
CUST01081,Chhatrapati Sambhajinagar,31.0,Male,25100.0,Prepaid,30.0,117.34,0.46,880.0,22.0,2.0,No,4G,Vivo,Mid (10k-25k),117.73,0.0,No Contract,1.0,Yes,2.0,4.0,3.0,3.8,No,0.0,UPI,2020-02-05,No,2379.0
CUST01305,Thane,57.0,Female,27400.0,Prepaid,0.0,225.52,4.69,595.0,26.0,3.0,No,4G,Samsung,Low (<10k),253.94,0.0,No Contract,0.0,No,0.0,4.0,4.3,0.6,No,4.0,UPI,2021-07-18,No,1850.0
CUST00146,Mumbai,35.0,Male,8300.0,Prepaid,5.0,244.6,2.54,541.0,28.0,1.0,Yes,4G,Vivo,High (25k-60k),242.43,0.0,With Contract,3.0,No,3.0,2.0,36.9,0.5,No,0.0,UPI,2021-04-20,No,1939.0
CUST00091,Mumbai,45.0,Female,34900.0,Prepaid,31.0,216.34,17.58,677.0,27.0,2.0,No,4G,Samsung,Low (<10k),175.28,1.0,No Contract,2.0,Yes,3.0,2.0,13.8,3.0,Yes,3.0,,2022-10-10,No,1401.0
CUST00683,Mumbai,69.0,Male,17000.0,Prepaid,5.0,309.79,5.59,174.0,26.0,1.0,No,4G,Xiaomi,High (25k-60k),324.66,0.0,No Contract,1.0,No,2.0,5.0,3.6,5.7,No,1.0,Wallet,2021-04-04,No,1955.0
CUST00311,Pune,50.0,Female,38900.0,Prepaid,1.0,421.83,5.25,110.0,40.0,1.0,Yes,4G,Oppo,High (25k-60k),394.72,2.0,No Contract,0.0,Yes,2.0,3.0,8.8,16.1,Yes,2.0,UPI,2020-07-27,No,2206.0
CUST00094,Nagpur,44.0,Male,35300.0,Prepaid,8.0,153.21,3.79,594.0,23.0,3.0,No,4G,Vivo,Low (<10k),134.16,0.0,With Contract,1.0,No,0.0,,0.4,12.2,No,0.0,UPI,2019-10-19,No,2488.0
CUST01181,Sangli,34.0,Male,55200.0,Prepaid,36.0,221.99,1.17,84.0,22.0,1.0,No,4G,Realme,Low (<10k),220.44,0.0,No Contract,0.0,No,0.0,4.0,5.1,6.6,No,0.0,UPI,2023-08-28,No,1079.0
CUST00925,Pune,47.0,Male,61100.0,Prepaid,25.0,248.81,8.75,265.0,27.0,0.0,No Complaint Filed,4G,Vivo,Mid (10k-25k),291.48,1.0,With Contract,2.0,No,2.0,4.0,16.4,4.2,No,1.0,Credit Card,2022-05-08,No,1556.0
CUST01272,Kolhapur,41.0,,55700.0,Prepaid,30.0,182.51,0.39,527.0,30.0,0.0,No Complaint Filed,3G,Apple,Mid (10k-25k),226.69,1.0,No Contract,0.0,No,0.0,4.0,7.8,13.1,Yes,3.0,Debit Card,2020-07-03,No,2230.0
CUST01036,Thane,49.0,Female,16900.0,Postpaid,6.0,519.4,0.82,348.0,37.0,1.0,No,4G,Oppo,Low (<10k),623.73,2.0,With Contract,3.0,Yes,0.0,,29.0,2.8,No,0.0,Wallet,2023-09-27,No,1049.0
CUST00244,Pune,58.0,Male,38600.0,Prepaid,11.0,430.84,0.12,,27.0,2.0,No,3G,Vivo,,489.63,1.0,No Contract,1.0,No,1.0,4.0,1.7,8.1,No,0.0,UPI,2023-01-02,No,1317.0
CUST01112,Mumbai,58.0,Male,,Prepaid,5.0,118.97,1.7,501.0,25.0,1.0,No,,Samsung,Mid (10k-25k),,1.0,No Contract,2.0,No,0.0,2.0,8.8,5.6,No,1.0,Wallet,2020-02-22,Yes,2362.0
CUST00215,Thane,62.0,Male,16500.0,Prepaid,43.0,183.8,24.96,419.0,28.0,0.0,No Complaint Filed,3G,OnePlus,High (25k-60k),195.1,0.0,No Contract,0.0,No,0.0,1.0,5.5,5.9,No,1.0,Credit Card,2021-07-20,No,1848.0
CUST00999,Navi Mumbai,42.0,Female,44000.0,Prepaid,6.0,36.3,2.73,479.0,40.0,1.0,No,5G,Samsung,Low (<10k),45.18,1.0,With Contract,2.0,No,1.0,3.0,3.0,7.3,No,1.0,Net Banking,2019-09-11,No,2526.0
CUST00854,Amravati,43.0,Female,10800.0,Postpaid,0.0,89.62,1.62,632.0,29.0,2.0,Yes,4G,Xiaomi,Premium (>60k),107.88,1.0,With Contract,0.0,No,2.0,5.0,0.0,24.3,No,0.0,UPI,2020-09-28,No,2143.0
CUST00426,,44.0,Male,26600.0,Prepaid,11.0,195.87,19.19,457.0,25.0,1.0,Yes,3G,Xiaomi,Low (<10k),185.96,2.0,With Contract,2.0,No,1.0,2.0,0.3,3.4,Yes,4.0,UPI,2020-10-26,Yes,2115.0
CUST01323,Amravati,44.0,Female,19800.0,Prepaid,26.0,245.04,10.64,538.0,26.0,0.0,No Complaint Filed,4G,Vivo,Low (<10k),306.4,0.0,No Contract,1.0,No,2.0,4.0,15.3,15.7,Yes,0.0,UPI,2022-10-26,No,1385.0
CUST00227,Sangli,38.0,Female,51800.0,Prepaid,19.0,168.21,0.63,506.0,30.0,2.0,No,4G,Samsung,Premium (>60k),177.23,1.0,With Contract,1.0,No,1.0,4.0,12.3,5.8,Yes,0.0,UPI,2022-06-14,No,1519.0
CUST01228,Mumbai,35.0,Male,48100.0,Prepaid,52.0,180.41,4.22,408.0,30.0,1.0,No,4G,Vivo,Mid (10k-25k),164.53,1.0,With Contract,2.0,No,1.0,3.0,21.1,0.3,Yes,2.0,Net Banking,2021-05-04,No,1925.0
CUST00001,Pune,66.0,Female,36300.0,Prepaid,77.0,150.38,,881.0,24.0,4.0,Yes,4G,Apple,Low (<10k),166.29,2.0,With Contract,2.0,No,0.0,3.0,0.2,13.8,No,3.0,Net Banking,2024-07-03,No,769.0
CUST00402,Navi Mumbai,57.0,Male,18400.0,Postpaid,17.0,256.14,4.7,290.0,20.0,1.0,No,4G,Xiaomi,Low (<10k),307.08,1.0,No Contract,2.0,No,3.0,1.0,1.2,1.3,Yes,0.0,Net Banking,2020-10-19,No,2122.0
CUST01104,Navi Mumbai,,Male,40500.0,Postpaid,18.0,16.12,1.59,589.0,21.0,1.0,Yes,4G,Apple,Low (<10k),19.77,1.0,With Contract,3.0,No,2.0,3.0,4.0,23.4,No,3.0,UPI,2024-04-02,No,861.0
CUST00085,Pune,85.0,Female,40700.0,Postpaid,30.0,237.86,5.19,154.0,23.0,1.0,Yes,4G,Apple,Low (<10k),216.96,0.0,No Contract,0.0,No,2.0,5.0,0.8,0.7,Yes,1.0,Cash,2024-01-31,No,923.0
CUST00163,,43.0,Other,29400.0,Prepaid,1.0,347.71,4.2,287.0,29.0,2.0,No,4G,Oppo,Mid (10k-25k),336.51,1.0,No Contract,1.0,No,3.0,1.0,1.4,3.4,No,2.0,Net Banking,2023-11-30,Yes,985.0
CUST00115,Nashik,36.0,Male,16000.0,Prepaid,16.0,124.74,8.07,656.0,22.0,1.0,No,4G,Oppo,High (25k-60k),141.76,1.0,No Contract,1.0,Yes,3.0,3.0,7.8,5.0,Yes,1.0,Wallet,2020-03-21,No,2334.0
CUST00671,Mumbai,52.0,Female,28300.0,Postpaid,12.0,269.44,8.1,480.0,15.0,1.0,Yes,3G,Vivo,High (25k-60k),251.48,1.0,With Contract,3.0,No,2.0,3.0,1.4,0.7,No,4.0,Credit Card,2022-02-25,No,1628.0
CUST01201,Chhatrapati Sambhajinagar,37.0,Female,23600.0,Prepaid,20.0,259.37,8.2,475.0,20.0,0.0,No Complaint Filed,5G,Xiaomi,High (25k-60k),335.35,0.0,With Contract,2.0,No,2.0,1.0,19.4,4.5,Yes,1.0,Net Banking,2024-05-16,No,817.0
CUST00890,Mumbai,49.0,Female,34300.0,Postpaid,11.0,233.6,0.75,187.0,22.0,0.0,No Complaint Filed,3G,Samsung,Low (<10k),282.43,2.0,No Contract,0.0,Yes,1.0,5.0,3.9,4.5,Yes,0.0,Cash,2022-06-16,No,1517.0
CUST00626,Pune,59.0,Female,11400.0,Postpaid,11.0,262.38,7.41,540.0,25.0,0.0,No Complaint Filed,5G,Oppo,Low (<10k),245.56,1.0,No Contract,2.0,No,3.0,1.0,5.4,0.0,No,0.0,Cash,2022-07-09,No,1494.0
CUST01474,Pune,57.0,Male,22400.0,Prepaid,5.0,296.73,7.96,567.0,29.0,2.0,Yes,4G,Samsung,High (25k-60k),238.57,1.0,No Contract,1.0,No,5.0,4.0,2.6,5.6,No,0.0,Net Banking,2021-06-08,No,1890.0
CUST00953,Mumbai,46.0,Female,14800.0,Prepaid,0.0,299.25,3.66,370.0,22.0,0.0,No Complaint Filed,2G,Samsung,Low (<10k),333.05,0.0,No Contract,5.0,No,1.0,5.0,0.4,3.9,No,1.0,Debit Card,2022-01-07,No,1677.0
CUST00808,Navi Mumbai,59.0,Female,14800.0,Prepaid,12.0,368.79,1.41,801.0,22.0,0.0,No Complaint Filed,4G,Vivo,Low (<10k),351.79,1.0,No Contract,0.0,No,1.0,5.0,10.2,7.5,Yes,0.0,UPI,2019-07-30,No,2569.0
CUST00259,Nashik,45.0,Male,40900.0,Prepaid,20.0,218.4,0.91,472.0,21.0,1.0,No,4G,Samsung,High (25k-60k),193.48,1.0,No Contract,3.0,Yes,4.0,3.0,2.6,3.9,No,3.0,UPI,2024-03-17,No,877.0
CUST00625,Nashik,75.0,Female,20100.0,Prepaid,18.0,357.33,1.46,578.0,23.0,2.0,No,4G,Xiaomi,Mid (10k-25k),372.07,1.0,With Contract,5.0,No,0.0,1.0,3.3,15.2,Yes,1.0,Credit Card,2021-07-30,No,1838.0
CUST00827,Pune,62.0,Female,18100.0,Postpaid,8.0,127.5,3.73,,27.0,1.0,Yes,4G,Realme,Low (<10k),146.26,1.0,No Contract,3.0,No,0.0,,24.4,1.5,No,1.0,UPI,2020-10-06,No,2135.0
CUST00235,Mumbai,31.0,Male,21000.0,Postpaid,4.0,218.15,0.25,654.0,25.0,2.0,Yes,4G,Xiaomi,Low (<10k),259.17,2.0,With Contract,0.0,Yes,1.0,2.0,1.7,0.8,Yes,0.0,UPI,2022-11-10,No,1370.0
CUST00136,Pune,25.0,Male,79300.0,Prepaid,19.0,132.52,2.47,274.0,25.0,0.0,No Complaint Filed,,Samsung,Mid (10k-25k),161.23,0.0,With Contract,4.0,No,2.0,2.0,9.5,3.7,No,1.0,Cash,2020-06-03,No,2260.0
CUST00617,Mumbai,49.0,Female,49300.0,Prepaid,27.0,265.43,7.07,372.0,33.0,0.0,No Complaint Filed,3G,Realme,Low (<10k),310.25,2.0,No Contract,1.0,No,2.0,5.0,,1.3,No,2.0,UPI,2020-03-29,No,2326.0
CUST00837,Navi Mumbai,46.0,Female,10200.0,Postpaid,4.0,91.08,3.14,111.0,30.0,1.0,Yes,5G,Samsung,Premium (>60k),87.09,2.0,No Contract,2.0,No,1.0,4.0,,4.2,Yes,1.0,UPI,2022-11-29,Yes,1351.0
CUST00843,Mumbai,31.0,Male,40300.0,Prepaid,49.0,207.55,3.7,632.0,15.0,0.0,No Complaint Filed,4G,Xiaomi,High (25k-60k),219.53,1.0,No Contract,3.0,No,2.0,3.0,3.7,3.9,No,0.0,Debit Card,2023-05-28,No,1171.0
CUST00960,Thane,45.0,Female,13300.0,Prepaid,7.0,219.52,1.86,356.0,27.0,0.0,No Complaint Filed,,Apple,Low (<10k),203.35,1.0,With Contract,3.0,No,2.0,5.0,12.4,4.7,Yes,0.0,Wallet,2023-02-18,No,1270.0
CUST00593,Mumbai,52.0,Male,29500.0,Prepaid,3.0,325.61,0.97,0.0,32.0,2.0,Yes,5G,Apple,Mid (10k-25k),415.6,0.0,,1.0,Yes,0.0,4.0,3.3,15.2,Yes,1.0,Net Banking,2022-12-14,Yes,1336.0
CUST00344,Pune,48.0,Female,73900.0,Prepaid,4.0,123.12,23.98,,20.0,3.0,No,4G,Vivo,Low (<10k),119.56,0.0,No Contract,1.0,Yes,1.0,3.0,21.7,0.5,Yes,1.0,UPI,2022-01-30,No,1654.0
CUST01452,Nashik,,Female,15600.0,Postpaid,5.0,144.5,0.28,536.0,25.0,1.0,Yes,5G,OnePlus,Mid (10k-25k),177.38,1.0,,1.0,No,1.0,5.0,11.4,0.0,Yes,0.0,,2023-03-28,No,1232.0
CUST00294,Pune,72.0,Female,55000.0,Postpaid,17.0,227.07,6.12,279.0,34.0,4.0,No,4G,Vivo,High (25k-60k),257.31,0.0,No Contract,1.0,No,1.0,3.0,16.6,5.1,No,3.0,Debit Card,2019-07-02,No,2597.0
CUST00365,Navi Mumbai,47.0,Female,16100.0,Prepaid,12.0,254.15,3.58,478.0,24.0,1.0,Yes,,Samsung,,255.63,1.0,With Contract,5.0,No,0.0,5.0,2.3,1.4,No,0.0,,2020-05-23,Yes,2271.0
CUST00179,Navi Mumbai,54.0,Male,19800.0,Prepaid,7.0,512.26,4.72,414.0,23.0,2.0,No,4G,Samsung,Low (<10k),451.6,2.0,With Contract,1.0,No,1.0,1.0,2.1,12.4,No,0.0,UPI,2021-07-24,No,1844.0
CUST00660,Nashik,48.0,Male,38900.0,Postpaid,8.0,39.01,0.13,558.0,25.0,0.0,No Complaint Filed,4G,Vivo,Premium (>60k),50.25,0.0,With Contract,0.0,No,0.0,,19.5,3.9,No,1.0,Wallet,2020-12-18,No,2062.0
CUST00997,Navi Mumbai,39.0,Female,45100.0,Postpaid,77.0,512.51,1.03,754.0,31.0,0.0,No Complaint Filed,2G,Samsung,High (25k-60k),577.46,0.0,No Contract,4.0,No,2.0,2.0,2.0,6.2,No,1.0,UPI,2024-03-01,No,893.0
CUST00015,Mumbai,67.0,Male,,Prepaid,20.0,369.95,4.17,452.0,23.0,1.0,No,4G,Apple,Mid (10k-25k),458.26,0.0,No Contract,2.0,No,1.0,4.0,6.8,2.5,No,0.0,Credit Card,2024-05-08,No,825.0
CUST01111,Solapur,60.0,Female,83700.0,Prepaid,16.0,364.96,1.37,335.0,29.0,2.0,No,4G,Realme,Premium (>60k),420.83,1.0,With Contract,1.0,No,2.0,4.0,7.0,9.6,No,0.0,Credit Card,2023-07-12,No,1126.0
CUST00166,Kolhapur,75.0,Female,,Prepaid,1.0,123.17,0.66,381.0,29.0,3.0,Yes,4G,Xiaomi,High (25k-60k),130.77,0.0,With Contract,3.0,No,2.0,2.0,11.5,1.0,No,2.0,Cash,2021-10-15,Yes,1761.0
CUST01415,Nagpur,39.0,Male,10900.0,Postpaid,26.0,256.15,4.13,653.0,20.0,2.0,Yes,4G,Oppo,Low (<10k),240.73,0.0,No Contract,2.0,No,1.0,4.0,,11.2,No,2.0,UPI,2023-12-21,No,964.0
CUST00060,Pune,56.0,Other,28000.0,Postpaid,3.0,225.14,6.9,552.0,19.0,0.0,No Complaint Filed,5G,Oppo,Low (<10k),255.44,0.0,No Contract,5.0,No,1.0,4.0,2.2,9.8,No,0.0,Debit Card,2021-09-29,Yes,1777.0
CUST00710,Thane,60.0,Other,15000.0,Postpaid,14.0,82.26,2.86,602.0,26.0,1.0,Yes,4G,Samsung,Mid (10k-25k),79.61,0.0,No Contract,2.0,No,2.0,3.0,1.7,6.0,No,3.0,UPI,2019-04-18,No,2672.0
CUST00677,Mumbai,38.0,Male,35300.0,Prepaid,0.0,536.01,4.26,363.0,23.0,0.0,No Complaint Filed,2G,Xiaomi,Mid (10k-25k),582.76,2.0,With Contract,3.0,No,1.0,5.0,10.1,8.7,No,0.0,UPI,2019-02-13,Yes,2736.0
CUST00781,Thane,62.0,Male,27500.0,Prepaid,29.0,302.2,9.5,332.0,16.0,3.0,Yes,3G,Oppo,Premium (>60k),333.99,2.0,No Contract,2.0,No,2.0,4.0,2.6,1.7,No,1.0,UPI,2023-07-15,No,1123.0
CUST00425,Mumbai,56.0,Male,8300.0,Prepaid,35.0,283.57,29.54,411.0,28.0,0.0,No Complaint Filed,4G,Vivo,Low (<10k),305.83,1.0,No Contract,1.0,No,1.0,3.0,,15.3,Yes,3.0,Credit Card,2022-07-03,No,1500.0
CUST00293,Solapur,42.0,,31400.0,Prepaid,64.0,123.29,1.54,367.0,23.0,1.0,No,4G,,Mid (10k-25k),111.89,3.0,With Contract,4.0,Yes,1.0,5.0,3.4,3.7,No,1.0,UPI,2023-03-14,No,1246.0
CUST01066,Thane,47.0,Male,50900.0,Prepaid,5.0,301.21,1.78,715.0,28.0,0.0,No Complaint Filed,4G,Realme,Mid (10k-25k),386.26,1.0,With Contract,3.0,Yes,1.0,1.0,3.2,3.6,No,1.0,UPI,2023-10-31,No,1015.0
CUST01346,Pune,36.0,Male,57600.0,Prepaid,9.0,294.26,20.04,,28.0,3.0,Yes,4G,Samsung,Mid (10k-25k),282.07,1.0,With Contract,2.0,No,0.0,1.0,,1.8,No,0.0,Wallet,2023-10-09,No,1037.0
CUST00330,Mumbai,35.0,Male,69800.0,Prepaid,18.0,350.61,3.79,552.0,33.0,0.0,No Complaint Filed,3G,Oppo,Low (<10k),317.0,2.0,No Contract,1.0,No,0.0,3.0,16.8,2.1,No,1.0,UPI,2022-01-21,No,1663.0
CUST00430,Mumbai,48.0,Male,29000.0,Prepaid,7.0,299.31,2.57,468.0,22.0,1.0,Yes,4G,Xiaomi,High (25k-60k),336.63,1.0,No Contract,2.0,No,0.0,5.0,10.4,4.8,No,0.0,Wallet,2023-05-22,No,1177.0
CUST01013,Navi Mumbai,42.0,Female,21600.0,Prepaid,12.0,52.07,0.72,252.0,27.0,1.0,No,4G,Xiaomi,Mid (10k-25k),52.23,0.0,With Contract,1.0,No,1.0,3.0,4.1,8.4,Yes,0.0,Wallet,2022-07-16,No,1487.0
CUST00080,Mumbai,45.0,Female,43900.0,Prepaid,29.0,613.44,16.04,0.0,29.0,1.0,Yes,4G,Oppo,High (25k-60k),694.71,0.0,With Contract,2.0,No,1.0,4.0,10.6,11.8,No,1.0,UPI,2022-03-31,No,1594.0
CUST01053,Navi Mumbai,59.0,Male,24400.0,Prepaid,53.0,122.8,1.17,685.0,23.0,2.0,No,4G,Samsung,High (25k-60k),142.61,2.0,No Contract,3.0,No,0.0,5.0,0.6,3.3,Yes,0.0,UPI,2019-11-14,No,2462.0
CUST00938,Navi Mumbai,64.0,Male,39100.0,Prepaid,15.0,191.32,,301.0,31.0,1.0,Yes,4G,Xiaomi,Low (<10k),206.21,1.0,With Contract,2.0,No,5.0,1.0,12.6,24.0,Yes,0.0,UPI,2020-03-25,No,2330.0
CUST00835,Nagpur,46.0,Male,57700.0,Postpaid,11.0,792.92,22.8,732.0,27.0,1.0,No,4G,Samsung,Low (<10k),753.32,2.0,With Contract,1.0,No,2.0,4.0,1.6,0.8,Yes,1.0,Net Banking,2019-07-01,No,2598.0
CUST00750,Nashik,,Male,28500.0,Prepaid,35.0,92.07,,696.0,26.0,3.0,No,5G,Vivo,High (25k-60k),112.43,0.0,No Contract,4.0,No,1.0,4.0,4.3,9.8,No,0.0,Debit Card,2022-05-27,No,1537.0
CUST00891,,61.0,Male,,Postpaid,23.0,161.85,1.58,654.0,26.0,1.0,No,5G,Xiaomi,Mid (10k-25k),133.44,0.0,No Contract,0.0,No,1.0,1.0,6.1,8.1,Yes,2.0,,2020-03-03,Yes,2352.0
CUST00255,Mumbai,,Female,59500.0,Postpaid,15.0,107.44,0.53,470.0,25.0,1.0,No,4G,Realme,High (25k-60k),95.81,0.0,No Contract,3.0,No,1.0,3.0,2.7,2.9,Yes,2.0,Credit Card,2024-05-05,No,828.0
CUST01303,Mumbai,52.0,Male,,Postpaid,18.0,157.83,6.22,224.0,19.0,0.0,No Complaint Filed,3G,Oppo,Mid (10k-25k),,1.0,No Contract,3.0,No,0.0,5.0,1.4,5.5,Yes,2.0,UPI,2021-02-02,No,2016.0
CUST01473,Amravati,47.0,Male,17000.0,Prepaid,5.0,111.67,,615.0,25.0,0.0,No Complaint Filed,4G,Xiaomi,Premium (>60k),90.82,1.0,No Contract,1.0,No,1.0,5.0,7.1,1.0,Yes,0.0,UPI,2019-02-20,No,2729.0
CUST01109,Thane,49.0,Female,11100.0,Postpaid,2.0,320.1,16.3,806.0,30.0,0.0,No Complaint Filed,4G,Oppo,Premium (>60k),385.64,1.0,No Contract,0.0,No,1.0,5.0,4.5,8.3,No,0.0,,2020-03-30,Yes,2325.0
CUST00137,Nagpur,41.0,Female,12300.0,Prepaid,6.0,182.66,0.45,194.0,25.0,2.0,No,4G,Xiaomi,Low (<10k),208.3,0.0,With Contract,3.0,Yes,4.0,2.0,1.4,7.4,No,0.0,UPI,2020-02-25,No,2359.0
CUST01136,Mumbai,56.0,Female,23000.0,Prepaid,6.0,396.66,0.16,496.0,19.0,2.0,No,4G,Realme,Low (<10k),471.86,0.0,With Contract,1.0,No,0.0,4.0,19.2,0.2,No,0.0,,2020-09-06,No,2165.0
CUST00853,Mumbai,58.0,Female,11600.0,Prepaid,11.0,352.26,0.16,593.0,24.0,1.0,No,4G,,High (25k-60k),427.27,0.0,With Contract,3.0,No,2.0,,7.6,3.8,Yes,3.0,Net Banking,2022-01-02,No,1682.0
CUST00724,Chhatrapati Sambhajinagar,39.0,Male,11600.0,Postpaid,25.0,162.28,27.47,278.0,17.0,0.0,No Complaint Filed,4G,,Low (<10k),143.47,2.0,No Contract,1.0,No,1.0,3.0,2.5,1.2,No,0.0,Credit Card,2021-05-10,No,1919.0
CUST00860,Mumbai,77.0,Male,51800.0,Prepaid,5.0,411.31,24.5,,27.0,0.0,No Complaint Filed,4G,Xiaomi,Mid (10k-25k),452.94,2.0,No Contract,1.0,No,2.0,5.0,,6.5,Yes,1.0,Cash,2023-12-12,No,973.0
CUST00970,Pune,39.0,Female,16300.0,Prepaid,24.0,84.3,5.74,397.0,27.0,2.0,No,5G,Vivo,Low (<10k),73.59,0.0,With Contract,2.0,No,4.0,3.0,3.0,7.9,No,0.0,UPI,2019-12-08,No,2438.0
CUST00497,Nashik,54.0,Male,14300.0,Postpaid,5.0,645.56,2.37,39.0,24.0,1.0,No,3G,OnePlus,Low (<10k),796.62,0.0,No Contract,3.0,No,2.0,3.0,0.5,3.1,Yes,0.0,UPI,2020-09-23,Yes,2148.0
CUST00951,Nashik,66.0,Male,37100.0,Postpaid,7.0,446.47,0.6,290.0,27.0,1.0,No,4G,Vivo,Low (<10k),455.36,0.0,No Contract,3.0,No,1.0,3.0,1.4,2.2,No,0.0,Cash,2022-08-09,No,1463.0
CUST00806,Thane,37.0,Female,19400.0,Prepaid,7.0,184.77,9.69,572.0,23.0,4.0,No,4G,Samsung,Mid (10k-25k),161.64,2.0,No Contract,1.0,No,0.0,,10.2,0.5,No,1.0,Credit Card,2023-09-20,No,1056.0
CUST00130,Nagpur,46.0,Female,13700.0,Prepaid,20.0,90.34,3.67,496.0,27.0,0.0,No Complaint Filed,3G,Samsung,Premium (>60k),,0.0,No Contract,2.0,No,3.0,3.0,11.6,0.1,Yes,0.0,UPI,2021-06-21,No,1877.0
CUST00338,Thane,35.0,Male,7000.0,Prepaid,27.0,69.2,0.7,226.0,18.0,3.0,No,5G,Samsung,Low (<10k),62.99,2.0,With Contract,2.0,No,1.0,3.0,6.4,14.4,No,3.0,UPI,2023-01-20,Yes,1299.0
CUST00609,Nagpur,49.0,Male,64100.0,Prepaid,21.0,104.57,7.94,225.0,21.0,0.0,No Complaint Filed,4G,Vivo,Low (<10k),104.41,1.0,No Contract,4.0,Yes,1.0,4.0,0.3,2.1,No,0.0,Wallet,2023-03-13,No,1247.0
CUST01149,Kolhapur,54.0,Female,26500.0,Prepaid,9.0,314.58,1.63,569.0,13.0,3.0,Yes,4G,Vivo,Low (<10k),311.95,0.0,With Contract,3.0,No,2.0,3.0,0.1,9.0,No,0.0,Wallet,2020-02-13,No,2371.0
CUST00196,Pune,66.0,Male,93100.0,Postpaid,16.0,103.26,,718.0,33.0,2.0,Yes,4G,Xiaomi,Low (<10k),122.57,1.0,No Contract,1.0,No,2.0,5.0,10.6,10.6,No,0.0,UPI,2023-03-20,No,1240.0
CUST01488,Thane,85.0,Female,26200.0,Postpaid,0.0,168.53,6.24,405.0,25.0,0.0,No Complaint Filed,4G,Samsung,Low (<10k),160.8,0.0,With Contract,3.0,Yes,0.0,1.0,0.1,14.0,No,0.0,Net Banking,2021-01-21,Yes,2028.0
CUST00910,Pune,27.0,Female,11000.0,Prepaid,3.0,160.28,0.27,468.0,26.0,1.0,Yes,5G,Apple,High (25k-60k),151.95,1.0,No Contract,1.0,No,0.0,4.0,14.4,1.3,No,2.0,Credit Card,2021-06-23,No,1875.0
CUST00585,Nashik,40.0,Female,75300.0,Postpaid,18.0,268.33,0.08,368.0,21.0,1.0,Yes,4G,Oppo,Mid (10k-25k),294.08,0.0,No Contract,2.0,No,1.0,4.0,8.9,8.4,No,2.0,Debit Card,2023-06-12,No,1156.0
CUST00104,Nagpur,34.0,Male,21100.0,Postpaid,42.0,308.44,1.05,,26.0,0.0,No Complaint Filed,4G,Samsung,Premium (>60k),344.82,0.0,No Contract,2.0,No,1.0,5.0,2.4,9.3,No,0.0,UPI,2020-03-21,No,2334.0
CUST01393,Mumbai,41.0,Male,11100.0,Postpaid,4.0,55.57,4.92,520.0,22.0,0.0,No Complaint Filed,4G,Apple,High (25k-60k),45.78,1.0,No Contract,4.0,No,2.0,5.0,10.4,4.2,No,1.0,Credit Card,2020-12-30,No,2050.0
CUST01407,Kolhapur,41.0,Female,17000.0,Prepaid,32.0,402.69,32.01,919.0,36.0,0.0,No Complaint Filed,3G,Oppo,Premium (>60k),518.79,1.0,With Contract,4.0,No,2.0,1.0,6.5,2.8,No,4.0,UPI,2023-05-18,No,1181.0
CUST00720,Thane,38.0,Male,44900.0,Prepaid,1.0,195.81,2.81,375.0,31.0,1.0,No,4G,Vivo,Low (<10k),173.45,2.0,No Contract,1.0,No,3.0,3.0,0.2,5.9,Yes,2.0,Debit Card,2022-08-09,No,1463.0
CUST00885,Solapur,38.0,Male,9400.0,Prepaid,55.0,260.64,,506.0,35.0,1.0,Yes,4G,Apple,Mid (10k-25k),259.84,0.0,No Contract,1.0,No,1.0,4.0,2.8,10.1,Yes,0.0,Debit Card,2022-02-07,No,1646.0
CUST00777,Mumbai,85.0,Male,16500.0,Prepaid,13.0,317.87,1.1,,34.0,0.0,No Complaint Filed,5G,Realme,Low (<10k),313.35,0.0,No Contract,3.0,No,1.0,1.0,,4.0,Yes,0.0,UPI,2023-07-27,No,1111.0
CUST00850,Nashik,26.0,Male,21800.0,Postpaid,13.0,66.05,10.31,340.0,21.0,0.0,No Complaint Filed,4G,OnePlus,High (25k-60k),54.24,0.0,With Contract,2.0,No,0.0,5.0,12.6,6.8,Yes,0.0,Net Banking,2024-06-10,No,792.0
CUST00895,Thane,70.0,Female,73400.0,Postpaid,3.0,59.6,4.54,431.0,34.0,2.0,Yes,4G,Xiaomi,High (25k-60k),63.34,0.0,No Contract,0.0,No,2.0,2.0,3.8,0.5,No,3.0,UPI,2023-11-11,Yes,1004.0
CUST00228,Pune,52.0,Female,19400.0,Prepaid,7.0,95.54,12.78,541.0,16.0,1.0,No,4G,,Premium (>60k),120.05,1.0,No Contract,7.0,No,2.0,1.0,4.3,5.5,No,4.0,UPI,2019-06-13,No,2616.0
CUST01417,Mumbai,38.0,Male,13200.0,Prepaid,9.0,211.99,2.37,310.0,28.0,3.0,Yes,4G,Apple,Low (<10k),199.49,1.0,No Contract,2.0,No,2.0,4.0,2.1,0.7,No,0.0,Credit Card,2020-10-26,No,2115.0
CUST00127,Solapur,48.0,Male,19900.0,Postpaid,6.0,298.09,4.3,413.0,24.0,0.0,No Complaint Filed,4G,Samsung,Low (<10k),285.54,2.0,No Contract,2.0,No,1.0,5.0,1.0,10.7,Yes,0.0,Credit Card,2020-05-01,No,2293.0
CUST00406,Amravati,53.0,Male,23500.0,Prepaid,15.0,152.78,1.28,136.0,30.0,1.0,Yes,2G,Realme,Premium (>60k),124.69,1.0,No Contract,0.0,No,2.0,3.0,0.6,3.8,Yes,0.0,UPI,2019-10-17,No,2490.0
CUST00776,Mumbai,50.0,Female,40600.0,Postpaid,14.0,118.7,,286.0,27.0,0.0,No Complaint Filed,4G,Xiaomi,Low (<10k),142.23,0.0,No Contract,2.0,No,3.0,4.0,18.3,2.9,No,0.0,UPI,2021-07-26,No,1842.0
CUST00822,Mumbai,69.0,Male,56200.0,Postpaid,13.0,230.18,,347.0,21.0,1.0,No,3G,Xiaomi,Low (<10k),268.89,0.0,With Contract,2.0,No,3.0,5.0,2.7,5.8,Yes,3.0,Credit Card,2024-01-04,No,950.0
CUST00712,Nashik,54.0,Male,12800.0,Postpaid,22.0,171.52,1.24,366.0,25.0,0.0,No Complaint Filed,4G,Xiaomi,Mid (10k-25k),,1.0,With Contract,1.0,No,0.0,1.0,10.9,1.5,No,1.0,Credit Card,2023-06-29,No,1139.0
CUST01421,Pune,59.0,Male,21400.0,Prepaid,5.0,62.46,23.65,517.0,28.0,2.0,Yes,2G,Samsung,Low (<10k),68.18,2.0,No Contract,0.0,No,0.0,,,5.2,No,0.0,UPI,2020-01-09,Yes,2406.0
CUST01061,Amravati,37.0,Male,18900.0,Postpaid,13.0,154.66,0.15,153.0,28.0,0.0,No Complaint Filed,4G,Vivo,Premium (>60k),174.23,0.0,With Contract,3.0,No,3.0,4.0,3.2,1.3,Yes,1.0,Debit Card,2019-11-15,No,2461.0
CUST01164,Chhatrapati Sambhajinagar,53.0,Female,82500.0,Postpaid,52.0,127.01,9.4,184.0,23.0,1.0,Yes,4G,Xiaomi,Low (<10k),126.57,2.0,No Contract,1.0,No,0.0,1.0,11.6,12.2,No,0.0,UPI,2019-06-25,No,2604.0
CUST00304,Nashik,53.0,Male,19200.0,Prepaid,0.0,37.89,,630.0,24.0,0.0,No Complaint Filed,4G,Xiaomi,Mid (10k-25k),42.7,0.0,,0.0,No,1.0,5.0,23.8,2.1,Yes,0.0,UPI,2019-12-16,No,2430.0
CUST00268,Thane,77.0,Female,16100.0,Prepaid,5.0,143.77,7.06,516.0,32.0,3.0,No,4G,Realme,Mid (10k-25k),179.14,0.0,With Contract,2.0,Yes,1.0,4.0,0.9,6.5,Yes,0.0,Credit Card,2019-05-06,No,2654.0
CUST00546,Pune,36.0,Male,17400.0,Postpaid,30.0,369.18,0.02,324.0,26.0,1.0,No,4G,Apple,Mid (10k-25k),401.07,0.0,With Contract,1.0,No,4.0,4.0,21.0,8.7,Yes,1.0,Debit Card,2023-06-10,No,1158.0
CUST00213,Thane,54.0,Male,20300.0,Prepaid,3.0,94.03,0.42,375.0,27.0,1.0,No,4G,OnePlus,Mid (10k-25k),84.63,1.0,No Contract,0.0,No,1.0,3.0,14.6,0.6,No,0.0,UPI,2024-03-16,No,878.0
CUST00897,Pune,50.0,Male,56200.0,Prepaid,1.0,295.52,2.02,436.0,21.0,0.0,No Complaint Filed,4G,Vivo,High (25k-60k),310.08,1.0,No Contract,1.0,No,3.0,1.0,4.6,3.1,No,2.0,UPI,2019-03-06,No,2715.0
CUST01223,Pune,45.0,,24500.0,Prepaid,5.0,428.47,4.03,584.0,22.0,4.0,Yes,3G,Vivo,Mid (10k-25k),405.18,0.0,With Contract,2.0,Yes,2.0,5.0,4.7,4.8,Yes,0.0,Net Banking,2022-02-22,Yes,1631.0
CUST00917,Pune,40.0,Female,25000.0,Prepaid,21.0,337.2,0.0,830.0,22.0,1.0,No,4G,OnePlus,Premium (>60k),336.15,1.0,With Contract,2.0,No,1.0,2.0,0.6,2.2,Yes,3.0,Credit Card,2022-11-28,No,1352.0
CUST00676,Akola,53.0,,20800.0,Postpaid,5.0,210.87,0.43,336.0,28.0,2.0,No,4G,Realme,High (25k-60k),268.88,1.0,No Contract,3.0,Yes,0.0,5.0,,0.1,No,0.0,Net Banking,2021-01-01,No,2048.0
CUST00815,Kolhapur,52.0,Female,11700.0,Postpaid,17.0,252.55,1.89,484.0,25.0,2.0,No,4G,Apple,Mid (10k-25k),212.59,1.0,With Contract,0.0,No,1.0,3.0,1.4,0.7,No,2.0,Wallet,2024-06-20,No,782.0
CUST00343,Mumbai,28.0,Female,15600.0,Prepaid,39.0,178.81,7.44,282.0,23.0,0.0,No Complaint Filed,3G,Samsung,High (25k-60k),194.5,1.0,With Contract,2.0,No,0.0,4.0,6.6,12.1,No,1.0,Net Banking,2019-11-04,No,2472.0
CUST00550,Chhatrapati Sambhajinagar,42.0,Male,67800.0,Prepaid,8.0,276.94,4.98,246.0,29.0,0.0,No Complaint Filed,4G,Xiaomi,Mid (10k-25k),356.3,2.0,With Contract,2.0,No,1.0,,9.6,7.0,Yes,1.0,UPI,2019-09-16,No,2521.0
CUST01215,Thane,40.0,Male,21300.0,Prepaid,42.0,397.91,2.98,880.0,27.0,2.0,No,3G,Vivo,,414.47,0.0,With Contract,2.0,No,3.0,5.0,5.0,0.3,No,3.0,UPI,2021-12-31,No,1684.0
CUST00967,Thane,58.0,Female,22200.0,Postpaid,4.0,373.57,0.88,839.0,17.0,1.0,Yes,4G,Apple,Low (<10k),323.05,1.0,No Contract,1.0,No,2.0,3.0,2.0,5.3,Yes,0.0,Debit Card,2019-04-05,Yes,2685.0
CUST01231,Amravati,41.0,Male,21600.0,Prepaid,46.0,231.81,1.75,903.0,20.0,2.0,No,4G,Apple,Mid (10k-25k),223.73,1.0,With Contract,1.0,No,1.0,4.0,,1.1,No,1.0,Net Banking,2024-05-27,No,806.0
CUST00296,Nagpur,26.0,Male,20000.0,Prepaid,7.0,202.02,3.07,421.0,25.0,5.0,Yes,4G,Realme,Premium (>60k),228.44,1.0,No Contract,1.0,Yes,1.0,5.0,9.0,3.4,No,2.0,UPI,2020-10-25,Yes,2116.0
CUST00696,Nashik,66.0,Female,22700.0,Prepaid,6.0,194.92,3.14,377.0,22.0,3.0,No,4G,Xiaomi,Low (<10k),177.81,1.0,With Contract,3.0,No,1.0,4.0,8.4,3.8,No,2.0,UPI,2020-03-27,No,2328.0
CUST00074,Solapur,62.0,Female,11600.0,Prepaid,15.0,261.92,3.22,398.0,23.0,0.0,No Complaint Filed,5G,Samsung,High (25k-60k),329.2,1.0,With Contract,3.0,No,2.0,3.0,2.1,10.6,Yes,0.0,Credit Card,2023-03-16,No,1244.0
CUST00606,Pune,34.0,Male,9500.0,Prepaid,6.0,156.41,1.31,,13.0,0.0,No Complaint Filed,4G,,Mid (10k-25k),,0.0,No Contract,1.0,No,0.0,2.0,5.0,3.9,Yes,1.0,Debit Card,2021-11-12,No,1733.0
CUST00105,Navi Mumbai,85.0,Male,46400.0,Prepaid,1.0,184.19,0.48,847.0,26.0,2.0,Yes,5G,Samsung,Premium (>60k),158.14,0.0,With Contract,3.0,No,1.0,4.0,18.0,5.1,No,0.0,Credit Card,2022-11-14,Yes,1366.0
CUST00646,Amravati,77.0,Female,11000.0,Postpaid,41.0,560.89,5.46,331.0,32.0,0.0,No Complaint Filed,4G,,High (25k-60k),553.27,1.0,With Contract,1.0,No,0.0,1.0,1.1,1.9,No,1.0,Cash,2021-10-20,No,1756.0
CUST01477,Solapur,43.0,Female,74300.0,Prepaid,38.0,152.28,9.36,226.0,23.0,2.0,No,2G,Vivo,High (25k-60k),190.71,0.0,No Contract,2.0,No,2.0,2.0,0.2,0.7,Yes,2.0,Credit Card,2019-01-26,No,2754.0
CUST01041,Nagpur,29.0,Female,68100.0,Postpaid,50.0,126.29,17.02,726.0,24.0,0.0,No Complaint Filed,4G,Vivo,Mid (10k-25k),161.29,2.0,No Contract,2.0,No,1.0,3.0,,1.7,Yes,3.0,Net Banking,2023-11-12,No,1003.0
CUST00440,Mumbai,,Male,52000.0,Prepaid,27.0,251.0,5.17,259.0,24.0,1.0,Yes,4G,Apple,Mid (10k-25k),245.42,0.0,No Contract,5.0,No,0.0,1.0,0.2,8.1,No,0.0,Credit Card,2020-06-18,No,2245.0
CUST01020,Mumbai,25.0,Male,38500.0,Prepaid,46.0,184.49,16.43,472.0,25.0,3.0,Yes,4G,Vivo,High (25k-60k),228.49,2.0,With Contract,2.0,No,2.0,4.0,0.2,4.1,No,1.0,Cash,2019-07-04,No,2595.0
CUST01113,Mumbai,59.0,Male,16900.0,Prepaid,22.0,175.62,16.22,164.0,28.0,0.0,No Complaint Filed,4G,Vivo,High (25k-60k),219.27,2.0,With Contract,7.0,No,2.0,5.0,15.9,2.3,No,0.0,UPI,2022-07-01,Yes,1502.0
CUST01319,Mumbai,68.0,Male,8200.0,Postpaid,32.0,262.45,16.59,472.0,30.0,0.0,No Complaint Filed,4G,OnePlus,Mid (10k-25k),246.63,0.0,No Contract,3.0,No,1.0,2.0,15.0,3.1,No,3.0,UPI,2020-06-08,No,2255.0
CUST00909,Mumbai,49.0,Female,,Prepaid,6.0,240.79,3.25,366.0,24.0,1.0,Yes,4G,Samsung,Premium (>60k),193.76,1.0,No Contract,2.0,No,0.0,3.0,2.9,5.9,Yes,4.0,UPI,2024-04-12,Yes,851.0
CUST00103,Pune,39.0,Male,50000.0,Prepaid,7.0,496.24,0.89,614.0,23.0,0.0,No Complaint Filed,4G,Samsung,High (25k-60k),570.71,2.0,No Contract,1.0,No,1.0,1.0,3.9,12.7,No,0.0,Net Banking,2022-04-29,No,1565.0
CUST00239,Thane,56.0,Male,16900.0,Postpaid,4.0,238.87,2.91,348.0,29.0,3.0,No,4G,Xiaomi,High (25k-60k),237.59,2.0,No Contract,3.0,No,2.0,3.0,5.5,19.8,No,0.0,Credit Card,2021-07-03,Yes,1865.0
CUST01283,Nagpur,85.0,Female,21300.0,Prepaid,54.0,234.63,4.88,479.0,21.0,3.0,No,4G,Oppo,Mid (10k-25k),222.89,0.0,With Contract,2.0,No,2.0,,2.4,2.0,No,2.0,,2019-01-03,No,2777.0
CUST00943,Thane,51.0,Male,88900.0,Prepaid,10.0,587.93,3.1,0.0,24.0,0.0,No Complaint Filed,4G,Vivo,Mid (10k-25k),647.21,0.0,With Contract,1.0,No,1.0,4.0,3.5,4.9,No,0.0,Net Banking,2019-05-26,No,2634.0
CUST00939,Mumbai,43.0,Female,31100.0,Prepaid,37.0,373.72,1.78,386.0,22.0,0.0,No Complaint Filed,4G,Apple,Low (<10k),475.3,0.0,No Contract,4.0,No,1.0,4.0,10.8,1.2,No,0.0,Debit Card,2021-09-01,No,1805.0
CUST01182,Pune,53.0,Female,26400.0,Prepaid,20.0,76.94,1.04,773.0,22.0,2.0,Yes,4G,Oppo,Mid (10k-25k),74.62,0.0,With Contract,5.0,No,5.0,3.0,17.6,19.4,No,4.0,UPI,2023-01-30,No,1289.0
CUST00006,Mumbai,51.0,Female,51200.0,Postpaid,27.0,448.98,0.91,226.0,30.0,2.0,No,3G,Xiaomi,Mid (10k-25k),471.69,0.0,No Contract,2.0,No,0.0,5.0,13.8,6.9,Yes,3.0,Cash,2022-08-22,No,1450.0
CUST01367,Thane,30.0,Female,25600.0,Prepaid,50.0,473.78,3.28,420.0,28.0,0.0,No Complaint Filed,4G,Oppo,Mid (10k-25k),600.8,1.0,No Contract,4.0,No,2.0,5.0,17.0,1.6,Yes,2.0,UPI,2022-02-10,No,1643.0
CUST00966,Pune,36.0,Male,44500.0,Prepaid,4.0,135.41,0.4,641.0,23.0,1.0,No,4G,Samsung,Low (<10k),109.77,0.0,No Contract,2.0,No,1.0,5.0,1.2,1.7,No,0.0,Cash,2022-06-20,Yes,1513.0
CUST00019,Pune,54.0,Male,24800.0,Prepaid,11.0,166.27,3.55,557.0,28.0,2.0,Yes,4G,Xiaomi,Low (<10k),154.03,0.0,With Contract,3.0,No,1.0,,11.0,0.8,Yes,0.0,,2023-06-08,No,1160.0
CUST00122,Amravati,48.0,Male,7700.0,Prepaid,40.0,227.41,4.32,325.0,27.0,1.0,No,4G,Oppo,Mid (10k-25k),190.41,0.0,No Contract,1.0,No,0.0,1.0,8.5,17.4,No,0.0,UPI,2021-04-24,No,1935.0
CUST00662,Akola,85.0,Female,23600.0,Prepaid,13.0,312.71,4.76,720.0,24.0,1.0,Yes,5G,Vivo,High (25k-60k),272.84,0.0,No Contract,2.0,No,1.0,1.0,3.6,13.9,Yes,2.0,Net Banking,2024-05-01,No,832.0
CUST01271,Thane,31.0,Male,24100.0,Prepaid,2.0,224.81,0.59,0.0,25.0,1.0,Yes,5G,Samsung,Mid (10k-25k),191.5,1.0,No Contract,1.0,No,2.0,,8.0,2.9,No,0.0,Debit Card,2024-07-02,No,770.0
CUST00275,Nagpur,,Male,,Prepaid,19.0,209.63,5.72,119.0,19.0,2.0,No,2G,Samsung,Mid (10k-25k),186.44,1.0,With Contract,1.0,No,1.0,3.0,15.0,2.9,Yes,0.0,Net Banking,2024-04-23,No,840.0
CUST00434,Mumbai,45.0,Female,19900.0,Prepaid,4.0,124.52,5.8,402.0,19.0,1.0,Yes,2G,Apple,Low (<10k),143.48,0.0,No Contract,1.0,No,2.0,3.0,64.2,4.0,No,3.0,UPI,2020-08-07,No,2195.0
CUST00812,Kolhapur,43.0,Female,20300.0,Prepaid,3.0,416.8,4.83,387.0,28.0,0.0,No Complaint Filed,5G,Apple,High (25k-60k),395.41,0.0,With Contract,0.0,No,2.0,2.0,13.4,3.2,Yes,0.0,Credit Card,2022-12-07,No,1343.0
CUST01408,Solapur,36.0,Male,,Prepaid,5.0,105.84,0.47,479.0,16.0,2.0,No,4G,Vivo,High (25k-60k),128.06,0.0,With Contract,3.0,No,0.0,3.0,0.8,0.7,No,3.0,UPI,2023-05-24,Yes,1175.0
CUST01422,Nagpur,58.0,Male,12600.0,Prepaid,10.0,156.77,9.79,374.0,27.0,1.0,Yes,4G,OnePlus,Mid (10k-25k),169.21,1.0,No Contract,3.0,No,2.0,2.0,3.1,0.3,No,0.0,Wallet,2020-01-31,No,2384.0
CUST00185,Mumbai,60.0,Male,156600.0,Prepaid,11.0,110.07,27.92,333.0,31.0,2.0,Yes,4G,Samsung,High (25k-60k),122.57,1.0,No Contract,0.0,Yes,4.0,3.0,1.3,10.4,No,0.0,UPI,2019-04-17,Yes,2673.0
CUST00407,Pune,28.0,Male,12000.0,Prepaid,42.0,226.65,4.02,344.0,20.0,2.0,Yes,5G,Xiaomi,Low (<10k),219.32,1.0,No Contract,1.0,No,2.0,3.0,44.3,0.4,No,2.0,UPI,2020-04-04,Yes,2320.0
CUST00866,Nagpur,47.0,Male,21300.0,Prepaid,3.0,93.29,2.86,576.0,29.0,2.0,No,4G,Xiaomi,High (25k-60k),119.42,1.0,With Contract,1.0,No,1.0,2.0,12.4,9.3,No,3.0,Cash,2019-04-25,Yes,2665.0
CUST00521,Nashik,54.0,Male,14400.0,Prepaid,12.0,81.86,8.5,459.0,25.0,2.0,No,5G,Samsung,Low (<10k),87.08,2.0,No Contract,1.0,No,0.0,1.0,7.6,8.7,No,0.0,UPI,2022-06-22,No,1511.0
CUST01004,Thane,65.0,Male,21700.0,Prepaid,25.0,179.32,1.94,743.0,15.0,1.0,Yes,3G,Xiaomi,Low (<10k),191.87,2.0,No Contract,2.0,No,1.0,,30.3,4.4,No,1.0,Cash,2023-01-05,Yes,1314.0
CUST00381,Mumbai,37.0,Female,27500.0,Prepaid,3.0,362.82,4.45,659.0,21.0,3.0,Yes,4G,Vivo,Low (<10k),308.6,0.0,No Contract,3.0,No,0.0,,14.5,1.4,Yes,1.0,Credit Card,2023-08-25,Yes,1082.0
CUST00428,Amravati,,Female,,Postpaid,15.0,358.27,0.29,414.0,36.0,1.0,Yes,4G,Xiaomi,Mid (10k-25k),346.58,0.0,No Contract,1.0,No,3.0,5.0,19.9,6.2,Yes,0.0,UPI,2024-05-23,No,810.0
CUST00079,Pune,45.0,Female,10400.0,Postpaid,39.0,133.84,0.14,346.0,25.0,1.0,Yes,2G,Vivo,Mid (10k-25k),162.92,2.0,No Contract,3.0,No,0.0,4.0,1.8,13.0,Yes,2.0,Net Banking,2021-08-13,No,1824.0
CUST01010,Nagpur,82.0,Female,,Prepaid,21.0,599.86,10.32,315.0,29.0,3.0,No,4G,,Low (<10k),716.63,0.0,No Contract,1.0,No,1.0,2.0,0.2,7.7,No,0.0,Net Banking,2023-05-12,No,1187.0
CUST01484,Mumbai,60.0,Female,43700.0,Prepaid,6.0,467.42,9.41,0.0,19.0,1.0,Yes,4G,Realme,Mid (10k-25k),431.93,0.0,With Contract,0.0,No,0.0,3.0,35.2,15.2,Yes,0.0,UPI,2023-05-16,No,1183.0
CUST00608,Pune,85.0,Other,68900.0,Prepaid,31.0,167.67,1.73,478.0,27.0,0.0,No Complaint Filed,4G,Samsung,Premium (>60k),199.22,1.0,No Contract,2.0,No,3.0,3.0,8.8,8.4,No,1.0,UPI,2022-05-31,No,1533.0
CUST01360,Nashik,47.0,Male,11400.0,Prepaid,4.0,104.04,0.42,483.0,23.0,0.0,No Complaint Filed,4G,Xiaomi,High (25k-60k),100.13,2.0,No Contract,1.0,No,2.0,1.0,4.3,0.4,Yes,4.0,UPI,2023-12-16,Yes,969.0
CUST01499,Pune,85.0,Male,19700.0,Postpaid,55.0,272.72,1.62,548.0,31.0,2.0,Yes,4G,OnePlus,Low (<10k),225.34,0.0,No Contract,1.0,Yes,0.0,5.0,0.0,8.3,Yes,1.0,Debit Card,2021-11-29,No,1716.0
CUST01058,Pune,52.0,Male,28400.0,Prepaid,62.0,358.72,2.07,405.0,23.0,0.0,No Complaint Filed,4G,Apple,Low (<10k),288.74,1.0,With Contract,1.0,No,2.0,5.0,0.7,5.5,No,0.0,UPI,2019-01-13,No,2767.0
CUST01092,Thane,51.0,Male,19400.0,Prepaid,6.0,499.29,,370.0,32.0,1.0,Yes,5G,Realme,Low (<10k),468.77,0.0,No Contract,1.0,No,3.0,4.0,14.1,4.4,No,0.0,Debit Card,2019-02-09,No,2740.0
CUST01102,Sangli,27.0,Male,26200.0,Prepaid,4.0,300.87,0.45,520.0,31.0,5.0,Yes,4G,Xiaomi,Low (<10k),337.73,0.0,No Contract,2.0,No,1.0,3.0,4.8,2.8,Yes,0.0,UPI,2022-09-08,Yes,1433.0
CUST01130,Mumbai,53.0,Female,35000.0,Prepaid,3.0,222.01,11.86,321.0,36.0,1.0,No,5G,Realme,Low (<10k),184.32,0.0,No Contract,3.0,No,3.0,3.0,4.2,0.2,No,3.0,UPI,2023-09-29,No,1047.0
CUST01236,Pune,41.0,Male,28300.0,Prepaid,22.0,147.72,3.25,584.0,27.0,0.0,No Complaint Filed,,Realme,Mid (10k-25k),185.57,0.0,No Contract,2.0,Yes,1.0,3.0,8.9,3.1,Yes,0.0,Net Banking,2023-01-09,No,1310.0
CUST01326,Pune,34.0,Female,78600.0,Postpaid,20.0,92.3,2.84,867.0,26.0,1.0,Yes,4G,Apple,Mid (10k-25k),108.4,0.0,No Contract,3.0,No,3.0,,0.9,1.6,No,0.0,Debit Card,2021-04-15,No,1944.0
CUST00959,Mumbai,71.0,Female,35600.0,Prepaid,15.0,380.59,6.56,938.0,16.0,0.0,No Complaint Filed,4G,Samsung,Mid (10k-25k),403.37,1.0,No Contract,1.0,No,3.0,2.0,4.1,5.1,Yes,0.0,UPI,2021-06-04,No,1894.0
CUST00560,Nashik,42.0,Female,35400.0,Postpaid,8.0,423.03,15.7,296.0,28.0,0.0,No Complaint Filed,5G,OnePlus,Low (<10k),414.74,0.0,No Contract,5.0,No,2.0,4.0,2.5,4.3,No,1.0,Net Banking,2021-12-28,No,1687.0
CUST00847,Mumbai,,Female,17300.0,Prepaid,8.0,391.08,1.72,844.0,30.0,2.0,No,3G,Xiaomi,Mid (10k-25k),327.43,1.0,With Contract,0.0,No,1.0,5.0,0.0,15.9,Yes,1.0,UPI,2021-11-30,No,1715.0
CUST00691,Pune,54.0,Male,24700.0,Prepaid,6.0,279.94,2.52,538.0,17.0,3.0,No,4G,Samsung,Mid (10k-25k),260.06,2.0,No Contract,1.0,Yes,3.0,4.0,2.0,3.5,Yes,1.0,Credit Card,2023-11-20,No,995.0
CUST01459,Mumbai,40.0,Male,25900.0,Postpaid,20.0,376.59,8.0,745.0,28.0,2.0,No,4G,,High (25k-60k),487.57,1.0,With Contract,2.0,No,3.0,1.0,2.2,6.1,No,0.0,UPI,2021-10-11,Yes,1765.0
CUST01406,Pune,72.0,Male,15700.0,Prepaid,0.0,123.17,22.23,609.0,31.0,1.0,Yes,4G,Samsung,Low (<10k),126.08,3.0,With Contract,7.0,No,1.0,4.0,37.7,9.8,Yes,0.0,UPI,2022-01-14,No,1670.0
CUST00437,Mumbai,39.0,Male,24100.0,Prepaid,5.0,111.51,0.66,364.0,13.0,1.0,Yes,4G,Apple,Low (<10k),95.33,0.0,No Contract,3.0,No,0.0,3.0,7.8,2.4,Yes,2.0,UPI,2021-05-31,No,1898.0
CUST00491,Pune,,Male,58400.0,Prepaid,0.0,106.48,7.56,,34.0,2.0,No,4G,OnePlus,,96.06,1.0,No Contract,0.0,No,2.0,4.0,21.7,7.1,No,2.0,Net Banking,2021-12-22,Yes,1693.0
CUST01384,Mumbai,58.0,Male,29200.0,Prepaid,2.0,147.93,14.42,403.0,20.0,3.0,Yes,3G,Samsung,Low (<10k),180.89,0.0,No Contract,1.0,No,2.0,3.0,8.9,13.9,No,1.0,UPI,2022-09-10,Yes,1431.0
CUST00070,Akola,59.0,Female,28200.0,Prepaid,8.0,171.68,3.21,1019.0,21.0,2.0,Yes,4G,Realme,Mid (10k-25k),208.33,1.0,No Contract,2.0,No,1.0,,8.0,1.8,No,1.0,Wallet,2023-08-24,Yes,1083.0
CUST00809,Pune,61.0,Male,15500.0,Postpaid,47.0,221.8,9.19,719.0,34.0,1.0,No,4G,Vivo,Low (<10k),202.13,0.0,No Contract,5.0,No,1.0,2.0,2.8,2.6,No,1.0,Debit Card,2019-12-09,No,2437.0
CUST01185,Mumbai,55.0,Male,36800.0,Prepaid,34.0,143.4,,598.0,20.0,1.0,No,4G,Oppo,Mid (10k-25k),116.08,0.0,With Contract,0.0,No,0.0,3.0,1.4,6.0,No,0.0,UPI,2022-08-02,No,1470.0
CUST00012,Sangli,29.0,Male,33200.0,Prepaid,7.0,228.21,21.19,88.0,32.0,2.0,No,4G,Apple,Mid (10k-25k),206.78,1.0,With Contract,2.0,No,1.0,3.0,,8.2,Yes,3.0,UPI,2023-04-02,No,1227.0
CUST00145,Pune,59.0,Male,50200.0,Postpaid,8.0,288.87,0.8,357.0,30.0,2.0,No,4G,Oppo,Mid (10k-25k),235.17,1.0,No Contract,0.0,No,3.0,5.0,44.1,4.8,No,2.0,UPI,2019-10-26,No,2481.0
CUST00918,Navi Mumbai,42.0,Male,38600.0,Prepaid,9.0,398.69,12.84,518.0,19.0,1.0,Yes,4G,,Low (<10k),346.38,2.0,With Contract,4.0,No,2.0,4.0,11.1,7.2,No,0.0,Credit Card,2021-05-08,No,1921.0
CUST00640,Pune,56.0,Female,19900.0,Prepaid,20.0,127.5,0.21,520.0,23.0,1.0,Yes,4G,Samsung,Premium (>60k),125.92,0.0,No Contract,5.0,No,1.0,4.0,17.3,0.0,Yes,1.0,Debit Card,2020-07-03,No,2230.0
CUST00177,Thane,36.0,Male,32000.0,Postpaid,36.0,46.6,0.26,418.0,29.0,2.0,Yes,4G,Oppo,Low (<10k),60.06,4.0,With Contract,2.0,No,2.0,4.0,13.4,2.0,Yes,1.0,Credit Card,2023-03-27,No,1233.0
CUST00995,Pune,52.0,Female,11400.0,Postpaid,1.0,354.18,,420.0,23.0,0.0,No Complaint Filed,4G,Oppo,Mid (10k-25k),413.6,1.0,No Contract,2.0,No,4.0,,1.4,6.1,No,2.0,Wallet,2022-05-19,No,1545.0
CUST00441,Mumbai,22.0,Male,87200.0,Prepaid,74.0,416.19,3.46,370.0,26.0,1.0,Yes,4G,Oppo,Mid (10k-25k),363.19,1.0,With Contract,2.0,No,1.0,4.0,20.0,14.4,No,2.0,UPI,2019-12-19,No,2427.0
CUST00522,Pune,79.0,Female,26500.0,Prepaid,37.0,521.27,5.29,663.0,30.0,2.0,Yes,4G,Oppo,High (25k-60k),561.28,1.0,With Contract,2.0,No,2.0,,0.5,8.2,No,4.0,UPI,2021-05-16,No,1913.0
CUST01490,Pune,39.0,Female,16600.0,Postpaid,2.0,471.13,5.85,236.0,26.0,1.0,No,5G,Vivo,Premium (>60k),483.57,1.0,No Contract,1.0,No,0.0,3.0,10.3,2.3,No,2.0,Net Banking,2019-07-23,Yes,2576.0
CUST01005,Solapur,39.0,Male,28700.0,Postpaid,2.0,346.78,5.05,479.0,27.0,1.0,No,4G,Apple,,311.47,0.0,No Contract,1.0,No,2.0,3.0,10.9,2.4,No,0.0,Credit Card,2021-04-14,No,1945.0
CUST01256,Pune,45.0,Male,40400.0,Prepaid,30.0,185.07,8.5,496.0,25.0,0.0,No Complaint Filed,4G,Vivo,Mid (10k-25k),164.43,1.0,No Contract,0.0,No,1.0,2.0,8.3,5.0,Yes,3.0,Credit Card,2024-05-24,No,809.0
CUST01235,Thane,49.0,Male,21100.0,Prepaid,46.0,314.72,12.03,338.0,28.0,1.0,Yes,4G,OnePlus,Mid (10k-25k),294.66,1.0,,1.0,No,1.0,4.0,,3.9,No,0.0,UPI,2020-05-12,No,2282.0
CUST00144,Pune,70.0,Female,33500.0,Prepaid,20.0,495.57,1.35,158.0,26.0,1.0,Yes,4G,Realme,Mid (10k-25k),539.09,0.0,No Contract,2.0,No,1.0,3.0,3.1,4.4,Yes,0.0,UPI,2023-01-05,No,1314.0
CUST00754,Pune,46.0,Female,,Prepaid,57.0,250.76,2.2,597.0,29.0,0.0,No Complaint Filed,4G,Xiaomi,Premium (>60k),295.4,0.0,No Contract,1.0,No,1.0,2.0,25.6,14.4,No,0.0,Debit Card,2022-04-16,No,1578.0
CUST00520,Mumbai,70.0,Female,42800.0,Prepaid,4.0,192.24,1.59,277.0,41.0,3.0,Yes,4G,Samsung,Mid (10k-25k),159.88,1.0,No Contract,2.0,No,2.0,4.0,17.3,2.3,Yes,0.0,UPI,2019-07-03,Yes,2596.0
CUST00823,Pune,54.0,Female,22000.0,Prepaid,14.0,219.75,3.35,801.0,31.0,1.0,Yes,4G,OnePlus,Mid (10k-25k),252.93,2.0,No Contract,0.0,Yes,0.0,5.0,6.8,15.8,Yes,0.0,Debit Card,2023-08-16,No,1091.0
CUST00429,Pune,47.0,Female,22100.0,Prepaid,26.0,86.59,0.96,718.0,30.0,2.0,No,3G,Vivo,Low (<10k),77.72,3.0,With Contract,3.0,No,2.0,3.0,26.2,1.3,No,1.0,Credit Card,2020-09-20,No,2151.0
CUST00613,Nashik,51.0,Male,24900.0,Prepaid,3.0,41.86,8.27,278.0,16.0,1.0,No,4G,Samsung,Low (<10k),35.47,0.0,No Contract,1.0,No,0.0,2.0,1.6,5.6,No,0.0,Wallet,2021-04-14,No,1945.0
CUST01033,Mumbai,41.0,Male,30100.0,Postpaid,34.0,140.22,7.87,0.0,18.0,2.0,No,4G,Samsung,Mid (10k-25k),130.87,1.0,No Contract,2.0,No,2.0,3.0,16.8,7.8,No,4.0,Credit Card,2022-08-01,No,1471.0
CUST00157,Thane,79.0,Female,49900.0,Postpaid,12.0,403.92,,452.0,25.0,2.0,No,4G,Apple,Low (<10k),386.49,1.0,No Contract,2.0,No,2.0,4.0,12.0,3.9,Yes,1.0,Wallet,2019-08-17,No,2551.0
CUST00540,Mumbai,77.0,Male,27200.0,Postpaid,47.0,320.58,1.87,636.0,25.0,1.0,Yes,4G,Vivo,Mid (10k-25k),390.2,0.0,No Contract,2.0,No,1.0,2.0,13.3,0.3,Yes,2.0,UPI,2020-04-01,No,2323.0
CUST01291,Pune,30.0,Male,59300.0,Prepaid,23.0,567.64,6.22,482.0,35.0,1.0,No,4G,Xiaomi,Mid (10k-25k),602.52,0.0,No Contract,3.0,No,1.0,1.0,5.8,2.4,Yes,0.0,UPI,2022-09-14,No,1427.0
CUST00462,Thane,,Female,37000.0,Prepaid,10.0,157.65,6.16,343.0,20.0,0.0,No Complaint Filed,4G,Realme,Mid (10k-25k),197.36,0.0,No Contract,1.0,No,0.0,4.0,15.2,1.4,Yes,0.0,UPI,2022-06-07,No,1526.0
CUST00577,Mumbai,75.0,Male,,Postpaid,40.0,273.3,0.25,268.0,20.0,1.0,Yes,5G,Samsung,High (25k-60k),297.23,0.0,With Contract,2.0,No,1.0,4.0,4.9,5.4,Yes,0.0,Wallet,2020-09-18,No,2153.0
CUST00256,Nagpur,82.0,Male,24300.0,Prepaid,4.0,529.94,13.26,458.0,24.0,0.0,No Complaint Filed,4G,OnePlus,Low (<10k),434.88,0.0,No Contract,4.0,No,1.0,2.0,29.8,12.0,No,0.0,Debit Card,2023-08-30,No,1077.0
CUST00980,Nashik,28.0,Male,48000.0,Postpaid,0.0,55.09,6.18,601.0,23.0,2.0,No,4G,Samsung,Mid (10k-25k),55.33,0.0,No Contract,2.0,No,0.0,5.0,2.6,1.9,No,1.0,Wallet,2020-08-28,No,2174.0
CUST01186,Navi Mumbai,41.0,Male,22100.0,Prepaid,11.0,225.74,6.19,747.0,33.0,2.0,No,5G,Xiaomi,Mid (10k-25k),268.06,1.0,No Contract,3.0,Yes,1.0,4.0,0.4,10.7,No,0.0,UPI,2024-02-15,No,908.0
CUST01007,Thane,36.0,Female,26900.0,Postpaid,22.0,482.4,3.43,268.0,28.0,1.0,Yes,3G,Samsung,Premium (>60k),602.31,1.0,With Contract,2.0,No,1.0,3.0,2.5,4.4,Yes,2.0,UPI,2023-10-15,Yes,1031.0
CUST00561,Thane,51.0,Male,24000.0,Postpaid,16.0,99.28,3.05,273.0,29.0,2.0,Yes,4G,Realme,Mid (10k-25k),101.01,1.0,No Contract,3.0,No,0.0,3.0,0.2,9.4,No,1.0,UPI,2019-07-19,Yes,2580.0
CUST00209,Mumbai,,Female,44000.0,Postpaid,0.0,42.02,1.79,498.0,24.0,0.0,No Complaint Filed,2G,Xiaomi,Mid (10k-25k),48.95,3.0,No Contract,3.0,No,0.0,1.0,0.4,6.4,No,1.0,Wallet,2022-12-09,Yes,1341.0
CUST00911,Nashik,44.0,Female,29200.0,Postpaid,0.0,149.87,,443.0,34.0,3.0,Yes,4G,Apple,Low (<10k),155.67,0.0,,2.0,No,1.0,4.0,5.4,3.9,No,0.0,Net Banking,2021-09-15,No,1791.0
CUST01312,Amravati,64.0,Female,,Prepaid,10.0,84.59,1.04,380.0,25.0,2.0,Yes,5G,Samsung,Mid (10k-25k),80.98,2.0,No Contract,3.0,No,3.0,4.0,9.7,1.2,No,0.0,,2020-05-11,No,2283.0
CUST00002,Navi Mumbai,58.0,Female,,Prepaid,13.0,219.37,7.87,457.0,22.0,0.0,No Complaint Filed,5G,Xiaomi,Mid (10k-25k),,2.0,With Contract,3.0,No,4.0,4.0,21.8,0.3,Yes,1.0,Credit Card,2020-04-05,No,2319.0
CUST00270,Pune,31.0,Female,15000.0,Prepaid,10.0,97.81,5.77,417.0,36.0,2.0,Yes,3G,Vivo,Low (<10k),113.73,0.0,With Contract,1.0,No,2.0,3.0,11.3,5.6,No,0.0,UPI,2021-06-22,No,1876.0
CUST00266,Chhatrapati Sambhajinagar,45.0,Male,51500.0,Prepaid,6.0,168.8,1.64,252.0,28.0,3.0,No,4G,Samsung,Premium (>60k),141.67,0.0,No Contract,5.0,No,2.0,3.0,16.7,10.0,Yes,2.0,Cash,2020-08-15,No,2187.0
CUST00915,Nagpur,56.0,Female,37000.0,Prepaid,12.0,269.04,0.63,594.0,24.0,1.0,No,4G,Oppo,High (25k-60k),310.79,0.0,With Contract,2.0,No,1.0,3.0,1.0,0.2,No,2.0,Credit Card,2019-03-22,No,2699.0
CUST00231,Solapur,46.0,Male,58400.0,Prepaid,14.0,174.35,4.01,451.0,20.0,0.0,No Complaint Filed,4G,Realme,Low (<10k),181.02,3.0,With Contract,5.0,No,1.0,5.0,0.7,12.0,No,3.0,Debit Card,2021-02-22,No,1996.0
CUST01487,Pune,26.0,Male,21900.0,Prepaid,0.0,219.79,1.2,516.0,25.0,0.0,No Complaint Filed,3G,Vivo,Mid (10k-25k),253.91,1.0,No Contract,1.0,No,0.0,5.0,0.5,5.4,No,1.0,Net Banking,2019-11-17,No,2459.0
CUST01120,Mumbai,65.0,Male,10500.0,Postpaid,9.0,249.42,5.14,466.0,27.0,0.0,No Complaint Filed,4G,Vivo,Low (<10k),286.92,0.0,With Contract,0.0,No,2.0,3.0,1.6,2.3,Yes,0.0,UPI,2024-04-18,No,845.0
CUST01482,Mumbai,47.0,Male,25700.0,Prepaid,22.0,112.59,,409.0,13.0,1.0,Yes,5G,Samsung,Mid (10k-25k),141.47,0.0,With Contract,4.0,Yes,0.0,4.0,1.2,0.6,Yes,0.0,Net Banking,2022-01-02,No,1682.0
CUST00865,Pune,38.0,Female,15700.0,Prepaid,4.0,36.82,4.04,215.0,23.0,1.0,No,4G,OnePlus,Mid (10k-25k),41.77,0.0,No Contract,2.0,No,0.0,3.0,9.6,0.2,No,2.0,Debit Card,2020-09-24,No,2147.0
CUST01067,Mumbai,42.0,Male,109400.0,Prepaid,43.0,287.44,4.98,278.0,25.0,2.0,Yes,3G,Apple,Premium (>60k),354.08,1.0,No Contract,2.0,No,2.0,4.0,7.1,0.3,No,0.0,UPI,2020-08-25,No,2177.0
CUST00874,Pune,59.0,Female,34300.0,Prepaid,55.0,129.51,6.93,614.0,30.0,3.0,Yes,4G,Vivo,Mid (10k-25k),104.39,0.0,No Contract,3.0,No,3.0,3.0,2.6,3.2,No,2.0,UPI,2019-04-18,No,2672.0
CUST01489,Pune,48.0,Male,27200.0,Prepaid,11.0,287.23,29.59,192.0,24.0,2.0,No,4G,Vivo,Mid (10k-25k),352.41,1.0,No Contract,4.0,No,0.0,3.0,7.3,2.3,Yes,1.0,Credit Card,2023-08-13,No,1094.0
CUST00399,Chhatrapati Sambhajinagar,51.0,Male,33000.0,Postpaid,27.0,191.21,10.23,217.0,26.0,0.0,No Complaint Filed,,Apple,Low (<10k),248.36,0.0,With Contract,2.0,Yes,3.0,,1.3,1.5,No,1.0,Debit Card,2019-01-03,No,2777.0
CUST01376,Amravati,38.0,Female,,Postpaid,15.0,161.53,17.13,737.0,19.0,1.0,No,4G,Xiaomi,Low (<10k),204.72,0.0,No Contract,0.0,No,1.0,3.0,0.1,8.6,No,2.0,Debit Card,2022-01-18,No,1666.0
CUST00046,Thane,46.0,Female,108500.0,Prepaid,15.0,15.41,5.2,322.0,26.0,4.0,Yes,4G,Apple,Low (<10k),12.78,0.0,No Contract,0.0,No,0.0,4.0,16.8,1.4,Yes,3.0,,2024-02-24,No,899.0
CUST00162,Nashik,40.0,Female,19800.0,Prepaid,2.0,145.2,2.95,273.0,18.0,3.0,No,4G,Xiaomi,Low (<10k),170.5,1.0,With Contract,2.0,No,3.0,4.0,5.5,7.6,No,1.0,Cash,2021-10-20,Yes,1756.0
CUST00992,Thane,78.0,Male,20800.0,Prepaid,1.0,132.03,19.21,,24.0,1.0,Yes,5G,Vivo,Low (<10k),143.91,1.0,No Contract,0.0,No,1.0,5.0,6.4,2.8,No,0.0,UPI,2019-08-09,No,2559.0
CUST00728,Solapur,54.0,Female,25600.0,Postpaid,10.0,175.0,0.84,232.0,23.0,1.0,No,4G,Xiaomi,Mid (10k-25k),144.14,0.0,With Contract,2.0,No,1.0,5.0,,3.1,Yes,1.0,UPI,2022-09-05,No,1436.0
CUST00630,Mumbai,84.0,Female,59900.0,Prepaid,12.0,68.0,0.43,651.0,32.0,1.0,No,4G,Oppo,High (25k-60k),54.94,0.0,With Contract,2.0,No,4.0,5.0,2.0,1.0,Yes,0.0,Debit Card,2022-11-07,No,1373.0
CUST00289,Pune,26.0,Male,35800.0,Prepaid,16.0,107.04,9.89,538.0,25.0,1.0,No,4G,Xiaomi,Mid (10k-25k),124.2,1.0,No Contract,1.0,No,1.0,4.0,1.5,1.8,No,1.0,Credit Card,2021-12-22,No,1693.0
CUST01060,Nashik,47.0,Female,17500.0,Postpaid,25.0,193.37,3.68,290.0,19.0,2.0,Yes,3G,,Mid (10k-25k),238.42,1.0,With Contract,4.0,Yes,3.0,1.0,0.6,12.8,No,1.0,Debit Card,2022-07-06,No,1497.0
CUST01471,Nagpur,51.0,Female,68200.0,Prepaid,30.0,84.24,6.87,612.0,23.0,0.0,No Complaint Filed,4G,Samsung,Mid (10k-25k),72.39,3.0,With Contract,1.0,No,3.0,,2.0,10.9,No,1.0,Cash,2023-04-08,No,1221.0
CUST00576,Navi Mumbai,56.0,Female,5800.0,Prepaid,35.0,42.43,4.01,516.0,22.0,1.0,No,4G,Oppo,Low (<10k),53.14,0.0,No Contract,0.0,No,3.0,3.0,1.4,2.4,Yes,0.0,Cash,2021-09-14,No,1792.0
CUST00851,Mumbai,46.0,Female,23500.0,Postpaid,10.0,287.86,1.3,280.0,27.0,1.0,Yes,4G,Vivo,Mid (10k-25k),260.85,1.0,With Contract,4.0,No,1.0,4.0,1.1,11.1,Yes,0.0,Credit Card,2024-05-28,No,805.0
CUST01340,Mumbai,41.0,Male,28100.0,Prepaid,7.0,290.61,6.14,328.0,26.0,1.0,Yes,4G,OnePlus,High (25k-60k),302.52,0.0,With Contract,4.0,No,2.0,5.0,11.4,11.2,Yes,0.0,Debit Card,2023-03-30,No,1230.0
CUST00912,Mumbai,78.0,Male,27300.0,Prepaid,4.0,184.44,4.79,282.0,25.0,1.0,Yes,5G,Vivo,Mid (10k-25k),183.91,0.0,With Contract,1.0,No,3.0,3.0,2.3,1.4,No,0.0,UPI,2022-12-16,No,1334.0
CUST01255,Thane,35.0,Other,13200.0,Postpaid,35.0,148.52,5.88,434.0,17.0,0.0,No Complaint Filed,5G,Vivo,Low (<10k),167.67,0.0,With Contract,3.0,No,3.0,4.0,5.6,1.6,Yes,2.0,UPI,2020-05-09,No,2285.0
CUST01369,Mumbai,43.0,Male,20700.0,Prepaid,16.0,199.59,3.88,683.0,26.0,1.0,Yes,2G,Xiaomi,High (25k-60k),223.97,0.0,No Contract,0.0,No,1.0,5.0,15.3,1.6,No,0.0,Credit Card,2021-09-01,No,1805.0
CUST00933,Akola,22.0,Female,40600.0,Prepaid,3.0,404.3,8.54,368.0,24.0,2.0,No,4G,Apple,Low (<10k),331.51,1.0,No Contract,0.0,Yes,0.0,4.0,5.0,3.3,Yes,1.0,Cash,2020-05-13,No,2281.0
CUST01101,Mumbai,40.0,Female,20100.0,Prepaid,33.0,84.8,0.25,277.0,32.0,0.0,No Complaint Filed,4G,OnePlus,High (25k-60k),,2.0,With Contract,0.0,Yes,1.0,2.0,1.9,6.0,No,0.0,Debit Card,2023-11-05,No,1010.0
CUST01208,Pune,68.0,Male,39600.0,Prepaid,46.0,355.01,1.51,281.0,26.0,0.0,No Complaint Filed,4G,,Low (<10k),431.31,1.0,With Contract,1.0,No,2.0,5.0,12.8,3.2,No,1.0,Credit Card,2019-12-02,No,2444.0
CUST00248,Sangli,44.0,Male,61000.0,Postpaid,11.0,242.22,5.24,481.0,22.0,0.0,No Complaint Filed,,,High (25k-60k),259.49,1.0,With Contract,4.0,No,2.0,,2.3,5.4,No,0.0,UPI,2023-02-27,No,1261.0
CUST00477,Mumbai,36.0,Male,36400.0,Postpaid,2.0,346.71,2.82,301.0,24.0,2.0,Yes,5G,Xiaomi,Mid (10k-25k),418.63,0.0,No Contract,3.0,No,2.0,5.0,13.6,0.3,No,0.0,UPI,2023-10-20,No,1026.0
CUST00086,Pune,70.0,Male,17900.0,Postpaid,22.0,608.06,3.77,4.0,22.0,0.0,No Complaint Filed,,Oppo,Low (<10k),734.53,1.0,With Contract,0.0,No,3.0,4.0,2.6,1.2,Yes,2.0,Debit Card,2022-12-10,No,1340.0
CUST00470,Sangli,40.0,Male,24700.0,Prepaid,31.0,125.74,5.75,228.0,22.0,2.0,No,3G,Xiaomi,Low (<10k),,0.0,No Contract,4.0,No,0.0,5.0,,17.1,No,0.0,Debit Card,2022-08-16,No,1456.0
CUST00226,Mumbai,58.0,Male,16500.0,Postpaid,40.0,443.52,8.9,340.0,39.0,0.0,No Complaint Filed,4G,OnePlus,Low (<10k),481.1,2.0,No Contract,3.0,No,2.0,5.0,9.8,1.9,Yes,0.0,Credit Card,2021-11-12,No,1733.0
CUST00332,Chhatrapati Sambhajinagar,21.0,Female,13700.0,Postpaid,14.0,76.09,2.51,676.0,21.0,1.0,Yes,4G,Samsung,High (25k-60k),81.31,0.0,No Contract,4.0,No,2.0,2.0,7.8,3.4,Yes,0.0,Wallet,2020-03-07,No,2348.0
CUST00234,Nagpur,46.0,Female,40900.0,Postpaid,2.0,89.69,17.68,821.0,33.0,0.0,No Complaint Filed,5G,Apple,Low (<10k),71.94,0.0,No Contract,1.0,No,1.0,1.0,11.5,2.6,Yes,0.0,UPI,2023-01-24,Yes,1295.0
CUST00589,Mumbai,,Female,16500.0,Prepaid,12.0,359.9,1.58,519.0,22.0,1.0,No,4G,Xiaomi,Low (<10k),343.85,1.0,No Contract,2.0,No,3.0,5.0,6.9,9.4,Yes,0.0,Debit Card,2019-12-22,No,2424.0
CUST00476,Akola,42.0,Male,10800.0,Postpaid,31.0,249.07,8.37,279.0,24.0,2.0,Yes,4G,Oppo,High (25k-60k),270.63,2.0,No Contract,2.0,No,2.0,2.0,5.8,2.2,No,0.0,UPI,2019-01-14,No,2766.0
CUST01285,Pune,38.0,Female,20000.0,Postpaid,0.0,562.48,1.67,507.0,28.0,2.0,No,4G,Samsung,Low (<10k),478.7,0.0,No Contract,1.0,No,1.0,4.0,9.7,14.6,Yes,4.0,UPI,2019-09-23,No,2514.0
CUST00600,Mumbai,53.0,Female,30900.0,Postpaid,16.0,163.11,9.72,518.0,28.0,2.0,Yes,4G,Realme,High (25k-60k),133.61,0.0,With Contract,3.0,No,3.0,3.0,2.8,0.7,Yes,0.0,UPI,2023-02-16,No,1272.0
CUST00422,Chhatrapati Sambhajinagar,52.0,Male,40000.0,Prepaid,5.0,107.33,3.13,675.0,22.0,1.0,Yes,4G,Samsung,Low (<10k),87.79,1.0,With Contract,2.0,No,0.0,4.0,8.4,0.3,No,0.0,Credit Card,2022-10-10,No,1401.0
CUST00183,Navi Mumbai,54.0,Female,23500.0,Postpaid,10.0,163.54,1.8,611.0,17.0,2.0,No,5G,Vivo,Mid (10k-25k),211.32,0.0,With Contract,4.0,No,2.0,3.0,7.1,4.1,No,0.0,UPI,2020-09-04,Yes,2167.0
CUST00989,Mumbai,48.0,Female,8300.0,Prepaid,9.0,21.72,1.73,455.0,23.0,3.0,No,4G,Xiaomi,Low (<10k),26.22,2.0,With Contract,2.0,No,1.0,4.0,35.1,5.9,No,1.0,UPI,2022-06-15,No,1518.0
CUST01001,Mumbai,56.0,Female,47700.0,Prepaid,26.0,23.06,0.85,806.0,22.0,0.0,No Complaint Filed,4G,Vivo,Low (<10k),22.06,0.0,No Contract,0.0,No,0.0,5.0,4.7,6.9,No,0.0,UPI,2020-10-20,No,2121.0
CUST01357,Navi Mumbai,44.0,Male,28900.0,Prepaid,7.0,286.65,5.27,170.0,20.0,3.0,No,4G,Realme,Mid (10k-25k),357.43,1.0,No Contract,3.0,No,1.0,4.0,0.7,5.0,No,1.0,Net Banking,2019-08-19,No,2549.0
CUST00050,Mumbai,,Female,17500.0,Prepaid,14.0,221.07,26.93,,27.0,2.0,No,3G,Xiaomi,Mid (10k-25k),178.19,2.0,No Contract,1.0,No,1.0,5.0,4.3,0.0,No,0.0,UPI,2019-07-19,No,2580.0
CUST01413,,38.0,Male,13900.0,Postpaid,1.0,119.62,20.61,618.0,19.0,1.0,Yes,4G,Samsung,Mid (10k-25k),117.17,0.0,No Contract,0.0,No,1.0,4.0,2.4,0.6,Yes,3.0,Cash,2020-02-06,Yes,2378.0
CUST01030,Solapur,56.0,Female,20000.0,Postpaid,39.0,193.43,4.94,,26.0,1.0,Yes,4G,Apple,Low (<10k),159.85,1.0,With Contract,0.0,No,1.0,3.0,19.3,1.5,No,0.0,Credit Card,2021-11-08,No,1737.0
CUST00530,Kolhapur,85.0,Female,14800.0,Postpaid,9.0,109.0,1.11,463.0,31.0,0.0,No Complaint Filed,4G,Realme,High (25k-60k),124.27,0.0,No Contract,1.0,No,0.0,3.0,1.0,2.2,No,0.0,Cash,2023-07-15,No,1123.0
CUST01259,Mumbai,49.0,Female,21800.0,Postpaid,0.0,162.43,2.62,651.0,26.0,1.0,No,3G,Vivo,Low (<10k),,0.0,With Contract,5.0,No,2.0,4.0,1.7,21.1,No,1.0,Cash,2020-04-27,No,2297.0
CUST00487,Mumbai,65.0,Male,52600.0,Prepaid,11.0,210.54,4.61,284.0,25.0,3.0,Yes,4G,OnePlus,Mid (10k-25k),203.49,2.0,No Contract,3.0,No,4.0,1.0,11.4,6.8,Yes,0.0,Cash,2019-12-15,No,2431.0
CUST01491,Mumbai,85.0,Male,38100.0,Prepaid,19.0,389.83,0.22,263.0,24.0,3.0,No,3G,Xiaomi,Low (<10k),506.46,1.0,No Contract,2.0,No,2.0,4.0,4.0,1.7,Yes,0.0,UPI,2024-02-14,Yes,909.0
CUST00498,Mumbai,51.0,Male,21800.0,Postpaid,23.0,370.74,9.24,305.0,24.0,1.0,Yes,4G,Realme,Mid (10k-25k),462.53,0.0,With Contract,5.0,Yes,0.0,,10.2,4.0,No,0.0,Debit Card,2021-10-03,No,1773.0
CUST00107,Pune,32.0,Male,25000.0,Prepaid,10.0,299.96,7.54,581.0,26.0,2.0,Yes,3G,Vivo,High (25k-60k),322.56,1.0,With Contract,1.0,No,4.0,1.0,10.2,1.0,No,0.0,Debit Card,2020-11-10,Yes,2100.0
CUST00444,Pune,50.0,Female,27500.0,Prepaid,5.0,136.33,4.71,501.0,36.0,1.0,No,4G,Realme,High (25k-60k),126.91,0.0,No Contract,2.0,No,1.0,2.0,8.6,1.0,Yes,2.0,UPI,2024-06-16,Yes,786.0
CUST00647,Nashik,41.0,,,Prepaid,30.0,160.07,3.67,285.0,18.0,2.0,No,4G,Xiaomi,Low (<10k),135.82,0.0,No Contract,1.0,No,0.0,3.0,6.2,8.8,No,0.0,UPI,2023-10-03,No,1043.0
CUST01037,Pune,57.0,Male,12500.0,Prepaid,2.0,248.56,9.73,219.0,29.0,1.0,Yes,4G,Vivo,High (25k-60k),312.12,0.0,No Contract,3.0,No,2.0,4.0,9.9,11.5,No,0.0,,2021-08-08,No,1829.0
CUST00727,Mumbai,47.0,Male,39200.0,Prepaid,16.0,284.25,4.59,391.0,29.0,2.0,No,4G,Xiaomi,High (25k-60k),303.83,2.0,No Contract,1.0,No,2.0,3.0,1.7,16.9,Yes,4.0,Net Banking,2019-05-15,Yes,2645.0
CUST00191,Mumbai,58.0,Male,79600.0,Prepaid,9.0,366.4,6.61,864.0,23.0,0.0,No Complaint Filed,4G,Samsung,Low (<10k),467.3,2.0,With Contract,2.0,Yes,0.0,5.0,8.2,7.3,No,3.0,UPI,2024-06-16,No,786.0
CUST00283,Pune,57.0,Female,51600.0,Postpaid,4.0,479.05,6.65,661.0,28.0,1.0,Yes,3G,Apple,Mid (10k-25k),554.59,0.0,No Contract,3.0,No,2.0,3.0,3.1,1.5,No,0.0,UPI,2023-04-26,Yes,1203.0
CUST00030,Mumbai,45.0,Female,32000.0,Prepaid,5.0,166.64,7.07,464.0,30.0,3.0,Yes,4G,Vivo,Low (<10k),198.54,0.0,No Contract,2.0,No,4.0,5.0,17.3,0.2,Yes,3.0,Debit Card,2020-01-04,No,2411.0
CUST00170,Nashik,57.0,Female,,Postpaid,31.0,67.69,2.42,835.0,19.0,0.0,No Complaint Filed,4G,Vivo,Low (<10k),60.74,1.0,No Contract,3.0,No,3.0,3.0,1.8,0.8,Yes,0.0,Cash,2020-04-30,No,2294.0
CUST01002,Nagpur,43.0,Male,,Prepaid,16.0,80.7,0.78,376.0,14.0,1.0,No,4G,Xiaomi,Low (<10k),71.15,1.0,No Contract,3.0,No,2.0,4.0,14.6,0.1,No,0.0,UPI,2023-11-18,No,997.0
CUST01205,Nagpur,37.0,Male,18700.0,Prepaid,58.0,371.99,3.83,293.0,19.0,1.0,Yes,2G,Samsung,High (25k-60k),366.93,0.0,With Contract,1.0,No,1.0,3.0,7.6,1.0,No,0.0,Credit Card,2019-11-08,Yes,2468.0
CUST00101,Mumbai,64.0,Male,19100.0,Prepaid,3.0,372.27,0.05,213.0,30.0,0.0,No Complaint Filed,4G,Samsung,Low (<10k),460.41,1.0,With Contract,3.0,No,1.0,5.0,3.2,1.1,No,0.0,Wallet,2020-03-05,Yes,2350.0
CUST00198,Amravati,76.0,,,Postpaid,36.0,257.43,6.31,353.0,22.0,1.0,Yes,3G,Samsung,Mid (10k-25k),237.43,2.0,No Contract,2.0,No,3.0,1.0,16.1,3.7,Yes,0.0,Debit Card,2023-05-04,No,1195.0
CUST00496,Pune,53.0,,120600.0,Postpaid,96.0,105.76,7.05,352.0,22.0,0.0,No Complaint Filed,2G,Apple,High (25k-60k),132.89,1.0,No Contract,3.0,Yes,3.0,2.0,3.9,9.8,No,1.0,UPI,2021-01-28,No,2021.0
CUST00648,Thane,34.0,Male,20000.0,Prepaid,11.0,211.81,2.5,602.0,25.0,1.0,No,3G,Oppo,Low (<10k),188.66,0.0,No Contract,2.0,No,1.0,3.0,11.0,3.9,No,1.0,Wallet,2020-08-12,No,2190.0
CUST00988,Pune,70.0,Female,10900.0,Prepaid,7.0,57.42,3.44,505.0,30.0,2.0,No,4G,Xiaomi,High (25k-60k),46.55,0.0,With Contract,3.0,No,3.0,3.0,5.9,4.4,Yes,3.0,UPI,2021-01-08,No,2041.0
CUST00045,Mumbai,48.0,Male,47800.0,Prepaid,1.0,390.07,,474.0,24.0,2.0,No,3G,Xiaomi,Mid (10k-25k),453.74,1.0,No Contract,2.0,Yes,3.0,2.0,4.4,15.3,No,1.0,Cash,2024-01-08,Yes,946.0
CUST00711,Chhatrapati Sambhajinagar,44.0,Male,26200.0,Prepaid,24.0,392.89,3.91,149.0,24.0,0.0,No Complaint Filed,4G,Realme,Mid (10k-25k),332.53,0.0,No Contract,0.0,No,1.0,3.0,0.4,4.5,Yes,0.0,Cash,2022-09-09,No,1432.0
CUST00374,Thane,43.0,Female,45500.0,Postpaid,11.0,415.99,0.69,694.0,34.0,0.0,No Complaint Filed,4G,Oppo,Mid (10k-25k),413.66,2.0,No Contract,3.0,No,1.0,,13.6,1.5,Yes,1.0,Net Banking,2023-11-08,No,1007.0
CUST00679,Sangli,84.0,Female,37600.0,Prepaid,0.0,119.87,7.99,706.0,19.0,0.0,No Complaint Filed,4G,Xiaomi,Mid (10k-25k),111.57,0.0,With Contract,4.0,No,1.0,2.0,1.0,11.1,No,0.0,Wallet,2019-10-25,No,2482.0
CUST00567,Pune,,Male,12500.0,Prepaid,96.0,490.37,11.11,301.0,28.0,2.0,No,2G,Samsung,Premium (>60k),597.96,1.0,No Contract,0.0,No,1.0,5.0,9.6,3.0,Yes,1.0,Net Banking,2023-06-04,No,1164.0
CUST00848,Akola,28.0,Male,16300.0,Prepaid,49.0,381.37,16.8,312.0,21.0,1.0,Yes,4G,Xiaomi,Premium (>60k),401.77,1.0,No Contract,3.0,No,2.0,4.0,0.7,1.7,No,1.0,UPI,2021-11-20,No,1725.0
CUST00461,Mumbai,63.0,Male,41000.0,Prepaid,6.0,235.06,9.66,77.0,20.0,1.0,No,4G,Apple,Mid (10k-25k),236.7,0.0,With Contract,6.0,No,4.0,5.0,8.7,7.1,Yes,0.0,Wallet,2020-05-08,No,2286.0
CUST01156,Chhatrapati Sambhajinagar,56.0,Female,24600.0,Prepaid,7.0,357.86,2.31,471.0,23.0,4.0,Yes,5G,Vivo,Low (<10k),353.81,0.0,No Contract,1.0,No,1.0,2.0,4.0,8.5,No,0.0,Credit Card,2020-03-28,Yes,2327.0
CUST00040,Pune,68.0,Female,65300.0,Prepaid,8.0,314.99,8.57,484.0,19.0,0.0,No Complaint Filed,4G,Vivo,Premium (>60k),256.99,1.0,No Contract,1.0,No,2.0,2.0,1.8,7.0,Yes,0.0,Cash,2022-04-07,No,1587.0
CUST00435,Mumbai,47.0,Female,24300.0,Prepaid,11.0,208.98,14.96,,33.0,1.0,Yes,4G,Samsung,Mid (10k-25k),239.02,0.0,With Contract,2.0,No,2.0,,16.3,0.2,No,1.0,Debit Card,2024-01-14,No,940.0
CUST00974,Mumbai,72.0,Male,51900.0,Prepaid,12.0,416.75,0.61,292.0,35.0,3.0,Yes,2G,Oppo,Mid (10k-25k),532.97,1.0,With Contract,3.0,No,1.0,5.0,9.1,34.1,Yes,0.0,Net Banking,2023-11-30,No,985.0
CUST01240,Mumbai,34.0,Male,27800.0,Prepaid,8.0,44.06,9.96,326.0,18.0,3.0,Yes,4G,Xiaomi,Low (<10k),35.83,0.0,No Contract,1.0,No,0.0,3.0,12.4,1.5,No,1.0,Debit Card,2021-01-11,No,2038.0
CUST01008,Kolhapur,48.0,Female,67500.0,Prepaid,15.0,346.53,,409.0,19.0,1.0,Yes,4G,Vivo,Low (<10k),282.93,1.0,No Contract,1.0,No,3.0,,5.6,19.3,No,4.0,UPI,2024-06-18,No,784.0
CUST00457,Mumbai,35.0,Female,24900.0,Prepaid,31.0,222.46,6.15,481.0,26.0,4.0,Yes,4G,Samsung,,207.23,0.0,With Contract,2.0,No,0.0,5.0,27.9,0.4,Yes,3.0,Credit Card,2021-06-04,Yes,1894.0
CUST00261,Nashik,48.0,Female,23700.0,Prepaid,12.0,292.13,1.62,522.0,21.0,2.0,Yes,4G,Oppo,Mid (10k-25k),276.34,1.0,No Contract,1.0,No,1.0,5.0,0.5,1.1,Yes,1.0,Debit Card,2021-09-22,No,1784.0
CUST00036,Solapur,37.0,Male,28600.0,Prepaid,22.0,192.45,3.35,619.0,26.0,1.0,No,4G,Realme,Low (<10k),231.62,1.0,No Contract,1.0,No,2.0,5.0,6.4,0.8,Yes,0.0,UPI,2019-05-21,No,2639.0
CUST00828,Pune,46.0,,17700.0,Postpaid,57.0,266.85,2.35,465.0,21.0,1.0,Yes,4G,Xiaomi,Low (<10k),331.29,0.0,No Contract,4.0,No,4.0,2.0,3.1,10.1,Yes,2.0,UPI,2020-11-17,No,2093.0
CUST00310,Mumbai,82.0,Male,27500.0,Prepaid,17.0,56.6,3.26,711.0,26.0,0.0,No Complaint Filed,4G,Xiaomi,Mid (10k-25k),69.49,1.0,With Contract,0.0,No,2.0,3.0,24.2,4.2,No,0.0,UPI,2020-11-18,No,2092.0
CUST00277,Solapur,39.0,Female,10900.0,Prepaid,0.0,236.32,16.11,513.0,22.0,1.0,Yes,3G,Apple,Mid (10k-25k),299.37,0.0,With Contract,2.0,No,1.0,2.0,5.5,5.6,Yes,2.0,Debit Card,2023-07-09,Yes,1129.0
CUST00637,Nagpur,69.0,Male,30000.0,Prepaid,5.0,180.33,3.54,872.0,23.0,3.0,Yes,4G,Realme,Low (<10k),219.28,1.0,With Contract,1.0,No,0.0,5.0,10.1,1.4,Yes,1.0,UPI,2020-08-23,Yes,2179.0
CUST00655,Pune,53.0,Male,75100.0,Prepaid,65.0,241.2,26.87,474.0,27.0,2.0,No,4G,OnePlus,Mid (10k-25k),195.45,1.0,With Contract,2.0,No,0.0,2.0,1.4,17.4,Yes,1.0,UPI,2020-06-03,No,2260.0
CUST00623,Pune,44.0,Male,27000.0,Prepaid,2.0,142.23,2.33,565.0,25.0,1.0,Yes,4G,Xiaomi,Mid (10k-25k),160.62,2.0,With Contract,2.0,Yes,0.0,3.0,1.2,5.7,No,0.0,Debit Card,2021-08-09,No,1828.0
CUST00845,Mumbai,52.0,Male,11100.0,Prepaid,33.0,94.02,13.66,316.0,24.0,0.0,No Complaint Filed,4G,Xiaomi,Mid (10k-25k),83.91,1.0,With Contract,3.0,No,1.0,4.0,8.8,2.9,No,0.0,UPI,2020-06-26,No,2237.0
CUST00394,Chhatrapati Sambhajinagar,41.0,Male,21900.0,Postpaid,3.0,124.73,0.46,634.0,18.0,3.0,No,4G,Oppo,Premium (>60k),144.11,1.0,No Contract,0.0,No,4.0,,7.9,2.8,No,0.0,UPI,2021-01-07,No,2042.0
CUST00108,Chhatrapati Sambhajinagar,41.0,Male,23700.0,Prepaid,50.0,196.88,9.93,,23.0,3.0,No,4G,Oppo,Mid (10k-25k),245.96,1.0,With Contract,2.0,No,2.0,4.0,4.2,1.3,Yes,3.0,Debit Card,2023-03-27,No,1233.0
CUST00350,Nashik,53.0,Female,7300.0,Prepaid,4.0,153.81,8.6,93.0,34.0,2.0,Yes,5G,,Mid (10k-25k),142.42,1.0,With Contract,2.0,No,2.0,2.0,4.1,16.6,Yes,1.0,UPI,2023-08-29,No,1078.0
CUST00525,Kolhapur,37.0,Female,27400.0,Postpaid,1.0,177.0,0.31,412.0,19.0,0.0,No Complaint Filed,2G,Xiaomi,Low (<10k),225.3,1.0,With Contract,2.0,No,0.0,1.0,,6.6,No,0.0,UPI,2023-04-11,No,1218.0
CUST00785,Mumbai,41.0,Male,18800.0,Prepaid,9.0,229.33,1.39,538.0,22.0,2.0,No,5G,Vivo,High (25k-60k),237.32,3.0,With Contract,1.0,No,1.0,5.0,6.7,0.2,No,0.0,UPI,2023-03-11,No,1249.0
CUST00048,Nagpur,62.0,Female,36400.0,Prepaid,11.0,45.33,9.27,364.0,17.0,1.0,Yes,4G,Xiaomi,Mid (10k-25k),54.01,1.0,With Contract,2.0,No,1.0,1.0,1.1,3.4,No,0.0,UPI,2020-02-23,No,2361.0
CUST00204,Amravati,85.0,Female,39800.0,Postpaid,23.0,110.67,8.24,536.0,19.0,0.0,No Complaint Filed,4G,Xiaomi,Mid (10k-25k),92.9,1.0,No Contract,4.0,No,1.0,1.0,,4.4,No,2.0,UPI,2019-06-02,No,2627.0
CUST00022,Mumbai,37.0,Male,50400.0,Prepaid,19.0,274.59,4.43,508.0,26.0,2.0,No,4G,Oppo,Low (<10k),349.13,0.0,No Contract,1.0,No,2.0,4.0,1.4,4.4,Yes,2.0,Credit Card,2020-06-27,No,2236.0
CUST00403,Nagpur,69.0,Male,16100.0,Postpaid,67.0,424.0,6.08,975.0,25.0,1.0,Yes,4G,Apple,Low (<10k),418.92,3.0,With Contract,5.0,No,1.0,4.0,12.1,0.9,Yes,0.0,Wallet,2022-07-07,No,1496.0
CUST01108,Chhatrapati Sambhajinagar,27.0,Male,21500.0,Prepaid,1.0,121.43,,520.0,26.0,4.0,Yes,4G,Realme,Low (<10k),157.26,3.0,No Contract,3.0,No,0.0,1.0,7.3,0.7,No,0.0,UPI,2024-02-21,Yes,902.0
CUST01155,Nashik,44.0,Male,5300.0,Postpaid,11.0,47.0,2.44,488.0,25.0,1.0,No,3G,Apple,Low (<10k),55.91,1.0,With Contract,1.0,No,1.0,3.0,1.1,1.4,No,3.0,UPI,2021-08-13,No,1824.0
CUST01440,Thane,26.0,Male,32100.0,Prepaid,7.0,395.97,,371.0,28.0,3.0,No,4G,Apple,Low (<10k),491.02,2.0,No Contract,1.0,No,3.0,3.0,0.6,3.4,Yes,2.0,Credit Card,2022-08-01,No,1471.0
CUST00990,Solapur,54.0,Male,18900.0,Postpaid,7.0,81.93,2.44,655.0,33.0,0.0,No Complaint Filed,4G,Apple,Low (<10k),70.18,1.0,With Contract,2.0,No,1.0,5.0,16.8,0.2,No,3.0,Debit Card,2019-06-29,No,2600.0
CUST00742,Pune,66.0,Male,17800.0,Prepaid,3.0,196.22,5.44,554.0,28.0,2.0,No,4G,Realme,Low (<10k),166.67,1.0,With Contract,1.0,No,2.0,4.0,1.8,1.2,No,0.0,UPI,2021-04-18,No,1941.0
CUST01311,Mumbai,47.0,Male,142600.0,Postpaid,25.0,178.8,0.29,565.0,31.0,0.0,No Complaint Filed,4G,Vivo,Mid (10k-25k),208.83,1.0,No Contract,3.0,No,2.0,,0.9,11.6,No,0.0,UPI,2019-04-13,No,2677.0
CUST01148,Thane,64.0,Female,54200.0,Prepaid,35.0,49.28,4.74,216.0,36.0,1.0,No,4G,Vivo,Low (<10k),63.2,0.0,No Contract,2.0,No,0.0,2.0,4.2,5.6,No,0.0,UPI,2021-09-28,No,1778.0
CUST00034,Navi Mumbai,35.0,Male,10600.0,Postpaid,86.0,175.22,4.39,614.0,22.0,0.0,No Complaint Filed,4G,Xiaomi,Low (<10k),149.26,1.0,No Contract,1.0,No,0.0,,4.0,9.0,No,4.0,Wallet,2021-11-15,No,1730.0
CUST00788,Pune,29.0,Male,27500.0,Prepaid,21.0,275.34,2.05,93.0,15.0,2.0,Yes,2G,Apple,Mid (10k-25k),321.46,1.0,With Contract,2.0,No,2.0,4.0,5.6,6.9,No,1.0,UPI,2023-09-14,Yes,1062.0
CUST00924,Solapur,42.0,Female,11800.0,Prepaid,34.0,118.06,0.44,93.0,27.0,1.0,No,4G,Samsung,Low (<10k),150.17,2.0,With Contract,0.0,No,3.0,1.0,5.9,3.1,Yes,1.0,UPI,2022-09-05,No,1436.0
CUST01044,Nashik,83.0,Female,29200.0,Prepaid,8.0,117.2,16.3,,22.0,2.0,No,4G,Oppo,Low (<10k),123.41,0.0,No Contract,2.0,No,1.0,2.0,19.1,2.6,No,1.0,UPI,2022-01-30,No,1654.0
CUST01454,Nashik,32.0,Female,40100.0,Prepaid,6.0,132.12,3.18,275.0,28.0,0.0,No Complaint Filed,3G,Samsung,Low (<10k),130.69,1.0,No Contract,2.0,No,2.0,4.0,2.0,4.9,Yes,2.0,Debit Card,2021-03-28,No,1962.0
CUST01244,Kolhapur,36.0,Male,49600.0,Prepaid,2.0,341.49,13.55,196.0,22.0,2.0,Yes,4G,Samsung,Mid (10k-25k),302.65,0.0,No Contract,2.0,No,3.0,5.0,4.6,0.1,Yes,1.0,Wallet,2019-03-16,No,2705.0
CUST00580,Mumbai,51.0,Male,24500.0,Postpaid,66.0,41.66,7.64,395.0,24.0,3.0,Yes,4G,Apple,Mid (10k-25k),42.78,1.0,No Contract,3.0,No,1.0,2.0,2.2,17.8,No,1.0,UPI,2020-02-25,No,2359.0
CUST00482,Thane,70.0,Male,,Postpaid,2.0,355.08,19.91,,26.0,0.0,No Complaint Filed,4G,Samsung,Mid (10k-25k),303.58,2.0,With Contract,1.0,No,3.0,5.0,9.4,16.7,No,0.0,Debit Card,2023-07-11,Yes,1127.0
CUST00932,Kolhapur,35.0,Female,26900.0,Postpaid,3.0,114.88,1.47,323.0,20.0,2.0,No,4G,Xiaomi,Mid (10k-25k),114.67,4.0,No Contract,5.0,No,1.0,3.0,2.9,0.8,Yes,1.0,Debit Card,2020-04-13,Yes,2311.0
CUST00357,Mumbai,53.0,Male,31100.0,Postpaid,44.0,149.31,4.21,483.0,28.0,1.0,Yes,4G,Xiaomi,Mid (10k-25k),126.58,2.0,With Contract,1.0,No,0.0,1.0,4.5,0.8,No,1.0,Wallet,2020-06-25,No,2238.0
CUST01249,Navi Mumbai,57.0,Female,64200.0,Prepaid,16.0,126.86,15.32,152.0,18.0,3.0,Yes,4G,Vivo,Low (<10k),107.53,1.0,With Contract,4.0,Yes,3.0,1.0,3.0,1.5,Yes,1.0,,2023-03-10,No,1250.0
CUST00760,Chhatrapati Sambhajinagar,62.0,Female,18200.0,Prepaid,10.0,46.95,13.62,720.0,30.0,1.0,No,4G,Samsung,High (25k-60k),57.48,0.0,,2.0,No,0.0,1.0,0.3,0.1,No,0.0,UPI,2023-04-22,No,1207.0
CUST00093,Chhatrapati Sambhajinagar,54.0,Male,34000.0,Prepaid,0.0,73.26,6.92,643.0,38.0,3.0,Yes,4G,Oppo,,80.02,1.0,No Contract,1.0,No,1.0,4.0,0.2,6.1,No,0.0,,2022-06-08,No,1525.0
CUST01176,Nagpur,70.0,Male,10000.0,Postpaid,7.0,462.82,4.3,,13.0,2.0,Yes,4G,Samsung,Mid (10k-25k),394.01,0.0,No Contract,3.0,No,3.0,3.0,1.1,13.8,Yes,0.0,UPI,2020-07-11,No,2222.0
CUST01416,Navi Mumbai,77.0,Female,14700.0,Postpaid,44.0,560.53,3.35,,25.0,5.0,No,4G,Vivo,Low (<10k),613.78,1.0,No Contract,2.0,Yes,2.0,4.0,11.4,1.1,Yes,1.0,Debit Card,2023-03-24,No,1236.0
CUST01342,Pune,40.0,Male,11300.0,Prepaid,34.0,126.87,0.72,544.0,24.0,1.0,Yes,4G,,High (25k-60k),152.39,0.0,With Contract,4.0,No,1.0,3.0,4.1,6.9,No,1.0,UPI,2022-04-20,No,1574.0
CUST00804,Nashik,32.0,Male,7500.0,Prepaid,25.0,468.51,20.4,,24.0,0.0,No Complaint Filed,4G,OnePlus,Premium (>60k),562.86,0.0,With Contract,1.0,No,1.0,,10.9,2.0,Yes,3.0,UPI,2019-03-12,No,2709.0
CUST00746,Amravati,74.0,Female,38400.0,Prepaid,15.0,172.81,8.18,491.0,20.0,1.0,Yes,4G,Samsung,Mid (10k-25k),156.06,0.0,No Contract,5.0,Yes,3.0,4.0,8.3,8.4,No,0.0,Wallet,2024-04-08,Yes,855.0
CUST00280,Solapur,56.0,Female,37200.0,Postpaid,9.0,124.6,2.52,445.0,29.0,0.0,No Complaint Filed,4G,Samsung,Mid (10k-25k),100.43,1.0,No Contract,1.0,No,1.0,,47.1,2.1,No,0.0,Credit Card,2021-07-01,No,1867.0
CUST00765,Mumbai,33.0,Female,54500.0,Prepaid,6.0,271.68,9.6,359.0,17.0,1.0,No,3G,Oppo,High (25k-60k),348.71,0.0,No Contract,4.0,No,2.0,2.0,0.9,10.3,Yes,2.0,UPI,2021-02-05,No,2013.0
CUST00605,Mumbai,42.0,Male,42500.0,Prepaid,4.0,157.4,11.18,479.0,15.0,1.0,No,4G,Apple,High (25k-60k),142.72,0.0,With Contract,1.0,No,1.0,3.0,19.0,0.9,No,1.0,Wallet,2019-02-12,Yes,2737.0
CUST01496,Thane,57.0,Female,44000.0,Postpaid,2.0,512.61,11.18,689.0,34.0,0.0,No Complaint Filed,4G,Oppo,Mid (10k-25k),610.61,1.0,No Contract,5.0,No,2.0,5.0,1.9,3.1,Yes,0.0,Wallet,2019-07-07,No,2592.0
CUST01374,,,Female,32800.0,Prepaid,42.0,153.11,6.36,,29.0,1.0,No,4G,,Mid (10k-25k),136.99,2.0,No Contract,0.0,No,1.0,4.0,0.3,5.1,No,1.0,UPI,2023-02-11,No,1277.0
CUST01399,Nashik,64.0,Female,,Prepaid,26.0,451.0,7.43,101.0,27.0,0.0,No Complaint Filed,4G,Apple,Premium (>60k),535.13,0.0,With Contract,4.0,No,1.0,2.0,3.8,3.6,No,0.0,Cash,2022-03-26,No,1599.0
CUST00401,Mumbai,61.0,Female,18700.0,Prepaid,0.0,299.14,1.36,449.0,21.0,5.0,Yes,3G,OnePlus,Low (<10k),344.94,0.0,No Contract,1.0,No,0.0,4.0,7.0,5.7,No,2.0,UPI,2022-03-04,Yes,1621.0
CUST00258,Thane,54.0,Female,42400.0,Prepaid,19.0,472.26,8.17,159.0,15.0,2.0,Yes,5G,Oppo,Mid (10k-25k),434.42,0.0,No Contract,3.0,No,0.0,4.0,,7.1,No,0.0,Debit Card,2023-06-04,No,1164.0
CUST00945,Mumbai,55.0,Female,69900.0,Prepaid,14.0,167.35,14.99,,24.0,0.0,No Complaint Filed,4G,Oppo,Low (<10k),175.58,1.0,With Contract,1.0,No,2.0,3.0,3.6,4.6,Yes,0.0,Debit Card,2023-09-23,No,1053.0
CUST01097,Mumbai,63.0,Male,51700.0,Prepaid,16.0,135.68,1.95,572.0,22.0,0.0,No Complaint Filed,4G,Realme,High (25k-60k),170.91,0.0,With Contract,2.0,No,3.0,1.0,12.8,8.0,No,0.0,Credit Card,2019-10-29,No,2478.0
CUST01220,Mumbai,54.0,Male,,Prepaid,11.0,16.49,,301.0,24.0,2.0,Yes,4G,Apple,,14.32,2.0,With Contract,2.0,No,3.0,2.0,3.5,2.6,No,4.0,UPI,2020-01-17,No,2398.0
CUST01162,Mumbai,75.0,Female,13900.0,Prepaid,3.0,374.9,0.37,351.0,29.0,1.0,No,5G,Samsung,Mid (10k-25k),457.8,3.0,With Contract,1.0,No,1.0,1.0,3.7,3.0,No,0.0,Net Banking,2019-02-16,Yes,2733.0
CUST00495,Pune,58.0,Male,24400.0,Prepaid,2.0,88.78,,294.0,35.0,0.0,No Complaint Filed,4G,Xiaomi,High (25k-60k),,2.0,No Contract,0.0,No,1.0,4.0,9.2,1.8,Yes,2.0,Cash,2023-08-13,Yes,1094.0
CUST00773,Mumbai,53.0,Female,30700.0,Prepaid,9.0,141.18,12.42,522.0,33.0,2.0,No,5G,Oppo,High (25k-60k),120.97,1.0,No Contract,3.0,No,1.0,4.0,0.5,1.9,No,3.0,Cash,2021-12-27,No,1688.0
CUST00551,Nagpur,44.0,Female,19300.0,Postpaid,1.0,295.61,1.55,522.0,23.0,2.0,No,4G,Samsung,Low (<10k),342.08,1.0,No Contract,3.0,No,1.0,1.0,7.1,6.9,Yes,0.0,UPI,2019-12-11,Yes,2435.0
CUST00202,Mumbai,58.0,Female,16200.0,Prepaid,25.0,585.04,1.73,756.0,31.0,0.0,No Complaint Filed,3G,Xiaomi,High (25k-60k),628.53,0.0,No Contract,2.0,No,0.0,2.0,6.7,10.6,No,0.0,Credit Card,2022-12-04,No,1346.0
CUST00313,Mumbai,46.0,Male,29700.0,Postpaid,0.0,232.83,8.7,197.0,24.0,0.0,No Complaint Filed,4G,Realme,Low (<10k),,0.0,With Contract,2.0,No,1.0,4.0,24.7,4.0,No,2.0,Net Banking,2019-12-17,No,2429.0
CUST00291,Mumbai,22.0,Male,19500.0,Prepaid,4.0,148.69,5.43,419.0,27.0,3.0,No,4G,Oppo,Low (<10k),169.73,1.0,With Contract,1.0,No,4.0,4.0,4.8,0.5,No,0.0,Credit Card,2023-01-19,Yes,1300.0
CUST01214,Solapur,60.0,Male,32200.0,Postpaid,0.0,461.92,2.45,305.0,29.0,1.0,Yes,5G,Vivo,Low (<10k),413.5,0.0,No Contract,2.0,No,2.0,3.0,1.9,6.7,Yes,0.0,Net Banking,2020-01-17,Yes,2398.0
CUST00764,Chhatrapati Sambhajinagar,43.0,Female,80100.0,Postpaid,33.0,67.57,1.49,682.0,21.0,1.0,No,4G,Xiaomi,Low (<10k),83.22,1.0,No Contract,3.0,No,4.0,2.0,5.8,12.6,Yes,0.0,UPI,2021-09-22,Yes,1784.0
CUST01137,,66.0,Male,,Prepaid,7.0,76.86,3.13,713.0,33.0,2.0,No,5G,Vivo,Mid (10k-25k),94.98,1.0,No Contract,7.0,No,3.0,4.0,14.0,8.8,Yes,4.0,UPI,2019-08-17,No,2551.0
CUST00950,Nashik,34.0,Male,21200.0,Prepaid,24.0,99.55,0.38,492.0,20.0,2.0,No,4G,Vivo,,91.92,1.0,With Contract,2.0,No,0.0,3.0,4.9,1.2,No,0.0,UPI,2021-06-06,No,1892.0
CUST00184,Amravati,53.0,Female,15400.0,Prepaid,7.0,287.67,2.53,,22.0,2.0,No,4G,Vivo,Premium (>60k),238.71,1.0,No Contract,2.0,No,0.0,3.0,18.7,0.5,Yes,2.0,UPI,2023-06-09,No,1159.0
CUST01177,Chhatrapati Sambhajinagar,,Male,27100.0,Prepaid,6.0,254.29,7.24,386.0,21.0,2.0,Yes,2G,Xiaomi,High (25k-60k),269.67,1.0,With Contract,4.0,No,3.0,5.0,5.5,0.7,No,3.0,UPI,2019-08-18,No,2550.0
CUST01069,Pune,47.0,Male,37100.0,Postpaid,10.0,33.97,9.65,775.0,33.0,1.0,Yes,4G,Samsung,High (25k-60k),28.64,1.0,No Contract,4.0,No,4.0,3.0,9.9,4.6,Yes,1.0,,2020-01-09,No,2406.0
CUST01469,Amravati,57.0,Male,12900.0,Prepaid,5.0,208.78,18.72,376.0,27.0,2.0,Yes,4G,Xiaomi,High (25k-60k),254.64,1.0,No Contract,1.0,No,1.0,2.0,3.5,0.7,Yes,0.0,Debit Card,2023-12-12,Yes,973.0
CUST01031,Mumbai,22.0,Female,38000.0,Prepaid,500.0,114.96,1.79,476.0,24.0,1.0,No,4G,Vivo,Mid (10k-25k),108.81,0.0,No Contract,1.0,No,2.0,3.0,14.1,5.4,Yes,0.0,Net Banking,2020-12-05,No,2075.0
CUST00251,Pune,36.0,Female,69200.0,Postpaid,13.0,194.7,2.63,697.0,17.0,3.0,No,4G,Vivo,Mid (10k-25k),241.71,0.0,No Contract,2.0,No,0.0,4.0,1.3,16.8,Yes,0.0,Debit Card,2020-10-25,No,2116.0
CUST00824,Pune,40.0,Male,9200.0,Postpaid,24.0,497.11,11.09,,29.0,2.0,No,4G,Oppo,Mid (10k-25k),635.04,0.0,No Contract,4.0,No,4.0,4.0,1.7,0.4,No,0.0,Cash,2019-06-19,No,2610.0
CUST01100,Pune,56.0,Male,47700.0,Prepaid,9.0,229.71,13.29,345.0,34.0,2.0,No,4G,Oppo,Low (<10k),216.25,0.0,No Contract,4.0,No,0.0,4.0,,0.7,No,0.0,UPI,2020-11-01,No,2109.0
CUST00941,Mumbai,54.0,Female,14800.0,Prepaid,10.0,108.15,2.49,313.0,41.0,2.0,No,4G,Realme,Low (<10k),112.63,4.0,No Contract,1.0,No,2.0,5.0,3.1,6.5,Yes,3.0,UPI,2019-10-15,No,2492.0
CUST00392,Pune,,Female,18600.0,Postpaid,4.0,186.1,4.81,623.0,22.0,2.0,Yes,5G,Samsung,Low (<10k),241.16,0.0,No Contract,0.0,No,1.0,5.0,10.8,4.5,Yes,2.0,Cash,2023-01-25,No,1294.0
CUST01457,Thane,47.0,Male,48900.0,Prepaid,23.0,262.72,0.32,479.0,29.0,3.0,No,5G,Realme,Mid (10k-25k),317.27,1.0,No Contract,2.0,No,0.0,4.0,4.4,9.3,Yes,0.0,UPI,2022-11-05,No,1375.0
CUST01093,Nashik,44.0,Female,,Postpaid,13.0,64.52,0.23,243.0,27.0,2.0,No,4G,Vivo,Low (<10k),71.09,0.0,No Contract,2.0,No,2.0,3.0,0.6,11.9,Yes,0.0,Debit Card,2024-02-06,No,917.0
CUST01192,Nashik,37.0,Female,21600.0,Prepaid,14.0,220.7,,268.0,27.0,1.0,Yes,4G,Samsung,Low (<10k),189.18,1.0,With Contract,1.0,No,2.0,4.0,21.0,0.4,No,0.0,UPI,2020-07-25,No,2208.0
CUST00905,Pune,39.0,Female,36200.0,Prepaid,50.0,851.33,3.16,894.0,20.0,2.0,No,4G,Apple,Premium (>60k),702.57,1.0,No Contract,1.0,No,0.0,1.0,,5.5,Yes,1.0,UPI,2023-10-13,No,1033.0
CUST00731,Mumbai,48.0,Male,,Postpaid,14.0,176.02,4.5,471.0,28.0,0.0,No Complaint Filed,4G,Apple,Low (<10k),172.51,0.0,With Contract,2.0,Yes,2.0,3.0,0.6,2.8,No,0.0,UPI,2020-04-07,No,2317.0
CUST00555,Amravati,36.0,Female,,Prepaid,56.0,129.07,6.2,333.0,16.0,0.0,No Complaint Filed,4G,Xiaomi,Mid (10k-25k),111.97,0.0,No Contract,3.0,No,0.0,3.0,4.3,0.7,Yes,2.0,UPI,2022-12-26,No,1324.0
CUST00367,Sangli,41.0,Male,10700.0,Prepaid,3.0,335.71,2.13,633.0,25.0,0.0,No Complaint Filed,4G,Xiaomi,,382.81,0.0,No Contract,2.0,No,2.0,4.0,7.2,2.5,Yes,0.0,UPI,2020-09-25,No,2146.0
CUST00346,Nashik,50.0,Male,27300.0,Postpaid,0.0,166.5,3.25,447.0,34.0,0.0,No Complaint Filed,4G,,Low (<10k),194.93,1.0,No Contract,1.0,No,2.0,4.0,17.5,1.6,Yes,0.0,,2021-11-28,No,1717.0
CUST00536,Navi Mumbai,67.0,Male,8300.0,Prepaid,21.0,71.3,7.21,562.0,34.0,2.0,No,5G,Xiaomi,Premium (>60k),77.87,0.0,No Contract,1.0,No,0.0,2.0,7.3,6.3,Yes,1.0,UPI,2024-01-17,No,937.0
CUST01423,Mumbai,36.0,Female,24300.0,Prepaid,28.0,318.6,11.8,561.0,20.0,2.0,Yes,3G,Vivo,Mid (10k-25k),341.26,0.0,No Contract,1.0,No,1.0,4.0,24.9,3.3,No,3.0,UPI,2021-03-11,No,1979.0
CUST01210,Akola,48.0,Male,49200.0,Postpaid,48.0,393.13,0.38,262.0,28.0,0.0,No Complaint Filed,4G,Realme,Low (<10k),404.36,2.0,With Contract,1.0,Yes,3.0,3.0,,4.9,Yes,1.0,Credit Card,2023-10-16,No,1030.0
CUST01373,Kolhapur,45.0,Female,9100.0,Prepaid,23.0,165.87,0.31,457.0,31.0,3.0,No,4G,Samsung,Premium (>60k),190.68,0.0,No Contract,1.0,No,2.0,5.0,3.6,7.0,Yes,0.0,UPI,2021-10-19,No,1757.0
CUST00920,Mumbai,36.0,Female,92300.0,Prepaid,10.0,220.25,8.51,400.0,22.0,0.0,No Complaint Filed,3G,OnePlus,Low (<10k),274.26,0.0,No Contract,0.0,No,2.0,4.0,10.5,0.4,Yes,3.0,UPI,2021-04-06,No,1953.0
CUST00212,Thane,44.0,Male,,Postpaid,5.0,576.93,,446.0,20.0,1.0,Yes,5G,Samsung,Low (<10k),634.88,0.0,With Contract,3.0,No,1.0,3.0,5.8,6.8,Yes,0.0,UPI,2021-08-20,Yes,1817.0
CUST00503,Pune,59.0,Other,56100.0,Prepaid,67.0,232.76,27.37,447.0,20.0,1.0,Yes,3G,,Mid (10k-25k),222.47,2.0,With Contract,2.0,No,0.0,3.0,3.3,1.7,Yes,1.0,Net Banking,2022-02-28,No,1625.0
CUST00538,Mumbai,35.0,Male,30200.0,Postpaid,10.0,448.71,10.8,695.0,23.0,2.0,Yes,5G,Samsung,Low (<10k),580.91,0.0,No Contract,2.0,No,1.0,4.0,7.3,5.7,Yes,1.0,Wallet,2023-10-30,No,1016.0
CUST01221,Navi Mumbai,58.0,Female,62900.0,Postpaid,32.0,146.35,30.09,440.0,19.0,2.0,No,4G,Samsung,Low (<10k),179.16,1.0,No Contract,0.0,No,2.0,5.0,8.8,11.0,Yes,0.0,Wallet,2019-04-19,No,2671.0
CUST00176,Mumbai,58.0,Male,36400.0,Prepaid,43.0,429.54,1.07,399.0,28.0,1.0,Yes,4G,Samsung,Mid (10k-25k),386.51,2.0,No Contract,1.0,No,0.0,2.0,10.5,2.6,Yes,0.0,UPI,2023-02-08,No,1280.0
