skewed_num__data_usage_gb,skewed_num__monthly_income,skewed_num__social_media_usage_hours,skewed_num__app_usage_hours_per_week,skewed_num__tenure_months,skewed_num__late_payment_count,skewed_num__avg_monthly_bill,skewed_num__monthly_recharge_amount,skewed_num__value_added_services_count,skewed_num__number_of_family_lines,skewed_num__number_of_complaints,skewed_num__customer_service_calls,normal_num__age,normal_num__call_minutes_used,normal_num__sms_count,normal_num__satisfaction_score,normal_num__tenure_days_from_signup,cat__city_Akola,cat__city_Amravati,cat__city_Chhatrapati Sambhajinagar,cat__city_Kolhapur,cat__city_Mumbai,cat__city_Nagpur,cat__city_Nashik,cat__city_Navi Mumbai,cat__city_Pune,cat__city_Sangli,cat__city_Solapur,cat__city_Thane,cat__city_Unknown,cat__gender_Female,cat__gender_Male,cat__gender_Other,cat__gender_Unknown,cat__plan_type_Postpaid,cat__plan_type_Prepaid,cat__complaint_resolved_No,cat__complaint_resolved_No Complaint Filed,cat__complaint_resolved_Yes,cat__network_type_2G,cat__network_type_3G,cat__network_type_4G,cat__network_type_5G,cat__network_type_Unknown,cat__device_brand_Apple,cat__device_brand_OnePlus,cat__device_brand_Oppo,cat__device_brand_Realme,cat__device_brand_Samsung,cat__device_brand_Unknown,cat__device_brand_Vivo,cat__device_brand_Xiaomi,cat__device_price_range_High (25k-60k),cat__device_price_range_Low (<10k),cat__device_price_range_Mid (10k-25k),cat__device_price_range_Premium (>60k),cat__device_price_range_Unknown,cat__contract_type_No Contract,cat__contract_type_Unknown,cat__contract_type_With Contract,cat__international_roaming_used_No,cat__international_roaming_used_Yes,cat__streaming_service_used_No,cat__streaming_service_used_Yes,cat__payment_method_Cash,cat__payment_method_Credit Card,cat__payment_method_Debit Card,cat__payment_method_Net Banking,cat__payment_method_UPI,cat__payment_method_Unknown,cat__payment_method_Wallet,churn
-1.703424809172922,-1.3557122345226607,-1.0809144268831403,-0.5564627506577629,-0.23159342861585436,0.49888765837117444,-0.3457726058647619,-0.2827939072184499,0.6171696394103273,-1.019118400612531,0.8071070273410997,0.23781550455625436,-0.10547358548379637,-0.32695818781197,-1.5954015989766162,1.4132478086812315,1.3196356078701073,0.0,0.0,0.0,0.0,0.0,1.0,0.0,0.0,0.0,0.0,0.0,0.0,0.0,1.0,0.0,0.0,0.0,0.0,1.0,0.0,0.0,1.0,0.0,0.0,1.0,0.0,0.0,0.0,0.0,0.0,0.0,0.0,0.0,1.0,0.0,0.0,1.0,0.0,0.0,0.0,0.0,0.0,1.0,1.0,0.0,0.0,1.0,0.0,0.0,0.0,0.0,1.0,0.0,0.0,0
-0.3459317403731256,-1.073016538815169,-0.861406942324963,0.783357569599129,0.9129752784408443,0.49888765837117444,-1.21905469423995,-1.0140953369868881,-0.17440931183371247,0.233955331039913,1.375054432627609,1.5780920652109374,0.5411628377819837,0.28102191349127975,1.7417110885718798,-0.24614296472138883,1.619927627445712,0.0,0.0,0.0,0.0,0.0,0.0,0.0,0.0,0.0,0.0,0.0,1.0,0.0,1.0,0.0,0.0,0.0,0.0,1.0,0.0,0.0,1.0,1.0,0.0,0.0,0.0,0.0,0.0,0.0,0.0,0.0,0.0,0.0,0.0,1.0,0.0,0.0,0.0,1.0,0.0,1.0,0.0,0.0,1.0,0.0,1.0,0.0,0.0,0.0,0.0,0.0,1.0,0.0,0.0,1
0.026709776129070564,-1.0606280396096779,-0.4377950154568216,-1.0408302956165845,1.5981825502074212,-0.9967912993099517,0.5174026279301354,0.37184479529510045,0.6171696394103273,-1.019118400612531,0.8071070273410997,1.2255532164261718,-0.4647160428536742,-0.043234140537120117,0.7602073569399693,1.4132478086812315,1.5361252033781012,0.0,0.0,0.0,0.0,0.0,0.0,0.0,1.0,0.0,0.0,0.0,0.0,0.0,0.0,1.0,0.0,0.0,0.0,1.0,1.0,0.0,0.0,0.0,0.0,1.0,0.0,0.0,0.0,0.0,0.0,0.0,1.0,0.0,0.0,0.0,0.0,0.0,1.0,0.0,0.0,1.0,0.0,0.0,1.0,0.0,1.0,0.0,0.0,0.0,0.0,0.0,0.0,0.0,1.0,0
1.3521063820660297,-1.3411648999717234,-1.7854596952050261,-0.08741739249307227,0.3008804519518133,0.49888765837117444,-0.4122225147319054,-0.23017148935527,-0.17440931183371247,0.233955331039913,1.375054432627609,-0.5461960240222598,-0.6084130258016253,0.7218074869361358,-0.024995628365559186,-0.24614296472138883,-0.18706214151214107,0.0,0.0,0.0,0.0,1.0,0.0,0.0,0.0,0.0,0.0,0.0,0.0,0.0,0.0,1.0,0.0,0.0,1.0,0.0,0.0,0.0,1.0,0.0,0.0,1.0,0.0,0.0,0.0,0.0,0.0,1.0,0.0,0.0,0.0,0.0,0.0,0.0,0.0,0.0,1.0,1.0,0.0,0.0,1.0,0.0,1.0,0.0,0.0,0.0,1.0,0.0,0.0,0.0,0.0,1
0.2839116297314292,1.1425294321031325,0.13124536394326805,0.009850646208549108,1.2370720234956316,-0.9967912993099517,0.5690122056162381,0.36267862118002425,-0.17440931183371247,0.233955331039913,-1.3617941956209574,-0.5461960240222598,0.3974658548340326,-1.7050464174326696,0.36760586428720504,-0.24614296472138883,1.3912168450945246,0.0,0.0,0.0,0.0,0.0,0.0,0.0,0.0,1.0,0.0,0.0,0.0,0.0,0.0,1.0,0.0,0.0,1.0,0.0,0.0,1.0,0.0,0.0,0.0,0.0,1.0,0.0,0.0,1.0,0.0,0.0,0.0,0.0,0.0,0.0,0.0,1.0,0.0,0.0,0.0,1.0,0.0,0.0,1.0,0.0,1.0,0.0,1.0,0.0,0.0,0.0,0.0,0.0,0.0,1
-1.804661762622792,0.8362097853993976,0.036182840710240624,-1.1887089868435954,-0.13408696574730583,0.49888765837117444,0.48953511432229346,0.8451375357751589,0.6171696394103273,-1.019118400612531,1.375054432627609,-1.8864725846769428,2.121829650209446,0.18475839745159855,0.7602073569399693,-1.075838351422699,-1.9853224912962846,0.0,0.0,0.0,0.0,1.0,0.0,0.0,0.0,0.0,0.0,0.0,0.0,0.0,1.0,0.0,0.0,0.0,0.0,1.0,1.0,0.0,0.0,0.0,0.0,1.0,0.0,0.0,0.0,0.0,0.0,0.0,0.0,0.0,1.0,0.0,0.0,0.0,0.0,1.0,0.0,1.0,0.0,0.0,1.0,0.0,1.0,0.0,0.0,0.0,1.0,0.0,0.0,0.0,0.0,0
-0.002689898199462345,-0.5046298979666051,1.092289809387881,-0.3354484878652693,1.0513602357948983,0.49888765837117444,-0.1781044980481788,-0.2213860829803036,-0.17440931183371247,1.487029062692357,0.8071070273410997,-0.5461960240222598,-0.17732207695777194,0.36715242784257346,1.3491095959191157,1.4132478086812315,1.1642519465780794,1.0,0.0,0.0,0.0,0.0,0.0,0.0,0.0,0.0,0.0,0.0,0.0,0.0,1.0,0.0,0.0,0.0,0.0,1.0,0.0,0.0,1.0,0.0,0.0,0.0,0.0,1.0,0.0,0.0,1.0,0.0,0.0,0.0,0.0,0.0,0.0,1.0,0.0,0.0,0.0,1.0,0.0,0.0,1.0,0.0,0.0,1.0,0.0,0.0,0.0,0.0,0.0,0.0,1.0,0
0.8106441944492646,-1.415139642362385,0.3983689106828149,-0.4406853860301315,-0.4641737345920091,0.49888765837117444,0.5176743663413303,0.2561887186899645,-0.17440931183371247,1.487029062692357,-1.3617941956209574,0.23781550455625436,0.325617363360057,-0.47895321313778244,0.17130511796082293,1.4132478086812315,1.4156592187809112,0.0,0.0,0.0,0.0,1.0,0.0,0.0,0.0,0.0,0.0,0.0,0.0,0.0,0.0,1.0,0.0,0.0,1.0,0.0,0.0,1.0,0.0,0.0,0.0,1.0,0.0,0.0,0.0,0.0,0.0,0.0,1.0,0.0,0.0,0.0,0.0,1.0,0.0,0.0,0.0,0.0,0.0,1.0,1.0,0.0,0.0,1.0,0.0,0.0,0.0,0.0,1.0,0.0,0.0,0
-0.3857600460940941,0.197143625830587,-1.022346642334492,-0.360873867183546,-0.04588164091512093,0.49888765837117444,0.8262369505624974,0.8506145165189939,-1.5276224669815408,-1.019118400612531,0.006630118503325768,0.23781550455625436,-0.10547358548379637,1.8921691819448916,0.17130511796082293,0.5835524219799213,-1.1350770637769856,0.0,0.0,0.0,0.0,0.0,1.0,0.0,0.0,0.0,0.0,0.0,0.0,0.0,1.0,0.0,0.0,0.0,1.0,0.0,0.0,0.0,1.0,0.0,0.0,1.0,0.0,0.0,0.0,0.0,0.0,0.0,1.0,0.0,0.0,0.0,1.0,0.0,0.0,0.0,0.0,0.0,0.0,1.0,0.0,1.0,0.0,1.0,0.0,1.0,0.0,0.0,0.0,0.0,0.0,0
0.11547548704316786,0.1544590902079196,0.4167485119683675,1.0992976846150428,-1.2483101527427733,1.3738037617323386,0.5127755529124898,0.33707019875118666,1.6144411763273727,0.233955331039913,2.4798585380991502,0.7940805366324234,-1.3987464320153564,-0.022968137160345126,-0.6138978673447055,1.4132478086812315,0.8884023006888613,0.0,0.0,0.0,0.0,0.0,1.0,0.0,0.0,0.0,0.0,0.0,0.0,0.0,1.0,0.0,0.0,0.0,0.0,1.0,1.0,0.0,0.0,0.0,0.0,0.0,1.0,0.0,0.0,0.0,1.0,0.0,0.0,0.0,0.0,0.0,0.0,1.0,0.0,0.0,0.0,1.0,0.0,0.0,1.0,0.0,1.0,0.0,0.0,1.0,0.0,0.0,0.0,0.0,0.0,1
-0.3168752842679581,0.26798276635837315,0.341563170268023,0.8301983080730838,-0.23159342861585436,1.3738037617323386,0.5658050418917905,0.8509882953885592,0.6171696394103273,-1.019118400612531,0.006630118503325768,0.23781550455625436,-1.6861403979112588,-1.4010563667810447,0.36760586428720504,-0.24614296472138883,0.47462783185503404,0.0,0.0,0.0,0.0,0.0,0.0,1.0,0.0,0.0,0.0,0.0,0.0,0.0,1.0,0.0,0.0,0.0,0.0,1.0,1.0,0.0,0.0,0.0,0.0,1.0,0.0,0.0,0.0,0.0,0.0,1.0,0.0,0.0,0.0,0.0,0.0,0.0,1.0,0.0,0.0,1.0,0.0,0.0,1.0,0.0,0.0,1.0,0.0,0.0,0.0,0.0,0.0,0.0,1.0,0
-1.3071001165453064,3.1294641531387293,-1.423273625232452,1.4044805644026368,-1.6235500446643159,0.49888765837117444,-0.5614030915846104,-0.35620684887730025,-0.17440931183371247,-1.019118400612531,0.006630118503325768,-1.8864725846769428,-0.10547358548379637,1.0055315342109858,0.36760586428720504,-1.9055337381240092,1.3597909360691707,0.0,0.0,0.0,0.0,1.0,0.0,0.0,0.0,0.0,0.0,0.0,0.0,0.0,1.0,0.0,0.0,0.0,0.0,1.0,0.0,0.0,1.0,0.0,0.0,0.0,0.0,1.0,0.0,0.0,0.0,0.0,0.0,0.0,0.0,1.0,0.0,0.0,0.0,1.0,0.0,1.0,0.0,0.0,1.0,0.0,1.0,0.0,0.0,0.0,0.0,1.0,0.0,0.0,0.0,1
1.4028103437710462,0.38545477073906953,-0.7187283569105664,-1.1887089868435954,0.10871947129041147,-0.9967912993099517,-0.6466943958768201,-0.7944782298808243,-0.17440931183371247,-1.019118400612531,0.8071070273410997,0.23781550455625436,0.03822339746415475,-1.917839452888807,0.17130511796082293,-0.24614296472138883,0.29305591304187784,0.0,0.0,0.0,0.0,0.0,0.0,0.0,0.0,1.0,0.0,0.0,0.0,0.0,1.0,0.0,0.0,0.0,1.0,0.0,1.0,0.0,0.0,0.0,0.0,0.0,1.0,0.0,0.0,1.0,0.0,0.0,0.0,0.0,0.0,0.0,0.0,0.0,1.0,0.0,0.0,1.0,0.0,0.0,1.0,0.0,1.0,0.0,1.0,0.0,0.0,0.0,0.0,0.0,0.0,0
0.210921626907667,1.0817651244643471,-0.2082557620591248,1.698922797207419,1.3175971760787326,0.49888765837117444,-0.5610692237400632,-0.7320542127251436,-1.5276224669815408,-1.019118400612531,0.006630118503325768,-0.5461960240222598,-0.6084130258016253,-0.09896564982325134,-0.6138978673447055,-0.24614296472138883,-1.283477189730046,0.0,0.0,0.0,0.0,0.0,0.0,1.0,0.0,0.0,0.0,0.0,0.0,0.0,1.0,0.0,0.0,0.0,1.0,0.0,1.0,0.0,0.0,0.0,0.0,0.0,1.0,0.0,0.0,0.0,0.0,1.0,0.0,0.0,0.0,0.0,0.0,0.0,1.0,0.0,0.0,1.0,0.0,0.0,1.0,0.0,0.0,1.0,0.0,0.0,0.0,0.0,1.0,0.0,0.0,0
0.5248490891250776,0.3526868145915335,0.7789345819409415,-2.100802919451452,0.750196303495788,0.49888765837117444,1.043554470672888,0.740582957729587,-0.17440931183371247,-1.019118400612531,0.8071070273410997,0.23781550455625436,0.8285568036778859,-1.497319882820726,-0.024995628365559186,-1.075838351422699,0.2005240698005578,0.0,0.0,0.0,0.0,1.0,0.0,0.0,0.0,0.0,0.0,0.0,0.0,0.0,1.0,0.0,0.0,0.0,0.0,1.0,1.0,0.0,0.0,0.0,0.0,1.0,0.0,0.0,0.0,0.0,0.0,0.0,0.0,0.0,1.0,0.0,0.0,0.0,1.0,0.0,0.0,1.0,0.0,0.0,1.0,0.0,1.0,0.0,0.0,0.0,0.0,0.0,1.0,0.0,0.0,0
0.3658305877882535,-0.010462903108779882,0.5871406065190502,0.74446959887814,0.034643511667979465,0.49888765837117444,0.0017319314627121081,0.002042688699726348,-1.5276224669815408,-1.019118400612531,0.006630118503325768,-0.5461960240222598,0.3974658548340326,0.9042015173271108,0.7602073569399693,0.5835524219799213,0.1079922265592378,0.0,0.0,0.0,0.0,0.0,0.0,0.0,0.0,0.0,0.0,0.0,1.0,0.0,1.0,0.0,0.0,0.0,0.0,1.0,1.0,0.0,0.0,0.0,0.0,1.0,0.0,0.0,1.0,0.0,0.0,0.0,0.0,0.0,0.0,0.0,0.0,0.0,1.0,0.0,0.0,0.0,0.0,1.0,1.0,0.0,1.0,0.0,1.0,0.0,0.0,0.0,0.0,0.0,0.0,0
0.9263258964879151,0.43874264058121853,-1.3469484189652163,-1.088053513244579,-0.13408696574730583,-0.9967912993099517,-0.7312432974241302,-0.36642582314816596,0.6171696394103273,0.233955331039913,-1.3617941956209574,1.2255532164261718,0.325617363360057,1.405785100902292,0.5639066106135872,1.4132478086812315,-0.2795939847534611,0.0,0.0,0.0,0.0,1.0,0.0,0.0,0.0,0.0,0.0,0.0,0.0,0.0,0.0,1.0,0.0,0.0,1.0,0.0,0.0,1.0,0.0,0.0,0.0,0.0,1.0,0.0,0.0,0.0,0.0,0.0,0.0,0.0,1.0,0.0,0.0,0.0,1.0,0.0,0.0,1.0,0.0,0.0,1.0,0.0,1.0,0.0,0.0,0.0,0.0,0.0,1.0,0.0,0.0,0
-1.5918999382799262,0.11070927211051848,-0.40232843552956954,1.551241026261904,1.0252893443250009,-0.9967912993099517,0.03871268939926064,-0.20872222080081954,-0.17440931183371247,0.233955331039913,1.8155886650711848,0.7940805366324234,-0.6084130258016253,0.6306104717406484,-0.8101986136710877,1.4132478086812315,0.16036874160149442,0.0,0.0,0.0,0.0,0.0,0.0,0.0,0.0,0.0,0.0,0.0,1.0,0.0,1.0,0.0,0.0,0.0,0.0,1.0,0.0,0.0,1.0,0.0,0.0,1.0,0.0,0.0,0.0,0.0,0.0,1.0,0.0,0.0,0.0,0.0,0.0,0.0,1.0,0.0,0.0,0.0,0.0,1.0,1.0,0.0,1.0,0.0,0.0,0.0,0.0,0.0,0.0,0.0,1.0,1
1.3562728685076393,-0.3172376392355304,0.6493251138311443,-0.7552605354707437,-0.13408696574730583,-0.9967912993099517,1.4367367448461321,1.157084475467831,-0.17440931183371247,-1.019118400612531,0.006630118503325768,-0.5461960240222598,0.1100718889381303,0.012497368749011112,-0.024995628365559186,1.4132478086812315,0.3105147513892967,0.0,0.0,0.0,0.0,0.0,0.0,0.0,0.0,0.0,0.0,1.0,0.0,0.0,0.0,1.0,0.0,0.0,0.0,1.0,0.0,0.0,1.0,0.0,1.0,0.0,0.0,0.0,0.0,0.0,0.0,0.0,0.0,0.0,0.0,1.0,0.0,0.0,1.0,0.0,0.0,1.0,0.0,0.0,1.0,0.0,1.0,0.0,0.0,0.0,0.0,1.0,0.0,0.0,0.0,0
-0.9686709016461909,0.5107249792238646,0.4167485119683675,-0.5873127973181029,0.5073898664580703,0.49888765837117444,-0.26448567977819626,-0.06602807541153245,0.6171696394103273,-1.019118400612531,0.006630118503325768,-0.5461960240222598,0.9722537866258371,-1.1477313245713572,-1.7917023453029983,0.5835524219799213,-1.3114113310859163,0.0,0.0,0.0,0.0,1.0,0.0,0.0,0.0,0.0,0.0,0.0,0.0,0.0,1.0,0.0,0.0,0.0,0.0,1.0,0.0,0.0,1.0,0.0,1.0,0.0,0.0,0.0,0.0,0.0,0.0,1.0,0.0,0.0,0.0,0.0,0.0,0.0,1.0,0.0,0.0,1.0,0.0,0.0,1.0,0.0,1.0,0.0,0.0,0.0,0.0,0.0,0.0,1.0,0.0,0
1.59408269393959,-1.1107161328161899,0.7085821840954115,0.36115294990839375,0.7851232955110645,0.49888765837117444,-0.08972667980907885,-0.3225279015350349,1.9703827945581553,0.233955331039913,0.006630118503325768,0.23781550455625436,1.475193226943666,0.012497368749011112,0.36760586428720504,1.4132478086812315,0.043394524673787994,0.0,0.0,0.0,0.0,1.0,0.0,0.0,0.0,0.0,0.0,0.0,0.0,0.0,1.0,0.0,0.0,0.0,0.0,1.0,1.0,0.0,0.0,0.0,0.0,1.0,0.0,0.0,0.0,0.0,0.0,0.0,1.0,0.0,0.0,0.0,0.0,0.0,1.0,0.0,0.0,1.0,0.0,0.0,1.0,0.0,0.0,1.0,1.0,0.0,0.0,0.0,0.0,0.0,0.0,0
-1.0522276666019488,-0.49566312875230417,-1.5913870217345818,0.7543148343957864,-0.23159342861585436,0.49888765837117444,0.7344686383756235,0.6673519678952083,-1.5276224669815408,1.487029062692357,0.006630118503325768,-1.8864725846769428,-1.326897940541381,-0.3522906920329388,-1.399100852650234,-0.24614296472138883,0.706830381875705,1.0,0.0,0.0,0.0,0.0,0.0,0.0,0.0,0.0,0.0,0.0,0.0,0.0,0.0,1.0,0.0,0.0,1.0,0.0,0.0,0.0,1.0,0.0,0.0,1.0,0.0,0.0,1.0,0.0,0.0,0.0,0.0,0.0,0.0,0.0,0.0,0.0,1.0,0.0,0.0,1.0,0.0,0.0,1.0,0.0,1.0,0.0,1.0,0.0,0.0,0.0,0.0,0.0,0.0,0
-0.4986558333982459,0.565279412424595,0.538399797270396,-0.3354484878652693,-0.23159342861585436,-0.9967912993099517,0.1632505149162352,0.31095910712986674,-1.5276224669815408,0.233955331039913,0.006630118503325768,0.7940805366324234,0.9722537866258371,-2.333292522112694,-0.024995628365559186,-1.075838351422699,-1.2904607250690137,0.0,0.0,0.0,0.0,1.0,0.0,0.0,0.0,0.0,0.0,0.0,0.0,0.0,0.0,1.0,0.0,0.0,0.0,1.0,1.0,0.0,0.0,0.0,1.0,0.0,0.0,0.0,0.0,0.0,1.0,0.0,0.0,0.0,0.0,0.0,0.0,1.0,0.0,0.0,0.0,1.0,0.0,0.0,1.0,0.0,1.0,0.0,0.0,0.0,0.0,0.0,1.0,0.0,0.0,0
0.3302969367426916,-0.29316848772825016,1.7815001703582716,0.009850646208549108,0.6367333169865165,-0.9967912993099517,-0.12604032936418053,0.1874620162084496,-0.17440931183371247,1.487029062692357,-1.3617941956209574,-1.8864725846769428,1.3314962439957148,0.2100909016725673,-0.4175971210183234,-0.24614296472138883,-1.2433218615309827,0.0,0.0,0.0,0.0,0.0,0.0,0.0,0.0,1.0,0.0,0.0,0.0,0.0,0.0,1.0,0.0,0.0,0.0,1.0,0.0,1.0,0.0,0.0,0.0,1.0,0.0,0.0,0.0,0.0,1.0,0.0,0.0,0.0,0.0,0.0,0.0,1.0,0.0,0.0,0.0,0.0,0.0,1.0,1.0,0.0,0.0,1.0,0.0,0.0,0.0,0.0,1.0,0.0,0.0,0
-1.123362932364521,1.2679220877382746,0.9924064116141492,1.2682281840117817,-1.6235500446643159,-0.9967912993099517,0.06103222031632599,-0.26728201975408966,-1.5276224669815408,0.233955331039913,-1.3617941956209574,0.23781550455625436,1.1159507695737882,-0.01283513547195763,1.7417110885718798,-1.075838351422699,0.7312727555620915,0.0,0.0,0.0,0.0,0.0,0.0,0.0,1.0,0.0,0.0,0.0,0.0,0.0,0.0,1.0,0.0,0.0,0.0,1.0,0.0,1.0,0.0,0.0,0.0,1.0,0.0,0.0,0.0,0.0,0.0,0.0,1.0,0.0,0.0,0.0,0.0,0.0,1.0,0.0,0.0,0.0,0.0,1.0,1.0,0.0,1.0,0.0,0.0,0.0,0.0,0.0,1.0,0.0,0.0,1
-0.6146896604213917,-0.32533468945784066,0.341563170268023,-1.7972977893282913,0.3008804519518133,-0.9967912993099517,-0.9702957821390229,-0.6312684353068502,0.6171696394103273,0.9669564746953179,0.006630118503325768,-0.5461960240222598,1.9062841757875193,0.08342838056772359,0.36760586428720504,0.5835524219799213,-1.5907527446446181,0.0,0.0,0.0,0.0,0.0,1.0,0.0,0.0,0.0,0.0,0.0,0.0,0.0,1.0,0.0,0.0,0.0,0.0,1.0,0.0,0.0,1.0,0.0,0.0,1.0,0.0,0.0,1.0,0.0,0.0,0.0,0.0,0.0,0.0,0.0,0.0,1.0,0.0,0.0,0.0,1.0,0.0,0.0,1.0,0.0,1.0,0.0,0.0,0.0,0.0,1.0,0.0,0.0,0.0,0
-1.5227416837952426,1.1354890450293778,0.2407909758967492,-0.02808088940971111,0.10871947129041147,-0.9967912993099517,-0.44771581783530867,-0.5264477791331389,-1.5276224669815408,1.487029062692357,1.8155886650711848,-0.5461960240222598,-1.326897940541381,0.15435939238643606,1.7417110885718798,0.5835524219799213,-0.958742796468055,0.0,0.0,0.0,0.0,0.0,0.0,1.0,0.0,0.0,0.0,0.0,0.0,0.0,1.0,0.0,0.0,0.0,0.0,1.0,1.0,0.0,0.0,0.0,0.0,1.0,0.0,0.0,0.0,0.0,1.0,0.0,0.0,0.0,0.0,0.0,0.0,1.0,0.0,0.0,0.0,1.0,0.0,0.0,1.0,0.0,0.0,1.0,0.0,0.0,1.0,0.0,0.0,0.0,0.0,0
-1.5742467580723138,0.4853549490878735,1.2238692411356764,0.5156231586324721,-0.9820732124589395,1.3738037617323386,1.8827156434648558,1.8136766996010865,-0.17440931183371247,0.9669564746953179,-1.3617941956209574,0.23781550455625436,-0.03362509400982082,-0.19016266501873882,1.3491095959191157,-0.24614296472138883,0.5165290438888394,0.0,0.0,0.0,0.0,0.0,0.0,0.0,0.0,1.0,0.0,0.0,0.0,0.0,0.0,1.0,0.0,0.0,0.0,1.0,0.0,1.0,0.0,0.0,0.0,1.0,0.0,0.0,0.0,1.0,0.0,0.0,0.0,0.0,0.0,0.0,0.0,0.0,1.0,0.0,0.0,1.0,0.0,0.0,1.0,0.0,0.0,1.0,0.0,1.0,0.0,0.0,0.0,0.0,0.0,1
0.06250884085681585,-1.8025186820225152,-0.7645145055021436,-1.3583010865962881,0.750196303495788,-0.9967912993099517,-0.32927469128286385,-0.25211810941989365,1.6144411763273727,-1.019118400612531,0.006630118503325768,0.7940805366324234,-0.8958069916975275,1.5020486169419731,0.5639066106135872,-0.24614296472138883,1.3004308856879465,0.0,0.0,0.0,0.0,0.0,0.0,0.0,0.0,0.0,0.0,1.0,0.0,0.0,1.0,0.0,0.0,0.0,1.0,0.0,1.0,0.0,0.0,0.0,0.0,0.0,1.0,0.0,0.0,0.0,1.0,0.0,0.0,0.0,0.0,0.0,1.0,0.0,0.0,0.0,0.0,1.0,0.0,0.0,1.0,0.0,0.0,1.0,0.0,0.0,0.0,0.0,1.0,0.0,0.0,0
-0.3232739016417351,0.4904584117678309,-1.2749871003535849,1.1834663016101437,-2.2650268768696926,0.49888765837117444,-0.37695604690508316,-0.13709243236846405,-0.17440931183371247,-1.019118400612531,0.006630118503325768,0.7940805366324234,-1.470594923489332,-1.1173323195061948,0.7602073569399693,1.4132478086812315,1.3283650270438168,0.0,0.0,0.0,0.0,1.0,0.0,0.0,0.0,0.0,0.0,0.0,0.0,0.0,1.0,0.0,0.0,0.0,0.0,1.0,1.0,0.0,0.0,0.0,0.0,0.0,1.0,0.0,0.0,0.0,0.0,0.0,0.0,0.0,0.0,1.0,0.0,1.0,0.0,0.0,0.0,0.0,1.0,0.0,1.0,0.0,0.0,1.0,0.0,0.0,1.0,0.0,0.0,0.0,0.0,0
-0.5135160498058761,-0.1850189238428319,-0.6318676889272661,-0.23899195967805917,1.1940198217402864,-0.9967912993099517,-0.3136163576663089,-0.0030119043946545496,1.6144411763273727,0.233955331039913,0.8071070273410997,1.2255532164261718,-1.7579888893852342,-0.7829432637894074,0.36760586428720504,0.5835524219799213,-0.08056322759288598,0.0,0.0,0.0,0.0,0.0,0.0,0.0,0.0,0.0,0.0,1.0,0.0,0.0,1.0,0.0,0.0,0.0,1.0,0.0,1.0,0.0,0.0,0.0,1.0,0.0,0.0,0.0,1.0,0.0,0.0,0.0,0.0,0.0,0.0,0.0,0.0,0.0,0.0,0.0,1.0,0.0,0.0,1.0,1.0,0.0,1.0,0.0,0.0,0.0,0.0,0.0,1.0,0.0,0.0,0
0.026709776129070564,0.0787771440173592,-0.5905859470302397,-1.2989645835129267,-1.2483101527427733,1.3738037617323386,1.374625241943159,1.2592560597257072,-0.17440931183371247,-1.019118400612531,0.8071070273410997,0.7940805366324234,-1.326897940541381,-1.1527978254155509,0.9565081032663514,0.5835524219799213,0.053869827682239316,0.0,0.0,0.0,0.0,0.0,0.0,0.0,0.0,1.0,0.0,0.0,0.0,0.0,1.0,0.0,0.0,0.0,0.0,1.0,0.0,0.0,1.0,0.0,0.0,1.0,0.0,0.0,0.0,0.0,0.0,0.0,0.0,0.0,0.0,1.0,0.0,0.0,0.0,1.0,0.0,1.0,0.0,0.0,1.0,0.0,0.0,1.0,0.0,0.0,0.0,1.0,0.0,0.0,0.0,0
0.7566117151799608,0.43874264058121853,-1.5913870217345818,-0.02808088940971111,0.7138992809643273,0.49888765837117444,0.06103222031632599,1.0747120785659252,1.1788038433141157,-1.019118400612531,0.8071070273410997,0.7940805366324234,-0.10547358548379637,1.2487235747322856,0.5639066106135872,-1.9055337381240092,0.43796427132545446,0.0,0.0,0.0,0.0,0.0,0.0,0.0,0.0,0.0,0.0,0.0,1.0,0.0,0.0,1.0,0.0,0.0,0.0,1.0,0.0,0.0,1.0,0.0,0.0,1.0,0.0,0.0,0.0,0.0,0.0,0.0,0.0,0.0,0.0,1.0,1.0,0.0,0.0,0.0,0.0,0.0,0.0,1.0,1.0,0.0,0.0,1.0,0.0,0.0,0.0,0.0,1.0,0.0,0.0,0
-1.3071001165453064,0.052805938660184924,0.4876957505186224,-0.7919876897299764,0.9984626704981394,1.3738037617323386,-0.21717378511803997,-0.04204977912336607,-1.5276224669815408,0.9669564746953179,0.8071070273410997,0.23781550455625436,-0.6802615172756009,0.899135016482917,-0.4175971210183234,0.5835524219799213,-1.5645644871234898,0.0,0.0,0.0,0.0,1.0,0.0,0.0,0.0,0.0,0.0,0.0,0.0,0.0,1.0,0.0,0.0,0.0,0.0,1.0,0.0,0.0,1.0,0.0,0.0,1.0,0.0,0.0,0.0,0.0,0.0,1.0,0.0,0.0,0.0,0.0,0.0,0.0,1.0,0.0,0.0,1.0,0.0,0.0,1.0,0.0,0.0,1.0,0.0,0.0,0.0,0.0,1.0,0.0,0.0,1
-0.20407462819126268,2.7311932835753905,-0.9663827477070894,0.5970402408052938,0.24115292617423648,0.49888765837117444,-0.39558219256847865,-0.0400405690629702,0.6171696394103273,-1.019118400612531,0.006630118503325768,-0.5461960240222598,-0.10547358548379637,0.30635441771224853,-1.5954015989766162,-1.075838351422699,-1.6448751435216167,0.0,0.0,0.0,0.0,1.0,0.0,0.0,0.0,0.0,0.0,0.0,0.0,0.0,0.0,1.0,0.0,0.0,0.0,1.0,0.0,0.0,1.0,0.0,0.0,1.0,0.0,0.0,1.0,0.0,0.0,0.0,0.0,0.0,0.0,0.0,0.0,0.0,1.0,0.0,0.0,0.0,0.0,1.0,1.0,0.0,0.0,1.0,0.0,0.0,1.0,0.0,0.0,0.0,0.0,0
-0.5514619263575531,0.1482755656596622,-0.3678336660157809,-0.8299192253482364,0.24115292617423648,-0.9967912993099517,0.4026962207395473,0.2785637996310017,-0.17440931183371247,1.487029062692357,0.8071070273410997,0.7940805366324234,2.3373751246313725,0.012497368749011112,-0.4175971210183234,-0.24614296472138883,1.385979193590299,0.0,0.0,0.0,0.0,0.0,0.0,0.0,0.0,0.0,0.0,1.0,0.0,0.0,0.0,1.0,0.0,0.0,1.0,0.0,1.0,0.0,0.0,0.0,0.0,1.0,0.0,0.0,0.0,0.0,0.0,0.0,1.0,0.0,0.0,0.0,0.0,0.0,1.0,0.0,0.0,0.0,0.0,1.0,1.0,0.0,0.0,1.0,0.0,0.0,0.0,0.0,0.0,0.0,1.0,0
-0.06365857881742211,-1.2701856794649977,-1.022346642334492,-1.1372868238037945,-0.606833320537397,-0.9967912993099517,-0.7774224301250825,-0.7851889416427296,-0.17440931183371247,0.9669564746953179,1.375054432627609,1.2255532164261718,-1.6142919064372832,-0.2813596802142263,0.36760586428720504,-1.9055337381240092,-1.1822159273150166,0.0,0.0,1.0,0.0,0.0,0.0,0.0,0.0,0.0,0.0,0.0,0.0,0.0,1.0,0.0,0.0,0.0,1.0,0.0,0.0,0.0,1.0,0.0,0.0,1.0,0.0,0.0,0.0,0.0,0.0,1.0,0.0,0.0,0.0,0.0,0.0,0.0,0.0,0.0,1.0,1.0,0.0,0.0,1.0,0.0,1.0,0.0,0.0,0.0,1.0,0.0,0.0,0.0,0.0,1
1.600935840869762,0.9099469835345365,-0.7645145055021436,-1.2425237219686571,-0.7755637979526826,1.3738037617323386,0.4558854058390465,0.4017154315913325,-0.17440931183371247,0.233955331039913,0.006630118503325768,0.23781550455625436,-0.10547358548379637,-1.5581178929510509,1.5454103422454977,1.4132478086812315,-1.6151951183310045,0.0,0.0,0.0,0.0,0.0,0.0,0.0,0.0,1.0,0.0,0.0,0.0,0.0,0.0,1.0,0.0,0.0,1.0,0.0,0.0,0.0,1.0,0.0,0.0,1.0,0.0,0.0,0.0,0.0,0.0,1.0,0.0,0.0,0.0,0.0,0.0,0.0,1.0,0.0,0.0,1.0,0.0,0.0,0.0,1.0,0.0,1.0,0.0,0.0,0.0,0.0,1.0,0.0,0.0,0
-1.1294785630380875,0.13584269749953073,-1.8950053071585076,-1.088053513244579,-1.2483101527427733,-0.9967912993099517,0.6651891026882554,0.7325274894840511,-0.17440931183371247,-1.019118400612531,1.8155886650711848,1.2255532164261718,2.481072107579324,-0.03310113884873262,0.36760586428720504,1.4132478086812315,0.13941813558459176,1.0,0.0,0.0,0.0,0.0,0.0,0.0,0.0,0.0,0.0,0.0,0.0,0.0,0.0,1.0,0.0,0.0,0.0,1.0,0.0,0.0,1.0,0.0,0.0,1.0,0.0,0.0,0.0,1.0,0.0,0.0,0.0,0.0,0.0,0.0,1.0,0.0,0.0,0.0,0.0,1.0,0.0,0.0,1.0,0.0,1.0,0.0,1.0,0.0,0.0,0.0,0.0,0.0,0.0,1
-1.166817213736339,0.8445576463536315,0.6940273361154479,1.5111744000281597,0.9129752784408443,0.49888765837117444,-0.12429109595578479,-0.15250258645504886,-0.17440931183371247,0.233955331039913,0.006630118503325768,1.2255532164261718,-0.2491705684317475,0.41781743628451096,-0.4175971210183234,-0.24614296472138883,-0.23420100505017202,0.0,1.0,0.0,0.0,0.0,0.0,0.0,0.0,0.0,0.0,0.0,0.0,0.0,0.0,1.0,0.0,0.0,0.0,1.0,1.0,0.0,0.0,0.0,0.0,1.0,0.0,0.0,0.0,0.0,0.0,0.0,0.0,0.0,1.0,0.0,0.0,0.0,1.0,0.0,0.0,1.0,0.0,0.0,1.0,0.0,1.0,0.0,1.0,0.0,0.0,0.0,0.0,0.0,0.0,0
0.6585666802218133,1.6380480365128967,-2.014998948602723,-1.557098871409269,-1.2483101527427733,-0.9967912993099517,0.46232629534185493,0.1435060106553636,1.1788038433141157,1.487029062692357,-1.3617941956209574,-0.5461960240222598,-0.5365645343276497,-0.007768634627763882,1.1528088495927336,-0.24614296472138883,-1.6326539566784235,0.0,0.0,0.0,0.0,0.0,0.0,0.0,1.0,0.0,0.0,0.0,0.0,0.0,0.0,1.0,0.0,0.0,0.0,1.0,0.0,1.0,0.0,0.0,0.0,1.0,0.0,0.0,0.0,0.0,0.0,0.0,0.0,0.0,0.0,1.0,0.0,1.0,0.0,0.0,0.0,0.0,0.0,1.0,1.0,0.0,0.0,1.0,0.0,1.0,0.0,0.0,0.0,0.0,0.0,0
1.5669889054172752,-0.6744071424736219,0.6644029027648904,1.5060670708010877,1.1940198217402864,-0.9967912993099517,0.8806667115446221,0.622395759060687,-1.5276224669815408,0.233955331039913,0.8071070273410997,-0.5461960240222598,-0.2491705684317475,-1.071733811908451,0.5639066106135872,-1.075838351422699,1.569296996238197,0.0,0.0,0.0,0.0,0.0,1.0,0.0,0.0,0.0,0.0,0.0,0.0,0.0,0.0,1.0,0.0,0.0,0.0,1.0,0.0,0.0,1.0,0.0,0.0,1.0,0.0,0.0,0.0,0.0,0.0,0.0,1.0,0.0,0.0,0.0,0.0,1.0,0.0,0.0,0.0,1.0,0.0,0.0,1.0,0.0,0.0,1.0,0.0,0.0,0.0,1.0,0.0,0.0,0.0,0
0.4093119827718572,-1.9396864237564904,0.7651750971361643,-1.990547322782121,-2.2650268768696926,2.4760676934617014,0.3137157431792651,0.17653644101855526,-1.5276224669815408,0.233955331039913,0.006630118503325768,0.23781550455625436,-0.8958069916975275,0.6458099742732296,1.1528088495927336,-0.24614296472138883,0.9564917702437948,0.0,0.0,0.0,0.0,1.0,0.0,0.0,0.0,0.0,0.0,0.0,0.0,0.0,0.0,0.0,0.0,1.0,0.0,1.0,1.0,0.0,0.0,0.0,0.0,1.0,0.0,0.0,0.0,1.0,0.0,0.0,0.0,0.0,0.0,0.0,1.0,0.0,0.0,0.0,0.0,0.0,0.0,1.0,1.0,0.0,0.0,1.0,0.0,1.0,0.0,0.0,0.0,0.0,0.0,0
-0.7516831705681803,0.40696467804793757,0.4348636493671937,0.5156231586324721,0.034643511667979465,-0.9967912993099517,-0.7873479707308774,-0.708817181976687,-1.5276224669815408,0.233955331039913,-1.3617941956209574,0.23781550455625436,0.1100718889381303,1.339920589927773,-1.0064993599974699,-0.24614296472138883,-0.7213025949431585,0.0,0.0,0.0,0.0,0.0,0.0,0.0,1.0,0.0,0.0,0.0,0.0,0.0,1.0,0.0,0.0,0.0,1.0,0.0,0.0,1.0,0.0,0.0,0.0,1.0,0.0,0.0,0.0,1.0,0.0,0.0,0.0,0.0,0.0,0.0,0.0,1.0,0.0,0.0,0.0,1.0,0.0,0.0,1.0,0.0,1.0,0.0,0.0,0.0,0.0,1.0,0.0,0.0,0.0,1
-1.5655131900366648,-0.8404943833576585,0.2407909758967492,-0.7552605354707437,-0.04588164091512093,-0.9967912993099517,1.6070025407802397,1.7849061995318813,0.6171696394103273,-1.019118400612531,-1.3617941956209574,-1.8864725846769428,0.25376887188608144,-1.0616008102200636,-0.2212963746919413,1.4132478086812315,-1.6047198153225533,0.0,0.0,0.0,0.0,1.0,0.0,0.0,0.0,0.0,0.0,0.0,0.0,0.0,1.0,0.0,0.0,0.0,0.0,1.0,0.0,1.0,0.0,0.0,1.0,0.0,0.0,0.0,0.0,0.0,0.0,1.0,0.0,0.0,0.0,0.0,0.0,0.0,1.0,0.0,0.0,0.0,0.0,1.0,1.0,0.0,0.0,1.0,0.0,0.0,0.0,0.0,1.0,0.0,0.0,0
-1.6557358966799143,0.9574365597489356,-0.26968161895469217,-0.5873127973181029,-1.6235500446643159,0.49888765837117444,-0.48724152446612007,-0.2624364105593052,-1.5276224669815408,0.233955331039913,0.8071070273410997,0.7940805366324234,-0.6084130258016253,-0.4738867122935887,-1.7917023453029983,-0.24614296472138883,0.17957346378365519,0.0,0.0,0.0,0.0,1.0,0.0,0.0,0.0,0.0,0.0,0.0,0.0,0.0,1.0,0.0,0.0,0.0,0.0,1.0,0.0,0.0,1.0,0.0,0.0,1.0,0.0,0.0,0.0,0.0,0.0,0.0,0.0,0.0,0.0,1.0,0.0,1.0,0.0,0.0,0.0,1.0,0.0,0.0,1.0,0.0,1.0,0.0,0.0,0.0,0.0,0.0,0.0,1.0,0.0,1
0.6859517323476313,-1.0361106240362834,0.6029770458693231,0.9185471954909348,-0.04588164091512093,1.3738037617323386,0.8769474318360865,0.5712051692079335,0.6171696394103273,-1.019118400612531,1.8155886650711848,0.7940805366324234,-1.1113524661194543,0.45834944303806097,-0.6138978673447055,1.4132478086812315,-0.46989532274032675,0.0,0.0,0.0,0.0,0.0,0.0,0.0,1.0,0.0,0.0,0.0,0.0,0.0,0.0,1.0,0.0,0.0,0.0,1.0,1.0,0.0,0.0,0.0,0.0,0.0,0.0,1.0,0.0,0.0,0.0,0.0,0.0,0.0,0.0,1.0,0.0,0.0,1.0,0.0,0.0,1.0,0.0,0.0,1.0,0.0,1.0,0.0,0.0,0.0,0.0,0.0,1.0,0.0,0.0,0
0.014544201859040233,0.3023570428953587,-0.3678336660157809,-0.360873867183546,-0.23159342861585436,0.49888765837117444,0.21960633106759458,0.01468727823526236,-1.5276224669815408,0.233955331039913,0.006630118503325768,0.23781550455625436,0.7567083122039103,-2.176230995942688,-0.024995628365559186,-0.24614296472138883,1.5029534105180054,1.0,0.0,0.0,0.0,0.0,0.0,0.0,0.0,0.0,0.0,0.0,0.0,0.0,1.0,0.0,0.0,0.0,1.0,0.0,0.0,0.0,1.0,0.0,0.0,1.0,0.0,0.0,0.0,0.0,0.0,0.0,0.0,0.0,0.0,1.0,0.0,1.0,0.0,0.0,0.0,1.0,0.0,0.0,0.0,1.0,1.0,0.0,0.0,0.0,0.0,0.0,0.0,0.0,1.0,0
-0.28848177127215524,0.20315745364536417,1.1547313826177912,0.009850646208549108,0.1773030976133672,-0.9967912993099517,0.41792829355224304,0.3171314370534831,-0.17440931183371247,0.9669564746953179,0.006630118503325768,0.7940805366324234,-0.10547358548379637,1.0511300418087295,-1.2028001063238518,-1.075838351422699,1.5029534105180054,0.0,0.0,0.0,0.0,0.0,0.0,0.0,0.0,0.0,0.0,1.0,0.0,0.0,1.0,0.0,0.0,0.0,0.0,1.0,0.0,0.0,1.0,0.0,0.0,1.0,0.0,0.0,0.0,0.0,0.0,0.0,1.0,0.0,0.0,0.0,1.0,0.0,0.0,0.0,0.0,0.0,0.0,1.0,1.0,0.0,1.0,0.0,0.0,0.0,1.0,0.0,0.0,0.0,0.0,0
0.5958040537880642,-0.12608848213404747,-0.30155624115829577,-0.6190081550798886,-2.2650268768696926,0.49888765837117444,0.20496161715400496,0.06697799994088985,-0.17440931183371247,-1.019118400612531,0.006630118503325768,1.2255532164261718,0.4693143463080081,-0.6866797477497262,0.36760586428720504,-0.24614296472138883,0.6265197254775782,0.0,0.0,0.0,0.0,1.0,0.0,0.0,0.0,0.0,0.0,0.0,0.0,0.0,0.0,1.0,0.0,0.0,0.0,1.0,1.0,0.0,0.0,0.0,1.0,0.0,0.0,0.0,0.0,0.0,0.0,0.0,1.0,0.0,0.0,0.0,0.0,1.0,0.0,0.0,0.0,1.0,0.0,0.0,1.0,0.0,1.0,0.0,0.0,1.0,0.0,0.0,0.0,0.0,0.0,0
-0.1953614420446863,0.6229188354674351,-0.09372408288307414,0.009850646208549108,-2.2650268768696926,-0.9967912993099517,-0.3115408338701335,-0.28024658616402004,-0.17440931183371247,-1.019118400612531,0.8071070273410997,0.7940805366324234,0.9004052951518615,0.7876719979106546,-2.1843038379557624,-1.075838351422699,1.7229347736954832,0.0,0.0,0.0,0.0,0.0,0.0,1.0,0.0,0.0,0.0,0.0,0.0,0.0,0.0,1.0,0.0,0.0,0.0,1.0,1.0,0.0,0.0,0.0,0.0,0.0,1.0,0.0,0.0,0.0,0.0,0.0,0.0,0.0,0.0,1.0,0.0,1.0,0.0,0.0,0.0,1.0,0.0,0.0,1.0,0.0,0.0,1.0,0.0,0.0,0.0,0.0,1.0,0.0,0.0,0
1.1891381556758958,-0.04816372555639069,-0.6318676889272661,-0.3354484878652693,-0.13408696574730583,1.3738037617323386,-1.1203658900324924,-1.3663546955509505,-0.17440931183371247,-1.019118400612531,0.006630118503325768,2.134357097287106,-1.1113524661194543,0.7218074869361358,-0.4175971210183234,-1.075838351422699,-0.8697027208962188,0.0,0.0,0.0,0.0,0.0,0.0,0.0,0.0,0.0,0.0,0.0,1.0,0.0,1.0,0.0,0.0,0.0,1.0,0.0,0.0,0.0,1.0,0.0,0.0,1.0,0.0,0.0,0.0,0.0,0.0,1.0,0.0,0.0,0.0,0.0,1.0,0.0,0.0,0.0,0.0,1.0,0.0,0.0,1.0,0.0,0.0,1.0,0.0,0.0,0.0,0.0,1.0,0.0,0.0,0
-0.28848177127215524,0.18505372427459843,-0.9663827477070894,0.21452553862042256,-1.2483101527427733,1.3738037617323386,-0.6182243858812178,-0.7300823542054413,-1.5276224669815408,0.9669564746953179,0.006630118503325768,0.7940805366324234,1.978132667261495,-1.3909233650926571,1.1528088495927336,-0.24614296472138883,1.6845253293311617,0.0,0.0,0.0,0.0,0.0,1.0,0.0,0.0,0.0,0.0,0.0,0.0,0.0,0.0,0.0,0.0,1.0,1.0,0.0,1.0,0.0,0.0,0.0,0.0,1.0,0.0,0.0,0.0,0.0,0.0,0.0,0.0,0.0,0.0,1.0,1.0,0.0,0.0,0.0,0.0,0.0,1.0,0.0,1.0,0.0,1.0,0.0,0.0,0.0,1.0,0.0,0.0,0.0,0.0,1
0.026709776129070564,-1.5731683032089967,-0.7645145055021436,-0.7552605354707437,0.24115292617423648,-0.9967912993099517,-0.9051308547526482,-0.8807232838403449,0.6171696394103273,-1.019118400612531,0.8071070273410997,0.23781550455625436,-1.3987464320153564,0.919401019859692,-0.024995628365559186,-0.24614296472138883,0.5549384882531608,0.0,0.0,0.0,0.0,1.0,0.0,0.0,0.0,0.0,0.0,0.0,0.0,0.0,1.0,0.0,0.0,0.0,1.0,0.0,0.0,0.0,1.0,0.0,0.0,1.0,0.0,0.0,0.0,0.0,0.0,1.0,0.0,0.0,0.0,0.0,0.0,1.0,0.0,0.0,0.0,1.0,0.0,0.0,1.0,0.0,1.0,0.0,0.0,1.0,0.0,0.0,0.0,0.0,0.0,0
0.7485040100379208,0.36367766108100785,1.2334432821649801,-1.2425237219686571,-0.606833320537397,-0.9967912993099517,-1.819801265634221,-1.5288421047741636,-0.17440931183371247,1.8904287018766261,0.8071070273410997,-1.8864725846769428,-1.1832009575934297,-0.5802832300216574,-1.9880030916293803,0.5835524219799213,1.4575604308147163,0.0,0.0,0.0,0.0,1.0,0.0,0.0,0.0,0.0,0.0,0.0,0.0,0.0,1.0,0.0,0.0,0.0,1.0,0.0,0.0,0.0,1.0,0.0,0.0,1.0,0.0,0.0,0.0,0.0,0.0,0.0,1.0,0.0,0.0,0.0,0.0,1.0,0.0,0.0,0.0,1.0,0.0,0.0,1.0,0.0,0.0,1.0,0.0,0.0,0.0,0.0,0.0,0.0,1.0,0
-1.618858284861394,1.474402624650809,-0.5905859470302397,1.0163638745589476,0.6367333169865165,0.49888765837117444,1.5732917202182988,1.4797889238166688,0.6171696394103273,-1.019118400612531,-1.3617941956209574,0.7940805366324234,-0.9676554831715031,-0.6866797477497262,0.7602073569399693,1.4132478086812315,0.8744352300109262,0.0,0.0,0.0,0.0,1.0,0.0,0.0,0.0,0.0,0.0,0.0,0.0,0.0,0.0,1.0,0.0,0.0,0.0,1.0,0.0,1.0,0.0,0.0,0.0,1.0,0.0,0.0,0.0,0.0,0.0,0.0,1.0,0.0,0.0,0.0,0.0,1.0,0.0,0.0,0.0,0.0,0.0,1.0,1.0,0.0,0.0,1.0,0.0,0.0,0.0,0.0,0.0,0.0,1.0,0
1.5262980911812423,-0.010462903108779882,1.8179949090426506,-0.49712624757440144,1.3737025624196817,1.3738037617323386,0.3290699426654352,0.1927160563062254,-1.5276224669815408,-1.019118400612531,-1.3617941956209574,-1.8864725846769428,-2.117231346755112,0.7775389962222671,0.5639066106135872,-1.075838351422699,0.30178533221558723,0.0,0.0,0.0,0.0,1.0,0.0,0.0,0.0,0.0,0.0,0.0,0.0,0.0,1.0,0.0,0.0,0.0,0.0,1.0,0.0,1.0,0.0,0.0,0.0,1.0,0.0,0.0,1.0,0.0,0.0,0.0,0.0,0.0,0.0,0.0,0.0,0.0,1.0,0.0,0.0,1.0,0.0,0.0,1.0,0.0,1.0,0.0,0.0,0.0,0.0,0.0,1.0,0.0,0.0,0
-1.7837448276027517,-0.3416418553368552,-1.8950053071585076,-1.2989645835129267,0.5525429895349099,-0.9967912993099517,-0.26558258147743224,-0.4322411225742558,0.6171696394103273,0.233955331039913,-1.3617941956209574,-0.5461960240222598,-1.0395039746454786,0.012497368749011112,-0.4175971210183234,1.4132478086812315,0.413521897639068,0.0,0.0,0.0,0.0,0.0,0.0,0.0,0.0,1.0,0.0,0.0,0.0,0.0,1.0,0.0,0.0,0.0,0.0,1.0,0.0,1.0,0.0,0.0,0.0,1.0,0.0,0.0,0.0,0.0,0.0,0.0,0.0,0.0,1.0,0.0,0.0,1.0,0.0,0.0,0.0,1.0,0.0,0.0,1.0,0.0,0.0,1.0,0.0,1.0,0.0,0.0,0.0,0.0,0.0,0
-1.4652284909223712,0.7938635989237894,0.5048249988082347,-0.1078924082562966,-1.6235500446643159,0.49888765837117444,-0.6031585656124218,-0.3289822584421525,0.6171696394103273,-1.019118400612531,0.8071070273410997,-0.5461960240222598,1.3314962439957148,0.012497368749011112,-1.399100852650234,-0.24614296472138883,0.13068871641088234,0.0,0.0,0.0,0.0,0.0,0.0,0.0,0.0,0.0,0.0,0.0,1.0,0.0,0.0,0.0,1.0,0.0,0.0,1.0,0.0,0.0,1.0,0.0,0.0,1.0,0.0,0.0,0.0,0.0,0.0,0.0,0.0,0.0,0.0,1.0,0.0,0.0,0.0,1.0,0.0,1.0,0.0,0.0,1.0,0.0,0.0,1.0,0.0,0.0,0.0,0.0,0.0,1.0,0.0,1
1.051442086260186,-1.4000928653533102,-1.0809144268831403,-1.4208464910184138,-0.04588164091512093,-0.9967912993099517,0.7641007437311335,0.4627148968726085,-1.5276224669815408,0.233955331039913,0.006630118503325768,0.23781550455625436,-0.7521100087495765,-1.7101129182768633,-1.7917023453029983,0.5835524219799213,-1.639637492017391,0.0,0.0,0.0,0.0,0.0,0.0,1.0,0.0,0.0,0.0,0.0,0.0,0.0,1.0,0.0,0.0,0.0,0.0,1.0,0.0,0.0,1.0,0.0,0.0,1.0,0.0,0.0,0.0,0.0,0.0,0.0,0.0,0.0,1.0,0.0,1.0,0.0,0.0,0.0,0.0,1.0,0.0,0.0,1.0,0.0,1.0,0.0,0.0,0.0,0.0,0.0,1.0,0.0,0.0,0
0.4667217908989879,-0.15530609483689803,-1.3469484189652163,0.009850646208549108,-0.23159342861585436,0.49888765837117444,-1.0222993911933782,-0.9002741267589539,0.6171696394103273,-1.019118400612531,0.8071070273410997,-1.8864725846769428,0.03822339746415475,0.7319404886245233,1.7417110885718798,0.5835524219799213,0.767936316091671,1.0,0.0,0.0,0.0,0.0,0.0,0.0,0.0,0.0,0.0,0.0,0.0,0.0,0.0,1.0,0.0,0.0,1.0,0.0,0.0,0.0,1.0,0.0,0.0,1.0,0.0,0.0,0.0,0.0,0.0,0.0,1.0,0.0,0.0,0.0,0.0,1.0,0.0,0.0,0.0,1.0,0.0,0.0,1.0,0.0,1.0,0.0,0.0,0.0,0.0,0.0,1.0,0.0,0.0,0
-1.0464792575934259,-0.3091778152502319,1.63783376196018,-0.7196636286789051,-0.04588164091512093,-0.9967912993099517,2.1686381770575047,1.900102572473513,-1.5276224669815408,-1.019118400612531,0.8071070273410997,0.23781550455625436,-0.823958500223552,-2.333292522112694,-1.9880030916293803,0.5835524219799213,-0.7719332261506732,0.0,0.0,0.0,0.0,0.0,0.0,0.0,0.0,0.0,0.0,1.0,0.0,0.0,1.0,0.0,0.0,0.0,0.0,1.0,0.0,0.0,1.0,0.0,0.0,1.0,0.0,0.0,0.0,0.0,0.0,0.0,0.0,0.0,0.0,1.0,0.0,0.0,1.0,0.0,0.0,1.0,0.0,0.0,1.0,0.0,1.0,0.0,0.0,0.0,0.0,0.0,1.0,0.0,0.0,0
1.2061479193833489,-1.5082376623384133,-1.2749871003535849,-0.8299192253482364,-0.606833320537397,0.49888765837117444,-0.9783497249340222,-0.7481871434548311,-0.17440931183371247,1.487029062692357,0.8071070273410997,0.23781550455625436,-0.8958069916975275,1.5273811211629418,0.17130511796082293,1.4132478086812315,0.34368654424939254,0.0,0.0,0.0,1.0,0.0,0.0,0.0,0.0,0.0,0.0,0.0,0.0,0.0,0.0,1.0,0.0,0.0,0.0,1.0,1.0,0.0,0.0,0.0,0.0,1.0,0.0,0.0,0.0,0.0,0.0,0.0,0.0,0.0,1.0,0.0,0.0,1.0,0.0,0.0,0.0,1.0,0.0,0.0,1.0,0.0,0.0,1.0,0.0,0.0,1.0,0.0,0.0,0.0,0.0,0
2.3961750498464465,1.3035348089307073,0.06062982881427848,-0.1287363630087277,1.1717186114282805,0.49888765837117444,0.7196209979181895,0.6078969573534914,-1.5276224669815408,1.8904287018766261,0.006630118503325768,-0.5461960240222598,0.18192038041210587,-0.8184087696987636,0.17130511796082293,0.5835524219799213,-1.700743426233357,0.0,0.0,0.0,0.0,0.0,0.0,0.0,0.0,0.0,0.0,0.0,1.0,0.0,1.0,0.0,0.0,0.0,0.0,1.0,0.0,0.0,1.0,0.0,0.0,1.0,0.0,0.0,0.0,0.0,0.0,1.0,0.0,0.0,0.0,0.0,0.0,0.0,1.0,0.0,0.0,1.0,0.0,0.0,0.0,1.0,0.0,1.0,0.0,0.0,0.0,0.0,1.0,0.0,0.0,0
0.39858322376156813,-0.28521831661767816,-0.861406942324963,-0.3105699335114892,0.750196303495788,1.3738037617323386,1.3504766483564026,1.2358268578472758,0.6171696394103273,0.9669564746953179,0.8071070273410997,-0.5461960240222598,0.4693143463080081,0.012497368749011112,-0.4175971210183234,0.5835524219799213,0.722543336388382,0.0,0.0,0.0,0.0,0.0,0.0,0.0,0.0,0.0,0.0,1.0,0.0,0.0,1.0,0.0,0.0,0.0,1.0,0.0,1.0,0.0,0.0,0.0,0.0,1.0,0.0,0.0,0.0,0.0,0.0,1.0,0.0,0.0,0.0,0.0,0.0,0.0,1.0,0.0,0.0,0.0,0.0,1.0,1.0,0.0,0.0,1.0,0.0,0.0,0.0,0.0,1.0,0.0,0.0,0
-0.7072310046011007,-0.010462903108779882,0.17621372729782228,-1.4869678123246417,-1.2483101527427733,-0.9967912993099517,0.8194928409971545,1.0566871758276426,1.9703827945581553,-1.019118400612531,-1.3617941956209574,0.7940805366324234,1.3314962439957148,0.012497368749011112,1.5454103422454977,1.4132478086812315,-1.3393454724417864,0.0,0.0,0.0,1.0,0.0,0.0,0.0,0.0,0.0,0.0,0.0,0.0,0.0,1.0,0.0,0.0,0.0,0.0,1.0,0.0,1.0,0.0,0.0,0.0,1.0,0.0,0.0,0.0,0.0,0.0,0.0,1.0,0.0,0.0,0.0,0.0,0.0,1.0,0.0,0.0,1.0,0.0,0.0,1.0,0.0,0.0,1.0,0.0,0.0,0.0,0.0,0.0,0.0,1.0,1
0.2479516479916843,0.14207015325809563,0.8455628442893777,0.36115294990839375,0.1773030976133672,-0.9967912993099517,-0.3336692400446686,-0.1375382173088391,0.6171696394103273,0.233955331039913,0.8071070273410997,-1.8864725846769428,-0.10547358548379637,-1.2845268473645883,-0.024995628365559186,1.4132478086812315,-0.11198913661823993,0.0,0.0,0.0,0.0,0.0,0.0,0.0,0.0,1.0,0.0,0.0,0.0,0.0,0.0,1.0,0.0,0.0,0.0,1.0,1.0,0.0,0.0,0.0,0.0,0.0,1.0,0.0,0.0,0.0,0.0,0.0,1.0,0.0,0.0,0.0,0.0,0.0,0.0,1.0,0.0,0.0,0.0,1.0,1.0,0.0,1.0,0.0,0.0,1.0,0.0,0.0,0.0,0.0,0.0,0
-1.4895522945843467,-0.8188523675385739,1.0488723921218375,0.3190825612494924,0.10871947129041147,0.49888765837117444,0.2725855703457318,0.3572685666851094,-0.17440931183371247,0.233955331039913,-1.3617941956209574,0.7940805366324234,-1.1113524661194543,-0.9957362992455447,-0.2212963746919413,-1.075838351422699,-0.5694107013206143,0.0,0.0,0.0,1.0,0.0,0.0,0.0,0.0,0.0,0.0,0.0,0.0,0.0,0.0,1.0,0.0,0.0,0.0,1.0,0.0,1.0,0.0,0.0,0.0,1.0,0.0,0.0,0.0,0.0,0.0,0.0,0.0,0.0,1.0,0.0,0.0,1.0,0.0,0.0,0.0,0.0,0.0,1.0,1.0,0.0,1.0,0.0,0.0,0.0,0.0,0.0,1.0,0.0,0.0,0
0.15322500327205887,-0.17754337105799656,1.9048555770259503,0.09957064696796633,-0.34059638025356326,0.49888765837117444,1.5705673524093617,1.48421070044313,-0.17440931183371247,0.233955331039913,-1.3617941956209574,0.23781550455625436,-0.03362509400982082,-1.456787876067176,-2.1843038379557624,-1.075838351422699,0.4414560389949382,0.0,0.0,0.0,0.0,0.0,0.0,0.0,0.0,0.0,0.0,0.0,1.0,0.0,1.0,0.0,0.0,0.0,0.0,1.0,0.0,1.0,0.0,1.0,0.0,0.0,0.0,0.0,0.0,0.0,0.0,0.0,1.0,0.0,0.0,0.0,0.0,0.0,1.0,0.0,0.0,1.0,0.0,0.0,1.0,0.0,0.0,1.0,0.0,0.0,0.0,0.0,1.0,0.0,0.0,0
0.043544232550094264,-0.7451424858850405,-1.3469484189652163,0.3047120883641238,-0.04588164091512093,0.49888765837117444,1.440303095445669,1.2837404321606545,-1.5276224669815408,0.9669564746953179,0.006630118503325768,-0.5461960240222598,0.3974658548340326,1.4463171076558419,1.1528088495927336,-0.24614296472138883,-1.4894914822295886,0.0,0.0,0.0,0.0,1.0,0.0,0.0,0.0,0.0,0.0,0.0,0.0,0.0,0.0,0.0,0.0,1.0,0.0,1.0,0.0,0.0,1.0,0.0,1.0,0.0,0.0,0.0,0.0,0.0,0.0,1.0,0.0,0.0,0.0,0.0,1.0,0.0,0.0,0.0,0.0,0.0,0.0,1.0,1.0,0.0,1.0,0.0,0.0,0.0,0.0,0.0,0.0,0.0,1.0,0
1.1316956784757164,-0.06207665304712374,0.5217243173504937,1.0395781958665864,0.5073898664580703,-0.9967912993099517,-1.2650632371587607,-1.4177978623180694,-0.17440931183371247,-1.019118400612531,0.8071070273410997,1.2255532164261718,-0.2491705684317475,-2.0090364680842945,-1.0064993599974699,-0.24614296472138883,0.006730964144208372,0.0,0.0,0.0,0.0,0.0,0.0,0.0,1.0,0.0,0.0,0.0,0.0,0.0,0.0,0.0,1.0,0.0,1.0,0.0,0.0,0.0,1.0,0.0,0.0,1.0,0.0,0.0,0.0,0.0,0.0,0.0,0.0,0.0,0.0,1.0,0.0,1.0,0.0,0.0,0.0,1.0,0.0,0.0,1.0,0.0,1.0,0.0,0.0,0.0,0.0,0.0,0.0,0.0,1.0,0
0.6424323214084477,-1.3411648999717234,0.7085821840954115,-0.3105699335114892,-0.7755637979526826,0.49888765837117444,-0.5493198467878299,-0.5687705288481608,-0.17440931183371247,-1.019118400612531,0.006630118503325768,-1.8864725846769428,0.6848598207299348,-0.5802832300216574,0.5639066106135872,-0.24614296472138883,1.401692148102976,0.0,0.0,0.0,0.0,0.0,0.0,0.0,0.0,1.0,0.0,0.0,0.0,0.0,1.0,0.0,0.0,0.0,0.0,1.0,1.0,0.0,0.0,0.0,0.0,1.0,0.0,0.0,0.0,0.0,0.0,0.0,0.0,1.0,0.0,0.0,0.0,1.0,0.0,0.0,0.0,1.0,0.0,0.0,1.0,0.0,1.0,0.0,0.0,0.0,0.0,1.0,0.0,0.0,0.0,1
-1.7941593514547713,-1.215401462841374,0.036182840710240624,1.9648296217854448,0.5525429895349099,2.8694827194134644,0.4097770043001282,0.49383119262327113,-0.17440931183371247,-1.019118400612531,0.8071070273410997,0.23781550455625436,-0.2491705684317475,-0.6309482384635949,0.9565081032663514,1.4132478086812315,-0.6392460547102897,0.0,0.0,0.0,0.0,0.0,1.0,0.0,0.0,0.0,0.0,0.0,0.0,0.0,0.0,1.0,0.0,0.0,0.0,1.0,1.0,0.0,0.0,0.0,0.0,1.0,0.0,0.0,0.0,0.0,0.0,0.0,0.0,0.0,0.0,1.0,0.0,0.0,0.0,1.0,0.0,0.0,0.0,1.0,1.0,0.0,1.0,0.0,1.0,0.0,0.0,0.0,0.0,0.0,0.0,0
-0.5945837572565209,-2.6001744437263192,0.15393030791344917,0.26049747630937714,0.034643511667979465,0.49888765837117444,-1.6902079162382626,-1.8921542594156076,-1.5276224669815408,1.487029062692357,0.006630118503325768,-0.5461960240222598,0.325617363360057,0.8687360114177546,2.3306133275510263,-0.24614296472138883,-1.6029739314878113,0.0,0.0,0.0,1.0,0.0,0.0,0.0,0.0,0.0,0.0,0.0,0.0,0.0,0.0,1.0,0.0,0.0,0.0,1.0,1.0,0.0,0.0,0.0,0.0,1.0,0.0,0.0,0.0,0.0,0.0,0.0,0.0,0.0,0.0,1.0,0.0,0.0,1.0,0.0,0.0,1.0,0.0,0.0,1.0,0.0,0.0,1.0,0.0,1.0,0.0,0.0,0.0,0.0,0.0,0
-0.46226352293073736,0.9883963140964075,-1.2749871003535849,-0.995459453389766,0.750196303495788,1.3738037617323386,-1.6559644851139232,-1.4918608711624524,1.1788038433141157,-1.019118400612531,0.006630118503325768,0.23781550455625436,2.481072107579324,-0.20536216755132006,-0.6138978673447055,-1.9055337381240092,-0.3564128734821041,0.0,0.0,0.0,0.0,0.0,0.0,0.0,0.0,0.0,0.0,0.0,1.0,0.0,0.0,1.0,0.0,0.0,1.0,0.0,0.0,0.0,1.0,0.0,0.0,1.0,0.0,0.0,0.0,1.0,0.0,0.0,0.0,0.0,0.0,0.0,0.0,1.0,0.0,0.0,0.0,0.0,1.0,0.0,1.0,0.0,0.0,1.0,0.0,0.0,0.0,0.0,0.0,0.0,1.0,0
-1.0293916435567434,-1.6065583084154949,-0.1496879775104765,0.15024187964004568,-2.2650268768696926,-0.9967912993099517,0.18611440845943727,-0.02571797012713798,-1.5276224669815408,-1.019118400612531,0.006630118503325768,0.7940805366324234,-0.6802615172756009,0.0023643670606236147,-1.2028001063238518,0.5835524219799213,1.0717201033367594,0.0,0.0,0.0,0.0,0.0,0.0,0.0,0.0,1.0,0.0,0.0,0.0,0.0,0.0,1.0,0.0,0.0,0.0,1.0,0.0,0.0,1.0,0.0,0.0,1.0,0.0,0.0,0.0,0.0,1.0,0.0,0.0,0.0,0.0,0.0,0.0,0.0,0.0,1.0,0.0,1.0,0.0,0.0,1.0,0.0,1.0,0.0,0.0,0.0,1.0,0.0,0.0,0.0,0.0,1
0.9025972780130614,0.11070927211051848,-0.3678336660157809,0.5512200654243107,0.24115292617423648,-0.9967912993099517,-1.3077635999385337,-1.0898117858032867,-1.5276224669815408,0.233955331039913,0.8071070273410997,0.7940805366324234,0.5411628377819837,1.2892555814858357,0.7602073569399693,-1.075838351422699,0.10275457505501215,0.0,0.0,0.0,0.0,0.0,1.0,0.0,0.0,0.0,0.0,0.0,0.0,0.0,1.0,0.0,0.0,0.0,0.0,1.0,1.0,0.0,0.0,0.0,0.0,1.0,0.0,0.0,0.0,0.0,0.0,0.0,0.0,0.0,0.0,1.0,0.0,0.0,0.0,1.0,0.0,1.0,0.0,0.0,1.0,0.0,1.0,0.0,0.0,0.0,0.0,1.0,0.0,0.0,0.0,1
1.3866788368066143,1.8521627906702676,2.086880499916054,1.5162592793839784,0.5525429895349099,1.9945666160523006,1.5880147732864736,1.3918407283987029,0.6171696394103273,0.233955331039913,0.8071070273410997,0.23781550455625436,-0.823958500223552,1.826304670970373,-0.2212963746919413,0.5835524219799213,0.3297194735714574,0.0,0.0,0.0,0.0,0.0,0.0,0.0,1.0,0.0,0.0,0.0,0.0,0.0,1.0,0.0,0.0,0.0,0.0,1.0,1.0,0.0,0.0,0.0,0.0,1.0,0.0,0.0,0.0,0.0,0.0,0.0,1.0,0.0,0.0,0.0,0.0,0.0,1.0,0.0,0.0,0.0,0.0,1.0,1.0,0.0,0.0,1.0,0.0,0.0,0.0,1.0,0.0,0.0,0.0,0
0.026709776129070564,-0.04816372555639069,0.7371966050948634,0.4149676850334555,0.750196303495788,0.49888765837117444,0.014539695324833905,0.4020914122685863,0.6171696394103273,0.233955331039913,-1.3617941956209574,-1.8864725846769428,0.25376887188608144,-1.411189368469432,-0.024995628365559186,0.5835524219799213,0.44494780666442196,0.0,0.0,0.0,0.0,0.0,0.0,0.0,0.0,0.0,0.0,0.0,1.0,0.0,0.0,1.0,0.0,0.0,0.0,1.0,0.0,1.0,0.0,0.0,0.0,1.0,0.0,0.0,0.0,0.0,0.0,0.0,0.0,1.0,0.0,0.0,0.0,1.0,0.0,0.0,0.0,0.0,0.0,1.0,1.0,0.0,0.0,1.0,1.0,0.0,0.0,0.0,0.0,0.0,0.0,0
1.2117665670202753,-2.2756534507130337,0.5711024236657201,-0.5564627506577629,1.524106590584989,-0.9967912993099517,0.319925810501438,0.5631059390745187,0.6171696394103273,0.9669564746953179,-1.3617941956209574,0.23781550455625436,1.2596477525217393,1.4108516017464856,-0.024995628365559186,0.5835524219799213,-0.4786247419140362,0.0,0.0,0.0,0.0,0.0,0.0,1.0,0.0,0.0,0.0,0.0,0.0,0.0,0.0,1.0,0.0,0.0,0.0,1.0,0.0,1.0,0.0,0.0,0.0,1.0,0.0,0.0,0.0,0.0,0.0,0.0,0.0,0.0,1.0,0.0,0.0,1.0,0.0,0.0,0.0,1.0,0.0,0.0,1.0,0.0,0.0,1.0,0.0,0.0,1.0,0.0,0.0,0.0,0.0,0
-1.6279757493592042,0.4176214643191637,-1.423273625232452,1.0085210771228408,0.6367333169865165,1.3738037617323386,0.2379104351779511,-0.05061849676764229,-0.17440931183371247,0.233955331039913,0.006630118503325768,-0.5461960240222598,-1.0395039746454786,0.34181992362160474,-0.8101986136710877,0.5835524219799213,-0.606074261850194,0.0,0.0,0.0,0.0,0.0,1.0,0.0,0.0,0.0,0.0,0.0,0.0,0.0,1.0,0.0,0.0,0.0,0.0,1.0,0.0,0.0,1.0,0.0,0.0,1.0,0.0,0.0,0.0,0.0,0.0,0.0,1.0,0.0,0.0,0.0,0.0,1.0,0.0,0.0,0.0,1.0,0.0,0.0,1.0,0.0,0.0,1.0,1.0,0.0,0.0,0.0,0.0,0.0,0.0,0
0.8524916775630887,0.48023658620085363,-0.9663827477070894,0.9603137605917264,0.5955951912902556,-0.9967912993099517,-0.19266956511535638,-0.039956909240200185,0.6171696394103273,0.233955331039913,0.8071070273410997,0.23781550455625436,1.475193226943666,-0.5600172266448824,-0.4175971210183234,-0.24614296472138883,0.4833572510287435,0.0,0.0,0.0,0.0,0.0,1.0,0.0,0.0,0.0,0.0,0.0,0.0,0.0,1.0,0.0,0.0,0.0,1.0,0.0,0.0,0.0,1.0,0.0,1.0,0.0,0.0,0.0,0.0,0.0,0.0,0.0,0.0,0.0,1.0,0.0,0.0,0.0,1.0,0.0,0.0,1.0,0.0,0.0,1.0,0.0,1.0,0.0,0.0,0.0,0.0,0.0,1.0,0.0,0.0,0
-1.0069671028554135,-0.3334693113901038,1.5666860009394634,0.009850646208549108,0.24115292617423648,0.49888765837117444,0.8850155744628081,0.6440498875078202,-1.5276224669815408,0.9669564746953179,1.375054432627609,0.23781550455625436,0.3974658548340326,-0.36749019456552,-1.2028001063238518,-1.075838351422699,0.3908254077874235,0.0,0.0,0.0,0.0,0.0,0.0,1.0,0.0,0.0,0.0,0.0,0.0,0.0,1.0,0.0,0.0,0.0,1.0,0.0,0.0,0.0,1.0,0.0,0.0,1.0,0.0,0.0,0.0,0.0,0.0,0.0,0.0,0.0,1.0,0.0,0.0,0.0,1.0,0.0,0.0,1.0,0.0,0.0,1.0,0.0,0.0,1.0,0.0,0.0,0.0,1.0,0.0,0.0,0.0,0
-1.0522276666019488,-0.03436034549937497,-0.04014236555699533,0.09957064696796633,-0.4641737345920091,-0.9967912993099517,-0.3691973648424609,-0.4926706803909241,1.1788038433141157,-1.019118400612531,0.8071070273410997,0.7940805366324234,0.1100718889381303,-1.3807903634042697,0.9565081032663514,-1.075838351422699,-0.3319704997957177,0.0,1.0,0.0,0.0,0.0,0.0,0.0,0.0,0.0,0.0,0.0,0.0,0.0,0.0,1.0,0.0,0.0,1.0,0.0,0.0,0.0,1.0,1.0,0.0,0.0,0.0,0.0,1.0,0.0,0.0,0.0,0.0,0.0,0.0,0.0,0.0,1.0,0.0,0.0,0.0,1.0,0.0,0.0,1.0,0.0,0.0,1.0,0.0,0.0,0.0,0.0,1.0,0.0,0.0,0
-1.2450332108066795,1.7508571196239666,0.36078461734096456,1.5162592793839784,-2.2650268768696926,0.49888765837117444,-0.256011687905919,-0.262242905203761,-1.5276224669815408,1.487029062692357,0.006630118503325768,-1.8864725846769428,-0.03362509400982082,0.0631623771909486,-0.4175971210183234,-0.24614296472138883,-0.5292553731215509,0.0,0.0,0.0,0.0,0.0,1.0,0.0,0.0,0.0,0.0,0.0,0.0,0.0,0.0,1.0,0.0,0.0,0.0,1.0,1.0,0.0,0.0,0.0,0.0,1.0,0.0,0.0,0.0,0.0,0.0,0.0,1.0,0.0,0.0,0.0,0.0,1.0,0.0,0.0,0.0,1.0,0.0,0.0,1.0,0.0,0.0,1.0,0.0,0.0,0.0,1.0,0.0,0.0,0.0,0
0.8015836257099143,-0.40843110411183897,-1.8950053071585076,-1.7115690801333474,-0.04588164091512093,1.3738037617323386,0.25812693964383404,0.4548661395471367,-1.5276224669815408,-1.019118400612531,1.375054432627609,0.7940805366324234,-0.32101905990572305,-1.9837039638633256,0.17130511796082293,0.5835524219799213,-0.04913731856753201,0.0,0.0,0.0,0.0,1.0,0.0,0.0,0.0,0.0,0.0,0.0,0.0,0.0,1.0,0.0,0.0,0.0,1.0,0.0,1.0,0.0,0.0,0.0,0.0,1.0,0.0,0.0,0.0,0.0,0.0,0.0,0.0,0.0,0.0,1.0,0.0,0.0,1.0,0.0,0.0,1.0,0.0,0.0,1.0,0.0,0.0,1.0,0.0,0.0,0.0,0.0,1.0,0.0,0.0,1
1.0353972356937415,-0.1333473605730854,-0.6318676889272661,1.077262576651975,0.034643511667979465,1.9945666160523006,-0.1741409013817827,-0.14370335749759985,1.1788038433141157,0.233955331039913,0.006630118503325768,1.5780920652109374,1.7625871928395682,-0.5194852198913325,-0.8101986136710877,-0.24614296472138883,1.1886943202644658,0.0,0.0,0.0,0.0,0.0,0.0,0.0,0.0,0.0,0.0,0.0,1.0,0.0,0.0,1.0,0.0,0.0,1.0,0.0,0.0,0.0,1.0,0.0,1.0,0.0,0.0,0.0,0.0,0.0,0.0,0.0,0.0,0.0,0.0,1.0,0.0,1.0,0.0,0.0,0.0,1.0,0.0,0.0,1.0,0.0,0.0,1.0,0.0,0.0,1.0,0.0,0.0,0.0,0.0,1
0.2479516479916843,0.24468633068509682,-1.0809144268831403,-0.5564627506577629,-0.4641737345920091,1.3738037617323386,-0.2196551618392138,-0.1613527413699759,1.1788038433141157,1.487029062692357,0.006630118503325768,-0.5461960240222598,0.18192038041210587,0.2860884143354735,-0.024995628365559186,-1.075838351422699,0.3559077310925858,0.0,0.0,0.0,0.0,0.0,0.0,0.0,0.0,0.0,0.0,0.0,1.0,0.0,1.0,0.0,0.0,0.0,0.0,1.0,1.0,0.0,0.0,0.0,0.0,1.0,0.0,0.0,0.0,1.0,0.0,0.0,0.0,0.0,0.0,0.0,1.0,0.0,0.0,0.0,0.0,1.0,0.0,0.0,1.0,0.0,0.0,1.0,0.0,1.0,0.0,0.0,0.0,0.0,0.0,0
-0.7699183442414623,-0.0003200304089727536,0.9808028241458874,0.9270220186759632,-0.9820732124589395,-0.9967912993099517,0.3044775638646525,0.1321111478117123,-0.17440931183371247,1.487029062692357,-1.3617941956209574,1.5780920652109374,0.1100718889381303,-1.8063764343165445,-1.399100852650234,1.4132478086812315,-1.266018351382627,0.0,0.0,0.0,1.0,0.0,0.0,0.0,0.0,0.0,0.0,0.0,0.0,0.0,1.0,0.0,0.0,0.0,0.0,1.0,0.0,1.0,0.0,0.0,0.0,0.0,1.0,0.0,1.0,0.0,0.0,0.0,0.0,0.0,0.0,0.0,0.0,0.0,1.0,0.0,0.0,1.0,0.0,0.0,1.0,0.0,1.0,0.0,0.0,0.0,0.0,0.0,1.0,0.0,0.0,0
0.8323776504473864,1.0074721396988318,-0.9663827477070894,-0.1715860094881732,0.6367333169865165,0.49888765837117444,0.06103222031632599,-0.5903194757872315,-0.17440931183371247,0.233955331039913,0.006630118503325768,0.23781550455625436,-0.6084130258016253,-0.32189168696777626,1.3491095959191157,-1.9055337381240092,0.9530000025743111,0.0,0.0,0.0,0.0,0.0,0.0,0.0,0.0,0.0,0.0,0.0,1.0,0.0,1.0,0.0,0.0,0.0,0.0,1.0,0.0,0.0,1.0,0.0,0.0,1.0,0.0,0.0,1.0,0.0,0.0,0.0,0.0,0.0,0.0,0.0,1.0,0.0,0.0,0.0,0.0,0.0,0.0,1.0,1.0,0.0,1.0,0.0,0.0,0.0,0.0,1.0,0.0,0.0,0.0,0
0.22131874951474317,0.40696467804793757,0.8455628442893777,-1.0408302956165845,0.10871947129041147,-0.9967912993099517,0.2975744285575021,0.5313098743269871,-0.17440931183371247,-1.019118400612531,0.8071070273410997,-0.5461960240222598,0.6130113292559592,-1.5023863836649196,-0.024995628365559186,1.4132478086812315,0.09402515588130271,0.0,0.0,0.0,0.0,0.0,0.0,1.0,0.0,0.0,0.0,0.0,0.0,0.0,0.0,1.0,0.0,0.0,0.0,1.0,1.0,0.0,0.0,0.0,1.0,0.0,0.0,0.0,1.0,0.0,0.0,0.0,0.0,0.0,0.0,0.0,0.0,1.0,0.0,0.0,0.0,0.0,0.0,1.0,1.0,0.0,0.0,1.0,0.0,0.0,0.0,0.0,1.0,0.0,0.0,0
-0.5476148496072656,-0.11885953606502324,-0.26968161895469217,-0.8299192253482364,-0.23159342861585436,0.49888765837117444,-1.2481058156082927,-1.2683860709912604,-0.17440931183371247,-1.019118400612531,0.006630118503325768,-1.8864725846769428,-1.0395039746454786,0.012497368749011112,0.7602073569399693,-1.075838351422699,0.2563923525122982,0.0,0.0,0.0,0.0,0.0,1.0,0.0,0.0,0.0,0.0,0.0,0.0,0.0,1.0,0.0,0.0,0.0,0.0,1.0,0.0,0.0,1.0,0.0,1.0,0.0,0.0,0.0,0.0,0.0,0.0,0.0,0.0,0.0,0.0,1.0,0.0,0.0,1.0,0.0,0.0,0.0,0.0,1.0,1.0,0.0,1.0,0.0,0.0,0.0,0.0,0.0,0.0,0.0,1.0,0
0.5584654030898131,-2.3772955484153617,0.341563170268023,-1.4869678123246417,-0.04588164091512093,-0.9967912993099517,2.087043125197871,1.98453305143075,0.6171696394103273,-1.019118400612531,-1.3617941956209574,1.5780920652109374,2.481072107579324,1.0764625460296982,1.7417110885718798,-0.24614296472138883,0.3995548269611329,0.0,0.0,0.0,0.0,0.0,0.0,0.0,0.0,1.0,0.0,0.0,0.0,0.0,0.0,1.0,0.0,0.0,0.0,1.0,0.0,1.0,0.0,0.0,0.0,1.0,0.0,0.0,0.0,0.0,0.0,0.0,0.0,0.0,0.0,1.0,0.0,1.0,0.0,0.0,0.0,0.0,0.0,1.0,1.0,0.0,0.0,1.0,0.0,0.0,0.0,0.0,0.0,1.0,0.0,0
-0.5172589949962391,0.22700856440505643,-1.7854596952050261,-0.3354484878652693,-0.606833320537397,2.4760676934617014,-1.9973049885401952,-1.6567517817619435,-0.17440931183371247,-1.019118400612531,0.8071070273410997,-0.5461960240222598,0.4693143463080081,0.6964749827151672,1.7417110885718798,-0.24614296472138883,-1.1542817859591463,0.0,0.0,0.0,0.0,0.0,0.0,0.0,0.0,0.0,0.0,0.0,1.0,0.0,1.0,0.0,0.0,0.0,1.0,0.0,1.0,0.0,0.0,0.0,0.0,0.0,1.0,0.0,0.0,0.0,0.0,1.0,0.0,0.0,0.0,0.0,0.0,1.0,0.0,0.0,0.0,1.0,0.0,0.0,1.0,0.0,1.0,0.0,1.0,0.0,0.0,0.0,0.0,0.0,0.0,1
0.3584336665319204,-0.40843110411183897,-1.5045263537512816,1.6088533392387911,-0.7755637979526826,-0.9967912993099517,-1.3406498320810858,-1.4853886151538649,-1.5276224669815408,0.233955331039913,0.006630118503325768,-1.8864725846769428,1.1159507695737882,1.7503071583074667,0.5639066106135872,-0.24614296472138883,1.4296262894588463,0.0,0.0,0.0,0.0,0.0,0.0,0.0,1.0,0.0,0.0,0.0,0.0,0.0,1.0,0.0,0.0,0.0,0.0,1.0,0.0,0.0,1.0,0.0,0.0,1.0,0.0,0.0,0.0,0.0,0.0,0.0,1.0,0.0,0.0,0.0,1.0,0.0,0.0,0.0,0.0,1.0,0.0,0.0,1.0,0.0,0.0,1.0,0.0,0.0,1.0,0.0,0.0,0.0,0.0,0
0.2600541259037808,-0.20763877093024166,1.360354415342638,-0.8691368180092968,-0.34059638025356326,-0.9967912993099517,-0.6388230251622563,-0.43798237762475145,-1.5276224669815408,-1.019118400612531,1.8155886650711848,-0.5461960240222598,1.1877992610477637,-0.6917462485939199,2.3306133275510263,-0.24614296472138883,-0.24293042422388145,0.0,0.0,0.0,0.0,0.0,0.0,1.0,0.0,0.0,0.0,0.0,0.0,0.0,0.0,1.0,0.0,0.0,0.0,1.0,0.0,0.0,1.0,0.0,0.0,1.0,0.0,0.0,0.0,0.0,0.0,0.0,0.0,0.0,1.0,0.0,0.0,0.0,1.0,0.0,0.0,1.0,0.0,0.0,1.0,0.0,1.0,0.0,0.0,0.0,0.0,1.0,0.0,0.0,0.0,0
-0.36237224811734375,-0.30115487677216135,0.3797170091197587,-1.7972977893282913,0.882629758379613,1.9945666160523006,0.06103222031632599,-2.1915429172284937,-0.17440931183371247,-1.019118400612531,1.375054432627609,0.23781550455625436,0.5411628377819837,-1.193329832169101,0.9565081032663514,-0.24614296472138883,0.30178533221558723,0.0,0.0,0.0,0.0,1.0,0.0,0.0,0.0,0.0,0.0,0.0,0.0,0.0,1.0,0.0,0.0,0.0,0.0,1.0,1.0,0.0,0.0,0.0,0.0,0.0,1.0,0.0,0.0,0.0,0.0,0.0,0.0,1.0,0.0,0.0,0.0,0.0,1.0,0.0,0.0,1.0,0.0,0.0,1.0,0.0,0.0,1.0,0.0,0.0,0.0,0.0,1.0,0.0,0.0,0
-1.8920329519698194,0.961336561862648,-0.7645145055021436,-0.5873127973181029,1.3553761131697037,-0.9967912993099517,0.4959993044971424,0.7525871490590034,-0.17440931183371247,0.233955331039913,0.8071070273410997,-1.8864725846769428,0.9722537866258371,-1.9279724545771944,2.3306133275510263,1.4132478086812315,-0.4786247419140362,0.0,0.0,0.0,0.0,1.0,0.0,0.0,0.0,0.0,0.0,0.0,0.0,0.0,0.0,1.0,0.0,0.0,0.0,1.0,0.0,0.0,1.0,0.0,0.0,1.0,0.0,0.0,0.0,0.0,0.0,0.0,0.0,0.0,1.0,0.0,0.0,1.0,0.0,0.0,0.0,0.0,0.0,1.0,1.0,0.0,1.0,0.0,0.0,1.0,0.0,0.0,0.0,0.0,0.0,0
-0.31368827013779704,0.23881352620081342,-1.1423402837787076,-0.19362111745124067,-0.7755637979526826,0.49888765837117444,-0.43425641031872225,-0.5999415057732232,0.6171696394103273,0.233955331039913,0.006630118503325768,0.23781550455625436,-0.4647160428536742,-2.333292522112694,-0.8101986136710877,1.4132478086812315,-1.1350770637769856,0.0,0.0,0.0,0.0,0.0,0.0,0.0,0.0,1.0,0.0,0.0,0.0,0.0,0.0,1.0,0.0,0.0,1.0,0.0,1.0,0.0,0.0,0.0,0.0,1.0,0.0,0.0,0.0,0.0,0.0,0.0,0.0,0.0,0.0,1.0,1.0,0.0,0.0,0.0,0.0,1.0,0.0,0.0,1.0,0.0,0.0,1.0,1.0,0.0,0.0,0.0,0.0,0.0,0.0,0
0.026709776129070564,1.7333887189955444,0.21963114456386534,0.2901608500762704,-1.6235500446643159,-0.9967912993099517,1.0664469407978363,1.0704281033710603,0.6171696394103273,0.9669564746953179,0.006630118503325768,0.23781550455625436,0.8285568036778859,0.35701942615418597,0.5639066106135872,0.5835524219799213,1.3178897240353655,0.0,0.0,0.0,0.0,0.0,1.0,0.0,0.0,0.0,0.0,0.0,0.0,0.0,0.0,1.0,0.0,0.0,1.0,0.0,0.0,0.0,1.0,0.0,0.0,1.0,0.0,0.0,1.0,0.0,0.0,0.0,0.0,0.0,0.0,0.0,1.0,0.0,0.0,0.0,0.0,0.0,0.0,1.0,1.0,0.0,0.0,1.0,0.0,0.0,0.0,1.0,0.0,0.0,0.0,0
-1.7837448276027517,-0.8845968091956891,0.1981095892439705,0.009850646208549108,0.40988340358952174,0.49888765837117444,-2.1929718368927014,-1.911944205597595,0.6171696394103273,-1.019118400612531,0.006630118503325768,2.134357097287106,-0.39286755137969864,-0.6461477409961761,-1.399100852650234,-0.24614296472138883,1.385979193590299,0.0,0.0,0.0,0.0,0.0,0.0,0.0,1.0,0.0,0.0,0.0,0.0,0.0,0.0,0.0,0.0,1.0,1.0,0.0,1.0,0.0,0.0,0.0,0.0,1.0,0.0,0.0,0.0,0.0,0.0,0.0,0.0,1.0,0.0,0.0,0.0,1.0,0.0,0.0,0.0,1.0,0.0,0.0,1.0,0.0,1.0,0.0,0.0,0.0,0.0,0.0,1.0,0.0,0.0,0
-0.4027388679336954,-0.9070711792607816,-0.26968161895469217,1.3588861627605218,0.9708350832117979,0.49888765837117444,0.18102571647425067,0.4946570727830714,-1.5276224669815408,-1.019118400612531,1.375054432627609,0.7940805366324234,1.5470417184176415,1.2841890806416418,0.7602073569399693,0.5835524219799213,-0.16087388399101277,0.0,0.0,0.0,0.0,1.0,0.0,0.0,0.0,0.0,0.0,0.0,0.0,0.0,1.0,0.0,0.0,0.0,1.0,0.0,1.0,0.0,0.0,0.0,0.0,1.0,0.0,0.0,0.0,0.0,0.0,0.0,1.0,0.0,0.0,0.0,0.0,0.0,0.0,1.0,0.0,0.0,0.0,1.0,1.0,0.0,0.0,1.0,0.0,0.0,0.0,0.0,1.0,0.0,0.0,0
1.2303142774966653,2.504185998547837,-1.5913870217345818,0.009850646208549108,0.6367333169865165,0.49888765837117444,-0.23239209964487018,-0.2593432594259974,1.1788038433141157,-1.019118400612531,0.006630118503325768,0.23781550455625436,1.5470417184176415,-2.333292522112694,0.7602073569399693,-0.24614296472138883,0.09751692355078649,0.0,0.0,0.0,0.0,1.0,0.0,0.0,0.0,0.0,0.0,0.0,0.0,0.0,0.0,1.0,0.0,0.0,0.0,1.0,0.0,0.0,1.0,0.0,0.0,1.0,0.0,0.0,0.0,1.0,0.0,0.0,0.0,0.0,0.0,0.0,1.0,0.0,0.0,0.0,0.0,0.0,0.0,1.0,1.0,0.0,1.0,0.0,0.0,0.0,0.0,0.0,0.0,0.0,1.0,0
-1.773416732330767,-0.8624069144680748,-0.9128010303810109,0.6939459276822286,-1.6235500446643159,0.49888765837117444,-1.194108129897978,-0.8916351045824791,-0.17440931183371247,-1.019118400612531,0.8071070273410997,-0.5461960240222598,-0.6084130258016253,-1.517585886197501,-0.2212963746919413,1.4132478086812315,0.17433581227942951,0.0,0.0,0.0,0.0,1.0,0.0,0.0,0.0,0.0,0.0,0.0,0.0,0.0,1.0,0.0,0.0,0.0,0.0,1.0,1.0,0.0,0.0,0.0,0.0,1.0,0.0,0.0,0.0,0.0,0.0,0.0,1.0,0.0,0.0,0.0,0.0,1.0,0.0,0.0,0.0,0.0,0.0,1.0,1.0,0.0,1.0,0.0,1.0,0.0,0.0,0.0,0.0,0.0,0.0,1
0.2192462622119632,-0.7974742692308516,-0.9128010303810109,0.9603137605917264,1.1488666986634468,0.49888765837117444,-0.4053837372339446,-0.730476522546363,-0.17440931183371247,0.9669564746953179,0.8071070273410997,0.23781550455625436,1.978132667261495,-0.7576107595684386,0.9565081032663514,-1.9055337381240092,0.2686135393554914,0.0,0.0,0.0,0.0,0.0,0.0,1.0,0.0,0.0,0.0,0.0,0.0,0.0,0.0,1.0,0.0,0.0,0.0,1.0,0.0,0.0,1.0,0.0,0.0,1.0,0.0,0.0,0.0,0.0,0.0,0.0,0.0,0.0,1.0,0.0,0.0,1.0,0.0,0.0,0.0,1.0,0.0,0.0,0.0,1.0,0.0,1.0,0.0,0.0,0.0,1.0,0.0,0.0,0.0,0
0.27402652345102757,-0.010462903108779882,0.341563170268023,0.40174687609391885,-0.13408696574730583,-0.9967912993099517,-0.082989028875134,-0.2327315739026087,-0.17440931183371247,0.9669564746953179,0.006630118503325768,1.5780920652109374,-0.6802615172756009,-0.6512142418403699,-0.2212963746919413,-0.24614296472138883,-1.2276089070183056,0.0,0.0,0.0,1.0,0.0,0.0,0.0,0.0,0.0,0.0,0.0,0.0,0.0,0.0,1.0,0.0,0.0,0.0,1.0,0.0,0.0,1.0,0.0,0.0,1.0,0.0,0.0,0.0,0.0,0.0,0.0,0.0,0.0,1.0,0.0,1.0,0.0,0.0,0.0,0.0,0.0,0.0,1.0,0.0,1.0,1.0,0.0,0.0,0.0,1.0,0.0,0.0,0.0,0.0,0
-1.4895522945843467,-0.215244046087788,0.01125172249905238,-0.4406853860301315,0.9984626704981394,-0.9967912993099517,1.1404180204542222,0.9229407906230334,0.6171696394103273,1.487029062692357,-1.3617941956209574,0.7940805366324234,-1.1113524661194543,-0.9400047899594135,-0.8101986136710877,-0.24614296472138883,-1.3201407502596256,0.0,0.0,0.0,0.0,0.0,0.0,0.0,0.0,1.0,0.0,0.0,0.0,0.0,1.0,0.0,0.0,0.0,1.0,0.0,0.0,1.0,0.0,0.0,0.0,1.0,0.0,0.0,0.0,0.0,0.0,1.0,0.0,0.0,0.0,0.0,0.0,0.0,0.0,1.0,0.0,0.0,0.0,1.0,1.0,0.0,1.0,0.0,0.0,0.0,0.0,0.0,1.0,0.0,0.0,0
0.9298464881927261,0.5895265587564679,1.5143766236187246,-2.100802919451452,-0.34059638025356326,0.49888765837117444,1.5330344913919824,1.4101638044021438,1.6144411763273727,0.233955331039913,-1.3617941956209574,0.23781550455625436,-1.3987464320153564,0.8586030097293671,-0.024995628365559186,-1.075838351422699,-0.5152883024436158,0.0,0.0,0.0,0.0,1.0,0.0,0.0,0.0,0.0,0.0,0.0,0.0,0.0,0.0,1.0,0.0,0.0,0.0,1.0,0.0,1.0,0.0,0.0,0.0,1.0,0.0,0.0,0.0,0.0,1.0,0.0,0.0,0.0,0.0,0.0,0.0,0.0,0.0,1.0,0.0,1.0,0.0,0.0,1.0,0.0,1.0,0.0,0.0,0.0,0.0,0.0,1.0,0.0,0.0,1
1.3939639015368293,-0.434147998123634,0.08461113156877503,0.3047120883641238,-0.34059638025356326,-0.9967912993099517,-0.8327745003086996,-0.7712250044363903,-1.5276224669815408,-1.019118400612531,-1.3617941956209574,0.23781550455625436,0.6130113292559592,0.25568940927031103,0.36760586428720504,1.4132478086812315,1.5291416680391337,0.0,0.0,0.0,0.0,0.0,0.0,0.0,0.0,1.0,0.0,0.0,0.0,0.0,1.0,0.0,0.0,0.0,1.0,0.0,0.0,1.0,0.0,0.0,0.0,1.0,0.0,0.0,0.0,0.0,0.0,0.0,0.0,0.0,0.0,1.0,1.0,0.0,0.0,0.0,0.0,0.0,1.0,0.0,1.0,0.0,0.0,1.0,0.0,0.0,0.0,0.0,1.0,0.0,0.0,0
-0.13601967904276863,0.0787771440173592,0.06062982881427848,2.070066519950307,0.851255382798665,0.49888765837117444,0.23476587123454778,0.3247955025296856,0.6171696394103273,0.9669564746953179,0.8071070273410997,1.2255532164261718,0.1100718889381303,-0.5650837274890762,0.7602073569399693,-0.24614296472138883,-0.7195567111084166,0.0,0.0,0.0,0.0,0.0,1.0,0.0,0.0,0.0,0.0,0.0,0.0,0.0,1.0,0.0,0.0,0.0,1.0,0.0,1.0,0.0,0.0,0.0,0.0,1.0,0.0,0.0,0.0,0.0,0.0,0.0,0.0,0.0,0.0,1.0,0.0,1.0,0.0,0.0,0.0,0.0,0.0,1.0,1.0,0.0,1.0,0.0,0.0,0.0,0.0,0.0,0.0,0.0,1.0,0
-0.900532334508771,0.20315745364536417,-0.04014236555699533,-1.557098871409269,-0.34059638025356326,1.3738037617323386,1.210477607795742,1.0545621846880566,-0.17440931183371247,1.487029062692357,-1.3617941956209574,0.23781550455625436,-0.823958500223552,-1.4263888710020134,-1.0064993599974699,-1.9055337381240092,0.4344725036559707,0.0,0.0,0.0,0.0,0.0,1.0,0.0,0.0,0.0,0.0,0.0,0.0,0.0,1.0,0.0,0.0,0.0,0.0,1.0,0.0,1.0,0.0,0.0,0.0,1.0,0.0,0.0,0.0,0.0,1.0,0.0,0.0,0.0,0.0,0.0,0.0,0.0,1.0,0.0,0.0,0.0,0.0,1.0,1.0,0.0,1.0,0.0,0.0,0.0,0.0,0.0,1.0,0.0,0.0,1
0.8015836257099143,-0.391493730422379,0.6644029027648904,0.27542424071344995,-1.2483101527427733,-0.9967912993099517,0.7281030392497494,0.7152163563188267,-1.5276224669815408,-1.019118400612531,0.006630118503325768,0.7940805366324234,-1.0395039746454786,0.4634159438822547,1.7417110885718798,1.4132478086812315,1.6461158849668402,0.0,0.0,0.0,0.0,0.0,0.0,0.0,0.0,0.0,0.0,1.0,0.0,0.0,0.0,0.0,0.0,1.0,0.0,1.0,0.0,0.0,1.0,0.0,0.0,0.0,1.0,0.0,0.0,0.0,0.0,0.0,0.0,0.0,1.0,0.0,0.0,0.0,1.0,0.0,0.0,1.0,0.0,0.0,1.0,0.0,0.0,1.0,0.0,0.0,0.0,0.0,1.0,0.0,0.0,0
0.563194458828379,1.6380480365128967,1.2984973269552262,0.9185471954909348,-0.606833320537397,-0.9967912993099517,1.8043075070491397,2.079910339425015,-1.5276224669815408,1.8904287018766261,-1.3617941956209574,0.7940805366324234,-0.8958069916975275,-0.2560271759932575,0.17130511796082293,-1.9055337381240092,0.9041152552015382,0.0,0.0,0.0,0.0,1.0,0.0,0.0,0.0,0.0,0.0,0.0,0.0,0.0,1.0,0.0,0.0,0.0,1.0,0.0,0.0,1.0,0.0,1.0,0.0,0.0,0.0,0.0,1.0,0.0,0.0,0.0,0.0,0.0,0.0,0.0,0.0,1.0,0.0,0.0,0.0,0.0,0.0,1.0,1.0,0.0,0.0,1.0,0.0,1.0,0.0,0.0,0.0,0.0,0.0,1
-0.37568283850317524,-1.8025186820225152,1.7998797716438242,-1.889891849183104,-0.34059638025356326,1.3738037617323386,0.9300183419288305,1.2259516501072298,1.6144411763273727,-1.019118400612531,-1.3617941956209574,0.23781550455625436,2.3373751246313725,2.0796297131800605,-0.4175971210183234,0.5835524219799213,-1.5663103709582318,0.0,0.0,0.0,0.0,1.0,0.0,0.0,0.0,0.0,0.0,0.0,0.0,0.0,0.0,1.0,0.0,0.0,0.0,1.0,0.0,1.0,0.0,0.0,0.0,1.0,0.0,0.0,1.0,0.0,0.0,0.0,0.0,0.0,0.0,0.0,0.0,1.0,0.0,0.0,0.0,0.0,0.0,1.0,1.0,0.0,1.0,0.0,0.0,1.0,0.0,0.0,0.0,0.0,0.0,0
1.4226850609062152,1.3757389806762246,1.5812408489194272,1.9853046375486691,0.851255382798665,-0.9967912993099517,-0.9948849349567995,-1.336377624849784,-0.17440931183371247,-1.019118400612531,-1.3617941956209574,0.23781550455625436,-1.8298373808592099,-0.7677437612568261,-0.8101986136710877,0.5835524219799213,-0.32324108062200824,0.0,0.0,0.0,0.0,1.0,0.0,0.0,0.0,0.0,0.0,0.0,0.0,0.0,1.0,0.0,0.0,0.0,1.0,0.0,0.0,1.0,0.0,0.0,0.0,0.0,1.0,0.0,0.0,0.0,0.0,0.0,0.0,0.0,0.0,1.0,0.0,1.0,0.0,0.0,0.0,1.0,0.0,0.0,1.0,0.0,1.0,0.0,0.0,1.0,0.0,0.0,0.0,0.0,0.0,0
0.026709776129070564,0.44398341225533783,1.4912754189973283,0.9185471954909348,-0.04588164091512093,-0.9967912993099517,1.2109576699117985,0.9355906031260627,-1.5276224669815408,-1.019118400612531,0.006630118503325768,0.23781550455625436,-0.9676554831715031,0.7218074869361358,-1.5954015989766162,-0.24614296472138883,0.9006234875320545,1.0,0.0,0.0,0.0,0.0,0.0,0.0,0.0,0.0,0.0,0.0,0.0,0.0,0.0,0.0,1.0,0.0,0.0,1.0,1.0,0.0,0.0,0.0,0.0,0.0,1.0,0.0,0.0,0.0,0.0,0.0,0.0,0.0,0.0,1.0,0.0,1.0,0.0,0.0,0.0,1.0,0.0,0.0,0.0,1.0,0.0,1.0,0.0,0.0,0.0,1.0,0.0,0.0,0.0,0
-1.0125354715977688,-0.5687152779766215,0.80601047124687,-2.100802919451452,0.10871947129041147,0.49888765837117444,-0.9673777279452862,-1.1867306171743344,0.6171696394103273,-1.019118400612531,0.006630118503325768,-1.8864725846769428,-0.10547358548379637,0.23035690504934228,-0.4175971210183234,1.4132478086812315,-0.08580087909711163,0.0,0.0,0.0,0.0,1.0,0.0,0.0,0.0,0.0,0.0,0.0,0.0,0.0,1.0,0.0,0.0,0.0,0.0,1.0,0.0,0.0,1.0,0.0,0.0,1.0,0.0,0.0,0.0,0.0,0.0,1.0,0.0,0.0,0.0,0.0,0.0,0.0,1.0,0.0,0.0,0.0,0.0,1.0,1.0,0.0,1.0,0.0,0.0,1.0,0.0,0.0,0.0,0.0,0.0,0
0.2398174468928679,-0.734861011179743,0.8584755762353353,0.5394757189581508,0.4599202078921603,0.49888765837117444,0.051581275314779795,0.1006164466366242,-1.5276224669815408,0.9669564746953179,-1.3617941956209574,0.23781550455625436,-0.17732207695777194,1.2588565764206732,-0.024995628365559186,0.5835524219799213,-0.696860221256772,0.0,0.0,1.0,0.0,0.0,0.0,0.0,0.0,0.0,0.0,0.0,0.0,0.0,0.0,1.0,0.0,0.0,0.0,1.0,0.0,1.0,0.0,0.0,0.0,1.0,0.0,0.0,0.0,0.0,1.0,0.0,0.0,0.0,0.0,0.0,1.0,0.0,0.0,0.0,0.0,1.0,0.0,0.0,1.0,0.0,0.0,1.0,0.0,0.0,0.0,0.0,0.0,0.0,1.0,0
-0.14432579444233745,-1.2982334615914515,1.092289809387881,0.9603137605917264,0.1773030976133672,-0.9967912993099517,-0.12104790326550999,-0.23235203156505843,1.1788038433141157,-1.019118400612531,0.006630118503325768,1.2255532164261718,-1.6861403979112588,0.1290268881654673,0.17130511796082293,-0.24614296472138883,0.12370518107191479,0.0,0.0,0.0,0.0,0.0,0.0,0.0,0.0,1.0,0.0,0.0,0.0,0.0,0.0,1.0,0.0,0.0,1.0,0.0,0.0,0.0,1.0,0.0,1.0,0.0,0.0,0.0,0.0,0.0,0.0,0.0,1.0,0.0,0.0,0.0,0.0,0.0,0.0,0.0,1.0,0.0,0.0,1.0,1.0,0.0,1.0,0.0,0.0,1.0,0.0,0.0,0.0,0.0,0.0,0
0.8685982920095127,-0.1333473605730854,-1.0809144268831403,-1.2989645835129267,-0.04588164091512093,-0.9967912993099517,-0.3978768294944554,-0.19690379222388962,0.6171696394103273,1.487029062692357,-1.3617941956209574,0.7940805366324234,0.8285568036778859,-1.0058693009339323,1.3491095959191157,-1.9055337381240092,0.97045884092173,0.0,0.0,0.0,0.0,0.0,0.0,0.0,0.0,0.0,0.0,0.0,0.0,1.0,0.0,0.0,0.0,1.0,0.0,1.0,0.0,1.0,0.0,0.0,0.0,1.0,0.0,0.0,1.0,0.0,0.0,0.0,0.0,0.0,0.0,0.0,0.0,1.0,0.0,0.0,0.0,1.0,0.0,0.0,0.0,1.0,1.0,0.0,0.0,0.0,0.0,0.0,1.0,0.0,0.0,0
-0.3723418208249335,-0.30115487677216135,1.0039040287672836,-0.6851294763861162,-0.606833320537397,-0.9967912993099517,0.4417205588283774,0.313749696431178,-1.5276224669815408,1.8904287018766261,-1.3617941956209574,1.2255532164261718,-1.2550494490674053,0.007430867904817363,-1.0064993599974699,-1.9055337381240092,-0.8120885543497366,0.0,0.0,0.0,0.0,1.0,0.0,0.0,0.0,0.0,0.0,0.0,0.0,0.0,0.0,1.0,0.0,0.0,1.0,0.0,0.0,1.0,0.0,0.0,0.0,0.0,0.0,1.0,0.0,0.0,0.0,0.0,1.0,0.0,0.0,0.0,0.0,0.0,1.0,0.0,0.0,0.0,0.0,1.0,1.0,0.0,1.0,0.0,0.0,0.0,1.0,0.0,0.0,0.0,0.0,1
0.40395916446523883,2.0576024149277057,-1.423273625232452,1.0395781958665864,-2.2650268768696926,-0.9967912993099517,1.2667875865739415,1.0464026233593073,0.6171696394103273,0.233955331039913,0.006630118503325768,-0.5461960240222598,-0.10547358548379637,0.29115491517966724,-0.4175971210183234,1.4132478086812315,-0.4576741358971335,0.0,0.0,0.0,0.0,0.0,0.0,0.0,0.0,1.0,0.0,0.0,0.0,0.0,0.0,1.0,0.0,0.0,1.0,0.0,1.0,0.0,0.0,1.0,0.0,0.0,0.0,0.0,0.0,0.0,0.0,0.0,0.0,0.0,1.0,0.0,0.0,1.0,0.0,0.0,0.0,1.0,0.0,0.0,1.0,0.0,1.0,0.0,0.0,0.0,1.0,0.0,0.0,0.0,0.0,0
0.9645152574740636,0.8024150620746876,-0.2082557620591248,-0.6190081550798886,-0.9820732124589395,0.49888765837117444,1.5051813187328997,1.6261766815577512,-0.17440931183371247,0.233955331039913,-1.3617941956209574,0.7940805366324234,1.5470417184176415,-0.48908621482617,-0.024995628365559186,-0.24614296472138883,-1.0792087810652453,0.0,0.0,0.0,0.0,0.0,0.0,0.0,0.0,1.0,0.0,0.0,0.0,0.0,0.0,1.0,0.0,0.0,1.0,0.0,0.0,1.0,0.0,0.0,1.0,0.0,0.0,0.0,0.0,0.0,0.0,0.0,0.0,0.0,0.0,1.0,0.0,0.0,0.0,0.0,1.0,1.0,0.0,0.0,1.0,0.0,1.0,0.0,0.0,0.0,0.0,0.0,0.0,0.0,1.0,1
-0.09530083422282584,-0.7554846150305914,-1.022346642334492,0.9846685167971622,1.692837068000275,-0.9967912993099517,0.5603212833053544,0.8111381122444461,0.6171696394103273,1.487029062692357,0.006630118503325768,1.5780920652109374,-0.10547358548379637,0.5647459607661297,0.9565081032663514,-1.075838351422699,-1.1542817859591463,0.0,0.0,0.0,0.0,1.0,0.0,0.0,0.0,0.0,0.0,0.0,0.0,0.0,0.0,1.0,0.0,0.0,0.0,1.0,1.0,0.0,0.0,0.0,0.0,1.0,0.0,0.0,0.0,0.0,0.0,0.0,1.0,0.0,0.0,0.0,0.0,1.0,0.0,0.0,0.0,0.0,0.0,1.0,1.0,0.0,1.0,0.0,0.0,0.0,0.0,0.0,1.0,0.0,0.0,0
0.8145071929084609,-0.07610088068822134,-0.5506149604084367,1.6041603989654454,-0.23159342861585436,-0.9967912993099517,-0.23114035629462093,0.08234595295224224,-0.17440931183371247,0.233955331039913,0.8071070273410997,-1.8864725846769428,-0.2491705684317475,0.29115491517966724,0.7602073569399693,1.4132478086812315,-1.437114967187332,0.0,0.0,0.0,0.0,1.0,0.0,0.0,0.0,0.0,0.0,0.0,0.0,0.0,0.0,1.0,0.0,0.0,1.0,0.0,1.0,0.0,0.0,0.0,1.0,0.0,0.0,0.0,0.0,0.0,0.0,0.0,1.0,0.0,0.0,0.0,0.0,1.0,0.0,0.0,0.0,1.0,0.0,0.0,1.0,0.0,0.0,1.0,0.0,0.0,0.0,0.0,1.0,0.0,0.0,0
-0.9686709016461909,1.234906870692792,-0.7645145055021436,0.3047120883641238,-0.04588164091512093,-0.9967912993099517,0.7134307539868893,1.1134456258119936,-0.17440931183371247,1.8904287018766261,0.006630118503325768,0.23781550455625436,-2.0453828552811366,-1.5783838963278258,-1.2028001063238518,0.5835524219799213,-0.29705282310087994,0.0,0.0,0.0,0.0,1.0,0.0,0.0,0.0,0.0,0.0,0.0,0.0,0.0,0.0,1.0,0.0,0.0,1.0,0.0,1.0,0.0,0.0,0.0,0.0,1.0,0.0,0.0,0.0,0.0,0.0,0.0,0.0,0.0,0.0,1.0,0.0,1.0,0.0,0.0,0.0,1.0,0.0,0.0,1.0,0.0,0.0,1.0,0.0,0.0,0.0,1.0,0.0,0.0,0.0,0
1.5006368039539846,-0.010462903108779882,0.4876957505186224,-1.1372868238037945,-0.23159342861585436,1.9945666160523006,0.47947993932459704,0.7856572985403828,-1.5276224669815408,-1.019118400612531,-1.3617941956209574,-1.8864725846769428,0.03822339746415475,0.6914084818709734,0.9565081032663514,-1.075838351422699,1.5937393699245836,0.0,0.0,0.0,0.0,0.0,0.0,0.0,0.0,0.0,0.0,1.0,0.0,0.0,0.0,0.0,1.0,0.0,0.0,1.0,0.0,1.0,0.0,0.0,1.0,0.0,0.0,0.0,0.0,0.0,0.0,0.0,0.0,1.0,0.0,0.0,0.0,1.0,0.0,0.0,0.0,1.0,0.0,0.0,1.0,0.0,1.0,0.0,0.0,1.0,0.0,0.0,0.0,0.0,0.0,0
-1.7131858657808847,2.8345478923614493,-0.861406942324963,0.009850646208549108,0.5955951912902556,-0.9967912993099517,-1.38924342982308,-1.327226101350001,-0.17440931183371247,-1.019118400612531,-1.3617941956209574,-0.5461960240222598,-0.9676554831715031,1.4716496118768105,-1.9880030916293803,-1.9055337381240092,1.1782190172560145,0.0,0.0,0.0,0.0,1.0,0.0,0.0,0.0,0.0,0.0,0.0,0.0,0.0,0.0,1.0,0.0,0.0,0.0,1.0,0.0,1.0,0.0,1.0,0.0,0.0,0.0,0.0,0.0,0.0,0.0,0.0,0.0,0.0,0.0,1.0,0.0,0.0,0.0,1.0,0.0,0.0,0.0,1.0,1.0,0.0,0.0,1.0,0.0,0.0,1.0,0.0,0.0,0.0,0.0,0
-1.81525355708799,-0.010462903108779882,-1.5913870217345818,-1.557098871409269,0.750196303495788,-0.9967912993099517,-0.826921054466194,-0.4662424345453456,-0.17440931183371247,-1.019118400612531,-1.3617941956209574,1.2255532164261718,-1.6861403979112588,0.5596794599219359,0.36760586428720504,-1.9055337381240092,-1.1647570889675978,0.0,1.0,0.0,0.0,0.0,0.0,0.0,0.0,0.0,0.0,0.0,0.0,0.0,1.0,0.0,0.0,0.0,0.0,1.0,0.0,1.0,0.0,0.0,1.0,0.0,0.0,0.0,0.0,1.0,0.0,0.0,0.0,0.0,0.0,0.0,0.0,0.0,1.0,0.0,0.0,0.0,0.0,1.0,1.0,0.0,0.0,1.0,0.0,0.0,0.0,0.0,1.0,0.0,0.0,0
0.05068986943058833,-0.20006634661654144,1.2044999309668893,-0.7552605354707437,0.24115292617423648,-0.9967912993099517,0.5752492022286375,0.29813687262432154,1.1788038433141157,1.487029062692357,0.006630118503325768,0.23781550455625436,-0.17732207695777194,-1.3655908608716885,-0.6138978673447055,-0.24614296472138883,-0.08230911142762785,0.0,0.0,0.0,0.0,1.0,0.0,0.0,0.0,0.0,0.0,0.0,0.0,0.0,0.0,1.0,0.0,0.0,0.0,1.0,1.0,0.0,0.0,0.0,0.0,1.0,0.0,0.0,0.0,0.0,0.0,0.0,0.0,0.0,0.0,1.0,0.0,0.0,1.0,0.0,0.0,0.0,0.0,1.0,0.0,1.0,0.0,1.0,0.0,0.0,0.0,0.0,1.0,0.0,0.0,0
-1.035061486337046,-0.7554846150305914,0.21963114456386534,-1.2425237219686571,-0.23159342861585436,-0.9967912993099517,-0.5626279076831613,-0.5314004871884016,-0.17440931183371247,-1.019118400612531,0.006630118503325768,1.5780920652109374,-0.7521100087495765,-0.09896564982325134,1.5454103422454977,1.4132478086812315,-0.07357969225391843,0.0,0.0,0.0,0.0,0.0,0.0,0.0,0.0,1.0,0.0,0.0,0.0,0.0,1.0,0.0,0.0,0.0,1.0,0.0,1.0,0.0,0.0,0.0,0.0,1.0,0.0,0.0,0.0,1.0,0.0,0.0,0.0,0.0,0.0,0.0,0.0,1.0,0.0,0.0,0.0,1.0,0.0,0.0,1.0,0.0,0.0,1.0,0.0,0.0,0.0,0.0,1.0,0.0,0.0,0
-0.015147743341729051,-0.3172376392355304,2.0069183715390815,0.3332767048622299,0.3008804519518133,0.49888765837117444,-0.6308760412563004,-0.7723050264254109,-0.17440931183371247,0.233955331039913,-1.3617941956209574,1.2255532164261718,-0.823958500223552,0.7674059945338796,-0.8101986136710877,0.5835524219799213,-0.4105352723591026,0.0,0.0,0.0,0.0,1.0,0.0,0.0,0.0,0.0,0.0,0.0,0.0,0.0,1.0,0.0,0.0,0.0,0.0,1.0,0.0,1.0,0.0,0.0,0.0,1.0,0.0,0.0,0.0,0.0,0.0,1.0,0.0,0.0,0.0,0.0,0.0,0.0,1.0,0.0,0.0,0.0,0.0,1.0,1.0,0.0,1.0,0.0,0.0,0.0,0.0,0.0,1.0,0.0,0.0,0
1.2458653668216648,-0.10449046068525794,1.2429450655922822,1.988682182111123,-0.9820732124589395,-0.9967912993099517,0.5491338138494734,0.5911014302450195,-0.17440931183371247,-1.019118400612531,0.006630118503325768,0.23781550455625436,0.03822339746415475,0.6914084818709734,-0.6138978673447055,-0.24614296472138883,0.5025619732109042,0.0,0.0,0.0,0.0,0.0,0.0,0.0,0.0,1.0,0.0,0.0,0.0,0.0,1.0,0.0,0.0,0.0,0.0,1.0,0.0,0.0,1.0,0.0,0.0,0.0,1.0,0.0,0.0,0.0,0.0,1.0,0.0,0.0,0.0,0.0,1.0,0.0,0.0,0.0,0.0,0.0,0.0,1.0,1.0,0.0,0.0,1.0,0.0,0.0,0.0,0.0,1.0,0.0,0.0,0
-0.9959045559022054,0.5107249792238646,0.4348636493671937,0.8023220630269204,-2.2650268768696926,1.3738037617323386,0.41228531496348125,0.2570156356062288,0.6171696394103273,0.9669564746953179,0.006630118503325768,-1.8864725846769428,-1.5424434149633075,0.8738025122619483,0.7602073569399693,1.4132478086812315,-0.29356105543139616,0.0,0.0,1.0,0.0,0.0,0.0,0.0,0.0,0.0,0.0,0.0,0.0,0.0,0.0,1.0,0.0,0.0,0.0,1.0,0.0,0.0,1.0,0.0,0.0,1.0,0.0,0.0,0.0,0.0,0.0,1.0,0.0,0.0,0.0,0.0,1.0,0.0,0.0,0.0,0.0,0.0,0.0,1.0,1.0,0.0,0.0,1.0,0.0,0.0,1.0,0.0,0.0,0.0,0.0,0
-1.9982657028924788,-1.3557122345226607,0.17621372729782228,0.3883732220473554,1.1717186114282805,0.49888765837117444,-0.3399969584027782,-0.6698038409045763,-0.17440931183371247,-1.019118400612531,1.375054432627609,0.7940805366324234,-0.9676554831715031,0.10369438394449858,-0.6138978673447055,0.5835524219799213,1.3056685371921721,0.0,0.0,0.0,0.0,0.0,0.0,0.0,0.0,1.0,0.0,0.0,0.0,0.0,0.0,1.0,0.0,0.0,1.0,0.0,0.0,0.0,1.0,0.0,0.0,1.0,0.0,0.0,0.0,0.0,0.0,0.0,0.0,0.0,0.0,1.0,0.0,1.0,0.0,0.0,0.0,1.0,0.0,0.0,1.0,0.0,1.0,0.0,0.0,0.0,0.0,0.0,1.0,0.0,0.0,1
1.2657060938691336,-0.6064155476133599,-0.4742897541412007,-0.7919876897299764,0.750196303495788,-0.9967912993099517,-0.002638440027243148,-0.17262480719416806,-0.17440931183371247,0.233955331039913,0.8071070273410997,0.7940805366324234,-1.1113524661194543,-0.27122667852583876,-0.6138978673447055,-0.24614296472138883,-0.28308575242294487,0.0,0.0,0.0,0.0,1.0,0.0,0.0,0.0,0.0,0.0,0.0,0.0,0.0,0.0,1.0,0.0,0.0,0.0,1.0,0.0,0.0,1.0,0.0,0.0,1.0,0.0,0.0,0.0,0.0,0.0,0.0,0.0,1.0,0.0,0.0,1.0,0.0,0.0,0.0,0.0,1.0,0.0,0.0,1.0,0.0,1.0,0.0,1.0,0.0,0.0,0.0,0.0,0.0,0.0,0
1.0059846937894406,0.7372385676671598,1.2044999309668893,-0.8299192253482364,0.676120343873356,-0.9967912993099517,0.4799257887392495,0.2532219223066549,-1.5276224669815408,-1.019118400612531,0.8071070273410997,-0.5461960240222598,0.325617363360057,0.5140809523241922,-0.2212963746919413,-1.9055337381240092,1.5378710872128432,0.0,0.0,0.0,0.0,1.0,0.0,0.0,0.0,0.0,0.0,0.0,0.0,0.0,0.0,0.0,1.0,0.0,0.0,1.0,0.0,0.0,1.0,0.0,0.0,0.0,1.0,0.0,0.0,0.0,0.0,1.0,0.0,0.0,0.0,0.0,0.0,1.0,0.0,0.0,0.0,0.0,0.0,1.0,1.0,0.0,0.0,1.0,0.0,0.0,0.0,0.0,1.0,0.0,0.0,0
0.7210903832088587,-0.9645508945740003,0.5217243173504937,1.4537138749618528,-0.4641737345920091,-0.9967912993099517,0.676576425765621,1.046895892706927,-1.5276224669815408,0.233955331039913,-1.3617941956209574,1.2255532164261718,-0.5365645343276497,1.1119280519390544,-0.4175971210183234,-0.24614296472138883,-0.7090814080999652,0.0,0.0,0.0,0.0,0.0,0.0,0.0,1.0,0.0,0.0,0.0,0.0,0.0,1.0,0.0,0.0,0.0,0.0,1.0,0.0,1.0,0.0,0.0,0.0,1.0,0.0,0.0,0.0,0.0,0.0,0.0,0.0,0.0,1.0,0.0,0.0,0.0,1.0,0.0,0.0,0.0,0.0,1.0,1.0,0.0,0.0,1.0,1.0,0.0,0.0,0.0,0.0,0.0,0.0,0
0.678803359232726,0.3360702556957727,0.2616010418910505,1.0919991860147953,0.6367333169865165,-0.9967912993099517,0.9287368684211679,0.6410517120523165,-0.17440931183371247,-1.019118400612531,0.006630118503325768,1.5780920652109374,-1.1832009575934297,-0.1546971591093826,0.17130511796082293,-1.9055337381240092,-1.7496281736061299,0.0,0.0,0.0,0.0,0.0,0.0,0.0,0.0,0.0,0.0,0.0,0.0,1.0,1.0,0.0,0.0,0.0,1.0,0.0,1.0,0.0,0.0,0.0,0.0,1.0,0.0,0.0,0.0,0.0,0.0,0.0,0.0,0.0,0.0,1.0,0.0,0.0,1.0,0.0,0.0,1.0,0.0,0.0,1.0,0.0,0.0,1.0,0.0,0.0,1.0,0.0,0.0,0.0,0.0,1
-0.6269109861712711,1.8190404586111102,1.037779982673563,-1.6317575612867619,0.3008804519518133,-0.9967912993099517,-1.3832748785631144,-1.094139488465793,1.1788038433141157,0.233955331039913,0.006630118503325768,0.7940805366324234,-1.3987464320153564,0.7623394936896859,-0.2212963746919413,-0.24614296472138883,-0.33546226746520147,0.0,0.0,0.0,0.0,0.0,0.0,0.0,0.0,1.0,0.0,0.0,0.0,0.0,1.0,0.0,0.0,0.0,0.0,1.0,1.0,0.0,0.0,0.0,0.0,0.0,1.0,0.0,0.0,0.0,0.0,0.0,0.0,0.0,0.0,1.0,0.0,0.0,1.0,0.0,0.0,0.0,0.0,1.0,1.0,0.0,0.0,1.0,0.0,0.0,0.0,0.0,0.0,1.0,0.0,0
0.8524916775630887,-0.46903476159018276,-0.5118740474830508,0.27542424071344995,-0.9820732124589395,0.49888765837117444,0.5193580503538774,0.6971904964669583,0.6171696394103273,0.9669564746953179,-1.3617941956209574,-0.5461960240222598,0.8285568036778859,-1.0666673110642573,-1.2028001063238518,0.5835524219799213,0.8901481845236031,0.0,0.0,0.0,0.0,1.0,0.0,0.0,0.0,0.0,0.0,0.0,0.0,0.0,0.0,1.0,0.0,0.0,1.0,0.0,0.0,1.0,0.0,0.0,0.0,0.0,1.0,0.0,0.0,0.0,0.0,0.0,1.0,0.0,0.0,0.0,0.0,1.0,0.0,0.0,0.0,1.0,0.0,0.0,1.0,0.0,1.0,0.0,0.0,0.0,0.0,0.0,1.0,0.0,0.0,0
-1.4025974979265483,0.2909736762074432,1.6719545584047903,0.4149676850334555,-0.23159342861585436,-0.9967912993099517,-0.11714870315513373,0.148247415960141,-0.17440931183371247,0.9669564746953179,0.8071070273410997,0.7940805366324234,-0.7521100087495765,1.1777925629135733,-0.6138978673447055,-1.9055337381240092,-1.192691230323468,0.0,0.0,0.0,0.0,0.0,1.0,0.0,0.0,0.0,0.0,0.0,0.0,0.0,1.0,0.0,0.0,0.0,0.0,1.0,1.0,0.0,0.0,0.0,0.0,1.0,0.0,0.0,0.0,0.0,1.0,0.0,0.0,0.0,0.0,0.0,0.0,1.0,0.0,0.0,0.0,1.0,0.0,0.0,1.0,0.0,1.0,0.0,0.0,1.0,0.0,0.0,0.0,0.0,0.0,0
-1.1294785630380875,0.11070927211051848,0.945336244218635,0.8301983080730838,1.4435814380018892,0.49888765837117444,0.2695767779676819,-0.04565622922588318,0.6171696394103273,-1.019118400612531,0.8071070273410997,-1.8864725846769428,-1.9016858723331853,-0.017901636316151378,0.17130511796082293,0.5835524219799213,1.3580450522344287,0.0,0.0,0.0,0.0,0.0,0.0,0.0,0.0,1.0,0.0,0.0,0.0,0.0,0.0,1.0,0.0,0.0,1.0,0.0,0.0,0.0,1.0,0.0,1.0,0.0,0.0,0.0,0.0,0.0,0.0,0.0,1.0,0.0,0.0,0.0,0.0,0.0,0.0,1.0,0.0,0.0,0.0,1.0,1.0,0.0,0.0,1.0,0.0,0.0,0.0,0.0,1.0,0.0,0.0,0
-0.610642410227798,-0.5136427666545259,-0.6745490755800451,-2.100802919451452,0.5955951912902556,-0.9967912993099517,-0.8033401067909486,-0.9073386678479456,-0.17440931183371247,0.233955331039913,0.8071070273410997,-0.5461960240222598,1.6188902098916171,-0.9856032975571573,0.17130511796082293,-0.24614296472138883,0.413521897639068,0.0,0.0,0.0,0.0,0.0,0.0,0.0,0.0,1.0,0.0,0.0,0.0,0.0,1.0,0.0,0.0,0.0,0.0,1.0,1.0,0.0,0.0,0.0,1.0,0.0,0.0,0.0,0.0,0.0,0.0,0.0,0.0,0.0,0.0,1.0,1.0,0.0,0.0,0.0,0.0,1.0,0.0,0.0,1.0,0.0,0.0,1.0,0.0,0.0,0.0,0.0,1.0,0.0,0.0,0
-1.2184112686975161,-0.32533468945784066,-0.23859410545326964,-0.7919876897299764,-0.9820732124589395,-0.9967912993099517,1.2215485725925406,1.432587510702859,-0.17440931183371247,0.233955331039913,0.006630118503325768,1.2255532164261718,0.5411628377819837,-0.29655918274680754,-0.8101986136710877,-1.075838351422699,0.9285576288879247,0.0,0.0,0.0,0.0,0.0,0.0,1.0,0.0,0.0,0.0,0.0,0.0,0.0,0.0,1.0,0.0,0.0,0.0,1.0,1.0,0.0,0.0,0.0,0.0,1.0,0.0,0.0,0.0,1.0,0.0,0.0,0.0,0.0,0.0,0.0,0.0,1.0,0.0,0.0,0.0,1.0,0.0,0.0,1.0,0.0,1.0,0.0,0.0,0.0,0.0,0.0,0.0,0.0,1.0,1
-1.0069671028554135,1.3940957832986687,-0.861406942324963,-1.557098871409269,-1.2483101527427733,-0.9967912993099517,-0.10567578798711448,-0.059489677611099634,-0.17440931183371247,-1.019118400612531,0.006630118503325768,0.23781550455625436,-1.1832009575934297,-0.028034638004538873,-1.2028001063238518,-1.075838351422699,0.259884120181782,0.0,0.0,0.0,0.0,0.0,0.0,0.0,0.0,0.0,1.0,0.0,0.0,0.0,0.0,1.0,0.0,0.0,1.0,0.0,0.0,0.0,1.0,0.0,1.0,0.0,0.0,0.0,0.0,0.0,1.0,0.0,0.0,0.0,0.0,0.0,1.0,0.0,0.0,0.0,0.0,1.0,0.0,0.0,1.0,0.0,1.0,0.0,0.0,0.0,0.0,0.0,1.0,0.0,0.0,0
1.5627677764264403,-0.6064155476133599,-1.6846875008337523,-1.3583010865962881,-2.2650268768696926,-0.9967912993099517,-0.2888041290333372,-0.1369141547733756,0.6171696394103273,0.9669564746953179,0.8071070273410997,0.23781550455625436,0.1100718889381303,-0.9248052874268323,-0.6138978673447055,1.4132478086812315,1.3440779815564938,0.0,0.0,0.0,0.0,0.0,0.0,0.0,0.0,0.0,1.0,0.0,0.0,0.0,1.0,0.0,0.0,0.0,0.0,1.0,0.0,0.0,1.0,0.0,1.0,0.0,0.0,0.0,1.0,0.0,0.0,0.0,0.0,0.0,0.0,0.0,0.0,0.0,1.0,0.0,0.0,1.0,0.0,0.0,1.0,0.0,0.0,1.0,0.0,0.0,0.0,0.0,0.0,0.0,1.0,0
2.9129927421242368,-0.12608848213404747,-0.7187283569105664,0.8663515063836271,-0.34059638025356326,0.49888765837117444,0.287096658644055,0.05279310034418539,-1.5276224669815408,0.233955331039913,0.006630118503325768,-1.8864725846769428,0.8285568036778859,-1.816509436004932,-0.6138978673447055,-1.9055337381240092,1.2882096988447533,0.0,0.0,0.0,0.0,0.0,1.0,0.0,0.0,0.0,0.0,0.0,0.0,0.0,1.0,0.0,0.0,0.0,0.0,1.0,1.0,0.0,0.0,0.0,0.0,1.0,0.0,0.0,1.0,0.0,0.0,0.0,0.0,0.0,0.0,0.0,0.0,0.0,1.0,0.0,0.0,1.0,0.0,0.0,1.0,0.0,0.0,1.0,0.0,0.0,0.0,0.0,1.0,0.0,0.0,0
0.345382313416837,-1.5082376623384133,1.3429888941184613,-0.7552605354707437,0.034643511667979465,0.49888765837117444,1.2426772546118574,1.6653471537513151,-0.17440931183371247,-1.019118400612531,0.8071070273410997,1.5780920652109374,-0.6084130258016253,3.0270653710442916,0.36760586428720504,-0.24614296472138883,0.8342799018118627,0.0,0.0,0.0,0.0,0.0,0.0,0.0,0.0,0.0,0.0,0.0,1.0,0.0,1.0,0.0,0.0,0.0,0.0,1.0,1.0,0.0,0.0,0.0,0.0,1.0,0.0,0.0,0.0,0.0,0.0,1.0,0.0,0.0,0.0,0.0,0.0,0.0,1.0,0.0,0.0,0.0,0.0,1.0,1.0,0.0,1.0,0.0,1.0,0.0,0.0,0.0,0.0,0.0,0.0,0
-1.3799003034093147,-0.010462903108779882,0.1981095892439705,0.4149676850334555,-2.2650268768696926,1.3738037617323386,-0.49148551961319703,-0.7789368576312312,1.6144411763273727,0.233955331039913,0.006630118503325768,0.23781550455625436,-0.6084130258016253,-0.01283513547195763,-0.8101986136710877,-1.9055337381240092,-1.6047198153225533,0.0,0.0,0.0,0.0,0.0,0.0,1.0,0.0,0.0,0.0,0.0,0.0,0.0,0.0,1.0,0.0,0.0,0.0,1.0,1.0,0.0,0.0,0.0,0.0,1.0,0.0,0.0,0.0,0.0,0.0,0.0,0.0,0.0,0.0,1.0,0.0,0.0,1.0,0.0,0.0,1.0,0.0,0.0,1.0,0.0,1.0,0.0,0.0,0.0,0.0,1.0,0.0,0.0,0.0,1
-0.010149630849987278,-0.22288245835992115,1.7502583605973105,-0.23899195967805917,0.750196303495788,-0.9967912993099517,-0.12804194572613253,-0.23453568757907928,0.6171696394103273,1.487029062692357,0.8071070273410997,0.7940805366324234,-0.6802615172756009,0.17462539576321107,-0.6138978673447055,0.5835524219799213,0.49383255403719484,0.0,0.0,0.0,0.0,1.0,0.0,0.0,0.0,0.0,0.0,0.0,0.0,0.0,0.0,1.0,0.0,0.0,1.0,0.0,1.0,0.0,0.0,0.0,0.0,1.0,0.0,0.0,0.0,0.0,1.0,0.0,0.0,0.0,0.0,0.0,0.0,0.0,1.0,0.0,0.0,1.0,0.0,0.0,1.0,0.0,1.0,0.0,0.0,1.0,0.0,0.0,0.0,0.0,0.0,0
-0.10872629707853028,0.8445576463536315,-0.9128010303810109,1.2682281840117817,-1.2483101527427733,0.49888765837117444,0.8671565251561093,0.622178746916685,0.6171696394103273,0.233955331039913,0.8071070273410997,0.23781550455625436,1.0441022780998126,2.094829215712642,1.938011834898262,-0.24614296472138883,-1.1612653212981139,0.0,0.0,0.0,0.0,1.0,0.0,0.0,0.0,0.0,0.0,0.0,0.0,0.0,0.0,1.0,0.0,0.0,1.0,0.0,1.0,0.0,0.0,0.0,0.0,1.0,0.0,0.0,0.0,0.0,0.0,0.0,1.0,0.0,0.0,0.0,1.0,0.0,0.0,0.0,0.0,1.0,0.0,0.0,1.0,0.0,0.0,1.0,0.0,0.0,0.0,0.0,0.0,0.0,1.0,1
1.5542823230695626,-2.3005168546659025,1.787656565648506,1.1351150408007553,-0.04588164091512093,1.3738037617323386,0.47931271173910445,0.2496264623554776,0.6171696394103273,0.233955331039913,0.006630118503325768,0.7940805366324234,-0.7521100087495765,-1.112265818662001,0.36760586428720504,-1.075838351422699,-0.5170341862783577,0.0,0.0,0.0,0.0,0.0,0.0,1.0,0.0,0.0,0.0,0.0,0.0,0.0,0.0,1.0,0.0,0.0,0.0,1.0,0.0,0.0,1.0,0.0,0.0,0.0,1.0,0.0,1.0,0.0,0.0,0.0,0.0,0.0,0.0,0.0,0.0,1.0,0.0,0.0,0.0,1.0,0.0,0.0,1.0,0.0,1.0,0.0,0.0,0.0,0.0,0.0,1.0,0.0,0.0,0
-0.7607673593520884,-0.010462903108779882,1.4912754189973283,1.0163638745589476,-0.7755637979526826,-0.9967912993099517,-2.9538458052453938,-2.818761759280304,-1.5276224669815408,-1.019118400612531,0.8071070273410997,0.23781550455625436,0.9004052951518615,-1.1071993178178072,-0.4175971210183234,-1.075838351422699,-0.8243097411929298,0.0,0.0,0.0,0.0,0.0,0.0,0.0,0.0,0.0,0.0,0.0,0.0,1.0,0.0,1.0,0.0,0.0,0.0,1.0,1.0,0.0,0.0,0.0,1.0,0.0,0.0,0.0,0.0,0.0,0.0,0.0,1.0,0.0,0.0,0.0,0.0,1.0,0.0,0.0,0.0,1.0,0.0,0.0,1.0,0.0,0.0,1.0,0.0,0.0,0.0,0.0,0.0,1.0,0.0,0
1.955885085345615,0.17287986731158536,-0.9128010303810109,-0.2623626169803747,0.1773030976133672,0.49888765837117444,-1.5835711316655203,-1.6761393767390287,0.6171696394103273,-1.019118400612531,1.375054432627609,0.23781550455625436,-0.2491705684317475,-2.2471620077614007,-0.024995628365559186,-0.24614296472138883,0.5636679074268703,0.0,0.0,0.0,0.0,0.0,0.0,0.0,0.0,1.0,0.0,0.0,0.0,0.0,0.0,1.0,0.0,0.0,0.0,1.0,0.0,0.0,1.0,0.0,0.0,0.0,0.0,1.0,0.0,0.0,0.0,0.0,0.0,0.0,0.0,1.0,0.0,0.0,1.0,0.0,0.0,0.0,0.0,1.0,0.0,1.0,1.0,0.0,0.0,0.0,0.0,0.0,0.0,0.0,1.0,0
-0.3823919023936031,1.3163075961819006,0.15393030791344917,-0.7919876897299764,1.298113183907778,-0.9967912993099517,0.19422069912807288,0.013233611938177202,-0.17440931183371247,-1.019118400612531,-1.3617941956209574,0.7940805366324234,-1.470594923489332,-0.19522916586293257,1.5454103422454977,-1.9055337381240092,0.8814187653498937,0.0,0.0,0.0,0.0,0.0,1.0,0.0,0.0,0.0,0.0,0.0,0.0,0.0,0.0,1.0,0.0,0.0,0.0,1.0,0.0,1.0,0.0,0.0,0.0,1.0,0.0,0.0,0.0,0.0,1.0,0.0,0.0,0.0,0.0,0.0,0.0,0.0,1.0,0.0,0.0,1.0,0.0,0.0,1.0,0.0,0.0,1.0,0.0,0.0,0.0,0.0,1.0,0.0,0.0,1
0.9713346078936709,0.26798276635837315,0.08461113156877503,0.4149676850334555,-0.4641737345920091,1.9945666160523006,-2.329269705357309,-2.328703805874342,1.1788038433141157,-1.019118400612531,0.006630118503325768,0.23781550455625436,-1.1113524661194543,0.7876719979106546,-1.2028001063238518,1.4132478086812315,1.6461158849668402,0.0,0.0,0.0,0.0,0.0,0.0,0.0,0.0,0.0,1.0,0.0,0.0,0.0,1.0,0.0,0.0,0.0,0.0,1.0,0.0,0.0,1.0,0.0,0.0,1.0,0.0,0.0,0.0,0.0,0.0,0.0,0.0,0.0,1.0,0.0,0.0,0.0,1.0,0.0,0.0,1.0,0.0,0.0,1.0,0.0,1.0,0.0,0.0,0.0,1.0,0.0,0.0,0.0,0.0,0
0.2799670041225157,-1.0980593077348306,0.7651750971361643,-1.7115690801333474,-1.6235500446643159,0.49888765837117444,1.1494451849626277,1.081236186414787,-0.17440931183371247,-1.019118400612531,0.006630118503325768,0.23781550455625436,-0.6802615172756009,2.287356247792004,-0.6138978673447055,1.4132478086812315,-0.8085967866802528,0.0,0.0,0.0,0.0,1.0,0.0,0.0,0.0,0.0,0.0,0.0,0.0,0.0,0.0,1.0,0.0,0.0,0.0,1.0,1.0,0.0,0.0,0.0,0.0,1.0,0.0,0.0,0.0,0.0,0.0,0.0,0.0,1.0,0.0,0.0,0.0,0.0,1.0,0.0,0.0,1.0,0.0,0.0,1.0,0.0,0.0,1.0,0.0,0.0,0.0,0.0,1.0,0.0,0.0,0
0.1400319998190815,-0.6645311137230925,-1.2069175323776347,-1.0408302956165845,0.9984626704981394,-0.9967912993099517,0.5517392748078803,0.48222178993008874,-1.5276224669815408,0.233955331039913,0.006630118503325768,0.7940805366324234,-0.5365645343276497,-0.929871788271026,-0.4175971210183234,-1.075838351422699,-0.6986061050915139,0.0,0.0,0.0,0.0,1.0,0.0,0.0,0.0,0.0,0.0,0.0,0.0,0.0,0.0,1.0,0.0,0.0,0.0,1.0,0.0,0.0,1.0,0.0,0.0,1.0,0.0,0.0,1.0,0.0,0.0,0.0,0.0,0.0,0.0,0.0,0.0,1.0,0.0,0.0,0.0,0.0,0.0,1.0,0.0,1.0,1.0,0.0,1.0,0.0,0.0,0.0,0.0,0.0,0.0,0
0.026709776129070564,0.8693653416605741,-1.2749871003535849,-0.995459453389766,-1.2483101527427733,1.3738037617323386,-0.3127669337882915,-0.1300662235060551,1.6144411763273727,0.9669564746953179,0.006630118503325768,1.2255532164261718,0.1100718889381303,-0.6562807426845636,-0.2212963746919413,0.5835524219799213,0.1883028829573646,0.0,0.0,0.0,0.0,1.0,0.0,0.0,0.0,0.0,0.0,0.0,0.0,0.0,0.0,1.0,0.0,0.0,1.0,0.0,0.0,0.0,1.0,0.0,0.0,1.0,0.0,0.0,0.0,0.0,1.0,0.0,0.0,0.0,0.0,0.0,0.0,0.0,0.0,1.0,0.0,0.0,0.0,1.0,0.0,1.0,0.0,1.0,0.0,0.0,0.0,0.0,0.0,0.0,1.0,1
0.2660615149023576,-0.49566312875230417,-1.6846875008337523,0.009850646208549108,0.40988340358952174,1.3738037617323386,-1.3385965731654657,-1.0662259029216554,1.1788038433141157,1.8904287018766261,0.8071070273410997,-0.5461960240222598,1.3314962439957148,-0.6157487359310136,0.17130511796082293,0.5835524219799213,0.8272963664728952,0.0,0.0,0.0,0.0,1.0,0.0,0.0,0.0,0.0,0.0,0.0,0.0,0.0,1.0,0.0,0.0,0.0,0.0,1.0,1.0,0.0,0.0,0.0,0.0,1.0,0.0,0.0,0.0,0.0,0.0,0.0,0.0,1.0,0.0,0.0,0.0,0.0,1.0,0.0,0.0,1.0,0.0,0.0,1.0,0.0,1.0,0.0,0.0,0.0,1.0,0.0,0.0,0.0,0.0,0
1.0578025515750313,-2.821538621503842,-0.12139509407582476,-0.6515964562984796,-1.6235500446643159,0.49888765837117444,-0.41434078533019797,-0.18223510291996028,0.6171696394103273,-1.019118400612531,0.006630118503325768,0.23781550455625436,-0.39286755137969864,0.11889388647707982,1.7417110885718798,-1.075838351422699,0.5636679074268703,0.0,0.0,0.0,0.0,0.0,0.0,0.0,0.0,0.0,0.0,0.0,0.0,1.0,1.0,0.0,0.0,0.0,0.0,1.0,1.0,0.0,0.0,0.0,0.0,1.0,0.0,0.0,0.0,0.0,0.0,0.0,0.0,1.0,0.0,0.0,0.0,0.0,1.0,0.0,0.0,1.0,0.0,0.0,1.0,0.0,1.0,0.0,1.0,0.0,0.0,0.0,0.0,0.0,0.0,0
0.026709776129070564,-0.010462903108779882,-0.12139509407582476,-0.06729848207077124,-1.6235500446643159,-0.9967912993099517,0.48593186518194675,0.5794849164565454,-0.17440931183371247,-1.019118400612531,0.006630118503325768,0.23781550455625436,-0.32101905990572305,-0.07363314560228261,1.3491095959191157,-1.075838351422699,-1.437114967187332,0.0,0.0,0.0,0.0,1.0,0.0,0.0,0.0,0.0,0.0,0.0,0.0,0.0,0.0,1.0,0.0,0.0,0.0,1.0,1.0,0.0,0.0,0.0,0.0,1.0,0.0,0.0,0.0,0.0,0.0,0.0,0.0,0.0,0.0,1.0,0.0,1.0,0.0,0.0,0.0,0.0,0.0,1.0,0.0,1.0,1.0,0.0,0.0,0.0,0.0,1.0,0.0,0.0,0.0,1
1.3834272912921823,-0.8188523675385739,0.30221683279231626,-0.1715860094881732,0.5955951912902556,0.49888765837117444,0.3087916092230374,0.035850463707922546,1.1788038433141157,-1.019118400612531,-1.3617941956209574,-1.8864725846769428,-1.3987464320153564,0.275955412647086,2.7232148202037902,1.4132478086812315,0.9268117450531828,0.0,0.0,0.0,0.0,0.0,0.0,0.0,0.0,0.0,0.0,0.0,1.0,0.0,1.0,0.0,0.0,0.0,0.0,1.0,0.0,1.0,0.0,0.0,0.0,1.0,0.0,0.0,0.0,0.0,0.0,0.0,1.0,0.0,0.0,0.0,0.0,1.0,0.0,0.0,0.0,1.0,0.0,0.0,1.0,0.0,1.0,0.0,0.0,0.0,1.0,0.0,0.0,0.0,0.0,0
2.1002979572816627,-0.010462903108779882,-0.23859410545326964,-1.3583010865962881,-1.2483101527427733,-0.9967912993099517,-1.442053604194307,-1.4091711913606473,0.6171696394103273,-1.019118400612531,-1.3617941956209574,0.23781550455625436,-0.6802615172756009,-0.9349382891152198,-1.399100852650234,0.5835524219799213,0.6841338920240605,0.0,0.0,0.0,0.0,0.0,0.0,0.0,0.0,0.0,0.0,0.0,1.0,0.0,0.0,0.0,0.0,1.0,0.0,1.0,0.0,1.0,0.0,0.0,0.0,1.0,0.0,0.0,0.0,0.0,0.0,0.0,0.0,0.0,1.0,0.0,1.0,0.0,0.0,0.0,0.0,1.0,0.0,0.0,1.0,0.0,1.0,0.0,0.0,0.0,0.0,0.0,1.0,0.0,0.0,0
1.093243776932539,-0.559415541420451,0.28207271779377585,1.000624744818925,1.076716765635603,1.3738037617323386,0.28049491402554066,0.6295939325505502,0.6171696394103273,-1.019118400612531,1.8155886650711848,0.23781550455625436,-0.10547358548379637,-1.3757238625600758,-0.8101986136710877,1.4132478086812315,1.4383557086325556,0.0,0.0,0.0,0.0,0.0,0.0,0.0,1.0,0.0,0.0,0.0,0.0,0.0,0.0,1.0,0.0,0.0,1.0,0.0,0.0,0.0,1.0,0.0,1.0,0.0,0.0,0.0,0.0,0.0,0.0,0.0,1.0,0.0,0.0,0.0,0.0,1.0,0.0,0.0,0.0,0.0,0.0,1.0,1.0,0.0,1.0,0.0,0.0,0.0,0.0,0.0,1.0,0.0,0.0,0
-0.4986558333982459,-1.3267372880728174,0.5871406065190502,-1.1887089868435954,0.5073898664580703,1.3738037617323386,-0.43487024877816194,-0.39190745907984614,-0.17440931183371247,-1.019118400612531,0.8071070273410997,-0.5461960240222598,1.1159507695737882,0.2860884143354735,-0.6138978673447055,-1.075838351422699,-0.6881308020830627,0.0,0.0,0.0,0.0,1.0,0.0,0.0,0.0,0.0,0.0,0.0,0.0,0.0,0.0,1.0,0.0,0.0,0.0,1.0,1.0,0.0,0.0,0.0,0.0,1.0,0.0,0.0,0.0,0.0,0.0,0.0,1.0,0.0,0.0,0.0,0.0,0.0,1.0,0.0,0.0,0.0,0.0,1.0,0.0,1.0,0.0,1.0,1.0,0.0,0.0,0.0,0.0,0.0,0.0,0
0.8183582377689971,0.03967461456236021,1.334215476536254,-0.360873867183546,0.40988340358952174,0.49888765837117444,-1.0927069444606023,-0.9632244057280094,-1.5276224669815408,-1.019118400612531,0.006630118503325768,0.7940805366324234,-0.39286755137969864,-0.5853497308658512,-0.024995628365559186,-0.24614296472138883,-0.5170341862783577,0.0,0.0,0.0,0.0,1.0,0.0,0.0,0.0,0.0,0.0,0.0,0.0,0.0,0.0,1.0,0.0,0.0,0.0,1.0,0.0,0.0,1.0,0.0,0.0,1.0,0.0,0.0,1.0,0.0,0.0,0.0,0.0,0.0,0.0,0.0,0.0,1.0,0.0,0.0,0.0,1.0,0.0,0.0,1.0,0.0,1.0,0.0,0.0,0.0,0.0,1.0,0.0,0.0,0.0,0
-0.3925238037083091,-0.010462903108779882,-1.6846875008337523,-0.6515964562984796,0.1773030976133672,-0.9967912993099517,-1.8014239819696225,-1.9874780269990355,-1.5276224669815408,-1.019118400612531,0.006630118503325768,0.7940805366324234,-1.1832009575934297,0.21515740251676105,2.134312581224644,1.4132478086812315,0.7731739675958967,0.0,0.0,0.0,0.0,0.0,1.0,0.0,0.0,0.0,0.0,0.0,0.0,0.0,0.0,1.0,0.0,0.0,0.0,1.0,0.0,0.0,1.0,0.0,0.0,1.0,0.0,0.0,0.0,0.0,0.0,0.0,1.0,0.0,0.0,0.0,0.0,0.0,1.0,0.0,0.0,0.0,0.0,1.0,1.0,0.0,1.0,0.0,0.0,0.0,1.0,0.0,0.0,0.0,0.0,0
-0.9315180430416955,-0.010462903108779882,1.081575018517161,-1.4869678123246417,-0.4641737345920091,-0.9967912993099517,0.3293163120045597,0.2878416174054989,-0.17440931183371247,1.8904287018766261,0.8071070273410997,-0.5461960240222598,-1.3987464320153564,2.3228217537013602,-1.9880030916293803,-0.24614296472138883,1.6443700011320983,0.0,0.0,0.0,0.0,1.0,0.0,0.0,0.0,0.0,0.0,0.0,0.0,0.0,1.0,0.0,0.0,0.0,0.0,1.0,1.0,0.0,0.0,0.0,0.0,0.0,1.0,0.0,0.0,0.0,1.0,0.0,0.0,0.0,0.0,0.0,0.0,0.0,1.0,0.0,0.0,0.0,0.0,1.0,1.0,0.0,1.0,0.0,0.0,0.0,0.0,0.0,1.0,0.0,0.0,0
-0.5591919408840532,0.8403886847277554,-0.6318676889272661,1.293106738365562,-0.9820732124589395,-0.9967912993099517,1.2820388786906416,1.2691679820345696,1.6144411763273727,-1.019118400612531,0.8071070273410997,-1.8864725846769428,-0.2491705684317475,0.4482164413496735,0.5639066106135872,0.5835524219799213,0.24766293333858877,0.0,0.0,0.0,0.0,0.0,0.0,0.0,0.0,1.0,0.0,0.0,0.0,0.0,1.0,0.0,0.0,0.0,1.0,0.0,1.0,0.0,0.0,0.0,0.0,1.0,0.0,0.0,0.0,0.0,0.0,1.0,0.0,0.0,0.0,0.0,0.0,0.0,1.0,0.0,0.0,1.0,0.0,0.0,1.0,0.0,1.0,0.0,0.0,0.0,0.0,0.0,1.0,0.0,0.0,0
-1.7837448276027517,-0.010462903108779882,1.334215476536254,-0.1078924082562966,-2.2650268768696926,1.3738037617323386,0.06103222031632599,1.1822309115038743,-0.17440931183371247,0.233955331039913,0.006630118503325768,1.2255532164261718,-0.10547358548379637,0.9852655308342108,-0.4175971210183234,-0.24614296472138883,1.0193435882945028,0.0,0.0,0.0,0.0,0.0,0.0,0.0,0.0,1.0,0.0,0.0,0.0,0.0,1.0,0.0,0.0,0.0,1.0,0.0,0.0,0.0,1.0,0.0,0.0,1.0,0.0,0.0,0.0,0.0,0.0,0.0,0.0,1.0,0.0,0.0,0.0,0.0,1.0,0.0,0.0,0.0,0.0,1.0,1.0,0.0,1.0,0.0,0.0,0.0,0.0,0.0,1.0,0.0,0.0,1
-0.8024872995506234,-1.1234650016488363,0.6793022521365594,0.009850646208549108,-0.9820732124589395,1.3738037617323386,0.8221586005540173,0.959754109431558,0.6171696394103273,0.9669564746953179,-1.3617941956209574,1.5780920652109374,1.6907387013655926,-1.471987378599757,-0.8101986136710877,1.4132478086812315,0.3122606352240386,0.0,0.0,0.0,0.0,1.0,0.0,0.0,0.0,0.0,0.0,0.0,0.0,0.0,0.0,1.0,0.0,0.0,0.0,1.0,0.0,1.0,0.0,0.0,0.0,1.0,0.0,0.0,0.0,0.0,0.0,0.0,0.0,0.0,1.0,0.0,0.0,0.0,0.0,1.0,0.0,0.0,0.0,1.0,1.0,0.0,1.0,0.0,1.0,0.0,0.0,0.0,0.0,0.0,0.0,0
-0.6228238615202079,0.41230116881179724,-1.022346642334492,-1.1887089868435954,0.5073898664580703,0.49888765837117444,0.5328677439833318,0.29518323926152906,1.1788038433141157,-1.019118400612531,1.375054432627609,-0.5461960240222598,0.9722537866258371,0.8079380012874295,0.7602073569399693,0.5835524219799213,1.0804495225104689,0.0,0.0,0.0,1.0,0.0,0.0,0.0,0.0,0.0,0.0,0.0,0.0,0.0,0.0,0.0,0.0,1.0,0.0,1.0,1.0,0.0,0.0,0.0,0.0,1.0,0.0,0.0,1.0,0.0,0.0,0.0,0.0,0.0,0.0,0.0,1.0,0.0,0.0,0.0,0.0,1.0,0.0,0.0,1.0,0.0,0.0,1.0,0.0,0.0,0.0,1.0,0.0,0.0,0.0,0
0.8953895647909725,0.2329209818236749,0.15393030791344917,-1.557098871409269,0.882629758379613,-0.9967912993099517,-1.4841976188900237,-1.5151709370979776,-1.5276224669815408,1.487029062692357,0.006630118503325768,-1.8864725846769428,1.1877992610477637,-0.1040321506674451,-0.2212963746919413,-0.24614296472138883,-0.6322625193713223,0.0,0.0,0.0,0.0,1.0,0.0,0.0,0.0,0.0,0.0,0.0,0.0,0.0,1.0,0.0,0.0,0.0,0.0,1.0,1.0,0.0,0.0,0.0,0.0,0.0,1.0,0.0,1.0,0.0,0.0,0.0,0.0,0.0,0.0,0.0,0.0,1.0,0.0,0.0,0.0,0.0,1.0,0.0,1.0,0.0,1.0,0.0,0.0,0.0,0.0,0.0,1.0,0.0,0.0,0
0.9310178090676269,-0.37471843159459833,-0.5905859470302397,0.5394757189581508,1.1013970400975368,-0.9967912993099517,-0.6490520590808324,-0.46326039944527525,-1.5276224669815408,0.233955331039913,0.006630118503325768,0.23781550455625436,-1.2550494490674053,1.405785100902292,0.9565081032663514,0.5835524219799213,1.7351559605386764,0.0,0.0,1.0,0.0,0.0,0.0,0.0,0.0,0.0,0.0,0.0,0.0,0.0,0.0,1.0,0.0,0.0,0.0,1.0,1.0,0.0,0.0,0.0,0.0,1.0,0.0,0.0,0.0,0.0,0.0,0.0,0.0,0.0,0.0,1.0,0.0,1.0,0.0,0.0,0.0,1.0,0.0,0.0,1.0,0.0,1.0,0.0,0.0,1.0,0.0,0.0,0.0,0.0,0.0,1
0.6701707581159237,-1.215401462841374,-0.3678336660157809,0.5512200654243107,-0.606833320537397,0.49888765837117444,1.8818816294520893,2.007028164533908,-0.17440931183371247,-1.019118400612531,0.006630118503325768,0.23781550455625436,1.6907387013655926,-0.7576107595684386,1.5454103422454977,-0.24614296472138883,1.614689975941486,0.0,0.0,0.0,0.0,0.0,0.0,0.0,0.0,0.0,0.0,0.0,1.0,0.0,0.0,1.0,0.0,0.0,0.0,1.0,1.0,0.0,0.0,0.0,0.0,1.0,0.0,0.0,0.0,0.0,0.0,0.0,0.0,0.0,0.0,1.0,0.0,0.0,0.0,0.0,1.0,1.0,0.0,0.0,1.0,0.0,0.0,1.0,0.0,0.0,0.0,0.0,1.0,0.0,0.0,0
2.5535345798562434,0.28525415390103254,0.10814415932187205,-0.6515964562984796,-0.34059638025356326,-0.9967912993099517,1.3949377213696874,1.3367747570577697,2.532016998461944,1.487029062692357,-1.3617941956209574,1.2255532164261718,0.6130113292559592,-0.6512142418403699,-1.7917023453029983,0.5835524219799213,-1.0600040588830846,0.0,0.0,0.0,0.0,0.0,1.0,0.0,0.0,0.0,0.0,0.0,0.0,0.0,1.0,0.0,0.0,0.0,0.0,1.0,0.0,1.0,0.0,0.0,0.0,0.0,1.0,0.0,0.0,0.0,0.0,0.0,1.0,0.0,0.0,0.0,0.0,0.0,1.0,0.0,0.0,1.0,0.0,0.0,1.0,0.0,0.0,1.0,1.0,0.0,0.0,0.0,0.0,0.0,0.0,0
-1.2383241469162514,-0.40843110411183897,0.470330229294446,-0.23899195967805917,0.24115292617423648,0.49888765837117444,0.28842619664101055,0.4517759758575234,-0.17440931183371247,0.233955331039913,0.006630118503325768,0.23781550455625436,1.1159507695737882,-0.27629317937003256,1.1528088495927336,-1.075838351422699,1.387725077425041,0.0,0.0,0.0,0.0,0.0,0.0,0.0,0.0,1.0,0.0,0.0,0.0,0.0,0.0,1.0,0.0,0.0,0.0,1.0,1.0,0.0,0.0,0.0,0.0,0.0,0.0,1.0,0.0,0.0,1.0,0.0,0.0,0.0,0.0,0.0,0.0,0.0,1.0,0.0,0.0,0.0,0.0,1.0,1.0,0.0,1.0,0.0,0.0,1.0,0.0,0.0,0.0,0.0,0.0,0
0.043544232550094264,-0.9529031922541348,-1.423273625232452,1.2682281840117817,-1.6235500446643159,-0.9967912993099517,0.06103222031632599,0.43690463660632306,0.6171696394103273,-1.019118400612531,-1.3617941956209574,-0.5461960240222598,-0.9676554831715031,0.012497368749011112,0.5639066106135872,1.4132478086812315,0.8430093209855722,0.0,0.0,0.0,0.0,0.0,1.0,0.0,0.0,0.0,0.0,0.0,0.0,0.0,0.0,1.0,0.0,0.0,0.0,1.0,0.0,1.0,0.0,0.0,1.0,0.0,0.0,0.0,1.0,0.0,0.0,0.0,0.0,0.0,0.0,0.0,0.0,0.0,1.0,0.0,0.0,1.0,0.0,0.0,1.0,0.0,1.0,0.0,0.0,0.0,1.0,0.0,0.0,0.0,0.0,0
-0.6392535171288168,1.0450121541659605,1.6447323015665076,-0.3354484878652693,-1.6235500446643159,1.3738037617323386,0.4565080980155396,0.1893353886249877,0.6171696394103273,-1.019118400612531,0.8071070273410997,0.23781550455625436,-1.1832009575934297,0.027696871281592355,0.5639066106135872,1.4132478086812315,-0.9430298419553781,0.0,0.0,0.0,0.0,0.0,0.0,0.0,0.0,0.0,0.0,0.0,1.0,0.0,1.0,0.0,0.0,0.0,1.0,0.0,1.0,0.0,0.0,1.0,0.0,0.0,0.0,0.0,0.0,0.0,0.0,0.0,0.0,0.0,0.0,1.0,0.0,1.0,0.0,0.0,0.0,0.0,0.0,1.0,0.0,1.0,0.0,1.0,0.0,0.0,0.0,0.0,0.0,0.0,1.0,1
-0.08997094026183809,-0.8734667532266382,1.307522314191209,-0.19362111745124067,0.9708350832117979,0.49888765837117444,-1.1455862457103818,-1.102496575995342,-0.17440931183371247,1.8904287018766261,-1.3617941956209574,-1.8864725846769428,-0.6084130258016253,-0.1242981540442201,0.17130511796082293,-1.075838351422699,1.3615368199039126,0.0,0.0,0.0,0.0,0.0,0.0,1.0,0.0,0.0,0.0,0.0,0.0,0.0,1.0,0.0,0.0,0.0,0.0,1.0,0.0,1.0,0.0,0.0,0.0,1.0,0.0,0.0,0.0,0.0,0.0,1.0,0.0,0.0,0.0,0.0,0.0,0.0,1.0,0.0,0.0,0.0,0.0,1.0,1.0,0.0,1.0,0.0,0.0,0.0,0.0,0.0,0.0,1.0,0.0,0
-0.756216976448318,1.1978572477345284,0.538399797270396,1.1209208971880174,-1.2483101527427733,0.49888765837117444,-0.40077506249174283,-0.7268015632663604,-0.17440931183371247,-1.019118400612531,0.8071070273410997,1.2255532164261718,-0.6802615172756009,-1.5631843937952445,1.1528088495927336,-1.075838351422699,-0.46814943890558486,0.0,0.0,0.0,0.0,0.0,0.0,0.0,0.0,1.0,0.0,0.0,0.0,0.0,0.0,1.0,0.0,0.0,1.0,0.0,1.0,0.0,0.0,0.0,0.0,1.0,0.0,0.0,0.0,0.0,0.0,0.0,0.0,0.0,0.0,1.0,0.0,1.0,0.0,0.0,0.0,0.0,0.0,1.0,1.0,0.0,0.0,1.0,0.0,0.0,0.0,0.0,1.0,0.0,0.0,1
-0.12776863221636256,1.0188187903456443,0.4876957505186224,0.7345398538677542,0.7851232955110645,-0.9967912993099517,1.311091441304901,1.1832462632421796,1.6144411763273727,-1.019118400612531,0.006630118503325768,1.2255532164261718,0.25376887188608144,-1.2034628338574884,-0.024995628365559186,-0.24614296472138883,1.5448546225518107,0.0,0.0,0.0,1.0,0.0,0.0,0.0,0.0,0.0,0.0,0.0,0.0,0.0,0.0,1.0,0.0,0.0,1.0,0.0,1.0,0.0,0.0,0.0,0.0,1.0,0.0,0.0,0.0,0.0,0.0,1.0,0.0,0.0,0.0,0.0,0.0,0.0,1.0,0.0,0.0,0.0,0.0,1.0,1.0,0.0,1.0,0.0,0.0,1.0,0.0,0.0,0.0,0.0,0.0,0
0.6003935918881669,-0.12608848213404747,0.45272182578377695,-0.4685616310762956,1.1013970400975368,1.3738037617323386,0.07225173965608885,0.36222851363557773,1.9703827945581553,-1.019118400612531,1.375054432627609,0.23781550455625436,0.03822339746415475,0.44314994050547973,-0.6138978673447055,0.5835524219799213,-0.24816807572810712,0.0,0.0,0.0,0.0,0.0,0.0,0.0,1.0,0.0,0.0,0.0,0.0,0.0,1.0,0.0,0.0,0.0,0.0,1.0,0.0,0.0,1.0,0.0,0.0,1.0,0.0,0.0,1.0,0.0,0.0,0.0,0.0,0.0,0.0,0.0,0.0,0.0,1.0,0.0,0.0,1.0,0.0,0.0,1.0,0.0,0.0,1.0,0.0,0.0,0.0,0.0,1.0,0.0,0.0,0
-1.3071001165453064,-1.5567087960725323,1.49902301469743,1.762152096530252,-0.4641737345920091,0.49888765837117444,-1.2029458763655683,-1.2214779727700606,-1.5276224669815408,0.233955331039913,0.006630118503325768,-0.5461960240222598,2.4092236161053484,0.6559429759616171,0.5639066106135872,0.5835524219799213,0.7347645232315752,0.0,0.0,0.0,0.0,0.0,0.0,1.0,0.0,0.0,0.0,0.0,0.0,0.0,0.0,1.0,0.0,0.0,0.0,1.0,0.0,0.0,1.0,1.0,0.0,0.0,0.0,0.0,0.0,0.0,0.0,0.0,0.0,0.0,0.0,1.0,0.0,0.0,0.0,1.0,0.0,0.0,1.0,0.0,1.0,0.0,1.0,0.0,0.0,0.0,0.0,0.0,1.0,0.0,0.0,1
-0.9849394775896638,-0.07610088068822134,1.609855269918879,0.9270220186759632,0.35698583829276287,-0.9967912993099517,0.06103222031632599,0.1664096514062609,-0.17440931183371247,1.487029062692357,0.8071070273410997,-0.5461960240222598,0.6130113292559592,-0.23576117261648255,0.36760586428720504,0.5835524219799213,-0.7230484787779003,0.0,0.0,0.0,0.0,0.0,0.0,0.0,0.0,0.0,0.0,0.0,1.0,0.0,0.0,1.0,0.0,0.0,0.0,1.0,1.0,0.0,0.0,0.0,0.0,1.0,0.0,0.0,0.0,0.0,0.0,0.0,0.0,0.0,1.0,0.0,0.0,0.0,1.0,0.0,0.0,0.0,0.0,1.0,1.0,0.0,0.0,1.0,0.0,1.0,0.0,0.0,0.0,0.0,0.0,0
-1.1172772070948969,-0.6352325225897583,0.4348636493671937,1.0846543474305312,-2.2650268768696926,1.3738037617323386,0.46046466012408505,0.5937016470505658,-0.17440931183371247,-1.019118400612531,-1.3617941956209574,-0.5461960240222598,-0.4647160428536742,1.2385905730438982,0.9565081032663514,-0.24614296472138883,-0.32324108062200824,0.0,0.0,0.0,0.0,1.0,0.0,0.0,0.0,0.0,0.0,0.0,0.0,0.0,1.0,0.0,0.0,0.0,0.0,1.0,0.0,1.0,0.0,0.0,1.0,0.0,0.0,0.0,0.0,0.0,1.0,0.0,0.0,0.0,0.0,0.0,0.0,1.0,0.0,0.0,0.0,1.0,0.0,0.0,1.0,0.0,1.0,0.0,0.0,1.0,0.0,0.0,0.0,0.0,0.0,0
1.5809568223838144,0.9298908771274743,-1.5045263537512816,0.1167088595524093,-0.606833320537397,0.49888765837117444,-1.2389996961689198,-1.0869887418139772,-1.5276224669815408,-1.019118400612531,0.006630118503325768,0.7940805366324234,-0.5365645343276497,-1.6493149081465384,0.5639066106135872,-1.9055337381240092,-1.0914299679084385,0.0,0.0,0.0,0.0,1.0,0.0,0.0,0.0,0.0,0.0,0.0,0.0,0.0,1.0,0.0,0.0,0.0,0.0,1.0,0.0,0.0,1.0,0.0,0.0,1.0,0.0,0.0,0.0,0.0,0.0,0.0,1.0,0.0,0.0,0.0,0.0,0.0,1.0,0.0,0.0,1.0,0.0,0.0,1.0,0.0,1.0,0.0,0.0,0.0,0.0,0.0,1.0,0.0,0.0,1
-0.4234240256297185,-1.4766524601204656,-0.861406942324963,0.1167088595524093,-0.7755637979526826,1.9945666160523006,-0.19171157574706726,0.030027758755480027,-1.5276224669815408,-1.019118400612531,-1.3617941956209574,0.7940805366324234,-0.5365645343276497,-0.3522906920329388,-0.2212963746919413,0.5835524219799213,-0.5554436306426792,0.0,0.0,0.0,0.0,1.0,0.0,0.0,0.0,0.0,0.0,0.0,0.0,0.0,0.0,1.0,0.0,0.0,0.0,1.0,0.0,1.0,0.0,0.0,0.0,1.0,0.0,0.0,0.0,0.0,0.0,1.0,0.0,0.0,0.0,0.0,0.0,0.0,1.0,0.0,0.0,1.0,0.0,0.0,1.0,0.0,0.0,1.0,0.0,0.0,0.0,1.0,0.0,0.0,0.0,0
0.9275005339868322,0.03967461456236021,-0.33425886755361933,-1.557098871409269,1.0513602357948983,-0.9967912993099517,0.24346286687859917,0.2180829620746434,-0.17440931183371247,1.487029062692357,-1.3617941956209574,0.23781550455625436,-0.10547358548379637,0.939667023236467,0.36760586428720504,-1.075838351422699,0.1760816961141714,0.0,0.0,0.0,0.0,0.0,0.0,0.0,0.0,1.0,0.0,0.0,0.0,0.0,0.0,1.0,0.0,0.0,0.0,1.0,0.0,1.0,0.0,0.0,0.0,1.0,0.0,0.0,0.0,0.0,1.0,0.0,0.0,0.0,0.0,0.0,0.0,0.0,1.0,0.0,0.0,1.0,0.0,0.0,1.0,0.0,0.0,1.0,0.0,0.0,0.0,0.0,0.0,0.0,1.0,0
0.026709776129070564,-0.1850189238428319,0.6029770458693231,0.4663898480732562,-0.606833320537397,1.3738037617323386,-0.7185877573676783,-1.0317554764395511,0.6171696394103273,-1.019118400612531,0.006630118503325768,1.2255532164261718,1.7625871928395682,-0.04830064138131387,0.7602073569399693,1.4132478086812315,-0.33895403513468525,0.0,0.0,0.0,0.0,1.0,0.0,0.0,0.0,0.0,0.0,0.0,0.0,0.0,1.0,0.0,0.0,0.0,0.0,1.0,1.0,0.0,0.0,0.0,0.0,1.0,0.0,0.0,0.0,0.0,0.0,0.0,0.0,0.0,0.0,1.0,1.0,0.0,0.0,0.0,0.0,0.0,0.0,1.0,1.0,0.0,1.0,0.0,0.0,0.0,0.0,0.0,1.0,0.0,0.0,0
-1.3502672763706407,-0.5687152779766215,-1.5913870217345818,0.44096446875497947,-0.13408696574730583,-0.9967912993099517,1.8568670962001694,1.9633506603490782,-1.5276224669815408,-1.019118400612531,0.006630118503325768,0.23781550455625436,-1.0395039746454786,0.012497368749011112,-0.6138978673447055,0.5835524219799213,-1.2328465585225312,0.0,0.0,0.0,0.0,0.0,0.0,0.0,0.0,1.0,0.0,0.0,0.0,0.0,1.0,0.0,0.0,0.0,0.0,1.0,0.0,0.0,1.0,0.0,1.0,0.0,0.0,0.0,0.0,0.0,0.0,0.0,0.0,1.0,0.0,0.0,0.0,0.0,1.0,0.0,0.0,0.0,1.0,0.0,1.0,0.0,0.0,1.0,0.0,0.0,1.0,0.0,0.0,0.0,0.0,0
0.7766528622303185,0.013113154563659652,-0.0666481935771456,0.6939459276822286,0.9984626704981394,1.3738037617323386,-2.073459188161859,-1.7257118236344338,-0.17440931183371247,0.9669564746953179,0.006630118503325768,0.7940805366324234,-1.1113524661194543,0.15435939238643606,0.17130511796082293,0.5835524219799213,0.5025619732109042,0.0,0.0,0.0,0.0,1.0,0.0,0.0,0.0,0.0,0.0,0.0,0.0,0.0,1.0,0.0,0.0,0.0,1.0,0.0,0.0,0.0,1.0,0.0,0.0,1.0,0.0,0.0,0.0,0.0,0.0,0.0,1.0,0.0,0.0,0.0,0.0,1.0,0.0,0.0,0.0,0.0,0.0,1.0,1.0,0.0,1.0,0.0,0.0,0.0,0.0,0.0,1.0,0.0,0.0,0
-1.4895522945843467,0.525772617264773,-2.014998948602723,-0.7552605354707437,1.7056021730677025,0.49888765837117444,1.470323955087025,1.2376056240257607,-0.17440931183371247,0.9669564746953179,-1.3617941956209574,-1.8864725846769428,0.25376887188608144,-1.9482384579539695,-0.4175971210183234,1.4132478086812315,-1.1542817859591463,0.0,0.0,0.0,0.0,1.0,0.0,0.0,0.0,0.0,0.0,0.0,0.0,0.0,0.0,1.0,0.0,0.0,0.0,1.0,0.0,1.0,0.0,0.0,0.0,1.0,0.0,0.0,1.0,0.0,0.0,0.0,0.0,0.0,0.0,0.0,1.0,0.0,0.0,0.0,0.0,1.0,0.0,0.0,1.0,0.0,1.0,0.0,0.0,0.0,0.0,0.0,1.0,0.0,0.0,0
0.8285698096255404,1.0671562673822041,-0.04014236555699533,1.128039739289868,1.4093013914478887,-0.9967912993099517,-1.1595983079119867,-1.1035025026208969,-0.17440931183371247,-1.019118400612531,-1.3617941956209574,-0.5461960240222598,1.6188902098916171,1.1980585662903482,-0.024995628365559186,-0.24614296472138883,1.3667744714081382,0.0,0.0,0.0,0.0,1.0,0.0,0.0,0.0,0.0,0.0,0.0,0.0,0.0,0.0,1.0,0.0,0.0,1.0,0.0,0.0,1.0,0.0,0.0,0.0,1.0,0.0,0.0,0.0,0.0,0.0,0.0,1.0,0.0,0.0,0.0,0.0,0.0,1.0,0.0,0.0,0.0,0.0,1.0,1.0,0.0,1.0,0.0,0.0,0.0,0.0,0.0,1.0,0.0,0.0,0
-0.21873355311787196,0.7548572604927403,0.036182840710240624,0.44096446875497947,1.7428738723029134,-0.9967912993099517,-1.7928232049564727,-1.8192050084549034,-0.17440931183371247,-1.019118400612531,0.006630118503325768,-0.5461960240222598,-0.823958500223552,-0.47895321313778244,-0.2212963746919413,0.5835524219799213,-0.012473758037952384,0.0,0.0,0.0,0.0,0.0,0.0,0.0,1.0,0.0,0.0,0.0,0.0,0.0,0.0,1.0,0.0,0.0,0.0,1.0,1.0,0.0,0.0,0.0,0.0,0.0,1.0,0.0,0.0,0.0,0.0,0.0,1.0,0.0,0.0,0.0,1.0,0.0,0.0,0.0,0.0,1.0,0.0,0.0,1.0,0.0,0.0,1.0,0.0,0.0,0.0,0.0,1.0,0.0,0.0,0
0.22338779128425915,-0.19252649056962298,1.6786691360708856,0.0821747072596201,-0.9820732124589395,-0.9967912993099517,0.09889962769071,-0.018194231752922802,1.1788038433141157,0.233955331039913,0.006630118503325768,-0.5461960240222598,-0.39286755137969864,0.012497368749011112,-0.4175971210183234,-0.24614296472138883,1.647861768801582,0.0,0.0,0.0,0.0,0.0,0.0,0.0,0.0,0.0,0.0,1.0,0.0,0.0,1.0,0.0,0.0,0.0,1.0,0.0,1.0,0.0,0.0,0.0,0.0,0.0,0.0,1.0,0.0,1.0,0.0,0.0,0.0,0.0,0.0,0.0,0.0,1.0,0.0,0.0,0.0,0.0,0.0,1.0,1.0,0.0,1.0,0.0,0.0,0.0,0.0,0.0,0.0,1.0,0.0,0
-1.825936269355596,0.4596123757772708,-0.5118740474830508,-0.23899195967805917,-1.6235500446643159,-0.9967912993099517,0.08766079634342551,-0.2187508699965475,1.1788038433141157,-1.019118400612531,0.8071070273410997,0.7940805366324234,0.18192038041210587,0.316487419400636,1.1528088495927336,-0.24614296472138883,-0.728286130282126,0.0,0.0,0.0,0.0,0.0,0.0,0.0,0.0,1.0,0.0,0.0,0.0,0.0,0.0,1.0,0.0,0.0,0.0,1.0,0.0,0.0,1.0,0.0,0.0,0.0,1.0,0.0,0.0,0.0,0.0,0.0,0.0,0.0,1.0,0.0,1.0,0.0,0.0,0.0,0.0,1.0,0.0,0.0,1.0,0.0,1.0,0.0,0.0,0.0,1.0,0.0,0.0,0.0,0.0,1
-0.3557699602844404,0.26798276635837315,-0.6318676889272661,-1.088053513244579,1.4927322150040412,-0.9967912993099517,-0.591077327080877,-0.3907495106700243,0.6171696394103273,0.233955331039913,0.006630118503325768,0.23781550455625436,-0.4647160428536742,0.0327633721257861,0.5639066106135872,-0.24614296472138883,0.5479549529141933,0.0,0.0,0.0,0.0,0.0,0.0,0.0,0.0,0.0,0.0,0.0,1.0,0.0,0.0,0.0,1.0,0.0,0.0,1.0,0.0,0.0,1.0,0.0,0.0,0.0,1.0,0.0,0.0,0.0,0.0,0.0,0.0,0.0,1.0,0.0,0.0,0.0,1.0,0.0,0.0,0.0,0.0,1.0,1.0,0.0,1.0,0.0,0.0,0.0,0.0,0.0,1.0,0.0,0.0,0
-0.840783500759846,-0.32533468945784066,-0.0666481935771456,0.6835708967851126,1.4602567620241207,-0.9967912993099517,-0.9319408874432551,-0.8792742397916724,-0.17440931183371247,0.9669564746953179,0.8071070273410997,1.2255532164261718,0.1100718889381303,-2.0445019739936505,-0.2212963746919413,-0.24614296472138883,0.7120680333799306,0.0,0.0,0.0,0.0,0.0,0.0,0.0,0.0,0.0,0.0,0.0,1.0,0.0,0.0,1.0,0.0,0.0,1.0,0.0,0.0,0.0,1.0,0.0,0.0,1.0,0.0,0.0,1.0,0.0,0.0,0.0,0.0,0.0,0.0,0.0,0.0,1.0,0.0,0.0,0.0,0.0,0.0,1.0,1.0,0.0,1.0,0.0,0.0,0.0,0.0,0.0,0.0,0.0,1.0,0
0.026709776129070564,-0.4867419898266078,-1.1423402837787076,2.0120528394134385,-2.2650268768696926,-0.9967912993099517,0.06103222031632599,-0.9217153260859711,-0.17440931183371247,0.9669564746953179,-1.3617941956209574,-1.8864725846769428,0.6848598207299348,0.39248493206354224,-1.5954015989766162,1.4132478086812315,0.8726893461761843,0.0,0.0,0.0,1.0,0.0,0.0,0.0,0.0,0.0,0.0,0.0,0.0,0.0,0.0,0.0,1.0,0.0,0.0,1.0,0.0,1.0,0.0,0.0,0.0,1.0,0.0,0.0,0.0,1.0,0.0,0.0,0.0,0.0,0.0,0.0,1.0,0.0,0.0,0.0,0.0,1.0,0.0,0.0,1.0,0.0,1.0,0.0,0.0,0.0,0.0,0.0,0.0,1.0,0.0,0
-1.1542461135391708,0.6417183960918165,0.1981095892439705,0.009850646208549108,0.882629758379613,1.3738037617323386,-0.13708230676936822,-0.3587809599624236,1.1788038433141157,-1.019118400612531,-1.3617941956209574,-0.5461960240222598,-0.4647160428536742,0.7775389962222671,-0.2212963746919413,-0.24614296472138883,-1.0111193115103116,0.0,0.0,0.0,0.0,0.0,1.0,0.0,0.0,0.0,0.0,0.0,0.0,0.0,1.0,0.0,0.0,0.0,0.0,1.0,0.0,1.0,0.0,0.0,0.0,1.0,0.0,0.0,0.0,1.0,0.0,0.0,0.0,0.0,0.0,0.0,0.0,0.0,1.0,0.0,0.0,1.0,0.0,0.0,1.0,0.0,1.0,0.0,0.0,1.0,0.0,0.0,0.0,0.0,0.0,0
-0.6855864879539572,1.1354890450293778,0.2616010418910505,-1.0408302956165845,-1.6235500446643159,0.49888765837117444,0.3449397046726409,0.21263185297588352,0.6171696394103273,1.487029062692357,1.375054432627609,-1.8864725846769428,-0.10547358548379637,0.012497368749011112,-1.0064993599974699,1.4132478086812315,1.4156592187809112,0.0,0.0,0.0,0.0,0.0,1.0,0.0,0.0,0.0,0.0,0.0,0.0,0.0,0.0,1.0,0.0,0.0,0.0,1.0,1.0,0.0,0.0,0.0,0.0,1.0,0.0,0.0,0.0,0.0,0.0,0.0,1.0,0.0,0.0,0.0,1.0,0.0,0.0,0.0,0.0,0.0,0.0,1.0,1.0,0.0,1.0,0.0,0.0,0.0,0.0,0.0,0.0,0.0,1.0,0
0.10415122021371286,0.5207710754650071,0.5217243173504937,-0.14996279691519795,-1.6235500446643159,-0.9967912993099517,0.5152813828998071,0.6867194872087165,-0.17440931183371247,0.233955331039913,0.8071070273410997,0.23781550455625436,0.9722537866258371,0.8788690131061421,-0.4175971210183234,1.4132478086812315,1.3004308856879465,0.0,0.0,0.0,0.0,1.0,0.0,0.0,0.0,0.0,0.0,0.0,0.0,0.0,0.0,1.0,0.0,0.0,0.0,1.0,1.0,0.0,0.0,0.0,0.0,1.0,0.0,0.0,0.0,0.0,0.0,1.0,0.0,0.0,0.0,0.0,0.0,0.0,1.0,0.0,0.0,1.0,0.0,0.0,1.0,0.0,0.0,1.0,0.0,0.0,1.0,0.0,0.0,0.0,0.0,0
1.1226954343168565,-0.9645508945740003,0.3797170091197587,1.6945820484337355,0.6367333169865165,0.49888765837117444,0.799167431758989,0.6082255180144086,0.6171696394103273,-1.019118400612531,0.8071070273410997,0.23781550455625436,1.2596477525217393,0.7116744852477483,1.1528088495927336,-0.24614296472138883,1.5326334357086175,0.0,0.0,0.0,0.0,0.0,0.0,1.0,0.0,0.0,0.0,0.0,0.0,0.0,0.0,1.0,0.0,0.0,1.0,0.0,0.0,0.0,1.0,0.0,0.0,1.0,0.0,0.0,1.0,0.0,0.0,0.0,0.0,0.0,0.0,0.0,1.0,0.0,0.0,0.0,0.0,1.0,0.0,0.0,1.0,0.0,1.0,0.0,0.0,0.0,1.0,0.0,0.0,0.0,0.0,0
0.7485040100379208,1.2809560261599005,1.2334432821649801,0.7543148343957864,-0.606833320537397,-0.9967912993099517,0.06103222031632599,-0.4034293185621652,-1.5276224669815408,-1.019118400612531,-1.3617941956209574,0.7940805366324234,-0.17732207695777194,1.8567036760355355,-0.4175971210183234,-0.24614296472138883,1.029818891302954,0.0,0.0,0.0,0.0,0.0,0.0,0.0,0.0,0.0,1.0,0.0,0.0,0.0,0.0,1.0,0.0,0.0,0.0,1.0,0.0,1.0,0.0,0.0,0.0,1.0,0.0,0.0,0.0,1.0,0.0,0.0,0.0,0.0,0.0,0.0,0.0,0.0,0.0,1.0,0.0,1.0,0.0,0.0,1.0,0.0,1.0,0.0,0.0,0.0,0.0,0.0,1.0,0.0,0.0,1
0.15759177384942039,-0.49566312875230417,0.7229706873135391,1.6547644515108562,1.076716765635603,0.49888765837117444,-0.8912098169116833,-0.5178475386049189,-0.17440931183371247,0.233955331039913,-1.3617941956209574,0.23781550455625436,-0.10547358548379637,0.7471399911571046,0.5639066106135872,-1.9055337381240092,-1.0774628972305034,0.0,0.0,0.0,0.0,0.0,0.0,0.0,0.0,0.0,0.0,1.0,0.0,0.0,0.0,1.0,0.0,0.0,0.0,1.0,0.0,1.0,0.0,0.0,0.0,1.0,0.0,0.0,0.0,0.0,0.0,0.0,0.0,0.0,0.0,1.0,0.0,0.0,1.0,0.0,0.0,1.0,0.0,0.0,1.0,0.0,0.0,1.0,0.0,0.0,0.0,0.0,1.0,0.0,0.0,0
-0.3891373299515149,-1.0361106240362834,-0.40232843552956954,2.149039468125265,1.790343530868823,0.49888765837117444,0.31159847001352353,0.018395937153657484,0.6171696394103273,0.233955331039913,0.006630118503325768,-1.8864725846769428,-0.6084130258016253,-0.06856664475808887,-1.0064993599974699,-1.075838351422699,1.2532920221499155,0.0,0.0,0.0,0.0,1.0,0.0,0.0,0.0,0.0,0.0,0.0,0.0,0.0,1.0,0.0,0.0,0.0,1.0,0.0,1.0,0.0,0.0,0.0,0.0,1.0,0.0,0.0,0.0,0.0,0.0,0.0,0.0,0.0,0.0,1.0,0.0,0.0,1.0,0.0,0.0,1.0,0.0,0.0,1.0,0.0,1.0,0.0,0.0,0.0,0.0,0.0,1.0,0.0,0.0,0
-0.26683725462501146,-0.010462903108779882,0.036182840710240624,-1.1887089868435954,-0.9820732124589395,-0.9967912993099517,0.2624469390141759,0.11534938527324118,1.6144411763273727,-1.019118400612531,-1.3617941956209574,-0.5461960240222598,0.1100718889381303,0.9548665257690483,-1.2028001063238518,-1.075838351422699,1.4837486883358446,0.0,0.0,1.0,0.0,0.0,0.0,0.0,0.0,0.0,0.0,0.0,0.0,0.0,1.0,0.0,0.0,0.0,0.0,1.0,0.0,1.0,0.0,0.0,0.0,1.0,0.0,0.0,0.0,0.0,0.0,0.0,1.0,0.0,0.0,0.0,0.0,0.0,0.0,1.0,0.0,1.0,0.0,0.0,1.0,0.0,1.0,0.0,0.0,0.0,0.0,0.0,1.0,0.0,0.0,0
-0.055872140460448354,2.0576024149277057,0.36078461734096456,-0.7919876897299764,0.1773030976133672,0.49888765837117444,1.1573530764371815,1.2591129722295673,1.1788038433141157,-1.019118400612531,0.006630118503325768,1.8761594147954188,0.4693143463080081,-1.654381408990732,-0.6138978673447055,0.5835524219799213,0.6335032608165457,0.0,0.0,0.0,0.0,0.0,0.0,0.0,1.0,0.0,0.0,0.0,0.0,0.0,1.0,0.0,0.0,0.0,0.0,1.0,0.0,0.0,1.0,0.0,0.0,1.0,0.0,0.0,0.0,0.0,0.0,0.0,0.0,0.0,1.0,0.0,0.0,1.0,0.0,0.0,0.0,1.0,0.0,0.0,1.0,0.0,0.0,1.0,0.0,0.0,0.0,0.0,1.0,0.0,0.0,0
-0.5708777388331997,-0.010462903108779882,1.870827010194079,-0.5564627506577629,1.1717186114282805,-0.9967912993099517,0.3289467428714987,0.14624892810853024,1.1788038433141157,1.8904287018766261,0.006630118503325768,0.23781550455625436,0.8285568036778859,0.6559429759616171,-0.024995628365559186,-0.24614296472138883,-0.5816318881638075,0.0,1.0,0.0,0.0,0.0,0.0,0.0,0.0,0.0,0.0,0.0,0.0,0.0,1.0,0.0,0.0,0.0,0.0,1.0,1.0,0.0,0.0,0.0,0.0,1.0,0.0,0.0,0.0,0.0,0.0,0.0,0.0,0.0,0.0,1.0,0.0,1.0,0.0,0.0,0.0,1.0,0.0,0.0,1.0,0.0,0.0,1.0,0.0,0.0,0.0,0.0,0.0,0.0,1.0,0
0.5118001796707834,-0.5409627714290545,-1.6846875008337523,-1.088053513244579,0.4599202078921603,-0.9967912993099517,0.5173482743602001,0.30342571223484566,0.6171696394103273,-1.019118400612531,-1.3617941956209574,-1.8864725846769428,0.6848598207299348,-0.3522906920329388,-1.9880030916293803,0.5835524219799213,-0.6095660295196778,0.0,0.0,0.0,0.0,1.0,0.0,0.0,0.0,0.0,0.0,0.0,0.0,0.0,0.0,1.0,0.0,0.0,0.0,1.0,0.0,1.0,0.0,0.0,0.0,1.0,0.0,0.0,0.0,0.0,0.0,0.0,0.0,1.0,0.0,0.0,0.0,0.0,0.0,1.0,0.0,0.0,0.0,1.0,1.0,0.0,1.0,0.0,0.0,0.0,0.0,1.0,0.0,0.0,0.0,0
0.6468533858720226,0.9456842248790039,-0.09372408288307414,0.1167088595524093,-0.606833320537397,0.49888765837117444,0.7243654599279331,0.6082802712618205,-0.17440931183371247,-1.019118400612531,-1.3617941956209574,0.23781550455625436,0.9004052951518615,0.012497368749011112,-1.399100852650234,1.4132478086812315,-0.8382768118708649,0.0,0.0,0.0,0.0,0.0,0.0,0.0,0.0,1.0,0.0,0.0,0.0,0.0,0.0,1.0,0.0,0.0,0.0,1.0,0.0,1.0,0.0,0.0,0.0,1.0,0.0,0.0,0.0,0.0,0.0,0.0,0.0,0.0,0.0,1.0,0.0,0.0,1.0,0.0,0.0,1.0,0.0,0.0,1.0,0.0,1.0,0.0,0.0,1.0,0.0,0.0,0.0,0.0,0.0,0
-0.14432579444233745,-1.415139642362385,0.10814415932187205,-1.4208464910184138,1.4435814380018892,0.49888765837117444,-0.015981143044814787,0.253912388778917,-1.5276224669815408,-1.019118400612531,0.8071070273410997,0.23781550455625436,-0.823958500223552,-0.6562807426845636,0.7602073569399693,-1.075838351422699,-0.6741637314051275,0.0,0.0,0.0,1.0,0.0,0.0,0.0,0.0,0.0,0.0,0.0,0.0,0.0,1.0,0.0,0.0,0.0,0.0,1.0,1.0,0.0,0.0,0.0,0.0,1.0,0.0,0.0,0.0,0.0,0.0,0.0,1.0,0.0,0.0,0.0,1.0,0.0,0.0,0.0,0.0,1.0,0.0,0.0,1.0,0.0,1.0,0.0,0.0,0.0,0.0,1.0,0.0,0.0,0.0,0
-0.9056433410256586,-2.7881517958844446,-1.7854596952050261,-0.41346511389116986,1.4093013914478887,1.3738037617323386,0.06103222031632599,-0.27019677266047615,-0.17440931183371247,-1.019118400612531,-1.3617941956209574,-0.5461960240222598,0.6848598207299348,1.7351076557748855,-0.2212963746919413,-1.075838351422699,-1.5436138811065871,0.0,0.0,0.0,0.0,0.0,0.0,0.0,0.0,0.0,0.0,1.0,0.0,0.0,1.0,0.0,0.0,0.0,0.0,1.0,0.0,1.0,0.0,0.0,0.0,1.0,0.0,0.0,0.0,0.0,0.0,0.0,0.0,1.0,0.0,0.0,0.0,1.0,0.0,0.0,0.0,0.0,0.0,1.0,1.0,0.0,1.0,0.0,0.0,0.0,1.0,0.0,0.0,0.0,0.0,0
-1.5568404835966316,-2.0446806288109474,0.30221683279231626,-0.5873127973181029,-1.6235500446643159,-0.9967912993099517,-0.18927580520696968,-0.4064031304428463,0.6171696394103273,0.9669564746953179,0.006630118503325768,0.23781550455625436,0.6130113292559592,-0.9704037950245761,-1.9880030916293803,-1.075838351422699,-1.2590348160436595,0.0,0.0,0.0,0.0,0.0,0.0,0.0,0.0,0.0,0.0,1.0,0.0,0.0,0.0,1.0,0.0,0.0,1.0,0.0,1.0,0.0,0.0,0.0,0.0,0.0,1.0,0.0,0.0,0.0,0.0,0.0,1.0,0.0,0.0,0.0,0.0,1.0,0.0,0.0,0.0,1.0,0.0,0.0,1.0,0.0,1.0,0.0,0.0,0.0,0.0,0.0,1.0,0.0,0.0,0
0.7293780609239465,2.2730939435491355,0.2407909758967492,-0.7552605354707437,0.4599202078921603,-0.9967912993099517,-0.9040124212018843,-0.6855451249083728,-0.17440931183371247,0.233955331039913,-1.3617941956209574,-1.8864725846769428,-0.2491705684317475,-1.213595835545876,-1.5954015989766162,-1.075838351422699,-0.1696033031647222,0.0,0.0,0.0,0.0,0.0,1.0,0.0,0.0,0.0,0.0,0.0,0.0,0.0,0.0,1.0,0.0,0.0,1.0,0.0,0.0,1.0,0.0,0.0,1.0,0.0,0.0,0.0,0.0,0.0,1.0,0.0,0.0,0.0,0.0,0.0,0.0,0.0,1.0,0.0,0.0,0.0,0.0,1.0,1.0,0.0,1.0,0.0,0.0,0.0,0.0,0.0,1.0,0.0,0.0,1
0.031542901961433674,-0.010462903108779882,1.1445371542221876,-1.4208464910184138,0.3008804519518133,0.49888765837117444,1.846249232904126,1.5501715815286203,0.6171696394103273,1.487029062692357,2.4798585380991502,-1.8864725846769428,1.3314962439957148,-0.8488077747639261,-1.7917023453029983,0.5835524219799213,-1.5244091589244264,0.0,0.0,0.0,0.0,0.0,1.0,0.0,0.0,0.0,0.0,0.0,0.0,0.0,1.0,0.0,0.0,0.0,0.0,1.0,1.0,0.0,0.0,0.0,0.0,1.0,0.0,0.0,1.0,0.0,0.0,0.0,0.0,0.0,0.0,0.0,0.0,1.0,0.0,0.0,0.0,0.0,0.0,1.0,1.0,0.0,1.0,0.0,0.0,0.0,0.0,0.0,1.0,0.0,0.0,0
-1.1542461135391708,0.197143625830587,2.0069183715390815,0.5857542177170993,-0.7755637979526826,-0.9967912993099517,0.497046429482238,0.2561197887582373,-0.17440931183371247,0.9669564746953179,0.006630118503325768,0.23781550455625436,1.978132667261495,0.5596794599219359,0.7602073569399693,-0.24614296472138883,1.4069297996072017,0.0,0.0,0.0,0.0,0.0,1.0,0.0,0.0,0.0,0.0,0.0,0.0,0.0,0.0,1.0,0.0,0.0,0.0,1.0,0.0,0.0,1.0,0.0,0.0,0.0,0.0,1.0,0.0,0.0,1.0,0.0,0.0,0.0,0.0,0.0,0.0,0.0,1.0,0.0,0.0,0.0,0.0,1.0,1.0,0.0,1.0,0.0,0.0,0.0,1.0,0.0,0.0,0.0,0.0,1
1.3883014293933231,-0.215244046087788,-0.04014236555699533,0.0645131704451016,0.5525429895349099,-0.9967912993099517,-0.6743929802185731,-0.45808328120679914,1.9703827945581553,-1.019118400612531,-1.3617941956209574,-1.8864725846769428,-0.10547358548379637,-1.6645144106791196,1.5454103422454977,-1.9055337381240092,-1.671063401042745,0.0,0.0,0.0,0.0,0.0,1.0,0.0,0.0,0.0,0.0,0.0,0.0,0.0,1.0,0.0,0.0,0.0,0.0,1.0,0.0,1.0,0.0,0.0,1.0,0.0,0.0,0.0,1.0,0.0,0.0,0.0,0.0,0.0,0.0,0.0,1.0,0.0,0.0,0.0,0.0,0.0,0.0,1.0,1.0,0.0,0.0,1.0,0.0,0.0,0.0,0.0,1.0,0.0,0.0,0
-0.27606742057614075,1.4917597991008957,0.7925453126452172,0.3748431474487516,0.35698583829276287,0.49888765837117444,0.002191233230598518,-0.17043662260403497,-0.17440931183371247,1.487029062692357,-1.3617941956209574,-1.8864725846769428,-1.6861403979112588,-0.07869964644647635,0.7602073569399693,1.4132478086812315,1.277734395836302,0.0,0.0,0.0,0.0,0.0,0.0,0.0,1.0,0.0,0.0,0.0,0.0,0.0,0.0,1.0,0.0,0.0,0.0,1.0,0.0,1.0,0.0,0.0,1.0,0.0,0.0,0.0,0.0,0.0,0.0,0.0,0.0,0.0,1.0,0.0,0.0,0.0,1.0,0.0,0.0,1.0,0.0,0.0,1.0,0.0,0.0,1.0,0.0,0.0,0.0,0.0,1.0,0.0,0.0,0
1.237656648868587,2.564533249746074,-0.23859410545326964,-1.088053513244579,1.4766369320190795,1.9945666160523006,-0.7244060150910335,-0.471336370693739,0.6171696394103273,1.8904287018766261,0.006630118503325768,-1.8864725846769428,-0.9676554831715031,0.6052779675196797,-1.2028001063238518,-1.075838351422699,-0.03167848022011314,0.0,0.0,0.0,0.0,1.0,0.0,0.0,0.0,0.0,0.0,0.0,0.0,0.0,1.0,0.0,0.0,0.0,0.0,1.0,1.0,0.0,0.0,0.0,0.0,0.0,1.0,0.0,0.0,0.0,0.0,0.0,0.0,0.0,1.0,0.0,0.0,0.0,1.0,0.0,0.0,1.0,0.0,0.0,1.0,0.0,0.0,1.0,0.0,1.0,0.0,0.0,0.0,0.0,0.0,0
1.2238539749930049,1.1530372809515537,2.0820289319541354,1.6181824881135465,-1.6235500446643159,-0.9967912993099517,-0.8937061202453788,-0.9527030351252357,0.6171696394103273,0.9669564746953179,1.375054432627609,-0.5461960240222598,0.25376887188608144,0.037829872969979854,-0.2212963746919413,0.5835524219799213,0.4030465946306167,0.0,0.0,0.0,0.0,0.0,0.0,0.0,0.0,1.0,0.0,0.0,0.0,0.0,1.0,0.0,0.0,0.0,0.0,1.0,1.0,0.0,0.0,0.0,0.0,0.0,1.0,0.0,0.0,0.0,0.0,1.0,0.0,0.0,0.0,0.0,1.0,0.0,0.0,0.0,0.0,1.0,0.0,0.0,1.0,0.0,1.0,0.0,0.0,0.0,1.0,0.0,0.0,0.0,0.0,1
0.026709776129070564,-1.2701856794649977,0.341563170268023,0.44096446875497947,1.3366794076856743,-0.9967912993099517,-0.3060826780113684,-0.45995383320779787,-1.5276224669815408,0.9669564746953179,-1.3617941956209574,0.23781550455625436,1.2596477525217393,-0.45868720976100746,-1.2028001063238518,0.5835524219799213,-0.09802206594030484,0.0,0.0,0.0,0.0,1.0,0.0,0.0,0.0,0.0,0.0,0.0,0.0,0.0,0.0,0.0,1.0,0.0,0.0,1.0,0.0,1.0,0.0,0.0,0.0,1.0,0.0,0.0,0.0,0.0,0.0,1.0,0.0,0.0,0.0,0.0,0.0,0.0,1.0,0.0,0.0,1.0,0.0,0.0,1.0,0.0,1.0,0.0,0.0,0.0,0.0,0.0,1.0,0.0,0.0,0
-0.8752874864146317,-1.5731683032089967,1.2238692411356764,-0.41346511389116986,-2.2650268768696926,0.49888765837117444,0.06103222031632599,0.5884967844888532,-0.17440931183371247,0.233955331039913,0.006630118503325768,-0.5461960240222598,-0.823958500223552,1.5476471245397168,-1.399100852650234,-0.24614296472138883,-0.5711565851553562,0.0,0.0,0.0,0.0,0.0,0.0,0.0,0.0,0.0,0.0,0.0,1.0,0.0,0.0,1.0,0.0,0.0,0.0,1.0,0.0,0.0,1.0,0.0,0.0,0.0,1.0,0.0,0.0,0.0,1.0,0.0,0.0,0.0,0.0,0.0,0.0,1.0,0.0,0.0,0.0,1.0,0.0,0.0,1.0,0.0,0.0,1.0,0.0,0.0,0.0,0.0,1.0,0.0,0.0,0
-1.2250135565304194,0.5006209817596989,0.3983689106828149,-0.9518011328537236,0.10871947129041147,-0.9967912993099517,-1.0928653710574212,-1.1970365139643755,-0.17440931183371247,1.487029062692357,0.006630118503325768,-0.5461960240222598,2.1936781416834217,2.0289647047381227,-1.2028001063238518,0.5835524219799213,0.49208667020245295,0.0,0.0,0.0,0.0,0.0,0.0,0.0,0.0,1.0,0.0,0.0,0.0,0.0,0.0,1.0,0.0,0.0,1.0,0.0,0.0,0.0,1.0,0.0,0.0,1.0,0.0,0.0,0.0,0.0,0.0,1.0,0.0,0.0,0.0,0.0,0.0,0.0,0.0,0.0,1.0,0.0,0.0,1.0,1.0,0.0,1.0,0.0,0.0,0.0,0.0,0.0,0.0,0.0,1.0,1
-0.7699183442414623,-1.9396864237564904,0.7371966050948634,0.3332767048622299,-0.13408696574730583,-0.9967912993099517,0.7024160262591755,0.467524954139885,0.6171696394103273,0.9669564746953179,-1.3617941956209574,0.7940805366324234,-1.6142919064372832,-0.6714802452171449,1.5454103422454977,0.5835524219799213,-0.4873541610877456,0.0,0.0,0.0,0.0,0.0,0.0,0.0,1.0,0.0,0.0,0.0,0.0,0.0,1.0,0.0,0.0,0.0,1.0,0.0,0.0,1.0,0.0,0.0,0.0,1.0,0.0,0.0,0.0,0.0,0.0,0.0,1.0,0.0,0.0,0.0,0.0,1.0,0.0,0.0,0.0,0.0,0.0,1.0,1.0,0.0,1.0,0.0,0.0,0.0,0.0,0.0,1.0,0.0,0.0,0
-0.9211035191896759,0.22700856440505643,1.823975824462487,-1.889891849183104,0.24115292617423648,-0.9967912993099517,-0.6980944299540112,-0.8115641737799365,-1.5276224669815408,-1.019118400612531,1.375054432627609,1.5780920652109374,-0.10547358548379637,1.1271275544716357,-0.8101986136710877,0.5835524219799213,0.2511547010080725,0.0,0.0,0.0,0.0,0.0,0.0,0.0,0.0,1.0,0.0,0.0,0.0,0.0,1.0,0.0,0.0,0.0,0.0,1.0,1.0,0.0,0.0,0.0,0.0,1.0,0.0,0.0,0.0,0.0,1.0,0.0,0.0,0.0,0.0,0.0,0.0,1.0,0.0,0.0,0.0,1.0,0.0,0.0,1.0,0.0,1.0,0.0,0.0,0.0,0.0,0.0,1.0,0.0,0.0,0
-0.756216976448318,1.0744759132097412,-0.17863132870856746,-0.5264140952250759,-0.7755637979526826,0.49888765837117444,0.038189672035821895,0.008621197487519152,-0.17440931183371247,0.233955331039913,0.8071070273410997,0.23781550455625436,0.9004052951518615,0.377285429530961,0.7602073569399693,-1.075838351422699,0.8325340179771209,0.0,0.0,0.0,0.0,0.0,0.0,0.0,0.0,0.0,0.0,1.0,0.0,0.0,0.0,1.0,0.0,0.0,0.0,1.0,0.0,0.0,1.0,0.0,0.0,1.0,0.0,0.0,0.0,0.0,0.0,0.0,0.0,0.0,0.0,1.0,1.0,0.0,0.0,0.0,0.0,0.0,0.0,1.0,1.0,0.0,1.0,0.0,1.0,0.0,0.0,0.0,0.0,0.0,0.0,1
-0.7516831705681803,-0.27730403642930584,0.45272182578377695,-0.06729848207077124,0.9129752784408443,-0.9967912993099517,0.6058473130576879,0.6841165450841118,-1.5276224669815408,0.233955331039913,0.006630118503325768,-1.8864725846769428,-0.823958500223552,0.1796918966074048,-0.4175971210183234,0.5835524219799213,0.13068871641088234,0.0,0.0,0.0,0.0,0.0,0.0,0.0,0.0,0.0,0.0,0.0,1.0,0.0,1.0,0.0,0.0,0.0,0.0,1.0,0.0,0.0,1.0,0.0,0.0,1.0,0.0,0.0,0.0,0.0,0.0,0.0,1.0,0.0,0.0,0.0,0.0,0.0,0.0,1.0,0.0,1.0,0.0,0.0,1.0,0.0,0.0,1.0,0.0,1.0,0.0,0.0,0.0,0.0,0.0,0
-0.6941991751835559,-0.559415541420451,0.6029770458693231,-0.1078924082562966,1.0513602357948983,0.49888765837117444,-0.6649443879710605,-0.5619290941052356,-0.17440931183371247,1.487029062692357,-1.3617941956209574,0.7940805366324234,0.25376887188608144,-0.48908621482617,-0.2212963746919413,0.5835524219799213,1.7194430060259993,0.0,0.0,0.0,0.0,0.0,1.0,0.0,0.0,0.0,0.0,0.0,0.0,0.0,0.0,1.0,0.0,0.0,1.0,0.0,0.0,1.0,0.0,0.0,0.0,1.0,0.0,0.0,1.0,0.0,0.0,0.0,0.0,0.0,0.0,0.0,0.0,0.0,0.0,0.0,1.0,0.0,0.0,1.0,0.0,1.0,1.0,0.0,0.0,0.0,1.0,0.0,0.0,0.0,0.0,1
-1.8920329519698194,-0.2615818627405554,-0.812028836009737,0.9270220186759632,0.7851232955110645,0.49888765837117444,-2.1736812978246136,-1.8882268191752685,0.6171696394103273,1.487029062692357,0.8071070273410997,1.2255532164261718,-0.39286755137969864,-0.24589417430487004,-2.3806045842821444,-1.9055337381240092,-1.084446432569471,0.0,0.0,0.0,0.0,0.0,0.0,1.0,0.0,0.0,0.0,0.0,0.0,0.0,0.0,1.0,0.0,0.0,0.0,1.0,1.0,0.0,0.0,0.0,0.0,1.0,0.0,0.0,0.0,0.0,0.0,0.0,0.0,0.0,1.0,0.0,0.0,0.0,1.0,0.0,0.0,0.0,0.0,1.0,1.0,0.0,0.0,1.0,0.0,0.0,1.0,0.0,0.0,0.0,0.0,0
1.195780716900095,2.5707664070476826,-1.2069175323776347,-0.6851294763861162,-1.2483101527427733,-0.9967912993099517,-0.49318647403260363,-0.2299820238525951,0.6171696394103273,0.233955331039913,-1.3617941956209574,-0.5461960240222598,-2.117231346755112,0.24048990673772977,0.5639066106135872,0.5835524219799213,-1.40743494199672,0.0,0.0,0.0,0.0,0.0,0.0,0.0,0.0,0.0,1.0,0.0,0.0,0.0,0.0,1.0,0.0,0.0,1.0,0.0,0.0,1.0,0.0,0.0,1.0,0.0,0.0,0.0,0.0,0.0,0.0,0.0,0.0,0.0,1.0,0.0,0.0,0.0,0.0,1.0,0.0,1.0,0.0,0.0,1.0,0.0,0.0,1.0,0.0,1.0,0.0,0.0,0.0,0.0,0.0,0
-0.618750115369838,1.5787991247551973,0.538399797270396,0.9520802155785709,-0.7755637979526826,-0.9967912993099517,-0.014819566662966493,-0.07524617742579262,-1.5276224669815408,-1.019118400612531,0.006630118503325768,0.23781550455625436,0.5411628377819837,-0.45868720976100746,-0.8101986136710877,-0.24614296472138883,1.0071224014513096,0.0,0.0,0.0,0.0,0.0,1.0,0.0,0.0,0.0,0.0,0.0,0.0,0.0,0.0,1.0,0.0,0.0,0.0,1.0,0.0,0.0,1.0,0.0,1.0,0.0,0.0,0.0,0.0,0.0,0.0,0.0,0.0,0.0,1.0,0.0,0.0,1.0,0.0,0.0,0.0,0.0,0.0,1.0,1.0,0.0,1.0,0.0,1.0,0.0,0.0,0.0,0.0,0.0,0.0,0
-1.4895522945843467,0.0980061316601558,0.036182840710240624,-0.008959657523465534,0.034643511667979465,1.3738037617323386,-1.7885411768003856,-1.9282502315831231,-0.17440931183371247,1.487029062692357,0.006630118503325768,-1.8864725846769428,1.5470417184176415,1.4767161127210044,1.5454103422454977,1.4132478086812315,0.09926280738552838,0.0,0.0,0.0,0.0,0.0,0.0,0.0,0.0,1.0,0.0,0.0,0.0,0.0,1.0,0.0,0.0,0.0,0.0,1.0,1.0,0.0,0.0,0.0,0.0,1.0,0.0,0.0,0.0,0.0,0.0,0.0,1.0,0.0,0.0,0.0,0.0,0.0,0.0,1.0,0.0,0.0,1.0,0.0,1.0,0.0,0.0,1.0,0.0,0.0,1.0,0.0,0.0,0.0,0.0,0
-0.4986558333982459,-0.5409627714290545,0.6340645593707459,-0.047523501542739155,1.0252893443250009,-0.9967912993099517,-0.6905565970213215,-0.4802360092002411,0.6171696394103273,-1.019118400612531,2.1755313414653825,-0.5461960240222598,-0.10547358548379637,0.8586030097293671,0.17130511796082293,-1.075838351422699,1.1607601789085955,0.0,0.0,0.0,0.0,0.0,0.0,0.0,0.0,0.0,0.0,1.0,0.0,0.0,0.0,1.0,0.0,0.0,0.0,1.0,0.0,0.0,1.0,0.0,0.0,1.0,0.0,0.0,0.0,0.0,0.0,0.0,1.0,0.0,0.0,0.0,0.0,1.0,0.0,0.0,0.0,0.0,0.0,1.0,1.0,0.0,1.0,0.0,0.0,0.0,0.0,0.0,1.0,0.0,0.0,0
-1.81525355708799,-0.215244046087788,-0.9663827477070894,-1.7115690801333474,0.10871947129041147,-0.9967912993099517,-0.21222327053092727,-0.19903737560942603,1.1788038433141157,-1.019118400612531,0.8071070273410997,0.23781550455625436,0.1100718889381303,0.43808343966128593,-0.4175971210183234,-0.24614296472138883,-0.4489447167234241,0.0,0.0,0.0,0.0,0.0,1.0,0.0,0.0,0.0,0.0,0.0,0.0,0.0,0.0,1.0,0.0,0.0,0.0,1.0,0.0,0.0,1.0,0.0,0.0,1.0,0.0,0.0,0.0,0.0,0.0,0.0,0.0,0.0,0.0,1.0,0.0,0.0,1.0,0.0,0.0,0.0,0.0,1.0,1.0,0.0,1.0,0.0,1.0,0.0,0.0,0.0,0.0,0.0,0.0,0
-0.28536655478271983,1.0853983960123337,0.8455628442893777,0.2901608500762704,-0.7755637979526826,-0.9967912993099517,1.3768377677699375,1.2462160353599527,1.1788038433141157,-1.019118400612531,0.006630118503325768,0.7940805366324234,0.7567083122039103,-0.22056167008390132,-0.4175971210183234,-0.24614296472138883,0.244171165669105,0.0,0.0,0.0,0.0,1.0,0.0,0.0,0.0,0.0,0.0,0.0,0.0,0.0,1.0,0.0,0.0,0.0,0.0,1.0,1.0,0.0,0.0,0.0,0.0,1.0,0.0,0.0,0.0,0.0,0.0,0.0,0.0,0.0,1.0,0.0,0.0,1.0,0.0,0.0,0.0,0.0,0.0,1.0,1.0,0.0,1.0,0.0,0.0,0.0,0.0,0.0,0.0,0.0,1.0,1
0.9645152574740636,-0.010462903108779882,-0.6745490755800451,0.5628463762604666,1.583834116362566,-0.9967912993099517,-0.7192056529721045,-1.0562744366089338,0.6171696394103273,-1.019118400612531,0.006630118503325768,-1.8864725846769428,-1.7579888893852342,-0.5498842249564949,1.5454103422454977,0.5835524219799213,-0.743999084794803,0.0,0.0,0.0,0.0,0.0,0.0,0.0,1.0,0.0,0.0,0.0,0.0,0.0,0.0,0.0,1.0,0.0,0.0,1.0,0.0,0.0,1.0,0.0,0.0,1.0,0.0,0.0,0.0,0.0,0.0,0.0,0.0,0.0,1.0,0.0,0.0,1.0,0.0,0.0,0.0,1.0,0.0,0.0,1.0,0.0,1.0,0.0,0.0,0.0,0.0,0.0,1.0,0.0,0.0,0
0.6080054097312549,1.4802074650636359,0.15393030791344917,0.13359687029942127,0.851255382798665,0.49888765837117444,-0.33099276958916396,-0.4008849318351476,1.1788038433141157,0.233955331039913,-1.3617941956209574,-0.5461960240222598,0.4693143463080081,-0.929871788271026,1.7417110885718798,1.4132478086812315,-0.4611659035666173,0.0,0.0,0.0,0.0,0.0,0.0,1.0,0.0,0.0,0.0,0.0,0.0,0.0,0.0,1.0,0.0,0.0,0.0,1.0,0.0,1.0,0.0,0.0,0.0,1.0,0.0,0.0,0.0,0.0,0.0,1.0,0.0,0.0,0.0,0.0,0.0,0.0,1.0,0.0,0.0,0.0,0.0,1.0,1.0,0.0,1.0,0.0,0.0,0.0,0.0,0.0,1.0,0.0,0.0,0
-0.28536655478271983,0.0916198755463181,-0.3678336660157809,1.2233601925604765,-1.2483101527427733,0.49888765837117444,-0.3824801968585495,0.013475985638878842,1.1788038433141157,0.233955331039913,1.8155886650711848,-0.5461960240222598,0.1100718889381303,0.14422639069804857,-1.5954015989766162,-0.24614296472138883,-0.7911379483328339,0.0,0.0,0.0,0.0,1.0,0.0,0.0,0.0,0.0,0.0,0.0,0.0,0.0,0.0,1.0,0.0,0.0,1.0,0.0,1.0,0.0,0.0,0.0,0.0,1.0,0.0,0.0,0.0,0.0,1.0,0.0,0.0,0.0,0.0,0.0,1.0,0.0,0.0,0.0,0.0,0.0,0.0,1.0,1.0,0.0,0.0,1.0,0.0,0.0,0.0,0.0,1.0,0.0,0.0,1
0.5248490891250776,2.102871961187436,1.0152975936596758,0.009850646208549108,0.10871947129041147,1.9945666160523006,1.7636352897950962,1.4610953687840809,-0.17440931183371247,0.233955331039913,-1.3617941956209574,0.23781550455625436,0.18192038041210587,1.4817826135651981,-0.6138978673447055,1.4132478086812315,1.1310801537179835,0.0,0.0,0.0,0.0,0.0,1.0,0.0,0.0,0.0,0.0,0.0,0.0,0.0,1.0,0.0,0.0,0.0,1.0,0.0,0.0,1.0,0.0,0.0,0.0,1.0,0.0,0.0,0.0,0.0,0.0,0.0,1.0,0.0,0.0,0.0,0.0,0.0,0.0,1.0,0.0,0.0,0.0,1.0,1.0,0.0,1.0,0.0,0.0,1.0,0.0,0.0,0.0,0.0,0.0,0
-0.29473569567725183,0.2563732459189752,-0.26968161895469217,0.15024187964004568,-0.9820732124589395,0.49888765837117444,-0.4463747592179652,-0.6180255479889454,-0.17440931183371247,-1.019118400612531,0.006630118503325768,1.2255532164261718,0.8285568036778859,-0.5752167291774637,0.5639066106135872,0.5835524219799213,1.740393612042902,0.0,0.0,1.0,0.0,0.0,0.0,0.0,0.0,0.0,0.0,0.0,0.0,0.0,0.0,0.0,0.0,1.0,1.0,0.0,1.0,0.0,0.0,1.0,0.0,0.0,0.0,0.0,0.0,0.0,0.0,0.0,1.0,0.0,0.0,0.0,0.0,0.0,1.0,0.0,0.0,0.0,0.0,1.0,1.0,0.0,1.0,0.0,0.0,0.0,0.0,0.0,1.0,0.0,0.0,0
-0.5023542858607304,-1.215401462841374,1.7502583605973105,-0.02808088940971111,-1.2483101527427733,1.3738037617323386,-4.65506498421641,-4.687557658600749,-1.5276224669815408,0.233955331039913,0.8071070273410997,1.2255532164261718,-0.6084130258016253,0.33168692193321725,1.7417110885718798,1.4132478086812315,0.39606305929164914,1.0,0.0,0.0,0.0,0.0,0.0,0.0,0.0,0.0,0.0,0.0,0.0,0.0,0.0,1.0,0.0,0.0,0.0,1.0,1.0,0.0,0.0,0.0,0.0,0.0,1.0,0.0,1.0,0.0,0.0,0.0,0.0,0.0,0.0,0.0,0.0,1.0,0.0,0.0,0.0,1.0,0.0,0.0,0.0,1.0,1.0,0.0,0.0,0.0,0.0,0.0,1.0,0.0,0.0,0
-1.514360989918485,-0.6943276934692832,-1.022346642334492,1.6228190000953338,0.5525429895349099,-0.9967912993099517,0.5635928515778683,0.8583982602164384,0.6171696394103273,-1.019118400612531,0.006630118503325768,-0.5461960240222598,0.25376887188608144,1.6540436422677856,-1.7917023453029983,-0.24614296472138883,0.39257129162216536,0.0,0.0,0.0,0.0,0.0,0.0,1.0,0.0,0.0,0.0,0.0,0.0,0.0,1.0,0.0,0.0,0.0,0.0,1.0,1.0,0.0,0.0,0.0,0.0,1.0,0.0,0.0,0.0,0.0,0.0,1.0,0.0,0.0,0.0,0.0,1.0,0.0,0.0,0.0,0.0,1.0,0.0,0.0,1.0,0.0,0.0,1.0,0.0,1.0,0.0,0.0,0.0,0.0,0.0,0
1.0983716306548807,0.2737588225444337,1.3774836636322496,-0.1715860094881732,0.10871947129041147,1.9945666160523006,-1.2140665376181177,-0.8680185757371612,-1.5276224669815408,0.233955331039913,0.006630118503325768,-0.5461960240222598,-0.7521100087495765,0.11889388647707982,-0.8101986136710877,0.5835524219799213,-1.4196561288399132,0.0,0.0,0.0,0.0,0.0,0.0,0.0,0.0,0.0,0.0,1.0,0.0,0.0,1.0,0.0,0.0,0.0,0.0,1.0,1.0,0.0,0.0,0.0,0.0,1.0,0.0,0.0,0.0,0.0,0.0,0.0,1.0,0.0,0.0,0.0,0.0,0.0,1.0,0.0,0.0,0.0,0.0,1.0,1.0,0.0,0.0,1.0,0.0,0.0,0.0,0.0,1.0,0.0,0.0,0
-1.0237475144374861,1.870812603949895,0.01125172249905238,1.6228190000953338,-0.4641737345920091,-0.9967912993099517,1.1002933575742655,1.098498940619099,-0.17440931183371247,1.487029062692357,0.006630118503325768,0.7940805366324234,-1.2550494490674053,0.6610094768058109,0.17130511796082293,0.5835524219799213,0.968712957086988,0.0,0.0,0.0,0.0,1.0,0.0,0.0,0.0,0.0,0.0,0.0,0.0,0.0,0.0,1.0,0.0,0.0,1.0,0.0,1.0,0.0,0.0,0.0,0.0,1.0,0.0,0.0,0.0,0.0,0.0,0.0,0.0,1.0,0.0,0.0,0.0,1.0,0.0,0.0,0.0,1.0,0.0,0.0,1.0,0.0,0.0,1.0,0.0,0.0,0.0,0.0,1.0,0.0,0.0,0
-0.7116054496592378,0.5357330953371909,0.538399797270396,-1.990547322782121,1.2157962486842935,-0.9967912993099517,0.24470120265988624,0.20659174354234072,-1.5276224669815408,-1.019118400612531,-1.3617941956209574,-0.5461960240222598,2.481072107579324,0.0023643670606236147,-0.6138978673447055,-0.24614296472138883,1.246308486810948,0.0,0.0,0.0,0.0,0.0,0.0,0.0,0.0,1.0,0.0,0.0,0.0,0.0,1.0,0.0,0.0,0.0,0.0,1.0,0.0,1.0,0.0,0.0,0.0,1.0,0.0,0.0,0.0,0.0,1.0,0.0,0.0,0.0,0.0,0.0,1.0,0.0,0.0,0.0,0.0,1.0,0.0,0.0,1.0,0.0,1.0,0.0,0.0,0.0,0.0,0.0,0.0,0.0,1.0,0
1.294886425411001,-1.2563282898898174,-0.5118740474830508,0.7543148343957864,1.0513602357948983,-0.9967912993099517,0.5655944971274407,0.31653520246859784,0.6171696394103273,0.233955331039913,0.8071070273410997,0.23781550455625436,2.481072107579324,0.9548665257690483,0.9565081032663514,1.4132478086812315,-0.4489447167234241,0.0,0.0,0.0,1.0,0.0,0.0,0.0,0.0,0.0,0.0,0.0,0.0,0.0,1.0,0.0,0.0,0.0,1.0,0.0,1.0,0.0,0.0,0.0,0.0,1.0,0.0,0.0,0.0,0.0,0.0,0.0,0.0,0.0,1.0,0.0,0.0,1.0,0.0,0.0,0.0,0.0,0.0,1.0,1.0,0.0,1.0,0.0,1.0,0.0,0.0,0.0,0.0,0.0,0.0,0
0.5537183089513061,0.31366697036577207,-1.423273625232452,0.9766071030529583,-1.2483101527427733,1.3738037617323386,-0.22667832325771367,-0.5133944559929706,0.6171696394103273,-1.019118400612531,-1.3617941956209574,0.7940805366324234,-0.03362509400982082,0.42795043797289845,-1.0064993599974699,1.4132478086812315,0.244171165669105,1.0,0.0,0.0,0.0,0.0,0.0,0.0,0.0,0.0,0.0,0.0,0.0,0.0,1.0,0.0,0.0,0.0,0.0,1.0,0.0,1.0,0.0,0.0,0.0,1.0,0.0,0.0,0.0,0.0,0.0,0.0,0.0,0.0,0.0,1.0,1.0,0.0,0.0,0.0,0.0,1.0,0.0,0.0,1.0,0.0,0.0,1.0,0.0,0.0,0.0,1.0,0.0,0.0,0.0,0
-0.4766929986334722,-0.3581021351952044,0.7229706873135391,0.5628463762604666,0.034643511667979465,-0.9967912993099517,-0.36587045645520255,-0.2971774500800959,1.9703827945581553,1.487029062692357,0.8071070273410997,0.7940805366324234,2.3373751246313725,-1.3909233650926571,-0.2212963746919413,-1.075838351422699,1.4069297996072017,0.0,0.0,0.0,0.0,0.0,0.0,0.0,0.0,0.0,0.0,0.0,1.0,0.0,1.0,0.0,0.0,0.0,1.0,0.0,0.0,0.0,1.0,0.0,1.0,0.0,0.0,0.0,1.0,0.0,0.0,0.0,0.0,0.0,0.0,0.0,0.0,0.0,0.0,1.0,0.0,1.0,0.0,0.0,1.0,0.0,0.0,1.0,1.0,0.0,0.0,0.0,0.0,0.0,0.0,0
-1.0069671028554135,1.1530372809515537,-0.861406942324963,-0.360873867183546,0.8187799298187437,-0.9967912993099517,1.401869570699095,1.536656179751217,1.1788038433141157,-1.019118400612531,-1.3617941956209574,0.23781550455625436,0.03822339746415475,-2.120499486656557,0.7602073569399693,0.5835524219799213,1.6443700011320983,0.0,0.0,0.0,0.0,0.0,0.0,0.0,0.0,1.0,0.0,0.0,0.0,0.0,0.0,1.0,0.0,0.0,1.0,0.0,0.0,1.0,0.0,0.0,0.0,1.0,0.0,0.0,0.0,0.0,0.0,0.0,0.0,1.0,0.0,0.0,0.0,0.0,0.0,0.0,1.0,1.0,0.0,0.0,1.0,0.0,1.0,0.0,0.0,0.0,1.0,0.0,0.0,0.0,0.0,0
1.549305624998734,-0.7451424858850405,-0.09372408288307414,0.0645131704451016,0.034643511667979465,-0.9967912993099517,-1.4895495704978603,-1.452378170866635,-0.17440931183371247,-1.019118400612531,-1.3617941956209574,0.23781550455625436,-1.2550494490674053,-0.28642618105842005,0.17130511796082293,-0.24614296472138883,-0.5833777719985493,0.0,0.0,0.0,0.0,1.0,0.0,0.0,0.0,0.0,0.0,0.0,0.0,0.0,0.0,1.0,0.0,0.0,0.0,1.0,0.0,1.0,0.0,0.0,0.0,1.0,0.0,0.0,0.0,0.0,0.0,0.0,0.0,0.0,0.0,1.0,0.0,1.0,0.0,0.0,0.0,1.0,0.0,0.0,1.0,0.0,1.0,0.0,0.0,1.0,0.0,0.0,0.0,0.0,0.0,0
-1.9499284296983193,0.11702648995535107,-0.04014236555699533,0.3883732220473554,1.426600127716441,-0.9967912993099517,-1.2984720705866584,-1.5763058180052505,1.1788038433141157,1.8904287018766261,0.006630118503325768,-0.5461960240222598,-0.10547358548379637,-0.6461477409961761,-0.2212963746919413,-0.24614296472138883,-0.9919145893281509,0.0,0.0,0.0,0.0,0.0,0.0,0.0,0.0,0.0,1.0,0.0,0.0,0.0,0.0,1.0,0.0,0.0,0.0,1.0,1.0,0.0,0.0,1.0,0.0,0.0,0.0,0.0,1.0,0.0,0.0,0.0,0.0,0.0,0.0,0.0,0.0,1.0,0.0,0.0,0.0,1.0,0.0,0.0,1.0,0.0,1.0,0.0,0.0,1.0,0.0,0.0,0.0,0.0,0.0,0
-1.314191465291363,-1.1107161328161899,0.2616010418910505,-0.8691368180092968,0.034643511667979465,1.3738037617323386,-0.5485471634683192,-0.8847879273920211,-1.5276224669815408,0.233955331039913,0.006630118503325768,0.23781550455625436,0.8285568036778859,0.7015414835593609,2.7232148202037902,1.4132478086812315,1.2707508604973345,0.0,0.0,0.0,0.0,1.0,0.0,0.0,0.0,0.0,0.0,0.0,0.0,0.0,1.0,0.0,0.0,0.0,0.0,1.0,0.0,0.0,1.0,0.0,0.0,1.0,0.0,0.0,0.0,0.0,0.0,0.0,0.0,0.0,1.0,0.0,0.0,0.0,1.0,0.0,0.0,0.0,0.0,1.0,1.0,0.0,1.0,0.0,0.0,0.0,0.0,0.0,0.0,0.0,1.0,0
1.4721635109435574,1.1807541362644103,1.334215476536254,1.3704543410711822,0.24115292617423648,0.49888765837117444,2.1955954099654376,2.1344543553353956,-1.5276224669815408,0.233955331039913,0.8071070273410997,-1.8864725846769428,1.5470417184176415,0.012497368749011112,-0.2212963746919413,-0.24614296472138883,0.22496644348694422,0.0,0.0,0.0,0.0,0.0,0.0,0.0,0.0,0.0,0.0,0.0,0.0,1.0,1.0,0.0,0.0,0.0,0.0,1.0,1.0,0.0,0.0,0.0,0.0,1.0,0.0,0.0,0.0,0.0,0.0,0.0,1.0,0.0,0.0,0.0,0.0,0.0,1.0,0.0,0.0,1.0,0.0,0.0,1.0,0.0,0.0,1.0,0.0,0.0,0.0,0.0,0.0,0.0,1.0,0
0.7989827295956542,-0.010462903108779882,0.341563170268023,-0.7919876897299764,-0.9820732124589395,1.3738037617323386,-0.4355867101953693,-0.35209726277007747,0.6171696394103273,-1.019118400612531,-1.3617941956209574,-0.5461960240222598,-0.6802615172756009,0.3266204210890235,-1.399100852650234,-1.075838351422699,-1.3323619371028188,0.0,0.0,0.0,0.0,1.0,0.0,0.0,0.0,0.0,0.0,0.0,0.0,0.0,1.0,0.0,0.0,0.0,1.0,0.0,0.0,1.0,0.0,0.0,0.0,1.0,0.0,0.0,0.0,0.0,1.0,0.0,0.0,0.0,0.0,0.0,0.0,0.0,1.0,0.0,0.0,0.0,0.0,1.0,1.0,0.0,1.0,0.0,0.0,0.0,0.0,0.0,0.0,1.0,0.0,0
1.4834809124059583,-0.7043735018715832,0.1981095892439705,-0.21608411822142587,0.24115292617423648,0.49888765837117444,-1.7432017048122808,-1.5751638748036958,-0.17440931183371247,0.9669564746953179,0.006630118503325768,0.7940805366324234,-0.17732207695777194,-2.0293024714610692,-0.024995628365559186,-0.24614296472138883,1.7019841676785805,0.0,0.0,0.0,0.0,0.0,0.0,0.0,0.0,1.0,0.0,0.0,0.0,0.0,0.0,1.0,0.0,0.0,0.0,1.0,1.0,0.0,0.0,0.0,0.0,1.0,0.0,0.0,0.0,0.0,1.0,0.0,0.0,0.0,0.0,0.0,0.0,1.0,0.0,0.0,0.0,1.0,0.0,0.0,1.0,0.0,1.0,0.0,0.0,1.0,0.0,0.0,0.0,0.0,0.0,0
-0.03026365796568929,-0.14795591331319904,-1.6846875008337523,0.009850646208549108,-0.606833320537397,-0.9967912993099517,0.5872311405159112,0.319117208352543,-0.17440931183371247,0.233955331039913,0.8071070273410997,-0.5461960240222598,2.4092236161053484,-0.6410812401519824,-0.4175971210183234,-0.24614296472138883,-0.08405499526236974,0.0,0.0,0.0,0.0,0.0,0.0,0.0,0.0,0.0,0.0,1.0,0.0,0.0,0.0,1.0,0.0,0.0,0.0,1.0,0.0,0.0,1.0,0.0,0.0,1.0,0.0,0.0,0.0,0.0,0.0,1.0,0.0,0.0,0.0,0.0,0.0,1.0,0.0,0.0,0.0,0.0,0.0,1.0,1.0,0.0,0.0,1.0,0.0,0.0,0.0,1.0,0.0,0.0,0.0,0
0.5834818903763663,0.17287986731158536,0.15393030791344917,0.16665078158300348,1.1717186114282805,-0.9967912993099517,-0.6044178507741882,-0.6905296975642446,-0.17440931183371247,0.233955331039913,1.375054432627609,0.23781550455625436,0.1100718889381303,0.012497368749011112,2.3306133275510263,1.4132478086812315,0.7382562909010589,0.0,0.0,0.0,0.0,0.0,1.0,0.0,0.0,0.0,0.0,0.0,0.0,0.0,1.0,0.0,0.0,0.0,0.0,1.0,1.0,0.0,0.0,0.0,0.0,1.0,0.0,0.0,0.0,0.0,0.0,0.0,0.0,0.0,1.0,0.0,0.0,1.0,0.0,0.0,0.0,0.0,0.0,1.0,1.0,0.0,0.0,1.0,0.0,0.0,0.0,0.0,1.0,0.0,0.0,0
-0.5826743042905601,0.013113154563659652,-0.0666481935771456,1.1766814833872772,-0.7755637979526826,-0.9967912993099517,-2.203870261271923,-2.145440377959182,0.6171696394103273,0.9669564746953179,1.375054432627609,2.134357097287106,1.6188902098916171,-0.6056157342426262,-0.024995628365559186,0.5835524219799213,0.3087688675545548,0.0,0.0,0.0,0.0,1.0,0.0,0.0,0.0,0.0,0.0,0.0,0.0,0.0,0.0,1.0,0.0,0.0,0.0,1.0,1.0,0.0,0.0,0.0,0.0,1.0,0.0,0.0,1.0,0.0,0.0,0.0,0.0,0.0,0.0,0.0,0.0,1.0,0.0,0.0,0.0,1.0,0.0,0.0,1.0,0.0,1.0,0.0,0.0,1.0,0.0,0.0,0.0,0.0,0.0,1
-1.2053108494407347,-1.3557122345226607,-0.3678336660157809,-0.5873127973181029,1.1488666986634468,0.49888765837117444,0.8582985887929885,0.8228885703018639,0.6171696394103273,1.487029062692357,0.8071070273410997,0.7940805366324234,0.18192038041210587,1.4513836085000356,-0.8101986136710877,1.4132478086812315,1.5029534105180054,0.0,0.0,0.0,0.0,0.0,0.0,0.0,0.0,0.0,0.0,0.0,0.0,1.0,1.0,0.0,0.0,0.0,1.0,0.0,0.0,0.0,1.0,0.0,0.0,1.0,0.0,0.0,0.0,0.0,0.0,0.0,0.0,0.0,1.0,0.0,0.0,0.0,0.0,1.0,0.0,1.0,0.0,0.0,1.0,0.0,1.0,0.0,0.0,1.0,0.0,0.0,0.0,0.0,0.0,0
0.9735994462579717,0.12959304121718368,0.8584755762353353,0.662537441140972,1.3916731357011645,-0.9967912993099517,-0.07523351492864097,0.21263185297588352,-1.5276224669815408,-1.019118400612531,0.006630118503325768,0.23781550455625436,-0.03362509400982082,0.4330169388170922,0.9565081032663514,1.4132478086812315,1.2707508604973345,0.0,0.0,0.0,0.0,1.0,0.0,0.0,0.0,0.0,0.0,0.0,0.0,0.0,1.0,0.0,0.0,0.0,0.0,1.0,0.0,0.0,1.0,0.0,0.0,1.0,0.0,0.0,0.0,0.0,0.0,0.0,0.0,0.0,0.0,1.0,0.0,0.0,1.0,0.0,0.0,1.0,0.0,0.0,1.0,0.0,0.0,1.0,0.0,0.0,0.0,0.0,0.0,1.0,0.0,0
-1.7131858657808847,-0.1406364202907051,-0.23859410545326964,0.5512200654243107,0.6367333169865165,0.49888765837117444,-0.9631565729549103,-1.0729511718872955,-0.17440931183371247,-1.019118400612531,1.375054432627609,0.23781550455625436,-0.6802615172756009,-0.9856032975571573,-1.9880030916293803,1.4132478086812315,-1.6466210273563586,0.0,0.0,0.0,0.0,0.0,0.0,0.0,0.0,0.0,0.0,0.0,1.0,0.0,0.0,1.0,0.0,0.0,0.0,1.0,1.0,0.0,0.0,0.0,0.0,1.0,0.0,0.0,0.0,0.0,0.0,0.0,0.0,0.0,0.0,1.0,0.0,0.0,0.0,0.0,1.0,1.0,0.0,0.0,1.0,0.0,1.0,0.0,0.0,0.0,0.0,0.0,1.0,0.0,0.0,0
-1.4025974979265483,2.6807934108765994,-0.12139509407582476,2.1837463170207267,0.8187799298187437,-0.9967912993099517,-0.08339405885031331,-0.13735988773777566,-1.5276224669815408,-1.019118400612531,-1.3617941956209574,0.7940805366324234,0.18192038041210587,1.116994552783248,-0.024995628365559186,1.4132478086812315,-0.8522438825488,0.0,0.0,0.0,0.0,1.0,0.0,0.0,0.0,0.0,0.0,0.0,0.0,0.0,0.0,1.0,0.0,0.0,0.0,1.0,0.0,1.0,0.0,0.0,0.0,1.0,0.0,0.0,1.0,0.0,0.0,0.0,0.0,0.0,0.0,0.0,0.0,0.0,1.0,0.0,0.0,1.0,0.0,0.0,1.0,0.0,1.0,0.0,1.0,0.0,0.0,0.0,0.0,0.0,0.0,0
-0.26072162395144505,0.0980061316601558,1.4756357106933387,0.1167088595524093,-0.23159342861585436,1.3738037617323386,0.9731123295593782,1.3124061305207018,1.6144411763273727,-1.019118400612531,1.375054432627609,0.23781550455625436,-0.6802615172756009,-0.8285417713871511,-0.024995628365559186,-0.24614296472138883,0.5706514427658378,0.0,1.0,0.0,0.0,0.0,0.0,0.0,0.0,0.0,0.0,0.0,0.0,0.0,0.0,1.0,0.0,0.0,0.0,1.0,1.0,0.0,0.0,1.0,0.0,0.0,0.0,0.0,0.0,0.0,0.0,0.0,0.0,0.0,0.0,1.0,0.0,1.0,0.0,0.0,0.0,0.0,0.0,1.0,1.0,0.0,0.0,1.0,0.0,0.0,0.0,0.0,1.0,0.0,0.0,0
-1.8696084112684892,-0.40843110411183897,0.5048249988082347,-0.49712624757440144,-0.23159342861585436,-0.9967912993099517,-0.6625617186723355,-0.6771465333857292,1.1788038433141157,-1.019118400612531,0.8071070273410997,0.7940805366324234,0.5411628377819837,-0.4181552030074575,-1.0064993599974699,0.5835524219799213,0.8360257856466047,0.0,0.0,1.0,0.0,0.0,0.0,0.0,0.0,0.0,0.0,0.0,0.0,0.0,0.0,1.0,0.0,0.0,0.0,1.0,1.0,0.0,0.0,0.0,0.0,1.0,0.0,0.0,0.0,0.0,0.0,1.0,0.0,0.0,0.0,0.0,0.0,1.0,0.0,0.0,0.0,0.0,0.0,1.0,1.0,0.0,0.0,1.0,0.0,0.0,0.0,0.0,0.0,1.0,0.0,0
1.0746065650152026,1.1634825218406146,0.9088415055342559,-1.4208464910184138,-0.7755637979526826,1.3738037617323386,-1.2211236043687101,-1.4149168945729071,0.6171696394103273,-1.019118400612531,-1.3617941956209574,0.7940805366324234,-0.39286755137969864,-1.314925852429751,-0.6138978673447055,-0.24614296472138883,1.4435933601367812,0.0,0.0,0.0,0.0,0.0,0.0,0.0,0.0,0.0,0.0,1.0,0.0,0.0,1.0,0.0,0.0,0.0,0.0,1.0,0.0,1.0,0.0,0.0,0.0,1.0,0.0,0.0,0.0,0.0,0.0,0.0,1.0,0.0,0.0,0.0,0.0,0.0,1.0,0.0,0.0,1.0,0.0,0.0,1.0,0.0,1.0,0.0,0.0,0.0,1.0,0.0,0.0,0.0,0.0,0
-0.26072162395144505,1.9188448237114961,1.5219837786551598,1.6681898423221526,0.8187799298187437,-0.9967912993099517,-0.0566543699211178,-0.052135620259911204,1.6144411763273727,-1.019118400612531,-1.3617941956209574,0.7940805366324234,0.03822339746415475,0.0428963738141736,0.17130511796082293,0.5835524219799213,0.305277099885071,0.0,0.0,0.0,0.0,1.0,0.0,0.0,0.0,0.0,0.0,0.0,0.0,0.0,0.0,1.0,0.0,0.0,1.0,0.0,0.0,1.0,0.0,0.0,0.0,1.0,0.0,0.0,0.0,0.0,0.0,1.0,0.0,0.0,0.0,0.0,0.0,0.0,0.0,1.0,0.0,1.0,0.0,0.0,1.0,0.0,0.0,1.0,0.0,0.0,0.0,0.0,0.0,0.0,1.0,0
-1.7530141715018528,0.38003580185710617,0.06062982881427848,-0.995459453389766,0.6367333169865165,0.49888765837117444,0.6124441812665584,0.3135505374211327,1.1788038433141157,0.233955331039913,1.375054432627609,0.23781550455625436,-1.3987464320153564,0.40768443459612347,-0.6138978673447055,0.5835524219799213,-0.12595620729617504,0.0,0.0,0.0,0.0,0.0,0.0,0.0,0.0,0.0,0.0,0.0,1.0,0.0,0.0,1.0,0.0,0.0,0.0,1.0,1.0,0.0,0.0,0.0,0.0,0.0,1.0,0.0,0.0,0.0,0.0,0.0,1.0,0.0,0.0,0.0,0.0,0.0,1.0,0.0,0.0,1.0,0.0,0.0,1.0,0.0,0.0,1.0,1.0,0.0,0.0,0.0,0.0,0.0,0.0,0
-0.18097367095927416,-0.9999656581363021,-0.4377950154568216,0.7543148343957864,-1.2483101527427733,1.9945666160523006,0.21329994969974933,0.1332320529393345,-0.17440931183371247,0.233955331039913,0.8071070273410997,0.7940805366324234,0.9004052951518615,-0.11923165320002634,0.36760586428720504,-0.24614296472138883,1.1572684112391118,0.0,0.0,0.0,0.0,1.0,0.0,0.0,0.0,0.0,0.0,0.0,0.0,0.0,1.0,0.0,0.0,0.0,1.0,0.0,1.0,0.0,0.0,0.0,0.0,1.0,0.0,0.0,1.0,0.0,0.0,0.0,0.0,0.0,0.0,0.0,0.0,0.0,1.0,0.0,0.0,0.0,0.0,1.0,1.0,0.0,1.0,0.0,0.0,0.0,0.0,0.0,1.0,0.0,0.0,1
-0.32970558695237473,1.3035348089307073,0.5548572908114093,0.9014089829064915,-0.7755637979526826,0.49888765837117444,0.6625755549849836,0.5584180699274488,-0.17440931183371247,0.9669564746953179,0.006630118503325768,-0.5461960240222598,0.6130113292559592,-0.8386747730755386,0.36760586428720504,-1.075838351422699,0.9128446743752476,0.0,0.0,0.0,0.0,0.0,0.0,0.0,0.0,1.0,0.0,0.0,0.0,0.0,0.0,1.0,0.0,0.0,0.0,1.0,1.0,0.0,0.0,0.0,0.0,1.0,0.0,0.0,0.0,0.0,0.0,0.0,0.0,0.0,0.0,1.0,1.0,0.0,0.0,0.0,0.0,0.0,0.0,1.0,1.0,0.0,1.0,0.0,1.0,0.0,0.0,0.0,0.0,0.0,0.0,1
-0.9740701653760279,-0.3581021351952044,0.6940273361154479,-0.1287363630087277,-0.9820732124589395,0.49888765837117444,-0.7185877573676783,-0.9139914480184643,1.6144411763273727,0.9669564746953179,0.8071070273410997,0.23781550455625436,1.5470417184176415,0.38235193037515475,1.3491095959191157,-1.075838351422699,0.5723973266005797,0.0,0.0,0.0,0.0,0.0,0.0,0.0,0.0,1.0,0.0,0.0,0.0,0.0,0.0,1.0,0.0,0.0,1.0,0.0,0.0,0.0,1.0,0.0,0.0,1.0,0.0,0.0,0.0,0.0,0.0,0.0,0.0,0.0,0.0,1.0,0.0,0.0,1.0,0.0,0.0,1.0,0.0,0.0,1.0,0.0,1.0,0.0,0.0,0.0,0.0,0.0,1.0,0.0,0.0,1
-1.9381318642409586,0.1482755656596622,0.933288493638294,0.046577800467781774,-1.6235500446643159,-0.9967912993099517,-0.41151708649952945,-0.21809277570764316,-1.5276224669815408,-1.019118400612531,0.8071070273410997,-1.8864725846769428,0.3974658548340326,0.34181992362160474,-0.2212963746919413,-0.24614296472138883,0.9215740935489571,0.0,0.0,0.0,0.0,1.0,0.0,0.0,0.0,0.0,0.0,0.0,0.0,0.0,1.0,0.0,0.0,0.0,0.0,1.0,1.0,0.0,0.0,0.0,0.0,0.0,1.0,0.0,0.0,0.0,0.0,0.0,1.0,0.0,0.0,0.0,0.0,1.0,0.0,0.0,0.0,0.0,0.0,1.0,1.0,0.0,0.0,1.0,0.0,0.0,1.0,0.0,0.0,0.0,0.0,0
-0.28848177127215524,1.8166504577949654,-0.6745490755800451,-0.4685616310762956,-0.4641737345920091,-0.9967912993099517,-1.1610896040030698,-1.4485904753477976,-1.5276224669815408,-1.019118400612531,0.006630118503325768,1.5780920652109374,-0.10547358548379637,0.31142091855644227,1.7417110885718798,-1.075838351422699,-1.0600040588830846,0.0,0.0,0.0,0.0,0.0,1.0,0.0,0.0,0.0,0.0,0.0,0.0,0.0,0.0,1.0,0.0,0.0,0.0,1.0,0.0,0.0,1.0,0.0,0.0,1.0,0.0,0.0,0.0,1.0,0.0,0.0,0.0,0.0,0.0,0.0,1.0,0.0,0.0,0.0,0.0,1.0,0.0,0.0,1.0,0.0,1.0,0.0,0.0,0.0,0.0,0.0,1.0,0.0,0.0,0
1.915145732200605,0.05933489941926128,1.588455655644954,1.1560849477761705,-0.34059638025356326,-0.9967912993099517,-0.6092357452187925,-0.41578722503693705,0.6171696394103273,1.487029062692357,0.8071070273410997,0.23781550455625436,-1.0395039746454786,-0.07869964644647635,-1.0064993599974699,1.4132478086812315,-0.21848805053749504,0.0,0.0,0.0,0.0,0.0,0.0,0.0,0.0,0.0,0.0,1.0,0.0,0.0,0.0,1.0,0.0,0.0,0.0,1.0,1.0,0.0,0.0,1.0,0.0,0.0,0.0,0.0,0.0,0.0,0.0,0.0,1.0,0.0,0.0,0.0,1.0,0.0,0.0,0.0,0.0,1.0,0.0,0.0,1.0,0.0,1.0,0.0,0.0,0.0,0.0,0.0,0.0,1.0,0.0,0
-0.9107754239176911,-0.5687152779766215,-0.09372408288307414,-0.6515964562984796,1.5981825502074212,-0.9967912993099517,-3.0305035414895016,-3.078529162340873,-1.5276224669815408,-1.019118400612531,0.006630118503325768,1.5780920652109374,0.6848598207299348,-0.26109367683745127,0.36760586428720504,-0.24614296472138883,-0.07183380841917654,0.0,0.0,0.0,0.0,0.0,0.0,0.0,0.0,0.0,0.0,1.0,0.0,0.0,0.0,1.0,0.0,0.0,0.0,1.0,1.0,0.0,0.0,0.0,1.0,0.0,0.0,0.0,0.0,0.0,0.0,0.0,0.0,0.0,1.0,0.0,0.0,1.0,0.0,0.0,0.0,1.0,0.0,0.0,1.0,0.0,1.0,0.0,0.0,0.0,0.0,1.0,0.0,0.0,0.0,0
-1.684129409675717,-0.08315529134653081,-0.812028836009737,0.009850646208549108,0.3008804519518133,0.49888765837117444,-0.9090519299779949,-0.9451238360739136,-0.17440931183371247,0.233955331039913,0.8071070273410997,-0.5461960240222598,1.1159507695737882,-0.7677437612568261,1.3491095959191157,-0.24614296472138883,-0.4367235298802309,0.0,0.0,0.0,0.0,1.0,0.0,0.0,0.0,0.0,0.0,0.0,0.0,0.0,1.0,0.0,0.0,0.0,0.0,1.0,1.0,0.0,0.0,0.0,0.0,1.0,0.0,0.0,0.0,0.0,1.0,0.0,0.0,0.0,0.0,0.0,0.0,0.0,1.0,0.0,0.0,0.0,0.0,1.0,1.0,0.0,1.0,0.0,0.0,0.0,0.0,0.0,1.0,0.0,0.0,0
-0.34920251318270795,0.13584269749953073,0.7789345819409415,-0.41346511389116986,0.5955951912902556,-0.9967912993099517,-0.8529022659135432,-0.7704154882342474,2.271327144715815,0.9669564746953179,0.006630118503325768,-0.5461960240222598,-0.17732207695777194,1.2436570738880919,-0.4175971210183234,-0.24614296472138883,-1.1176182254295668,0.0,0.0,0.0,0.0,1.0,0.0,0.0,0.0,0.0,0.0,0.0,0.0,0.0,0.0,1.0,0.0,0.0,0.0,1.0,1.0,0.0,0.0,0.0,0.0,1.0,0.0,0.0,0.0,0.0,0.0,0.0,1.0,0.0,0.0,0.0,0.0,1.0,0.0,0.0,0.0,1.0,0.0,0.0,1.0,0.0,1.0,0.0,0.0,1.0,0.0,0.0,0.0,0.0,0.0,0
0.4616107843821005,-0.0412484500236581,-0.1496879775104765,-1.2989645835129267,-2.2650268768696926,0.49888765837117444,1.1171725579863072,0.8638743601560853,1.1788038433141157,1.487029062692357,0.8071070273410997,1.2255532164261718,0.18192038041210587,-0.4536207089168137,-1.399100852650234,0.5835524219799213,-1.330616053268077,0.0,0.0,0.0,0.0,1.0,0.0,0.0,0.0,0.0,0.0,0.0,0.0,0.0,0.0,1.0,0.0,0.0,0.0,1.0,0.0,0.0,1.0,0.0,0.0,1.0,0.0,0.0,0.0,0.0,1.0,0.0,0.0,0.0,0.0,0.0,0.0,0.0,0.0,1.0,0.0,1.0,0.0,0.0,1.0,0.0,0.0,1.0,1.0,0.0,0.0,0.0,0.0,0.0,0.0,0
1.2284718962013292,-0.010462903108779882,1.307522314191209,0.6835708967851126,0.40988340358952174,1.3738037617323386,0.6142290538557043,0.7205167986105925,0.6171696394103273,0.233955331039913,-1.3617941956209574,0.7940805366324234,-0.39286755137969864,-0.9349382891152198,-0.8101986136710877,0.5835524219799213,0.7295268717273495,0.0,0.0,0.0,0.0,1.0,0.0,0.0,0.0,0.0,0.0,0.0,0.0,0.0,1.0,0.0,0.0,0.0,0.0,1.0,0.0,1.0,0.0,0.0,0.0,1.0,0.0,0.0,0.0,0.0,1.0,0.0,0.0,0.0,0.0,0.0,0.0,1.0,0.0,0.0,0.0,1.0,0.0,0.0,1.0,0.0,1.0,0.0,0.0,1.0,0.0,0.0,0.0,0.0,0.0,0
-1.6008213265746607,-0.055106387305802626,1.2142218350920386,0.009850646208549108,-0.7755637979526826,1.3738037617323386,-0.4085981151383529,-0.5072499795520029,-0.17440931183371247,0.233955331039913,-1.3617941956209574,0.23781550455625436,-1.470594923489332,0.2658224109586985,-0.6138978673447055,0.5835524219799213,-0.03342436405485503,0.0,0.0,0.0,0.0,0.0,0.0,0.0,0.0,0.0,0.0,1.0,0.0,0.0,1.0,0.0,0.0,0.0,0.0,1.0,0.0,1.0,0.0,0.0,1.0,0.0,0.0,0.0,1.0,0.0,0.0,0.0,0.0,0.0,0.0,0.0,0.0,0.0,1.0,0.0,0.0,1.0,0.0,0.0,1.0,0.0,1.0,0.0,0.0,0.0,1.0,0.0,0.0,0.0,0.0,0
0.8437317637052877,0.019791343383534152,-0.861406942324963,-0.5564627506577629,-1.2483101527427733,-0.9967912993099517,-0.36489335184955274,-0.34503408129736884,-0.17440931183371247,1.487029062692357,0.006630118503325768,1.2255532164261718,1.6907387013655926,-0.13443115573260758,1.1528088495927336,0.5835524219799213,-1.3812466844755917,0.0,0.0,0.0,0.0,1.0,0.0,0.0,0.0,0.0,0.0,0.0,0.0,0.0,0.0,1.0,0.0,0.0,0.0,1.0,0.0,0.0,1.0,1.0,0.0,0.0,0.0,0.0,0.0,0.0,0.0,1.0,0.0,0.0,0.0,0.0,0.0,1.0,0.0,0.0,0.0,0.0,0.0,1.0,0.0,1.0,0.0,1.0,1.0,0.0,0.0,0.0,0.0,0.0,0.0,1
1.1534260904177556,-1.2425795783178417,1.2238692411356764,0.3472987940103308,0.3008804519518133,0.49888765837117444,1.9462376384910764,1.8962632897846847,-1.5276224669815408,0.233955331039913,1.375054432627609,1.2255532164261718,-0.03362509400982082,0.6103444683638733,1.1528088495927336,0.5835524219799213,-1.178724159645533,0.0,0.0,0.0,0.0,0.0,0.0,0.0,0.0,1.0,0.0,0.0,0.0,0.0,1.0,0.0,0.0,0.0,1.0,0.0,1.0,0.0,0.0,0.0,0.0,1.0,0.0,0.0,0.0,0.0,0.0,0.0,0.0,0.0,1.0,0.0,0.0,0.0,1.0,0.0,0.0,1.0,0.0,0.0,1.0,0.0,1.0,0.0,1.0,0.0,0.0,0.0,0.0,0.0,0.0,0
-0.5708777388331997,0.7372385676671598,1.2429450655922822,-0.9518011328537236,-0.04588164091512093,-0.9967912993099517,-1.6808125556327385,-1.3946977778440817,-0.17440931183371247,0.9669564746953179,1.8155886650711848,0.7940805366324234,-0.823958500223552,-0.5144187190471387,2.134312581224644,-0.24614296472138883,0.49732432170667856,0.0,0.0,0.0,0.0,1.0,0.0,0.0,0.0,0.0,0.0,0.0,0.0,0.0,1.0,0.0,0.0,0.0,1.0,0.0,1.0,0.0,0.0,0.0,0.0,1.0,0.0,0.0,0.0,1.0,0.0,0.0,0.0,0.0,0.0,0.0,0.0,1.0,0.0,0.0,0.0,1.0,0.0,0.0,1.0,0.0,1.0,0.0,0.0,0.0,0.0,0.0,1.0,0.0,0.0,1
-0.23058629354365548,0.17287986731158536,0.7229706873135391,-0.08741739249307227,1.4435814380018892,0.49888765837117444,-1.218537910756184,-0.8922192612394313,-0.17440931183371247,0.9669564746953179,-1.3617941956209574,0.7940805366324234,0.5411628377819837,-0.7221452536590823,0.5639066106135872,0.5835524219799213,1.4191509864503948,0.0,0.0,0.0,0.0,0.0,0.0,0.0,0.0,0.0,0.0,0.0,1.0,0.0,1.0,0.0,0.0,0.0,1.0,0.0,0.0,1.0,0.0,0.0,0.0,1.0,0.0,0.0,0.0,0.0,0.0,0.0,1.0,0.0,0.0,0.0,0.0,1.0,0.0,0.0,0.0,1.0,0.0,0.0,1.0,0.0,1.0,0.0,1.0,0.0,0.0,0.0,0.0,0.0,0.0,0
-0.45868214394783724,1.0671562673822041,-0.2082557620591248,0.2901608500762704,-0.606833320537397,-0.9967912993099517,0.25295243731761663,0.08912689095575005,-0.17440931183371247,-1.019118400612531,0.006630118503325768,0.23781550455625436,0.18192038041210587,-0.4029557004748762,-0.4175971210183234,0.5835524219799213,-0.12421032346143314,0.0,0.0,0.0,1.0,0.0,0.0,0.0,0.0,0.0,0.0,0.0,0.0,0.0,0.0,1.0,0.0,0.0,0.0,1.0,0.0,0.0,1.0,0.0,1.0,0.0,0.0,0.0,1.0,0.0,0.0,0.0,0.0,0.0,0.0,0.0,1.0,0.0,0.0,0.0,0.0,1.0,0.0,0.0,1.0,0.0,0.0,1.0,0.0,0.0,0.0,0.0,1.0,0.0,0.0,1
0.2192462622119632,-0.8845968091956891,-0.014183088588680292,-0.06729848207077124,0.9708350832117979,-0.9967912993099517,-0.46088016944387583,-0.14818643332694162,-0.17440931183371247,-1.019118400612531,0.006630118503325768,1.2255532164261718,0.18192038041210587,0.04796287465836735,0.17130511796082293,-1.075838351422699,0.23718763033013743,0.0,0.0,0.0,0.0,0.0,1.0,0.0,0.0,0.0,0.0,0.0,0.0,0.0,0.0,1.0,0.0,0.0,0.0,1.0,0.0,0.0,1.0,0.0,0.0,1.0,0.0,0.0,0.0,1.0,0.0,0.0,0.0,0.0,0.0,0.0,1.0,0.0,0.0,0.0,0.0,0.0,0.0,1.0,1.0,0.0,1.0,0.0,0.0,0.0,0.0,1.0,0.0,0.0,0.0,1
0.9251501492698919,0.2737588225444337,0.13124536394326805,-1.990547322782121,-0.34059638025356326,0.49888765837117444,-0.14837506255159452,-0.39654804110086955,-0.17440931183371247,0.233955331039913,0.006630118503325768,-0.5461960240222598,1.0441022780998126,0.027696871281592355,-0.024995628365559186,0.5835524219799213,-0.3721258279947811,0.0,0.0,0.0,0.0,1.0,0.0,0.0,0.0,0.0,0.0,0.0,0.0,0.0,0.0,1.0,0.0,0.0,0.0,1.0,0.0,0.0,1.0,0.0,0.0,1.0,0.0,0.0,0.0,0.0,0.0,0.0,0.0,0.0,1.0,0.0,0.0,0.0,0.0,1.0,0.0,1.0,0.0,0.0,0.0,1.0,0.0,1.0,1.0,0.0,0.0,0.0,0.0,0.0,0.0,0
-1.4413709870947229,-0.20763877093024166,-0.5905859470302397,-1.7115690801333474,0.4599202078921603,-0.9967912993099517,-1.9190475237484008,-1.9546485011847476,-1.5276224669815408,-1.019118400612531,0.8071070273410997,-1.8864725846769428,1.8344356843135439,0.012497368749011112,0.5639066106135872,-0.24614296472138883,-0.000252571194759176,0.0,1.0,0.0,0.0,0.0,0.0,0.0,0.0,0.0,0.0,0.0,0.0,0.0,0.0,1.0,0.0,0.0,0.0,1.0,1.0,0.0,0.0,0.0,0.0,1.0,0.0,0.0,0.0,0.0,0.0,0.0,1.0,0.0,0.0,0.0,1.0,0.0,0.0,0.0,0.0,1.0,0.0,0.0,1.0,0.0,0.0,1.0,0.0,1.0,0.0,0.0,0.0,0.0,0.0,0
0.47519376600929913,2.201606919310878,0.2616010418910505,-1.4869678123246417,0.6367333169865165,-0.9967912993099517,0.6652383713139884,0.7271166192572708,-0.17440931183371247,0.9669564746953179,0.8071070273410997,0.7940805366324234,0.9004052951518615,-1.0362683059990947,-1.7917023453029983,-1.9055337381240092,-0.8923992107478633,0.0,0.0,0.0,0.0,0.0,0.0,0.0,1.0,0.0,0.0,0.0,0.0,0.0,1.0,0.0,0.0,0.0,1.0,0.0,1.0,0.0,0.0,0.0,0.0,1.0,0.0,0.0,0.0,0.0,1.0,0.0,0.0,0.0,0.0,0.0,0.0,0.0,1.0,0.0,0.0,0.0,0.0,1.0,1.0,0.0,0.0,1.0,1.0,0.0,0.0,0.0,0.0,0.0,0.0,0
0.026709776129070564,-1.2289378533684567,0.8455628442893777,0.009850646208549108,0.4599202078921603,-0.9967912993099517,1.5204149808326883,1.6387035162618737,0.6171696394103273,-1.019118400612531,0.006630118503325768,-0.5461960240222598,-0.5365645343276497,-1.5885168980162132,-0.2212963746919413,0.5835524219799213,-1.4039431743272361,0.0,0.0,0.0,0.0,0.0,0.0,0.0,0.0,0.0,0.0,0.0,1.0,0.0,0.0,1.0,0.0,0.0,0.0,1.0,0.0,0.0,1.0,0.0,1.0,0.0,0.0,0.0,0.0,1.0,0.0,0.0,0.0,0.0,0.0,0.0,0.0,0.0,1.0,0.0,0.0,0.0,0.0,1.0,1.0,0.0,0.0,1.0,0.0,1.0,0.0,0.0,0.0,0.0,0.0,0
-1.703424809172922,-0.8296399791249797,0.8455628442893777,2.3130127359666854,-0.9820732124589395,-0.9967912993099517,0.26212497878242197,0.40190343348532215,0.6171696394103273,1.8904287018766261,0.006630118503325768,1.8761594147954188,-0.6084130258016253,-0.23576117261648255,-0.024995628365559186,0.5835524219799213,-0.11024325278349804,0.0,0.0,0.0,0.0,1.0,0.0,0.0,0.0,0.0,0.0,0.0,0.0,0.0,0.0,1.0,0.0,0.0,1.0,0.0,1.0,0.0,0.0,0.0,0.0,1.0,0.0,0.0,0.0,0.0,0.0,0.0,0.0,1.0,0.0,0.0,0.0,0.0,1.0,0.0,0.0,1.0,0.0,0.0,1.0,0.0,0.0,1.0,0.0,0.0,0.0,0.0,1.0,0.0,0.0,0
-1.4732837186408736,-0.28521831661767816,-0.5905859470302397,0.16665078158300348,0.7851232955110645,-0.9967912993099517,-0.38267786340052184,-0.5043003104258624,1.9703827945581553,0.9669564746953179,-1.3617941956209574,0.23781550455625436,-0.5365645343276497,0.11889388647707982,-1.5954015989766162,1.4132478086812315,1.5012075266832636,0.0,0.0,0.0,0.0,0.0,0.0,0.0,0.0,0.0,1.0,0.0,0.0,0.0,0.0,1.0,0.0,0.0,0.0,1.0,0.0,1.0,0.0,0.0,0.0,1.0,0.0,0.0,0.0,0.0,0.0,0.0,0.0,1.0,0.0,0.0,0.0,0.0,0.0,1.0,0.0,1.0,0.0,0.0,1.0,0.0,1.0,0.0,0.0,0.0,1.0,0.0,0.0,0.0,0.0,0
-1.96183788266428,0.3691473520399723,-1.7854596952050261,-0.6515964562984796,0.851255382798665,-0.9967912993099517,1.4201203663747162,1.4483151736739226,1.6144411763273727,-1.019118400612531,1.375054432627609,0.7940805366324234,-1.6142919064372832,0.012497368749011112,1.1528088495927336,0.5835524219799213,-1.330616053268077,0.0,0.0,0.0,0.0,0.0,0.0,0.0,0.0,1.0,0.0,0.0,0.0,0.0,1.0,0.0,0.0,0.0,0.0,1.0,1.0,0.0,0.0,0.0,0.0,1.0,0.0,0.0,0.0,0.0,0.0,1.0,0.0,0.0,0.0,0.0,0.0,0.0,1.0,0.0,0.0,0.0,0.0,1.0,1.0,0.0,1.0,0.0,0.0,0.0,1.0,0.0,0.0,0.0,0.0,0
0.9690656403778338,-0.010462903108779882,-1.8950053071585076,1.5463079348166655,-0.04588164091512093,-0.9967912993099517,-0.19956764353621653,0.07708546449591458,0.6171696394103273,-1.019118400612531,0.006630118503325768,-0.5461960240222598,-0.03362509400982082,0.3519529253099922,0.17130511796082293,0.5835524219799213,-0.6549590092229668,0.0,0.0,0.0,0.0,0.0,0.0,1.0,0.0,0.0,0.0,0.0,0.0,0.0,1.0,0.0,0.0,0.0,0.0,1.0,1.0,0.0,0.0,0.0,0.0,1.0,0.0,0.0,0.0,0.0,0.0,0.0,0.0,0.0,1.0,0.0,1.0,0.0,0.0,0.0,0.0,0.0,0.0,1.0,0.0,1.0,0.0,1.0,0.0,0.0,1.0,0.0,0.0,0.0,0.0,0
-0.7072310046011007,1.7233280654125325,1.6719545584047903,0.3472987940103308,0.5073898664580703,0.49888765837117444,1.9705045569557929,1.8958387283113498,-0.17440931183371247,-1.019118400612531,0.006630118503325768,1.2255532164261718,0.18192038041210587,1.8719031785681166,-0.024995628365559186,0.5835524219799213,-1.0914299679084385,0.0,0.0,0.0,0.0,0.0,0.0,0.0,0.0,0.0,0.0,1.0,0.0,0.0,0.0,1.0,0.0,0.0,0.0,1.0,0.0,0.0,1.0,0.0,0.0,1.0,0.0,0.0,0.0,0.0,0.0,0.0,0.0,0.0,0.0,1.0,1.0,0.0,0.0,0.0,0.0,1.0,0.0,0.0,1.0,0.0,0.0,1.0,0.0,1.0,0.0,0.0,0.0,0.0,0.0,0
0.753915011334546,-0.055106387305802626,1.2334432821649801,-1.7115690801333474,0.7138992809643273,-0.9967912993099517,-3.0938128128692415,-3.363445190783467,-0.17440931183371247,-1.019118400612531,1.375054432627609,0.23781550455625436,-0.2491705684317475,-0.9856032975571573,0.5639066106135872,0.5835524219799213,1.5937393699245836,0.0,0.0,0.0,0.0,0.0,0.0,0.0,0.0,1.0,0.0,0.0,0.0,0.0,0.0,1.0,0.0,0.0,1.0,0.0,1.0,0.0,0.0,0.0,0.0,1.0,0.0,0.0,0.0,0.0,0.0,0.0,0.0,1.0,0.0,0.0,0.0,0.0,1.0,0.0,0.0,0.0,0.0,1.0,1.0,0.0,0.0,1.0,0.0,1.0,0.0,0.0,0.0,0.0,0.0,0
-0.677032994918653,1.2147951123605096,0.30221683279231626,0.3748431474487516,1.5544521106462208,0.49888765837117444,0.13646785525022895,0.1118688246797503,0.6171696394103273,-1.019118400612531,0.8071070273410997,0.7940805366324234,-0.03362509400982082,0.14422639069804857,0.7602073569399693,0.5835524219799213,1.4697816176579095,0.0,0.0,0.0,1.0,0.0,0.0,0.0,0.0,0.0,0.0,0.0,0.0,0.0,0.0,1.0,0.0,0.0,0.0,1.0,0.0,0.0,1.0,0.0,1.0,0.0,0.0,0.0,0.0,0.0,0.0,0.0,0.0,0.0,0.0,1.0,1.0,0.0,0.0,0.0,0.0,1.0,0.0,0.0,1.0,0.0,1.0,0.0,0.0,0.0,0.0,0.0,1.0,0.0,0.0,0
0.01698684903711803,-0.010462903108779882,-0.12139509407582476,0.5970402408052938,1.1488666986634468,-0.9967912993099517,-0.42538377062586635,-0.5429808232597086,-0.17440931183371247,1.487029062692357,-1.3617941956209574,1.2255532164261718,0.18192038041210587,1.9479006912310228,-0.6138978673447055,0.5835524219799213,-0.326732848291492,0.0,0.0,0.0,0.0,0.0,0.0,0.0,0.0,1.0,0.0,0.0,0.0,0.0,0.0,1.0,0.0,0.0,0.0,1.0,0.0,1.0,0.0,0.0,0.0,1.0,0.0,0.0,1.0,0.0,0.0,0.0,0.0,0.0,0.0,0.0,0.0,1.0,0.0,0.0,0.0,0.0,0.0,1.0,1.0,0.0,1.0,0.0,1.0,0.0,0.0,0.0,0.0,0.0,0.0,0
-1.0696339410776308,-1.4923739288327833,0.7925453126452172,0.6411144549970303,-2.2650268768696926,-0.9967912993099517,1.2632485496113275,1.0651171215835509,-0.17440931183371247,1.487029062692357,0.8071070273410997,-1.8864725846769428,1.8344356843135439,-1.1527978254155509,-1.399100852650234,0.5835524219799213,-0.9255710036079592,0.0,0.0,0.0,0.0,1.0,0.0,0.0,0.0,0.0,0.0,0.0,0.0,0.0,1.0,0.0,0.0,0.0,0.0,1.0,1.0,0.0,0.0,0.0,0.0,1.0,0.0,0.0,0.0,0.0,0.0,0.0,0.0,0.0,1.0,0.0,0.0,1.0,0.0,0.0,0.0,1.0,0.0,0.0,0.0,1.0,1.0,0.0,1.0,0.0,0.0,0.0,0.0,0.0,0.0,0
-0.5553209320470824,-0.4867419898266078,-0.09372408288307414,-0.5264140952250759,0.5073898664580703,-0.9967912993099517,-0.10765048707102334,0.02498479910251375,0.6171696394103273,-1.019118400612531,0.006630118503325768,0.23781550455625436,-0.10547358548379637,0.5343469557009671,1.1528088495927336,0.5835524219799213,-1.5401221134371035,0.0,0.0,0.0,0.0,0.0,0.0,0.0,0.0,1.0,0.0,0.0,0.0,0.0,1.0,0.0,0.0,0.0,1.0,0.0,1.0,0.0,0.0,0.0,1.0,0.0,0.0,0.0,1.0,0.0,0.0,0.0,0.0,0.0,0.0,0.0,0.0,1.0,0.0,0.0,0.0,1.0,0.0,0.0,1.0,0.0,0.0,1.0,0.0,0.0,0.0,0.0,1.0,0.0,0.0,0
0.9702006412204905,-0.44280481896918217,1.3164830660983111,0.8209806641568088,-0.9820732124589395,-0.9967912993099517,-1.12311145031831,-1.0821849566757866,-0.17440931183371247,0.233955331039913,1.375054432627609,0.23781550455625436,0.6130113292559592,-0.266160177681645,-0.6138978673447055,0.5835524219799213,-1.6745551687122286,0.0,1.0,0.0,0.0,0.0,0.0,0.0,0.0,0.0,0.0,0.0,0.0,0.0,1.0,0.0,0.0,0.0,1.0,0.0,1.0,0.0,0.0,0.0,0.0,1.0,0.0,0.0,0.0,0.0,0.0,0.0,1.0,0.0,0.0,0.0,0.0,0.0,1.0,0.0,0.0,1.0,0.0,0.0,1.0,0.0,0.0,1.0,0.0,0.0,1.0,0.0,0.0,0.0,0.0,0
0.12446129025149108,0.4176214643191637,-1.3469484189652163,-0.38687065090507,-0.34059638025356326,0.49888765837117444,1.3921134629874894,1.2666782197812585,-1.5276224669815408,1.8904287018766261,0.8071070273410997,-1.8864725846769428,-1.2550494490674053,-0.31175868527938877,-0.2212963746919413,1.4132478086812315,1.4872404560053285,0.0,0.0,0.0,0.0,0.0,0.0,0.0,0.0,1.0,0.0,0.0,0.0,0.0,1.0,0.0,0.0,0.0,0.0,1.0,1.0,0.0,0.0,0.0,1.0,0.0,0.0,0.0,0.0,0.0,1.0,0.0,0.0,0.0,0.0,0.0,0.0,1.0,0.0,0.0,0.0,1.0,0.0,0.0,1.0,0.0,0.0,1.0,0.0,0.0,1.0,0.0,0.0,0.0,0.0,0
0.026709776129070564,-0.1406364202907051,-0.1496879775104765,-0.2862151773060534,0.40988340358952174,0.49888765837117444,0.06309172768390073,-0.19875891324497827,-0.17440931183371247,0.233955331039913,0.8071070273410997,0.23781550455625436,1.0441022780998126,-0.6461477409961761,-1.399100852650234,1.4132478086812315,0.26337588785126576,0.0,0.0,0.0,0.0,0.0,0.0,0.0,1.0,0.0,0.0,0.0,0.0,0.0,1.0,0.0,0.0,0.0,0.0,1.0,1.0,0.0,0.0,0.0,0.0,1.0,0.0,0.0,0.0,0.0,1.0,0.0,0.0,0.0,0.0,0.0,0.0,0.0,0.0,0.0,1.0,1.0,0.0,0.0,1.0,0.0,1.0,0.0,1.0,0.0,0.0,0.0,0.0,0.0,0.0,0
-0.9904099406294383,1.4946360269238455,0.28207271779377585,-1.990547322782121,-2.2650268768696926,-0.9967912993099517,1.3283463551339416,1.1578108976767492,-0.17440931183371247,-1.019118400612531,-1.3617941956209574,-0.5461960240222598,0.5411628377819837,-1.0362683059990947,1.1528088495927336,0.5835524219799213,-0.24642219189336523,0.0,0.0,0.0,0.0,0.0,1.0,0.0,0.0,0.0,0.0,0.0,0.0,0.0,0.0,1.0,0.0,0.0,0.0,1.0,0.0,1.0,0.0,0.0,0.0,1.0,0.0,0.0,0.0,0.0,0.0,0.0,1.0,0.0,0.0,0.0,0.0,0.0,1.0,0.0,0.0,1.0,0.0,0.0,1.0,0.0,1.0,0.0,0.0,0.0,0.0,0.0,1.0,0.0,0.0,0
-0.9056433410256586,-0.5780646107171127,-0.33425886755361933,0.27542424071344995,-2.2650268768696926,-0.9967912993099517,0.439547082809268,0.665876285203957,-1.5276224669815408,1.8904287018766261,0.8071070273410997,0.7940805366324234,-0.5365645343276497,0.5799454632987109,-1.2028001063238518,0.5835524219799213,0.42225131681277744,0.0,0.0,0.0,0.0,0.0,0.0,0.0,0.0,0.0,0.0,0.0,1.0,0.0,0.0,1.0,0.0,0.0,0.0,1.0,1.0,0.0,0.0,0.0,0.0,1.0,0.0,0.0,0.0,0.0,0.0,0.0,1.0,0.0,0.0,0.0,0.0,1.0,0.0,0.0,0.0,1.0,0.0,0.0,1.0,0.0,1.0,0.0,1.0,0.0,0.0,0.0,0.0,0.0,0.0,0
-1.6651286079636993,0.941749206668019,-0.7645145055021436,-0.5564627506577629,0.4599202078921603,-0.9967912993099517,-0.9905860376069698,-0.6860556160064664,-0.17440931183371247,-1.019118400612531,1.8155886650711848,-0.5461960240222598,-1.326897940541381,-1.0413348068432886,0.9565081032663514,-0.24614296472138883,-0.019457293376919933,0.0,0.0,1.0,0.0,0.0,0.0,0.0,0.0,0.0,0.0,0.0,0.0,0.0,1.0,0.0,0.0,0.0,1.0,0.0,1.0,0.0,0.0,0.0,0.0,1.0,0.0,0.0,0.0,0.0,0.0,0.0,1.0,0.0,0.0,0.0,1.0,0.0,0.0,0.0,0.0,0.0,0.0,1.0,1.0,0.0,0.0,1.0,0.0,0.0,0.0,1.0,0.0,0.0,0.0,0
-0.606608279182641,-2.1334523695039787,0.9808028241458874,1.469670102983615,-1.2483101527427733,-0.9967912993099517,0.06103222031632599,-0.3585748715429545,1.1788038433141157,0.9669564746953179,0.006630118503325768,-1.8864725846769428,-0.03362509400982082,1.6388441397352043,-0.6138978673447055,-1.075838351422699,0.6474703314944809,0.0,0.0,0.0,0.0,1.0,0.0,0.0,0.0,0.0,0.0,0.0,0.0,0.0,1.0,0.0,0.0,0.0,0.0,1.0,1.0,0.0,0.0,0.0,1.0,0.0,0.0,0.0,0.0,0.0,0.0,0.0,1.0,0.0,0.0,0.0,1.0,0.0,0.0,0.0,0.0,1.0,0.0,0.0,1.0,0.0,1.0,0.0,0.0,0.0,1.0,0.0,0.0,0.0,0.0,0
-1.3357112234463253,0.22700856440505643,-0.40232843552956954,-0.8299192253482364,0.9708350832117979,-0.9967912993099517,1.4817370868530795,1.3183025042053593,1.6144411763273727,-1.019118400612531,-1.3617941956209574,-1.8864725846769428,-0.03362509400982082,0.012497368749011112,-1.0064993599974699,-0.24614296472138883,0.7487315939095103,0.0,0.0,0.0,1.0,0.0,0.0,0.0,0.0,0.0,0.0,0.0,0.0,0.0,1.0,0.0,0.0,0.0,0.0,1.0,0.0,1.0,0.0,0.0,1.0,0.0,0.0,0.0,0.0,0.0,0.0,0.0,0.0,0.0,1.0,0.0,1.0,0.0,0.0,0.0,0.0,1.0,0.0,0.0,1.0,0.0,1.0,0.0,0.0,0.0,1.0,0.0,0.0,0.0,0.0,0
0.2377755623696713,1.5231417073641729,-1.8950053071585076,0.13359687029942127,0.5955951912902556,0.49888765837117444,0.8265910679965183,0.7463467261457627,-1.5276224669815408,0.9669564746953179,0.006630118503325768,0.23781550455625436,1.978132667261495,1.3247210873951918,1.1528088495927336,1.4132478086812315,1.6391323496278727,0.0,0.0,0.0,0.0,1.0,0.0,0.0,0.0,0.0,0.0,0.0,0.0,0.0,0.0,1.0,0.0,0.0,0.0,1.0,0.0,0.0,1.0,0.0,0.0,1.0,0.0,0.0,0.0,0.0,0.0,0.0,0.0,0.0,0.0,1.0,0.0,1.0,0.0,0.0,0.0,0.0,0.0,1.0,1.0,0.0,1.0,0.0,0.0,0.0,0.0,0.0,1.0,0.0,0.0,0
1.2666004728783145,-0.44280481896918217,2.363934083821344,-1.3583010865962881,0.5955951912902556,-0.9967912993099517,0.06103222031632599,1.0056144000455454,-0.17440931183371247,1.8904287018766261,0.006630118503325768,-0.5461960240222598,0.8285568036778859,0.8839355139503358,0.36760586428720504,0.5835524219799213,0.2162370243132348,0.0,0.0,0.0,0.0,0.0,0.0,1.0,0.0,0.0,0.0,0.0,0.0,0.0,0.0,1.0,0.0,0.0,0.0,1.0,0.0,0.0,1.0,0.0,0.0,1.0,0.0,0.0,0.0,0.0,0.0,0.0,0.0,0.0,0.0,1.0,0.0,0.0,0.0,1.0,0.0,0.0,0.0,1.0,1.0,0.0,1.0,0.0,0.0,1.0,0.0,0.0,0.0,0.0,0.0,0
-1.5060363546141886,0.8278219833302185,-1.423273625232452,0.7245241359695984,-0.04588164091512093,0.49888765837117444,0.6801905413071937,0.40096319279442705,-0.17440931183371247,0.233955331039913,1.8155886650711848,0.7940805366324234,0.325617363360057,0.24048990673772977,0.7602073569399693,1.4132478086812315,-1.267764235217369,0.0,0.0,0.0,0.0,0.0,0.0,0.0,0.0,0.0,1.0,0.0,0.0,0.0,1.0,0.0,0.0,0.0,0.0,1.0,1.0,0.0,0.0,0.0,0.0,1.0,0.0,0.0,0.0,0.0,0.0,0.0,1.0,0.0,0.0,0.0,0.0,1.0,0.0,0.0,0.0,1.0,0.0,0.0,1.0,0.0,0.0,1.0,0.0,0.0,0.0,0.0,1.0,0.0,0.0,0
1.192938245155768,-0.37471843159459833,0.341563170268023,-0.6515964562984796,0.676120343873356,0.49888765837117444,-0.990734071232039,-1.0984794736760624,1.6144411763273727,1.487029062692357,-1.3617941956209574,0.23781550455625436,0.4693143463080081,0.47861544641483594,0.17130511796082293,1.4132478086812315,-1.3655337299629147,0.0,0.0,0.0,0.0,0.0,0.0,0.0,0.0,1.0,0.0,0.0,0.0,0.0,0.0,1.0,0.0,0.0,0.0,1.0,0.0,1.0,0.0,0.0,1.0,0.0,0.0,0.0,0.0,0.0,0.0,0.0,1.0,0.0,0.0,0.0,0.0,1.0,0.0,0.0,0.0,0.0,1.0,0.0,1.0,0.0,1.0,0.0,1.0,0.0,0.0,0.0,0.0,0.0,0.0,0
1.1718926833630727,-0.9999656581363021,0.6793022521365594,0.3047120883641238,0.676120343873356,-0.9967912993099517,0.44953055903501615,0.6147819496825281,1.1788038433141157,-1.019118400612531,0.006630118503325768,-0.5461960240222598,0.3974658548340326,0.519147453168386,-0.8101986136710877,-1.075838351422699,-1.716456380746034,0.0,0.0,0.0,0.0,1.0,0.0,0.0,0.0,0.0,0.0,0.0,0.0,0.0,0.0,1.0,0.0,0.0,0.0,1.0,0.0,0.0,1.0,1.0,0.0,0.0,0.0,0.0,0.0,0.0,0.0,0.0,0.0,0.0,0.0,1.0,1.0,0.0,0.0,0.0,0.0,0.0,0.0,1.0,0.0,1.0,1.0,0.0,0.0,0.0,0.0,0.0,0.0,0.0,1.0,0
0.8512440300022415,-0.9070711792607816,-1.8950053071585076,-0.5564627506577629,-2.2650268768696926,0.49888765837117444,0.6042063950628502,0.43095225930769904,0.6171696394103273,-1.019118400612531,1.8155886650711848,-0.5461960240222598,-0.2491705684317475,-0.7424112570358574,-1.399100852650234,-0.24614296472138883,1.1014001285273713,0.0,0.0,0.0,0.0,0.0,0.0,0.0,0.0,1.0,0.0,0.0,0.0,0.0,0.0,1.0,0.0,0.0,0.0,1.0,1.0,0.0,0.0,0.0,0.0,1.0,0.0,0.0,1.0,0.0,0.0,0.0,0.0,0.0,0.0,0.0,0.0,1.0,0.0,0.0,0.0,1.0,0.0,0.0,1.0,0.0,1.0,0.0,0.0,0.0,1.0,0.0,0.0,0.0,0.0,0
0.235730322241805,0.6463869542212214,-0.17863132870856746,-1.6317575612867619,0.3008804519518133,0.49888765837117444,1.2231818118241418,1.0437691628562125,1.1788038433141157,0.233955331039913,1.375054432627609,-0.5461960240222598,1.6188902098916171,-0.13443115573260758,-2.3806045842821444,-0.24614296472138883,-1.0652417103873102,0.0,0.0,0.0,0.0,1.0,0.0,0.0,0.0,0.0,0.0,0.0,0.0,0.0,0.0,1.0,0.0,0.0,1.0,0.0,0.0,0.0,1.0,0.0,0.0,1.0,0.0,0.0,0.0,0.0,0.0,0.0,0.0,1.0,0.0,0.0,0.0,1.0,0.0,0.0,0.0,0.0,0.0,1.0,0.0,1.0,1.0,0.0,0.0,0.0,1.0,0.0,0.0,0.0,0.0,0
-0.8072103729146198,0.38545477073906953,0.7925453126452172,0.009850646208549108,-0.9820732124589395,-0.9967912993099517,-0.30749237361098475,-0.2619526930750775,0.6171696394103273,0.9669564746953179,0.006630118503325768,0.23781550455625436,0.1100718889381303,0.6559429759616171,-1.399100852650234,-0.24614296472138883,-1.4947291337338144,0.0,0.0,0.0,0.0,0.0,0.0,0.0,0.0,1.0,0.0,0.0,0.0,0.0,0.0,1.0,0.0,0.0,0.0,1.0,1.0,0.0,0.0,0.0,0.0,1.0,0.0,0.0,1.0,0.0,0.0,0.0,0.0,0.0,0.0,0.0,0.0,1.0,0.0,0.0,0.0,1.0,0.0,0.0,1.0,0.0,1.0,0.0,0.0,0.0,0.0,1.0,0.0,0.0,0.0,0
0.7646669428984638,-0.6843391231896676,-1.3469484189652163,1.3704543410711822,-0.23159342861585436,-0.9967912993099517,0.9273301256727347,0.8773416752285272,-0.17440931183371247,-1.019118400612531,-1.3617941956209574,-0.5461960240222598,0.03822339746415475,-0.17496316248615756,0.17130511796082293,-1.9055337381240092,-0.6305166355365803,0.0,0.0,0.0,0.0,1.0,0.0,0.0,0.0,0.0,0.0,0.0,0.0,0.0,0.0,1.0,0.0,0.0,0.0,1.0,0.0,1.0,0.0,0.0,0.0,1.0,0.0,0.0,0.0,0.0,0.0,0.0,1.0,0.0,0.0,0.0,0.0,0.0,0.0,1.0,0.0,1.0,0.0,0.0,0.0,1.0,0.0,1.0,0.0,0.0,0.0,0.0,0.0,0.0,1.0,0
-1.9738624045903999,-1.3124274442971189,0.9572697963927906,-1.4869678123246417,0.35698583829276287,-0.9967912993099517,0.8812643587912161,1.2230608534832517,1.1788038433141157,0.233955331039913,-1.3617941956209574,0.23781550455625436,0.325617363360057,0.4026179337519297,-0.6138978673447055,1.4132478086812315,0.04863217617801366,0.0,0.0,0.0,0.0,1.0,0.0,0.0,0.0,0.0,0.0,0.0,0.0,0.0,0.0,1.0,0.0,0.0,0.0,1.0,0.0,1.0,0.0,0.0,1.0,0.0,0.0,0.0,0.0,0.0,0.0,0.0,1.0,0.0,0.0,0.0,0.0,0.0,1.0,0.0,0.0,0.0,0.0,1.0,1.0,0.0,0.0,1.0,0.0,1.0,0.0,0.0,0.0,0.0,0.0,0
0.026709776129070564,-1.073016538815169,0.6340645593707459,-1.0408302956165845,-1.6235500446643159,1.3738037617323386,-0.6360134136160357,-0.7079105430231841,-0.17440931183371247,0.9669564746953179,-1.3617941956209574,-0.5461960240222598,-1.2550494490674053,1.7097751515539168,0.7602073569399693,1.4132478086812315,0.05736159535172309,0.0,0.0,0.0,0.0,1.0,0.0,0.0,0.0,0.0,0.0,0.0,0.0,0.0,1.0,0.0,0.0,0.0,0.0,1.0,0.0,1.0,0.0,0.0,0.0,1.0,0.0,0.0,0.0,0.0,0.0,0.0,1.0,0.0,0.0,0.0,0.0,0.0,0.0,1.0,0.0,1.0,0.0,0.0,1.0,0.0,1.0,0.0,0.0,0.0,0.0,0.0,0.0,0.0,1.0,1
-1.2653801763467714,0.38545477073906953,-1.8950053071585076,-1.2425237219686571,1.1013970400975368,0.49888765837117444,-1.0774182855944858,-1.2351257346003748,-0.17440931183371247,-1.019118400612531,0.006630118503325768,-0.5461960240222598,-0.8958069916975275,1.1068615510948607,1.3491095959191157,-0.24614296472138883,-1.1228558769337924,0.0,0.0,0.0,0.0,0.0,0.0,0.0,0.0,1.0,0.0,0.0,0.0,0.0,0.0,1.0,0.0,0.0,1.0,0.0,0.0,0.0,1.0,0.0,0.0,1.0,0.0,0.0,0.0,1.0,0.0,0.0,0.0,0.0,0.0,0.0,0.0,1.0,0.0,0.0,0.0,0.0,0.0,1.0,1.0,0.0,0.0,1.0,0.0,0.0,0.0,0.0,1.0,0.0,0.0,0
0.4357360823660635,-0.45150459974867746,-2.014998948602723,-1.1887089868435954,-1.2483101527427733,-0.9967912993099517,-0.3444229710889029,-0.3716129925390589,0.6171696394103273,-1.019118400612531,0.006630118503325768,1.2255532164261718,0.18192038041210587,-0.6461477409961761,-0.4175971210183234,1.4132478086812315,1.663574723314259,0.0,0.0,0.0,0.0,0.0,0.0,0.0,0.0,1.0,0.0,0.0,0.0,0.0,0.0,1.0,0.0,0.0,1.0,0.0,0.0,0.0,1.0,0.0,1.0,0.0,0.0,0.0,0.0,0.0,0.0,1.0,0.0,0.0,0.0,0.0,0.0,1.0,0.0,0.0,0.0,0.0,0.0,1.0,1.0,0.0,1.0,0.0,0.0,0.0,0.0,0.0,1.0,0.0,0.0,0
2.1618899126248627,-2.2511377494603435,0.5548572908114093,1.3875925536556248,0.034643511667979465,0.49888765837117444,1.1803756987816238,0.9128796499849738,1.1788038433141157,1.487029062692357,0.006630118503325768,0.7940805366324234,-0.39286755137969864,-1.071733811908451,-0.2212963746919413,-0.24614296472138883,-0.44021529754971467,0.0,0.0,0.0,0.0,1.0,0.0,0.0,0.0,0.0,0.0,0.0,0.0,0.0,0.0,1.0,0.0,0.0,1.0,0.0,0.0,0.0,1.0,0.0,0.0,1.0,0.0,0.0,0.0,1.0,0.0,0.0,0.0,0.0,0.0,0.0,0.0,0.0,0.0,1.0,0.0,1.0,0.0,0.0,1.0,0.0,1.0,0.0,0.0,0.0,0.0,0.0,1.0,0.0,0.0,1
0.5199717673854168,-1.048326471856237,-2.014998948602723,-0.8691368180092968,-0.4641737345920091,-0.9967912993099517,1.3413869029939522,1.3520669835216335,-1.5276224669815408,-1.019118400612531,0.006630118503325768,-0.5461960240222598,-0.17732207695777194,-0.6613472435287574,0.5639066106135872,-0.24614296472138883,-1.3760090329713661,0.0,0.0,0.0,0.0,1.0,0.0,0.0,0.0,0.0,0.0,0.0,0.0,0.0,0.0,1.0,0.0,0.0,1.0,0.0,0.0,0.0,1.0,0.0,0.0,1.0,0.0,0.0,0.0,0.0,0.0,0.0,1.0,0.0,0.0,0.0,1.0,0.0,0.0,0.0,0.0,1.0,0.0,0.0,1.0,0.0,1.0,0.0,0.0,0.0,0.0,0.0,1.0,0.0,0.0,0
-1.3799003034093147,-1.4303166848390385,-0.33425886755361933,0.0645131704451016,-0.4641737345920091,0.49888765837117444,1.463498079630639,1.2091158396602755,0.6171696394103273,1.8904287018766261,-1.3617941956209574,-0.5461960240222598,1.0441022780998126,0.13409338900966106,-1.0064993599974699,0.5835524219799213,-0.44021529754971467,0.0,0.0,0.0,0.0,0.0,0.0,0.0,0.0,1.0,0.0,0.0,0.0,0.0,0.0,1.0,0.0,0.0,1.0,0.0,0.0,1.0,0.0,0.0,0.0,1.0,0.0,0.0,0.0,0.0,0.0,0.0,0.0,0.0,1.0,0.0,1.0,0.0,0.0,0.0,0.0,1.0,0.0,0.0,1.0,0.0,1.0,0.0,1.0,0.0,0.0,0.0,0.0,0.0,0.0,0
-0.16110620602441025,-0.1700995603448151,0.6644029027648904,-0.9097307441948221,0.10871947129041147,0.49888765837117444,0.6823840785645428,0.3697343957666715,1.1788038433141157,0.9669564746953179,0.8071070273410997,0.23781550455625436,1.6907387013655926,-0.7981427663219886,-0.8101986136710877,1.4132478086812315,-1.3341078209375608,0.0,0.0,0.0,0.0,1.0,0.0,0.0,0.0,0.0,0.0,0.0,0.0,0.0,0.0,1.0,0.0,0.0,0.0,1.0,1.0,0.0,0.0,0.0,0.0,0.0,1.0,0.0,0.0,0.0,0.0,0.0,0.0,0.0,1.0,0.0,0.0,0.0,1.0,0.0,0.0,0.0,0.0,1.0,1.0,0.0,1.0,0.0,0.0,0.0,0.0,0.0,1.0,0.0,0.0,0
-1.4179622404601584,-0.010462903108779882,0.08461113156877503,-0.8691368180092968,0.40988340358952174,1.3738037617323386,0.8405563320625655,0.5273317715748718,0.6171696394103273,-1.019118400612531,0.006630118503325768,0.7940805366324234,-0.17732207695777194,1.6540436422677856,-1.0064993599974699,-0.24614296472138883,-1.3899761036493012,0.0,0.0,0.0,0.0,1.0,0.0,0.0,0.0,0.0,0.0,0.0,0.0,0.0,0.0,1.0,0.0,0.0,1.0,0.0,1.0,0.0,0.0,0.0,0.0,1.0,0.0,0.0,0.0,0.0,0.0,0.0,0.0,0.0,0.0,1.0,1.0,0.0,0.0,0.0,0.0,0.0,0.0,1.0,1.0,0.0,1.0,0.0,0.0,0.0,0.0,0.0,1.0,0.0,0.0,0
1.6873915907304569,-1.4303166848390385,-0.6745490755800451,0.2901608500762704,0.034643511667979465,0.49888765837117444,1.893799155019974,1.885518733000141,-0.17440931183371247,0.233955331039913,0.006630118503325768,1.2255532164261718,-0.9676554831715031,0.7420734903129108,-0.2212963746919413,-0.24614296472138883,-0.6148036810239034,0.0,0.0,0.0,0.0,1.0,0.0,0.0,0.0,0.0,0.0,0.0,0.0,0.0,0.0,0.0,1.0,0.0,0.0,1.0,0.0,0.0,1.0,0.0,0.0,1.0,0.0,0.0,0.0,0.0,0.0,0.0,0.0,1.0,0.0,0.0,0.0,0.0,0.0,1.0,0.0,1.0,0.0,0.0,1.0,0.0,1.0,0.0,0.0,0.0,1.0,0.0,0.0,0.0,0.0,0
0.40216976324005443,-0.6843391231896676,-0.9663827477070894,1.4375344756862194,-2.2650268768696926,0.49888765837117444,-0.7749833058971468,-0.9935122299039435,-0.17440931183371247,-1.019118400612531,1.375054432627609,0.23781550455625436,2.481072107579324,1.3551200924603544,0.5639066106135872,-1.9055337381240092,-1.3079195634164325,0.0,0.0,0.0,0.0,0.0,0.0,0.0,0.0,0.0,0.0,0.0,1.0,0.0,0.0,1.0,0.0,0.0,0.0,1.0,1.0,0.0,0.0,0.0,0.0,1.0,0.0,0.0,0.0,0.0,0.0,0.0,1.0,0.0,0.0,0.0,0.0,0.0,0.0,1.0,0.0,0.0,0.0,1.0,0.0,1.0,0.0,1.0,1.0,0.0,0.0,0.0,0.0,0.0,0.0,1
1.1995606084548602,-0.6159686704147395,0.4167485119683675,-1.4208464910184138,0.750196303495788,-0.9967912993099517,0.8702982698771627,1.09236741693031,1.1788038433141157,1.487029062692357,0.006630118503325768,-1.8864725846769428,-1.0395039746454786,-0.1800296633303513,0.17130511796082293,0.5835524219799213,1.0682283356672757,0.0,0.0,0.0,0.0,0.0,0.0,0.0,1.0,0.0,0.0,0.0,0.0,0.0,1.0,0.0,0.0,0.0,0.0,1.0,1.0,0.0,0.0,0.0,0.0,1.0,0.0,0.0,0.0,0.0,0.0,0.0,1.0,0.0,0.0,0.0,0.0,0.0,1.0,0.0,0.0,1.0,0.0,0.0,1.0,0.0,1.0,0.0,1.0,0.0,0.0,0.0,0.0,0.0,0.0,0
-0.26072162395144505,-0.010462903108779882,0.7789345819409415,1.5009370925898469,0.7851232955110645,0.49888765837117444,0.31003974917488886,0.6521582844678859,0.6171696394103273,0.9669564746953179,0.8071070273410997,-1.8864725846769428,0.8285568036778859,0.9346005223922733,-2.1843038379557624,1.4132478086812315,-1.2311006746877895,0.0,0.0,1.0,0.0,0.0,0.0,0.0,0.0,0.0,0.0,0.0,0.0,0.0,1.0,0.0,0.0,0.0,0.0,1.0,0.0,0.0,1.0,0.0,0.0,1.0,0.0,0.0,0.0,0.0,0.0,0.0,0.0,0.0,0.0,1.0,0.0,1.0,0.0,0.0,0.0,0.0,0.0,1.0,1.0,0.0,1.0,0.0,0.0,0.0,0.0,0.0,1.0,0.0,0.0,0
-0.3925238037083091,0.687853771560939,0.3220437044155789,0.009850646208549108,0.35698583829276287,-0.9967912993099517,0.9475186395633506,1.2593633665620132,-0.17440931183371247,0.233955331039913,0.8071070273410997,0.23781550455625436,-0.5365645343276497,0.818071002975817,0.36760586428720504,1.4132478086812315,1.5588216932297458,0.0,0.0,0.0,0.0,1.0,0.0,0.0,0.0,0.0,0.0,0.0,0.0,0.0,0.0,1.0,0.0,0.0,1.0,0.0,1.0,0.0,0.0,0.0,0.0,1.0,0.0,0.0,0.0,0.0,1.0,0.0,0.0,0.0,0.0,0.0,1.0,0.0,0.0,0.0,0.0,1.0,0.0,0.0,1.0,0.0,1.0,0.0,0.0,0.0,0.0,0.0,0.0,1.0,0.0,0
-0.10602959323311491,-0.010462903108779882,0.13124536394326805,1.551241026261904,1.0513602357948983,0.49888765837117444,1.7880394212923878,1.6207926006116102,-0.17440931183371247,1.487029062692357,1.375054432627609,-1.8864725846769428,-0.39286755137969864,-0.6360147393077886,0.17130511796082293,0.5835524219799213,0.7626986645874454,0.0,0.0,0.0,0.0,0.0,1.0,0.0,0.0,0.0,0.0,0.0,0.0,0.0,1.0,0.0,0.0,0.0,1.0,0.0,1.0,0.0,0.0,0.0,0.0,0.0,0.0,1.0,0.0,0.0,0.0,0.0,1.0,0.0,0.0,0.0,0.0,1.0,0.0,0.0,0.0,0.0,0.0,1.0,1.0,0.0,1.0,0.0,0.0,0.0,0.0,0.0,0.0,1.0,0.0,0
-0.07149404019414463,0.6603184934104144,-1.022346642334492,-1.6317575612867619,-0.13408696574730583,1.3738037617323386,1.2220251171336685,1.4970936803285306,-0.17440931183371247,0.233955331039913,0.006630118503325768,0.23781550455625436,0.7567083122039103,-0.0027021337835701335,0.17130511796082293,1.4132478086812315,-0.5781401204943237,0.0,0.0,0.0,1.0,0.0,0.0,0.0,0.0,0.0,0.0,0.0,0.0,0.0,1.0,0.0,0.0,0.0,0.0,1.0,0.0,0.0,1.0,0.0,0.0,1.0,0.0,0.0,0.0,0.0,0.0,0.0,0.0,1.0,0.0,0.0,1.0,0.0,0.0,0.0,0.0,1.0,0.0,0.0,1.0,0.0,1.0,0.0,0.0,0.0,0.0,0.0,0.0,0.0,1.0,0
0.7858960860074422,-0.8514164124999,-0.40232843552956954,1.1834663016101437,0.35698583829276287,0.49888765837117444,0.275843640248291,0.414695783061651,-0.17440931183371247,1.487029062692357,0.006630118503325768,-0.5461960240222598,0.18192038041210587,0.7826054970664609,0.17130511796082293,-1.9055337381240092,0.14290990325407554,0.0,0.0,0.0,0.0,0.0,1.0,0.0,0.0,0.0,0.0,0.0,0.0,0.0,0.0,1.0,0.0,0.0,0.0,1.0,1.0,0.0,0.0,0.0,1.0,0.0,0.0,0.0,0.0,0.0,0.0,1.0,0.0,0.0,0.0,0.0,0.0,0.0,0.0,1.0,0.0,0.0,0.0,1.0,1.0,0.0,0.0,1.0,0.0,0.0,0.0,0.0,1.0,0.0,0.0,0
-0.13326324748912946,0.16062088076685235,0.5711024236657201,-0.8299192253482364,0.35698583829276287,0.49888765837117444,-0.023436535236797333,-0.23444068114432234,-0.17440931183371247,0.9669564746953179,0.006630118503325768,0.23781550455625436,-0.6802615172756009,0.5242139540125796,-0.2212963746919413,-0.24614296472138883,-0.49957534793093883,0.0,0.0,0.0,0.0,0.0,1.0,0.0,0.0,0.0,0.0,0.0,0.0,0.0,0.0,0.0,0.0,1.0,1.0,0.0,1.0,0.0,0.0,0.0,0.0,1.0,0.0,0.0,0.0,0.0,0.0,0.0,0.0,0.0,0.0,1.0,0.0,1.0,0.0,0.0,0.0,1.0,0.0,0.0,1.0,0.0,1.0,0.0,0.0,0.0,0.0,0.0,1.0,0.0,0.0,0
1.4445743145351144,0.5943360024662363,-1.3469484189652163,2.1372352004868427,1.0252893443250009,-0.9967912993099517,0.9446978578635254,1.1839979412233188,-0.17440931183371247,0.233955331039913,0.006630118503325768,0.23781550455625436,1.1159507695737882,1.785772664216823,-0.2212963746919413,-0.24614296472138883,-1.485999714560105,0.0,1.0,0.0,0.0,0.0,0.0,0.0,0.0,0.0,0.0,0.0,0.0,0.0,0.0,1.0,0.0,0.0,0.0,1.0,1.0,0.0,0.0,0.0,0.0,1.0,0.0,0.0,0.0,0.0,1.0,0.0,0.0,0.0,0.0,0.0,0.0,0.0,1.0,0.0,0.0,0.0,0.0,1.0,1.0,0.0,1.0,0.0,0.0,0.0,1.0,0.0,0.0,0.0,0.0,0
0.45647870149006786,-0.010462903108779882,-1.5045263537512816,1.9155963112262289,-1.6235500446643159,0.49888765837117444,2.0303988274988742,1.8573066075448348,-1.5276224669815408,0.9669564746953179,-1.3617941956209574,-0.5461960240222598,-0.5365645343276497,1.643910640579398,-0.6138978673447055,0.5835524219799213,-0.8103426705149946,0.0,0.0,0.0,0.0,1.0,0.0,0.0,0.0,0.0,0.0,0.0,0.0,0.0,0.0,1.0,0.0,0.0,1.0,0.0,0.0,1.0,0.0,0.0,0.0,1.0,0.0,0.0,0.0,0.0,0.0,0.0,1.0,0.0,0.0,0.0,1.0,0.0,0.0,0.0,0.0,0.0,0.0,1.0,1.0,0.0,0.0,1.0,1.0,0.0,0.0,0.0,0.0,0.0,0.0,0
0.5505434900415291,1.1390127728285195,-1.022346642334492,-1.4869678123246417,0.10871947129041147,-0.9967912993099517,0.862842092683807,0.8342660682051691,1.1788038433141157,-1.019118400612531,0.006630118503325768,0.23781550455625436,0.25376887188608144,1.5071151177861668,-0.2212963746919413,-0.24614296472138883,0.47113606418555026,0.0,0.0,0.0,0.0,0.0,1.0,0.0,0.0,0.0,0.0,0.0,0.0,0.0,1.0,0.0,0.0,0.0,0.0,1.0,0.0,0.0,1.0,0.0,0.0,1.0,0.0,0.0,0.0,0.0,0.0,0.0,1.0,0.0,0.0,0.0,0.0,0.0,1.0,0.0,0.0,0.0,0.0,1.0,1.0,0.0,1.0,0.0,0.0,0.0,0.0,0.0,1.0,0.0,0.0,0
-0.055872140460448354,0.27951591033344186,-0.40232843552956954,1.293106738365562,-0.9820732124589395,-0.9967912993099517,-1.4037821340341314,-1.6957759363958373,-0.17440931183371247,-1.019118400612531,1.375054432627609,0.7940805366324234,1.3314962439957148,-0.5549507258006887,-0.6138978673447055,0.5835524219799213,0.2825806100334265,0.0,0.0,0.0,0.0,1.0,0.0,0.0,0.0,0.0,0.0,0.0,0.0,0.0,1.0,0.0,0.0,0.0,0.0,1.0,1.0,0.0,0.0,0.0,0.0,1.0,0.0,0.0,0.0,0.0,1.0,0.0,0.0,0.0,0.0,0.0,0.0,0.0,1.0,0.0,0.0,1.0,0.0,0.0,1.0,0.0,0.0,1.0,0.0,0.0,0.0,0.0,1.0,0.0,0.0,1
-1.5311791963693737,0.5505684993236714,-0.0666481935771456,-0.14996279691519795,0.1773030976133672,1.3738037617323386,0.06103222031632599,-0.6491059282949477,1.1788038433141157,-1.019118400612531,0.006630118503325768,-0.5461960240222598,0.6848598207299348,0.41781743628451096,-0.8101986136710877,1.4132478086812315,0.06434513069069064,0.0,0.0,0.0,0.0,0.0,0.0,0.0,0.0,0.0,0.0,1.0,0.0,0.0,0.0,1.0,0.0,0.0,1.0,0.0,1.0,0.0,0.0,0.0,1.0,0.0,0.0,0.0,1.0,0.0,0.0,0.0,0.0,0.0,0.0,0.0,1.0,0.0,0.0,0.0,0.0,1.0,0.0,0.0,1.0,0.0,1.0,0.0,0.0,0.0,0.0,0.0,1.0,0.0,0.0,0
0.5457660241451182,-0.9762765033140219,-0.861406942324963,-1.2989645835129267,1.4093013914478887,-0.9967912993099517,-1.2597434912285226,-1.4703923721188767,1.1788038433141157,0.9669564746953179,0.006630118503325768,-1.8864725846769428,-0.17732207695777194,-0.03310113884873262,-0.024995628365559186,-0.24614296472138883,-1.5645644871234898,0.0,0.0,0.0,0.0,0.0,0.0,0.0,0.0,1.0,0.0,0.0,0.0,0.0,1.0,0.0,0.0,0.0,0.0,1.0,0.0,0.0,1.0,1.0,0.0,0.0,0.0,0.0,0.0,0.0,0.0,0.0,0.0,0.0,0.0,1.0,0.0,1.0,0.0,0.0,0.0,1.0,0.0,0.0,1.0,0.0,0.0,1.0,0.0,0.0,0.0,0.0,1.0,0.0,0.0,0
-0.8072103729146198,1.7208038547748161,-0.6745490755800451,-0.2862151773060534,-0.7755637979526826,-0.9967912993099517,-0.5554047720877539,-0.5846946386647383,-1.5276224669815408,0.233955331039913,-1.3617941956209574,0.7940805366324234,0.03822339746415475,-1.051467808531676,0.7602073569399693,-1.075838351422699,0.5706514427658378,0.0,0.0,0.0,0.0,0.0,0.0,0.0,0.0,0.0,0.0,0.0,1.0,0.0,0.0,1.0,0.0,0.0,1.0,0.0,0.0,1.0,0.0,0.0,0.0,1.0,0.0,0.0,0.0,0.0,0.0,0.0,0.0,0.0,1.0,0.0,1.0,0.0,0.0,0.0,0.0,1.0,0.0,0.0,1.0,0.0,1.0,0.0,0.0,0.0,1.0,0.0,0.0,0.0,0.0,1
-1.8585458643152812,0.026444188934162227,0.2407909758967492,1.311420707001425,-0.13408696574730583,1.3738037617323386,0.1305758224644477,0.3850800902429455,-1.5276224669815408,0.233955331039913,-1.3617941956209574,0.23781550455625436,1.6188902098916171,-0.8893397815174761,-0.8101986136710877,0.5835524219799213,-0.9465216096248619,1.0,0.0,0.0,0.0,0.0,0.0,0.0,0.0,0.0,0.0,0.0,0.0,0.0,0.0,1.0,0.0,0.0,1.0,0.0,0.0,1.0,0.0,0.0,0.0,1.0,0.0,0.0,0.0,0.0,0.0,0.0,0.0,0.0,0.0,1.0,0.0,1.0,0.0,0.0,0.0,1.0,0.0,0.0,1.0,0.0,0.0,1.0,0.0,0.0,0.0,0.0,1.0,0.0,0.0,0
-0.5787296786816468,0.7981445446840312,-1.0809144268831403,0.0645131704451016,1.1717186114282805,-0.9967912993099517,-1.5473534020331965,-1.2588886307828646,-1.5276224669815408,-1.019118400612531,0.006630118503325768,-1.8864725846769428,1.0441022780998126,-0.2509606751490638,-0.6138978673447055,-1.075838351422699,-0.44021529754971467,0.0,0.0,0.0,1.0,0.0,0.0,0.0,0.0,0.0,0.0,0.0,0.0,0.0,0.0,1.0,0.0,0.0,0.0,1.0,0.0,0.0,1.0,0.0,0.0,1.0,0.0,0.0,0.0,0.0,0.0,0.0,0.0,0.0,1.0,0.0,0.0,1.0,0.0,0.0,0.0,1.0,0.0,0.0,1.0,0.0,0.0,1.0,0.0,1.0,0.0,0.0,0.0,0.0,0.0,0
0.05068986943058833,0.4016118931280389,0.8839103873230683,1.4211255737432615,-0.7755637979526826,1.3738037617323386,-1.1148897487346485,-0.8618487741685564,1.1788038433141157,-1.019118400612531,0.006630118503325768,-0.5461960240222598,2.481072107579324,-1.294659849052976,0.7602073569399693,0.5835524219799213,0.5357337660710001,0.0,0.0,0.0,0.0,1.0,0.0,0.0,0.0,0.0,0.0,0.0,0.0,0.0,1.0,0.0,0.0,0.0,1.0,0.0,1.0,0.0,0.0,0.0,0.0,1.0,0.0,0.0,0.0,0.0,0.0,0.0,0.0,0.0,0.0,1.0,0.0,1.0,0.0,0.0,0.0,1.0,0.0,0.0,1.0,0.0,1.0,0.0,0.0,0.0,0.0,0.0,1.0,0.0,0.0,0
2.543640854595149,-0.1850189238428319,1.1134496407207648,0.619287237804736,0.4599202078921603,-0.9967912993099517,0.21668876538052723,0.4683051613395172,-0.17440931183371247,0.233955331039913,0.8071070273410997,0.23781550455625436,-0.03362509400982082,-0.6461477409961761,1.5454103422454977,-0.24614296472138883,0.07307454986440007,0.0,0.0,0.0,0.0,0.0,0.0,0.0,0.0,0.0,0.0,0.0,1.0,0.0,0.0,0.0,0.0,1.0,1.0,0.0,1.0,0.0,0.0,0.0,0.0,1.0,0.0,0.0,0.0,0.0,0.0,1.0,0.0,0.0,0.0,0.0,0.0,0.0,0.0,1.0,0.0,1.0,0.0,0.0,1.0,0.0,0.0,1.0,0.0,0.0,0.0,0.0,1.0,0.0,0.0,0
0.7307539906801439,-0.03436034549937497,-0.40232843552956954,-0.5564627506577629,0.9423572841571898,0.49888765837117444,-0.5664200166899824,-0.2486621258705906,-1.5276224669815408,1.8904287018766261,0.8071070273410997,-0.5461960240222598,2.481072107579324,0.4330169388170922,-0.4175971210183234,0.5835524219799213,-0.6951143374220301,0.0,0.0,0.0,0.0,0.0,0.0,0.0,0.0,1.0,0.0,0.0,0.0,0.0,1.0,0.0,0.0,0.0,0.0,1.0,0.0,0.0,1.0,0.0,0.0,1.0,0.0,0.0,0.0,0.0,0.0,0.0,0.0,0.0,1.0,0.0,1.0,0.0,0.0,0.0,0.0,1.0,0.0,0.0,1.0,0.0,1.0,0.0,1.0,0.0,0.0,0.0,0.0,0.0,0.0,0
1.0429105818112974,1.653865252371189,-0.30155624115829577,-1.6317575612867619,0.9708350832117979,-0.9967912993099517,0.6299462069259152,0.5143455525840274,1.1788038433141157,-1.019118400612531,0.8071070273410997,1.8761594147954188,-0.10547358548379637,0.08342838056772359,-1.2028001063238518,1.4132478086812315,-0.007236106533726723,0.0,0.0,0.0,0.0,1.0,0.0,0.0,0.0,0.0,0.0,0.0,0.0,0.0,1.0,0.0,0.0,0.0,0.0,1.0,1.0,0.0,0.0,0.0,0.0,1.0,0.0,0.0,1.0,0.0,0.0,0.0,0.0,0.0,0.0,0.0,0.0,0.0,1.0,0.0,0.0,0.0,0.0,1.0,1.0,0.0,1.0,0.0,0.0,0.0,0.0,0.0,1.0,0.0,0.0,0
-1.5227416837952426,-0.010462903108779882,-0.1496879775104765,-0.1715860094881732,0.750196303495788,1.3738037617323386,1.0168800599802783,0.8822013004677084,-0.17440931183371247,0.9669564746953179,-1.3617941956209574,0.23781550455625436,0.325617363360057,0.3012879168680548,-0.8101986136710877,0.5835524219799213,-1.4353690833525903,0.0,1.0,0.0,0.0,0.0,0.0,0.0,0.0,0.0,0.0,0.0,0.0,0.0,0.0,1.0,0.0,0.0,0.0,1.0,0.0,1.0,0.0,0.0,0.0,1.0,0.0,0.0,0.0,0.0,0.0,0.0,0.0,0.0,0.0,1.0,1.0,0.0,0.0,0.0,0.0,1.0,0.0,0.0,0.0,1.0,0.0,1.0,0.0,0.0,1.0,0.0,0.0,0.0,0.0,0
-1.5227416837952426,-0.8404943833576585,-1.022346642334492,-1.0408302956165845,-0.4641737345920091,1.9945666160523006,1.5345837780770866,1.3406800066917635,-0.17440931183371247,-1.019118400612531,0.006630118503325768,0.23781550455625436,-1.6861403979112588,1.380452596681323,-0.024995628365559186,-1.9055337381240092,-0.06135850541072522,0.0,0.0,0.0,0.0,1.0,0.0,0.0,0.0,0.0,0.0,0.0,0.0,0.0,0.0,1.0,0.0,0.0,0.0,1.0,0.0,0.0,1.0,0.0,0.0,1.0,0.0,0.0,0.0,0.0,0.0,0.0,0.0,1.0,0.0,0.0,0.0,0.0,0.0,1.0,0.0,1.0,0.0,0.0,1.0,0.0,0.0,1.0,1.0,0.0,0.0,0.0,0.0,0.0,0.0,1
1.0364733519196425,1.0853983960123337,0.17621372729782228,-0.8299192253482364,0.6367333169865165,-0.9967912993099517,0.19489425677006797,0.10198941007993823,-1.5276224669815408,-1.019118400612531,-1.3617941956209574,-0.5461960240222598,0.1100718889381303,-0.29655918274680754,-0.024995628365559186,-0.24614296472138883,1.6880170970006454,0.0,0.0,0.0,0.0,1.0,0.0,0.0,0.0,0.0,0.0,0.0,0.0,0.0,1.0,0.0,0.0,0.0,0.0,1.0,0.0,1.0,0.0,0.0,0.0,1.0,0.0,0.0,0.0,0.0,0.0,0.0,0.0,0.0,1.0,0.0,0.0,1.0,0.0,0.0,0.0,0.0,0.0,1.0,1.0,0.0,0.0,1.0,0.0,0.0,0.0,0.0,0.0,0.0,1.0,0
1.3462497673157776,-1.2425795783178417,-1.7854596952050261,-0.360873867183546,1.2157962486842935,-0.9967912993099517,0.06103222031632599,-1.1006540940624323,0.6171696394103273,0.233955331039913,-1.3617941956209574,0.23781550455625436,-0.9676554831715031,-0.6208152367752074,-0.024995628365559186,-0.24614296472138883,-0.2987987069356218,0.0,0.0,0.0,0.0,0.0,0.0,0.0,0.0,0.0,1.0,0.0,0.0,0.0,0.0,1.0,0.0,0.0,0.0,1.0,0.0,1.0,0.0,0.0,0.0,1.0,0.0,0.0,0.0,0.0,0.0,0.0,0.0,0.0,0.0,1.0,0.0,0.0,0.0,1.0,0.0,1.0,0.0,0.0,1.0,0.0,1.0,0.0,0.0,0.0,0.0,0.0,0.0,0.0,1.0,0
1.2983773907791392,-0.010462903108779882,-1.0809144268831403,0.5276109155552591,-0.23159342861585436,-0.9967912993099517,0.409952138427934,0.4578896617084776,-0.17440931183371247,1.8904287018766261,0.006630118503325768,-0.5461960240222598,0.9722537866258371,2.36335376045491,-1.0064993599974699,-1.075838351422699,-0.7876461806633501,0.0,1.0,0.0,0.0,0.0,0.0,0.0,0.0,0.0,0.0,0.0,0.0,0.0,0.0,1.0,0.0,0.0,0.0,1.0,1.0,0.0,0.0,0.0,0.0,1.0,0.0,0.0,0.0,0.0,0.0,0.0,0.0,1.0,0.0,0.0,0.0,1.0,0.0,0.0,0.0,0.0,0.0,1.0,1.0,0.0,1.0,0.0,0.0,0.0,0.0,0.0,1.0,0.0,0.0,0
-0.4479994316802311,-1.5082376623384133,-0.861406942324963,-0.3354484878652693,0.1773030976133672,-0.9967912993099517,-0.2713544672095343,-0.4466894535058522,0.6171696394103273,-1.019118400612531,-1.3617941956209574,0.23781550455625436,0.1100718889381303,-0.03310113884873262,-0.2212963746919413,-1.075838351422699,-1.4423526186915578,0.0,0.0,0.0,0.0,0.0,0.0,1.0,0.0,0.0,0.0,0.0,0.0,0.0,1.0,0.0,0.0,0.0,0.0,1.0,0.0,1.0,0.0,0.0,0.0,0.0,1.0,0.0,0.0,0.0,0.0,1.0,0.0,0.0,0.0,0.0,0.0,1.0,0.0,0.0,0.0,1.0,0.0,0.0,1.0,0.0,1.0,0.0,0.0,0.0,0.0,0.0,1.0,0.0,0.0,0
-1.1294785630380875,-0.8081307316052964,0.5548572908114093,-1.557098871409269,0.4599202078921603,1.3738037617323386,-0.6949288059975746,-0.5325545823904576,-0.17440931183371247,-1.019118400612531,-1.3617941956209574,-1.8864725846769428,0.8285568036778859,1.6692431448003668,0.17130511796082293,-0.24614296472138883,-0.3564128734821041,0.0,0.0,0.0,0.0,0.0,0.0,0.0,0.0,1.0,0.0,0.0,0.0,0.0,1.0,0.0,0.0,0.0,1.0,0.0,0.0,1.0,0.0,0.0,0.0,1.0,0.0,0.0,1.0,0.0,0.0,0.0,0.0,0.0,0.0,0.0,0.0,0.0,1.0,0.0,0.0,1.0,0.0,0.0,0.0,1.0,0.0,1.0,0.0,0.0,0.0,0.0,0.0,0.0,1.0,0
1.027838255090099,0.3746000304649803,0.08461113156877503,0.5970402408052938,-0.606833320537397,-0.9967912993099517,0.2905131006998674,0.10951875316774862,-1.5276224669815408,0.233955331039913,-1.3617941956209574,0.23781550455625436,1.5470417184176415,0.7927384987548484,3.1158163128565546,-0.24614296472138883,-1.4458443863610415,0.0,0.0,0.0,0.0,0.0,0.0,0.0,0.0,1.0,0.0,0.0,0.0,0.0,1.0,0.0,0.0,0.0,0.0,1.0,0.0,1.0,0.0,0.0,0.0,1.0,0.0,0.0,0.0,0.0,0.0,1.0,0.0,0.0,0.0,0.0,1.0,0.0,0.0,0.0,0.0,1.0,0.0,0.0,0.0,1.0,0.0,1.0,0.0,0.0,0.0,0.0,1.0,0.0,0.0,1
-0.9367581701000397,1.6353979033917425,-0.1496879775104765,0.009850646208549108,-1.2483101527427733,-0.9967912993099517,-2.065577311353716,-1.7206816346573661,0.6171696394103273,-1.019118400612531,-1.3617941956209574,0.23781550455625436,-0.10547358548379637,-1.8671744444468694,1.3491095959191157,1.4132478086812315,-0.7317778979516097,0.0,0.0,0.0,0.0,1.0,0.0,0.0,0.0,0.0,0.0,0.0,0.0,0.0,1.0,0.0,0.0,0.0,0.0,1.0,0.0,1.0,0.0,0.0,0.0,1.0,0.0,0.0,0.0,0.0,0.0,0.0,1.0,0.0,0.0,0.0,0.0,1.0,0.0,0.0,0.0,1.0,0.0,0.0,1.0,0.0,0.0,1.0,0.0,0.0,0.0,0.0,0.0,1.0,0.0,0
1.2817073929253664,-0.162687223281544,-0.3678336660157809,-1.557098871409269,-0.23159342861585436,1.3738037617323386,0.29089222712043156,0.45504771955924106,-1.5276224669815408,-1.019118400612531,-1.3617941956209574,-1.8864725846769428,-0.03362509400982082,-1.5783838963278258,0.17130511796082293,-0.24614296472138883,-0.20102921219007616,0.0,0.0,0.0,0.0,1.0,0.0,0.0,0.0,0.0,0.0,0.0,0.0,0.0,0.0,1.0,0.0,0.0,0.0,1.0,0.0,1.0,0.0,0.0,0.0,0.0,1.0,0.0,0.0,0.0,0.0,0.0,1.0,0.0,0.0,0.0,0.0,1.0,0.0,0.0,0.0,0.0,0.0,1.0,1.0,0.0,1.0,0.0,0.0,0.0,0.0,0.0,1.0,0.0,0.0,0
-1.0464792575934259,-0.010462903108779882,-0.5905859470302397,0.27542424071344995,-0.9820732124589395,-0.9967912993099517,0.26604819624916454,0.6592709910120729,-0.17440931183371247,-1.019118400612531,0.006630118503325768,0.7940805366324234,0.25376887188608144,0.6559429759616171,0.36760586428720504,0.5835524219799213,0.01720626715265969,0.0,0.0,0.0,1.0,0.0,0.0,0.0,0.0,0.0,0.0,0.0,0.0,0.0,1.0,0.0,0.0,0.0,0.0,1.0,0.0,0.0,1.0,0.0,0.0,0.0,1.0,0.0,0.0,0.0,0.0,1.0,0.0,0.0,0.0,0.0,0.0,0.0,1.0,0.0,0.0,0.0,0.0,1.0,1.0,0.0,1.0,0.0,0.0,0.0,0.0,0.0,1.0,0.0,0.0,0
1.9686653202452724,0.9298908771274743,0.4876957505186224,0.783357569599129,1.3175971760787326,0.49888765837117444,-0.05109333584679637,0.0024495900805202695,2.532016998461944,-1.019118400612531,0.8071070273410997,-0.5461960240222598,0.8285568036778859,1.0460635409645358,0.5639066106135872,-1.075838351422699,-1.238084210026757,0.0,0.0,0.0,0.0,0.0,0.0,0.0,0.0,1.0,0.0,0.0,0.0,0.0,1.0,0.0,0.0,0.0,0.0,1.0,1.0,0.0,0.0,0.0,0.0,1.0,0.0,0.0,0.0,0.0,1.0,0.0,0.0,0.0,0.0,0.0,0.0,1.0,0.0,0.0,0.0,0.0,0.0,1.0,1.0,0.0,1.0,0.0,0.0,0.0,1.0,0.0,0.0,0.0,0.0,0
-1.7230240856921992,0.11070927211051848,-1.6846875008337523,1.7905165905140876,-1.6235500446643159,1.3738037617323386,-2.1769335287392466,-2.2118336429434953,-0.17440931183371247,0.233955331039913,0.006630118503325768,1.2255532164261718,0.6848598207299348,-0.7677437612568261,-0.8101986136710877,-0.24614296472138883,-0.9185874682689917,0.0,0.0,0.0,0.0,0.0,0.0,0.0,0.0,0.0,0.0,1.0,0.0,0.0,0.0,1.0,0.0,0.0,0.0,1.0,1.0,0.0,0.0,0.0,0.0,1.0,0.0,0.0,0.0,0.0,0.0,0.0,0.0,0.0,1.0,0.0,0.0,1.0,0.0,0.0,0.0,1.0,0.0,0.0,1.0,0.0,1.0,0.0,0.0,1.0,0.0,0.0,0.0,0.0,0.0,1
-0.5945837572565209,0.9729847801306857,1.3943829821745093,1.311420707001425,0.3008804519518133,-0.9967912993099517,-0.4512288615100149,-0.5693617432650127,-0.17440931183371247,-1.019118400612531,0.8071070273410997,0.23781550455625436,-0.7521100087495765,1.426051104279067,-0.024995628365559186,0.5835524219799213,0.413521897639068,0.0,0.0,0.0,0.0,0.0,0.0,0.0,0.0,1.0,0.0,0.0,0.0,0.0,0.0,1.0,0.0,0.0,1.0,0.0,0.0,0.0,1.0,0.0,0.0,1.0,0.0,0.0,0.0,0.0,0.0,0.0,0.0,0.0,1.0,0.0,1.0,0.0,0.0,0.0,0.0,0.0,0.0,1.0,1.0,0.0,0.0,1.0,0.0,1.0,0.0,0.0,0.0,0.0,0.0,0
-0.9904099406294383,-0.1406364202907051,-0.4742897541412007,0.18283018085863695,-2.2650268768696926,0.49888765837117444,0.28734999453889737,0.35888070345506223,0.6171696394103273,-1.019118400612531,1.8155886650711848,1.5780920652109374,-0.10547358548379637,0.7319404886245233,0.5639066106135872,1.4132478086812315,-1.1472982506201788,0.0,0.0,0.0,0.0,1.0,0.0,0.0,0.0,0.0,0.0,0.0,0.0,0.0,1.0,0.0,0.0,0.0,0.0,1.0,0.0,0.0,1.0,0.0,0.0,1.0,0.0,0.0,0.0,0.0,0.0,0.0,1.0,0.0,0.0,0.0,0.0,1.0,0.0,0.0,0.0,0.0,0.0,1.0,1.0,0.0,1.0,0.0,1.0,0.0,0.0,0.0,0.0,0.0,0.0,0
1.4538388362593575,-0.8404943833576585,1.1748754976163316,0.09957064696796633,-0.4641737345920091,-0.9967912993099517,0.06206232625913468,0.4486795549088315,0.6171696394103273,-1.019118400612531,-1.3617941956209574,0.7940805366324234,-1.1113524661194543,0.0023643670606236147,-0.024995628365559186,0.5835524219799213,-0.9727098671459902,0.0,0.0,0.0,0.0,0.0,0.0,1.0,0.0,0.0,0.0,0.0,0.0,0.0,0.0,1.0,0.0,0.0,0.0,1.0,0.0,1.0,0.0,0.0,0.0,1.0,0.0,0.0,0.0,0.0,1.0,0.0,0.0,0.0,0.0,0.0,1.0,0.0,0.0,0.0,0.0,0.0,0.0,1.0,1.0,0.0,1.0,0.0,0.0,0.0,0.0,0.0,0.0,0.0,1.0,0
1.8197265238915534,0.873466041121318,1.6584170050859943,0.8663515063836271,-2.2650268768696926,1.3738037617323386,0.19691312305015352,-0.11163209695833073,0.6171696394103273,-1.019118400612531,-1.3617941956209574,0.23781550455625436,0.325617363360057,0.5343469557009671,-1.9880030916293803,-1.075838351422699,1.5012075266832636,0.0,0.0,0.0,0.0,1.0,0.0,0.0,0.0,0.0,0.0,0.0,0.0,0.0,0.0,1.0,0.0,0.0,0.0,1.0,0.0,1.0,0.0,0.0,0.0,0.0,1.0,0.0,0.0,0.0,0.0,0.0,1.0,0.0,0.0,0.0,0.0,0.0,1.0,0.0,0.0,0.0,0.0,1.0,1.0,0.0,1.0,0.0,0.0,0.0,0.0,0.0,1.0,0.0,0.0,0
-1.6557358966799143,-0.7974742692308516,-0.9128010303810109,-0.7552605354707437,-0.4641737345920091,0.49888765837117444,-0.5536320733103728,-0.31399761093473666,-1.5276224669815408,0.9669564746953179,0.006630118503325768,0.23781550455625436,-0.9676554831715031,-0.8538742756081198,-0.6138978673447055,0.5835524219799213,0.3070229837198129,0.0,0.0,0.0,0.0,0.0,0.0,0.0,0.0,1.0,0.0,0.0,0.0,0.0,1.0,0.0,0.0,0.0,0.0,1.0,1.0,0.0,0.0,0.0,0.0,1.0,0.0,0.0,0.0,0.0,0.0,0.0,0.0,0.0,1.0,0.0,0.0,0.0,0.0,0.0,1.0,0.0,0.0,1.0,1.0,0.0,1.0,0.0,0.0,0.0,0.0,0.0,1.0,0.0,0.0,0
-0.8359315322840053,-1.1492442946056465,1.1134496407207648,1.0241538581437952,-1.6235500446643159,1.9945666160523006,-0.4999027304257123,-0.805755593498714,-0.17440931183371247,0.9669564746953179,0.006630118503325768,0.23781550455625436,0.1100718889381303,-0.1040321506674451,0.36760586428720504,-0.24614296472138883,-1.3079195634164325,0.0,0.0,1.0,0.0,0.0,0.0,0.0,0.0,0.0,0.0,0.0,0.0,0.0,1.0,0.0,0.0,0.0,0.0,1.0,1.0,0.0,0.0,0.0,1.0,0.0,0.0,0.0,0.0,0.0,0.0,0.0,0.0,0.0,1.0,0.0,0.0,0.0,1.0,0.0,0.0,1.0,0.0,0.0,1.0,0.0,1.0,0.0,0.0,0.0,0.0,0.0,1.0,0.0,0.0,1
1.1524465324469064,1.0853983960123337,0.7651750971361643,1.6681898423221526,1.5394037230722963,0.49888765837117444,0.17154894150013367,0.059470907250217385,1.1788038433141157,-1.019118400612531,0.006630118503325768,-1.8864725846769428,1.978132667261495,0.012497368749011112,-0.024995628365559186,0.5835524219799213,0.9215740935489571,0.0,0.0,0.0,0.0,0.0,0.0,1.0,0.0,0.0,0.0,0.0,0.0,0.0,1.0,0.0,0.0,0.0,0.0,1.0,0.0,0.0,1.0,0.0,0.0,1.0,0.0,0.0,0.0,0.0,1.0,0.0,0.0,0.0,0.0,0.0,0.0,0.0,1.0,0.0,0.0,0.0,0.0,1.0,1.0,0.0,0.0,1.0,0.0,0.0,0.0,0.0,1.0,0.0,0.0,0
-1.0813748615309482,-0.7451424858850405,-0.2082557620591248,1.0919991860147953,0.5525429895349099,-0.9967912993099517,-2.7745678350762657,-3.0387767778309973,0.6171696394103273,0.233955331039913,0.8071070273410997,-1.8864725846769428,-1.6142919064372832,0.397551432907736,-1.399100852650234,0.5835524219799213,-1.0914299679084385,0.0,0.0,0.0,0.0,1.0,0.0,0.0,0.0,0.0,0.0,0.0,0.0,0.0,1.0,0.0,0.0,0.0,0.0,1.0,0.0,0.0,1.0,0.0,0.0,1.0,0.0,0.0,1.0,0.0,0.0,0.0,0.0,0.0,0.0,0.0,0.0,1.0,0.0,0.0,0.0,1.0,0.0,0.0,1.0,0.0,0.0,1.0,0.0,0.0,0.0,0.0,1.0,0.0,0.0,0
0.6080054097312549,-0.010462903108779882,0.036182840710240624,-0.995459453389766,-0.606833320537397,1.3738037617323386,-1.3813545773563662,-1.2004277432891906,-1.5276224669815408,1.8904287018766261,0.8071070273410997,0.7940805366324234,-0.10547358548379637,-0.8082757680103761,-1.2028001063238518,-1.9055337381240092,-0.03342436405485503,0.0,0.0,0.0,1.0,0.0,0.0,0.0,0.0,0.0,0.0,0.0,0.0,0.0,0.0,1.0,0.0,0.0,1.0,0.0,1.0,0.0,0.0,0.0,0.0,1.0,0.0,0.0,0.0,0.0,1.0,0.0,0.0,0.0,0.0,0.0,0.0,0.0,1.0,0.0,0.0,0.0,0.0,1.0,1.0,0.0,1.0,0.0,0.0,0.0,0.0,0.0,1.0,0.0,0.0,1
0.10869329948059517,-0.010462903108779882,1.2894071767923831,0.79287867841506,-2.2650268768696926,-0.9967912993099517,-0.6014430547526993,-0.8132278287800824,0.6171696394103273,0.233955331039913,-1.3617941956209574,1.2255532164261718,-1.2550494490674053,0.5698124616103234,0.36760586428720504,1.4132478086812315,1.5605675770644878,0.0,0.0,0.0,0.0,0.0,0.0,0.0,0.0,1.0,0.0,0.0,0.0,0.0,1.0,0.0,0.0,0.0,0.0,1.0,0.0,1.0,0.0,0.0,0.0,1.0,0.0,0.0,0.0,0.0,0.0,0.0,1.0,0.0,0.0,0.0,1.0,0.0,0.0,0.0,0.0,1.0,0.0,0.0,1.0,0.0,1.0,0.0,0.0,1.0,0.0,0.0,0.0,0.0,0.0,0
0.5232254380954163,-1.8406266758931107,0.933288493638294,0.009850646208549108,0.10871947129041147,-0.9967912993099517,1.302437628954691,1.264433962511023,0.6171696394103273,0.233955331039913,0.006630118503325768,-0.5461960240222598,-0.9676554831715031,0.13409338900966106,-0.024995628365559186,-1.075838351422699,0.11322987806346348,0.0,0.0,0.0,0.0,1.0,0.0,0.0,0.0,0.0,0.0,0.0,0.0,0.0,1.0,0.0,0.0,0.0,0.0,1.0,0.0,0.0,1.0,0.0,0.0,1.0,0.0,0.0,0.0,0.0,0.0,0.0,1.0,0.0,0.0,0.0,0.0,1.0,0.0,0.0,0.0,1.0,0.0,0.0,1.0,0.0,1.0,0.0,0.0,0.0,1.0,0.0,0.0,0.0,0.0,0
0.04831254619057362,1.7974122380693085,-0.9663827477070894,-0.6190081550798886,-0.04588164091512093,0.49888765837117444,-0.21469649248924738,-0.43527155246856963,0.6171696394103273,-1.019118400612531,0.006630118503325768,0.23781550455625436,0.7567083122039103,2.287356247792004,1.1528088495927336,1.4132478086812315,1.5815181830813902,0.0,0.0,0.0,0.0,1.0,0.0,0.0,0.0,0.0,0.0,0.0,0.0,0.0,1.0,0.0,0.0,0.0,0.0,1.0,0.0,0.0,1.0,0.0,0.0,1.0,0.0,0.0,0.0,1.0,0.0,0.0,0.0,0.0,0.0,0.0,0.0,0.0,1.0,0.0,0.0,1.0,0.0,0.0,1.0,0.0,1.0,0.0,0.0,0.0,0.0,0.0,1.0,0.0,0.0,0
1.168995060778853,1.0036735439738735,-0.5506149604084367,-0.8691368180092968,-0.9820732124589395,0.49888765837117444,0.4423491376145805,0.13181210096023757,-0.17440931183371247,0.233955331039913,0.006630118503325768,0.23781550455625436,1.2596477525217393,0.519147453168386,0.17130511796082293,-0.24614296472138883,0.46240664501184087,0.0,0.0,0.0,0.0,0.0,0.0,0.0,1.0,0.0,0.0,0.0,0.0,0.0,0.0,1.0,0.0,0.0,0.0,1.0,0.0,0.0,1.0,0.0,0.0,1.0,0.0,0.0,0.0,0.0,0.0,0.0,0.0,0.0,0.0,1.0,0.0,1.0,0.0,0.0,0.0,0.0,0.0,1.0,1.0,0.0,1.0,0.0,0.0,0.0,0.0,0.0,1.0,0.0,0.0,0
1.1805452906689438,-0.010462903108779882,1.3517015955217306,0.7245241359695984,-0.04588164091512093,-0.9967912993099517,0.7251705332418221,0.6478960670331932,-1.5276224669815408,-1.019118400612531,0.006630118503325768,-0.5461960240222598,-0.32101905990572305,-1.5783838963278258,1.5454103422454977,-0.24614296472138883,1.679287677826936,0.0,0.0,0.0,0.0,0.0,0.0,0.0,0.0,0.0,0.0,0.0,1.0,0.0,0.0,1.0,0.0,0.0,0.0,1.0,0.0,0.0,1.0,0.0,0.0,0.0,1.0,0.0,0.0,0.0,0.0,0.0,0.0,0.0,0.0,1.0,0.0,0.0,1.0,0.0,0.0,0.0,0.0,1.0,1.0,0.0,0.0,1.0,0.0,0.0,0.0,1.0,0.0,0.0,0.0,0
-0.5826743042905601,-0.09734984869038334,1.1648437287768127,1.2744981624552898,1.2370720234956316,-0.9967912993099517,0.10948508847114606,0.14328339615974253,0.6171696394103273,-1.019118400612531,0.8071070273410997,0.23781550455625436,-0.823958500223552,-1.5479848912626633,-0.024995628365559186,0.5835524219799213,0.16735227694046195,0.0,0.0,0.0,0.0,0.0,1.0,0.0,0.0,0.0,0.0,0.0,0.0,0.0,0.0,1.0,0.0,0.0,0.0,1.0,0.0,0.0,1.0,0.0,0.0,1.0,0.0,0.0,0.0,0.0,0.0,0.0,0.0,0.0,0.0,1.0,0.0,0.0,0.0,1.0,0.0,1.0,0.0,0.0,1.0,0.0,1.0,0.0,0.0,0.0,0.0,1.0,0.0,0.0,0.0,0
-1.2653801763467714,-0.37471843159459833,-1.5045263537512816,0.15024187964004568,1.3737025624196817,1.3738037617323386,1.3656496653264372,1.0874524393756562,-0.17440931183371247,0.9669564746953179,-1.3617941956209574,0.23781550455625436,-0.17732207695777194,0.7420734903129108,-1.0064993599974699,-1.075838351422699,0.9058611390362801,0.0,0.0,0.0,0.0,1.0,0.0,0.0,0.0,0.0,0.0,0.0,0.0,0.0,1.0,0.0,0.0,0.0,0.0,1.0,0.0,1.0,0.0,0.0,0.0,1.0,0.0,0.0,0.0,0.0,0.0,0.0,0.0,0.0,0.0,1.0,0.0,0.0,0.0,1.0,0.0,0.0,0.0,1.0,1.0,0.0,1.0,0.0,0.0,0.0,0.0,0.0,1.0,0.0,0.0,0
0.9667925286267889,-2.325737966222973,0.4348636493671937,1.672630570197135,-0.04588164091512093,-0.9967912993099517,0.06485477953078202,-0.1945880512989431,-1.5276224669815408,-1.019118400612531,0.8071070273410997,-1.8864725846769428,-0.9676554831715031,1.7705731616842417,1.1528088495927336,0.5835524219799213,-0.33895403513468525,0.0,0.0,0.0,0.0,0.0,1.0,0.0,0.0,0.0,0.0,0.0,0.0,0.0,1.0,0.0,0.0,0.0,0.0,1.0,0.0,0.0,1.0,0.0,0.0,1.0,0.0,0.0,1.0,0.0,0.0,0.0,0.0,0.0,0.0,0.0,1.0,0.0,0.0,0.0,0.0,0.0,0.0,1.0,1.0,0.0,0.0,1.0,0.0,0.0,0.0,0.0,0.0,1.0,0.0,0
-0.42690522604701253,1.4421278072130443,0.6644029027648904,-0.360873867183546,1.2370720234956316,0.49888765837117444,-2.4402578454628934,-2.1178454744920967,-0.17440931183371247,1.487029062692357,0.8071070273410997,0.23781550455625436,0.325617363360057,-0.24589417430487004,-0.024995628365559186,-1.075838351422699,-0.5519518629731954,0.0,0.0,0.0,0.0,1.0,0.0,0.0,0.0,0.0,0.0,0.0,0.0,0.0,1.0,0.0,0.0,0.0,1.0,0.0,1.0,0.0,0.0,1.0,0.0,0.0,0.0,0.0,1.0,0.0,0.0,0.0,0.0,0.0,0.0,0.0,0.0,0.0,1.0,0.0,0.0,0.0,0.0,1.0,1.0,0.0,1.0,0.0,0.0,1.0,0.0,0.0,0.0,0.0,0.0,0
-1.6279757493592042,1.531603804342384,-0.17863132870856746,1.216806020971981,-0.606833320537397,0.49888765837117444,1.192294423303942,0.9892285462588309,1.1788038433141157,0.9669564746953179,1.375054432627609,1.2255532164261718,1.1159507695737882,0.4938149489474172,1.3491095959191157,-1.075838351422699,-0.7230484787779003,0.0,0.0,0.0,0.0,0.0,0.0,0.0,0.0,1.0,0.0,0.0,0.0,0.0,0.0,1.0,0.0,0.0,0.0,1.0,1.0,0.0,0.0,0.0,0.0,1.0,0.0,0.0,1.0,0.0,0.0,0.0,0.0,0.0,0.0,0.0,0.0,0.0,1.0,0.0,0.0,1.0,0.0,0.0,1.0,0.0,1.0,0.0,0.0,0.0,0.0,1.0,0.0,0.0,0.0,1
0.7071537500255927,-0.5687152779766215,1.5956293521375546,-1.6317575612867619,-0.23159342861585436,1.3738037617323386,0.11375537282324584,-0.024061224493641144,-0.17440931183371247,-1.019118400612531,-1.3617941956209574,1.2255532164261718,1.9062841757875193,1.5020486169419731,0.36760586428720504,-1.075838351422699,0.46240664501184087,0.0,0.0,0.0,0.0,0.0,0.0,0.0,1.0,0.0,0.0,0.0,0.0,0.0,0.0,1.0,0.0,0.0,0.0,1.0,0.0,1.0,0.0,0.0,0.0,1.0,0.0,0.0,0.0,0.0,0.0,0.0,0.0,0.0,0.0,1.0,0.0,1.0,0.0,0.0,0.0,1.0,0.0,0.0,0.0,1.0,1.0,0.0,0.0,0.0,0.0,0.0,0.0,0.0,1.0,0
0.5819330061220384,-0.06207665304712374,-0.6318676889272661,0.21452553862042256,0.7851232955110645,-0.9967912993099517,-0.7475286951369985,-0.6527235101129654,-1.5276224669815408,1.487029062692357,0.8071070273410997,0.23781550455625436,1.1877992610477637,-2.333292522112694,-0.4175971210183234,-1.075838351422699,0.9931553307733745,0.0,0.0,0.0,0.0,0.0,0.0,0.0,0.0,0.0,0.0,1.0,0.0,0.0,1.0,0.0,0.0,0.0,0.0,1.0,1.0,0.0,0.0,0.0,0.0,0.0,1.0,0.0,0.0,0.0,0.0,0.0,0.0,0.0,0.0,1.0,0.0,0.0,1.0,0.0,0.0,0.0,0.0,1.0,1.0,0.0,1.0,0.0,0.0,0.0,0.0,0.0,1.0,0.0,0.0,0
-0.24255300437522487,-0.5969142007032464,1.4834798502628272,0.9520802155785709,-0.04588164091512093,-0.9967912993099517,-0.7981207452306416,-0.7059695534626412,-0.17440931183371247,-1.019118400612531,-1.3617941956209574,1.2255532164261718,0.6130113292559592,-0.7069457511265012,-1.9880030916293803,1.4132478086812315,1.4558145469799746,0.0,0.0,0.0,0.0,1.0,0.0,0.0,0.0,0.0,0.0,0.0,0.0,0.0,1.0,0.0,0.0,0.0,0.0,1.0,0.0,1.0,0.0,0.0,0.0,1.0,0.0,0.0,0.0,0.0,0.0,0.0,0.0,0.0,1.0,0.0,1.0,0.0,0.0,0.0,0.0,1.0,0.0,0.0,1.0,0.0,1.0,0.0,1.0,0.0,0.0,0.0,0.0,0.0,0.0,0
1.6899392443073626,-0.010462903108779882,-1.7854596952050261,-0.9518011328537236,-0.13408696574730583,-0.9967912993099517,0.1939511916504411,0.4685451450296107,1.6144411763273727,0.233955331039913,0.006630118503325768,1.2255532164261718,0.325617363360057,0.3519529253099922,-0.6138978673447055,-0.24614296472138883,-0.14516092947833578,0.0,0.0,0.0,0.0,0.0,0.0,0.0,1.0,0.0,0.0,0.0,0.0,0.0,1.0,0.0,0.0,0.0,0.0,1.0,1.0,0.0,0.0,0.0,0.0,0.0,1.0,0.0,0.0,1.0,0.0,0.0,0.0,0.0,0.0,0.0,0.0,1.0,0.0,0.0,0.0,0.0,0.0,1.0,1.0,0.0,1.0,0.0,0.0,0.0,0.0,1.0,0.0,0.0,0.0,0
0.1333826785462256,1.0853983960123337,-0.04014236555699533,0.9354352062379467,-2.2650268768696926,0.49888765837117444,0.9896052306112111,1.1583459354194914,0.6171696394103273,-1.019118400612531,0.8071070273410997,0.23781550455625436,2.121829650209446,0.1898248982957923,-0.024995628365559186,1.4132478086812315,1.2358331838024967,0.0,0.0,0.0,0.0,0.0,0.0,0.0,0.0,1.0,0.0,0.0,0.0,0.0,1.0,0.0,0.0,0.0,0.0,1.0,0.0,0.0,1.0,0.0,0.0,1.0,0.0,0.0,0.0,0.0,1.0,0.0,0.0,0.0,0.0,0.0,0.0,0.0,1.0,0.0,0.0,1.0,0.0,0.0,1.0,0.0,0.0,1.0,0.0,0.0,0.0,0.0,1.0,0.0,0.0,0
-0.06887673462861957,0.9456842248790039,-1.5913870217345818,0.9100098269196696,-1.6235500446643159,-0.9967912993099517,-0.17121798042793865,-0.43213300392818,-1.5276224669815408,0.233955331039913,0.006630118503325768,2.3621035937894512,-1.6142919064372832,-1.431455371846207,0.7602073569399693,-1.9055337381240092,-0.7178108272736747,0.0,0.0,0.0,0.0,0.0,0.0,0.0,0.0,1.0,0.0,0.0,0.0,0.0,1.0,0.0,0.0,0.0,0.0,1.0,1.0,0.0,0.0,0.0,0.0,1.0,0.0,0.0,1.0,0.0,0.0,0.0,0.0,0.0,0.0,0.0,0.0,1.0,0.0,0.0,0.0,0.0,0.0,1.0,1.0,0.0,0.0,1.0,0.0,0.0,0.0,0.0,0.0,0.0,1.0,1
0.980369336048938,-0.6645311137230925,0.470330229294446,0.009850646208549108,0.24115292617423648,-0.9967912993099517,-0.04950823551422417,0.3347802780128643,-0.17440931183371247,0.233955331039913,0.006630118503325768,-0.5461960240222598,0.6848598207299348,0.012497368749011112,-0.024995628365559186,1.4132478086812315,1.2253578807940455,0.0,0.0,0.0,0.0,0.0,0.0,1.0,0.0,0.0,0.0,0.0,0.0,0.0,0.0,1.0,0.0,0.0,0.0,1.0,0.0,0.0,1.0,0.0,0.0,1.0,0.0,0.0,0.0,0.0,0.0,0.0,0.0,0.0,0.0,1.0,1.0,0.0,0.0,0.0,0.0,1.0,0.0,0.0,1.0,0.0,0.0,1.0,0.0,0.0,0.0,1.0,0.0,0.0,0.0,0
1.2755090888544545,1.5089468052150763,1.092289809387881,0.662537441140972,-0.7755637979526826,0.49888765837117444,0.6926752867834469,0.8959625653982821,1.1788038433141157,-1.019118400612531,0.8071070273410997,0.23781550455625436,-0.4647160428536742,-0.20536216755132006,-1.0064993599974699,0.5835524219799213,1.4977157590137797,0.0,0.0,0.0,0.0,1.0,0.0,0.0,0.0,0.0,0.0,0.0,0.0,0.0,0.0,1.0,0.0,0.0,1.0,0.0,0.0,0.0,1.0,0.0,0.0,1.0,0.0,0.0,1.0,0.0,0.0,0.0,0.0,0.0,0.0,0.0,0.0,1.0,0.0,0.0,0.0,0.0,0.0,1.0,1.0,0.0,1.0,0.0,0.0,0.0,0.0,0.0,1.0,0.0,0.0,1
0.07421662557953211,2.9027900094002157,-1.3469484189652163,1.442952790935556,1.639939502703516,-0.9967912993099517,-0.06815922932158712,0.2690243047505314,0.6171696394103273,0.9669564746953179,-1.3617941956209574,-0.5461960240222598,0.03822339746415475,-1.1223988203503885,0.5639066106135872,-1.075838351422699,1.125842502213758,0.0,0.0,0.0,0.0,0.0,0.0,0.0,0.0,1.0,0.0,0.0,0.0,0.0,0.0,0.0,0.0,1.0,1.0,0.0,0.0,1.0,0.0,0.0,0.0,1.0,0.0,0.0,0.0,0.0,0.0,0.0,0.0,0.0,0.0,1.0,0.0,0.0,0.0,1.0,0.0,1.0,0.0,0.0,1.0,0.0,1.0,0.0,0.0,0.0,0.0,0.0,1.0,0.0,0.0,0
1.783077329555087,-0.1700995603448151,-1.0809144268831403,-1.4208464910184138,0.35698583829276287,1.9945666160523006,0.42643990086318306,0.7197534446485505,1.1788038433141157,0.233955331039913,0.006630118503325768,-0.5461960240222598,0.25376887188608144,0.8028715004432359,0.36760586428720504,-1.075838351422699,-0.9884228216586671,0.0,0.0,0.0,0.0,1.0,0.0,0.0,0.0,0.0,0.0,0.0,0.0,0.0,0.0,1.0,0.0,0.0,1.0,0.0,1.0,0.0,0.0,0.0,0.0,1.0,0.0,0.0,0.0,0.0,0.0,0.0,0.0,0.0,0.0,1.0,1.0,0.0,0.0,0.0,0.0,0.0,0.0,1.0,1.0,0.0,1.0,0.0,0.0,0.0,1.0,0.0,0.0,0.0,0.0,1
-1.9381318642409586,1.0744759132097412,-1.3469484189652163,0.9270220186759632,-0.7755637979526826,-0.9967912993099517,0.29101858137518144,0.2540504446694224,0.6171696394103273,0.233955331039913,0.006630118503325768,-0.5461960240222598,-1.326897940541381,-1.6797139132117007,-0.4175971210183234,0.5835524219799213,-1.5872609769751345,0.0,0.0,0.0,0.0,0.0,0.0,0.0,0.0,1.0,0.0,0.0,0.0,0.0,0.0,1.0,0.0,0.0,0.0,1.0,1.0,0.0,0.0,0.0,0.0,1.0,0.0,0.0,0.0,0.0,0.0,1.0,0.0,0.0,0.0,0.0,0.0,0.0,1.0,0.0,0.0,0.0,0.0,1.0,1.0,0.0,0.0,1.0,0.0,0.0,0.0,0.0,1.0,0.0,0.0,0
-1.2316510567315886,-1.783770891040523,0.6793022521365594,0.27542424071344995,0.6367333169865165,1.3738037617323386,-0.3777439709548444,-0.542864584722908,0.6171696394103273,-1.019118400612531,-1.3617941956209574,-1.8864725846769428,-1.7579888893852342,-0.05336714222550761,-0.6138978673447055,1.4132478086812315,-1.980084839792059,0.0,0.0,0.0,0.0,0.0,0.0,1.0,0.0,0.0,0.0,0.0,0.0,0.0,1.0,0.0,0.0,0.0,0.0,1.0,0.0,1.0,0.0,0.0,0.0,1.0,0.0,0.0,0.0,0.0,0.0,0.0,1.0,0.0,0.0,0.0,0.0,0.0,1.0,0.0,0.0,1.0,0.0,0.0,0.0,1.0,1.0,0.0,1.0,0.0,0.0,0.0,0.0,0.0,0.0,0
1.5124333694113452,-0.010462903108779882,-0.23859410545326964,0.09957064696796633,1.5544521106462208,0.49888765837117444,-1.7660723784971635,-1.7598477727520674,-0.17440931183371247,0.9669564746953179,-1.3617941956209574,-1.8864725846769428,0.03822339746415475,1.4767161127210044,0.17130511796082293,-1.075838351422699,-0.2638810302407841,0.0,0.0,0.0,0.0,1.0,0.0,0.0,0.0,0.0,0.0,0.0,0.0,0.0,1.0,0.0,0.0,0.0,1.0,0.0,0.0,1.0,0.0,0.0,0.0,1.0,0.0,0.0,0.0,0.0,0.0,0.0,0.0,0.0,0.0,1.0,1.0,0.0,0.0,0.0,0.0,0.0,0.0,1.0,1.0,0.0,1.0,0.0,0.0,0.0,0.0,0.0,1.0,0.0,0.0,0
-0.27915941803670935,0.0980061316601558,-0.33425886755361933,0.5156231586324721,-2.2650268768696926,0.49888765837117444,0.11041134542773219,-0.21077882176755816,1.6144411763273727,-1.019118400612531,0.006630118503325768,0.23781550455625436,-0.2491705684317475,-0.9957362992455447,1.1528088495927336,-1.075838351422699,-0.4297399945412633,0.0,0.0,0.0,0.0,0.0,1.0,0.0,0.0,0.0,0.0,0.0,0.0,0.0,1.0,0.0,0.0,0.0,0.0,1.0,0.0,0.0,1.0,0.0,0.0,1.0,0.0,0.0,0.0,0.0,1.0,0.0,0.0,0.0,0.0,0.0,0.0,1.0,0.0,0.0,0.0,1.0,0.0,0.0,0.0,1.0,0.0,1.0,0.0,0.0,0.0,0.0,1.0,0.0,0.0,1
-0.11685164697068863,-0.5227022112749563,0.9690912947794899,1.794512477702622,-0.7755637979526826,0.49888765837117444,0.770270269121537,0.8498666845781115,-0.17440931183371247,-1.019118400612531,-1.3617941956209574,1.5780920652109374,0.5411628377819837,0.012497368749011112,-1.399100852650234,1.4132478086812315,0.04863217617801366,0.0,0.0,0.0,0.0,0.0,0.0,0.0,0.0,0.0,0.0,0.0,1.0,0.0,0.0,1.0,0.0,0.0,0.0,1.0,0.0,1.0,0.0,0.0,0.0,1.0,0.0,0.0,0.0,0.0,0.0,0.0,0.0,0.0,0.0,1.0,1.0,0.0,0.0,0.0,0.0,1.0,0.0,0.0,1.0,0.0,0.0,1.0,0.0,0.0,0.0,0.0,0.0,1.0,0.0,1
0.7029421441866058,1.8521627906702676,0.2616010418910505,0.046577800467781774,0.1773030976133672,-0.9967912993099517,0.6466984891788566,0.36222851363557773,-0.17440931183371247,0.233955331039913,0.8071070273410997,1.2255532164261718,-0.7521100087495765,-0.2408276734606763,-1.5954015989766162,0.5835524219799213,0.7784116191001224,0.0,1.0,0.0,0.0,0.0,0.0,0.0,0.0,0.0,0.0,0.0,0.0,0.0,1.0,0.0,0.0,0.0,0.0,1.0,0.0,0.0,1.0,1.0,0.0,0.0,0.0,0.0,0.0,0.0,0.0,1.0,0.0,0.0,0.0,0.0,0.0,0.0,1.0,0.0,0.0,0.0,0.0,1.0,0.0,1.0,1.0,0.0,0.0,0.0,0.0,0.0,0.0,0.0,1.0,0
-0.9526122486749139,-1.8214691338427642,-0.861406942324963,-0.5873127973181029,1.1717186114282805,0.49888765837117444,0.48287621001611386,0.26052505235981605,-0.17440931183371247,0.233955331039913,0.8071070273410997,-0.5461960240222598,0.325617363360057,0.8687360114177546,-0.2212963746919413,-0.24614296472138883,0.7033386142062212,1.0,0.0,0.0,0.0,0.0,0.0,0.0,0.0,0.0,0.0,0.0,0.0,0.0,0.0,1.0,0.0,0.0,0.0,1.0,1.0,0.0,0.0,0.0,0.0,1.0,0.0,0.0,0.0,0.0,0.0,0.0,1.0,0.0,0.0,0.0,1.0,0.0,0.0,0.0,0.0,1.0,0.0,0.0,1.0,0.0,1.0,0.0,0.0,0.0,0.0,0.0,0.0,0.0,1.0,0
0.3841328049533208,-2.9256925430921936,0.6340645593707459,-0.8691368180092968,0.851255382798665,0.49888765837117444,0.5011727188663988,0.5607355604878449,1.1788038433141157,-1.019118400612531,0.006630118503325768,-0.5461960240222598,-0.2491705684317475,0.6559429759616171,-0.2212963746919413,-1.9055337381240092,1.71071358685229,0.0,0.0,0.0,0.0,1.0,0.0,0.0,0.0,0.0,0.0,0.0,0.0,0.0,0.0,1.0,0.0,0.0,1.0,0.0,1.0,0.0,0.0,0.0,0.0,1.0,0.0,0.0,0.0,0.0,0.0,0.0,0.0,0.0,0.0,1.0,1.0,0.0,0.0,0.0,0.0,1.0,0.0,0.0,1.0,0.0,0.0,1.0,0.0,0.0,0.0,0.0,1.0,0.0,0.0,0
0.5694720425684394,-0.5318087157117974,0.2407909758967492,-0.6190081550798886,1.1013970400975368,-0.9967912993099517,-1.1951252254756048,-1.1970365139643755,1.1788038433141157,0.233955331039913,0.006630118503325768,0.7940805366324234,-0.8958069916975275,-0.28642618105842005,-0.024995628365559186,-0.24614296472138883,0.3279735897367156,0.0,0.0,0.0,0.0,1.0,0.0,0.0,0.0,0.0,0.0,0.0,0.0,0.0,0.0,1.0,0.0,0.0,1.0,0.0,1.0,0.0,0.0,0.0,0.0,1.0,0.0,0.0,0.0,0.0,1.0,0.0,0.0,0.0,0.0,0.0,0.0,1.0,0.0,0.0,0.0,0.0,0.0,1.0,1.0,0.0,1.0,0.0,0.0,0.0,0.0,1.0,0.0,0.0,0.0,0
-1.4335190472462758,-1.3124274442971189,-1.7854596952050261,-0.02808088940971111,0.7851232955110645,0.49888765837117444,0.7384628403088739,0.622178746916685,1.1788038433141157,0.233955331039913,-1.3617941956209574,1.2255532164261718,1.3314962439957148,-1.3351918558065259,-0.6138978673447055,-0.24614296472138883,-0.9552510287985713,0.0,1.0,0.0,0.0,0.0,0.0,0.0,0.0,0.0,0.0,0.0,0.0,0.0,1.0,0.0,0.0,0.0,0.0,1.0,0.0,1.0,0.0,0.0,0.0,0.0,1.0,0.0,0.0,0.0,0.0,0.0,1.0,0.0,0.0,0.0,0.0,0.0,1.0,0.0,0.0,1.0,0.0,0.0,1.0,0.0,1.0,0.0,0.0,0.0,0.0,0.0,1.0,0.0,0.0,0
-1.0580027504577623,-0.9880810676600783,0.08461113156877503,1.5851959055376545,0.35698583829276287,0.49888765837117444,1.1133363356584154,1.0612133592525008,0.6171696394103273,0.9669564746953179,0.8071070273410997,-0.5461960240222598,-1.3987464320153564,0.08342838056772359,0.5639066106135872,-1.075838351422699,0.97045884092173,0.0,0.0,0.0,0.0,1.0,0.0,0.0,0.0,0.0,0.0,0.0,0.0,0.0,1.0,0.0,0.0,0.0,0.0,1.0,1.0,0.0,0.0,0.0,0.0,1.0,0.0,0.0,1.0,0.0,0.0,0.0,0.0,0.0,0.0,0.0,0.0,0.0,1.0,0.0,0.0,0.0,0.0,1.0,1.0,0.0,1.0,0.0,0.0,0.0,0.0,0.0,1.0,0.0,0.0,1
-0.677032994918653,-0.5227022112749563,1.092289809387881,0.3472987940103308,0.1773030976133672,-0.9967912993099517,0.6672569976498024,0.8127196468307553,-1.5276224669815408,-1.019118400612531,0.006630118503325768,-0.5461960240222598,-1.0395039746454786,0.10876088478869232,-0.4175971210183234,-0.24614296472138883,0.034665105500078564,0.0,0.0,0.0,0.0,1.0,0.0,0.0,0.0,0.0,0.0,0.0,0.0,0.0,0.0,1.0,0.0,0.0,0.0,1.0,0.0,0.0,1.0,0.0,0.0,1.0,0.0,0.0,1.0,0.0,0.0,0.0,0.0,0.0,0.0,0.0,0.0,0.0,1.0,0.0,0.0,1.0,0.0,0.0,1.0,0.0,1.0,0.0,0.0,1.0,0.0,0.0,0.0,0.0,0.0,0
-0.6146896604213917,1.5231417073641729,-1.2749871003535849,-1.557098871409269,0.1773030976133672,-0.9967912993099517,1.4119228837173958,1.5452248483610318,0.6171696394103273,-1.019118400612531,0.006630118503325768,-1.8864725846769428,-0.6084130258016253,-1.8469084410700944,-1.2028001063238518,-1.075838351422699,1.092670709353662,0.0,0.0,0.0,0.0,0.0,0.0,0.0,0.0,1.0,0.0,0.0,0.0,0.0,0.0,1.0,0.0,0.0,0.0,1.0,1.0,0.0,0.0,0.0,0.0,1.0,0.0,0.0,0.0,0.0,0.0,1.0,0.0,0.0,0.0,0.0,0.0,0.0,1.0,0.0,0.0,1.0,0.0,0.0,1.0,0.0,1.0,0.0,0.0,1.0,0.0,0.0,0.0,0.0,0.0,0
2.1834743651630317,-1.4303166848390385,-0.5905859470302397,1.3530584013628362,-0.34059638025356326,-0.9967912993099517,-0.7078767822484966,-0.4802360092002411,-0.17440931183371247,-1.019118400612531,0.8071070273410997,0.7940805366324234,-0.6802615172756009,-2.059701476526232,-1.0064993599974699,0.5835524219799213,0.06609101452543252,0.0,0.0,0.0,0.0,0.0,1.0,0.0,0.0,0.0,0.0,0.0,0.0,0.0,0.0,1.0,0.0,0.0,0.0,1.0,0.0,0.0,1.0,0.0,0.0,1.0,0.0,0.0,0.0,0.0,0.0,1.0,0.0,0.0,0.0,0.0,0.0,0.0,1.0,0.0,0.0,0.0,0.0,1.0,1.0,0.0,0.0,1.0,1.0,0.0,0.0,0.0,0.0,0.0,0.0,0
1.0693796428518185,0.7104740078077662,0.9211243378682687,1.716124722962966,-0.4641737345920091,0.49888765837117444,0.5595815568864918,0.8129591306566153,-1.5276224669815408,0.233955331039913,0.8071070273410997,0.23781550455625436,-0.7521100087495765,0.6812754801825859,-0.6138978673447055,-1.9055337381240092,-0.7806626453243826,0.0,0.0,0.0,0.0,0.0,0.0,0.0,0.0,1.0,0.0,0.0,0.0,0.0,0.0,1.0,0.0,0.0,0.0,1.0,0.0,0.0,1.0,0.0,1.0,0.0,0.0,0.0,0.0,0.0,1.0,0.0,0.0,0.0,0.0,0.0,0.0,0.0,1.0,0.0,0.0,0.0,0.0,1.0,1.0,0.0,1.0,0.0,0.0,0.0,1.0,0.0,0.0,0.0,0.0,1
0.6629308986194384,0.191109097042795,-1.1423402837787076,0.009850646208549108,1.3916731357011645,0.49888765837117444,-0.7742138766148109,-0.6812128175039383,1.6144411763273727,-1.019118400612531,0.006630118503325768,1.2255532164261718,-0.17732207695777194,0.8687360114177546,0.7602073569399693,1.4132478086812315,0.5828726296090311,0.0,0.0,0.0,0.0,0.0,0.0,0.0,1.0,0.0,0.0,0.0,0.0,0.0,0.0,1.0,0.0,0.0,0.0,1.0,0.0,0.0,1.0,0.0,0.0,1.0,0.0,0.0,0.0,0.0,0.0,0.0,0.0,0.0,0.0,1.0,0.0,0.0,1.0,0.0,0.0,0.0,0.0,1.0,1.0,0.0,0.0,1.0,0.0,0.0,0.0,0.0,1.0,0.0,0.0,1
-0.9526122486749139,-0.013856943561631216,-1.1423402837787076,-1.889891849183104,-1.6235500446643159,-0.9967912993099517,-0.24505732493419374,-0.08202441321419165,0.6171696394103273,-1.019118400612531,1.375054432627609,-0.5461960240222598,-0.7521100087495765,0.012497368749011112,-1.2028001063238518,-0.24614296472138883,-0.5519518629731954,0.0,0.0,0.0,0.0,1.0,0.0,0.0,0.0,0.0,0.0,0.0,0.0,0.0,1.0,0.0,0.0,0.0,0.0,1.0,1.0,0.0,0.0,0.0,0.0,1.0,0.0,0.0,0.0,0.0,0.0,1.0,0.0,0.0,0.0,0.0,0.0,0.0,1.0,0.0,0.0,1.0,0.0,0.0,1.0,0.0,0.0,1.0,0.0,0.0,0.0,0.0,0.0,0.0,1.0,0
0.3321926390707131,0.04625257142681844,0.3797170091197587,1.6547644515108562,0.40988340358952174,-0.9967912993099517,0.8916425664432508,0.8242678561529293,1.6144411763273727,1.487029062692357,0.006630118503325768,-1.8864725846769428,-0.03362509400982082,-1.3402583566507196,-1.0064993599974699,-0.24614296472138883,0.259884120181782,0.0,1.0,0.0,0.0,0.0,0.0,0.0,0.0,0.0,0.0,0.0,0.0,0.0,1.0,0.0,0.0,0.0,0.0,1.0,0.0,0.0,1.0,0.0,0.0,0.0,1.0,0.0,0.0,0.0,0.0,0.0,0.0,0.0,0.0,1.0,0.0,0.0,1.0,0.0,0.0,0.0,0.0,1.0,1.0,0.0,0.0,1.0,0.0,0.0,0.0,0.0,0.0,1.0,0.0,0
0.026709776129070564,-0.3581021351952044,-1.6846875008337523,0.7345398538677542,0.7138992809643273,-0.9967912993099517,1.027567891797155,1.3604598480046972,-0.17440931183371247,0.9669564746953179,0.006630118503325768,-1.8864725846769428,-1.3987464320153564,-0.5802832300216574,0.17130511796082293,-1.075838351422699,-1.0757170133957614,0.0,0.0,0.0,1.0,0.0,0.0,0.0,0.0,0.0,0.0,0.0,0.0,0.0,0.0,1.0,0.0,0.0,0.0,1.0,0.0,0.0,1.0,0.0,0.0,1.0,0.0,0.0,0.0,0.0,0.0,0.0,0.0,0.0,1.0,0.0,0.0,0.0,1.0,0.0,0.0,1.0,0.0,0.0,1.0,0.0,1.0,0.0,0.0,1.0,0.0,0.0,0.0,0.0,0.0,0
0.014544201859040233,2.3751391488163316,-0.5506149604084367,0.009850646208549108,0.4599202078921603,1.3738037617323386,-0.1940640935668988,-0.08564030246490915,-1.5276224669815408,0.9669564746953179,1.8155886650711848,0.7940805366324234,0.7567083122039103,-0.0837661472906701,-1.0064993599974699,-1.075838351422699,1.2393249514719804,0.0,1.0,0.0,0.0,0.0,0.0,0.0,0.0,0.0,0.0,0.0,0.0,0.0,1.0,0.0,0.0,0.0,0.0,1.0,0.0,0.0,1.0,0.0,0.0,0.0,1.0,0.0,0.0,0.0,1.0,0.0,0.0,0.0,0.0,0.0,0.0,0.0,1.0,0.0,0.0,1.0,0.0,0.0,0.0,1.0,1.0,0.0,0.0,1.0,0.0,0.0,0.0,0.0,0.0,1
0.9298464881927261,-0.010462903108779882,-1.3469484189652163,1.5213219053672675,0.1773030976133672,0.49888765837117444,-1.0050135202302681,-1.2775669632918867,0.6171696394103273,1.8904287018766261,0.006630118503325768,1.2255532164261718,0.4693143463080081,-0.5498842249564949,0.36760586428720504,-1.075838351422699,-1.1263476446032763,0.0,0.0,0.0,0.0,0.0,0.0,0.0,0.0,0.0,0.0,1.0,0.0,0.0,0.0,1.0,0.0,0.0,0.0,1.0,1.0,0.0,0.0,0.0,1.0,0.0,0.0,0.0,0.0,0.0,0.0,0.0,0.0,1.0,0.0,0.0,1.0,0.0,0.0,0.0,0.0,0.0,0.0,1.0,1.0,0.0,0.0,1.0,0.0,0.0,1.0,0.0,0.0,0.0,0.0,0
1.0693796428518185,-1.215401462841374,-0.09372408288307414,2.1041383003632235,0.40988340358952174,-0.9967912993099517,-1.2555011906912648,-0.9972625103125189,-0.17440931183371247,0.233955331039913,0.006630118503325768,-0.5461960240222598,-1.6142919064372832,-1.8114429351607382,-0.2212963746919413,1.4132478086812315,1.0437859619808891,0.0,0.0,0.0,0.0,1.0,0.0,0.0,0.0,0.0,0.0,0.0,0.0,0.0,1.0,0.0,0.0,0.0,0.0,1.0,1.0,0.0,0.0,0.0,0.0,0.0,1.0,0.0,1.0,0.0,0.0,0.0,0.0,0.0,0.0,0.0,0.0,0.0,1.0,0.0,0.0,1.0,0.0,0.0,0.0,1.0,0.0,1.0,0.0,0.0,1.0,0.0,0.0,0.0,0.0,0
-0.8603827772791233,0.21512357107192806,-1.2069175323776347,0.79287867841506,-1.6235500446643159,-0.9967912993099517,-1.0763209650051548,-1.0055771070183708,-0.17440931183371247,0.233955331039913,0.8071070273410997,-1.8864725846769428,-1.0395039746454786,-0.6461477409961761,0.7602073569399693,-1.075838351422699,-0.2900692877619124,0.0,0.0,0.0,0.0,1.0,0.0,0.0,0.0,0.0,0.0,0.0,0.0,0.0,1.0,0.0,0.0,0.0,0.0,1.0,1.0,0.0,0.0,0.0,0.0,1.0,0.0,0.0,0.0,0.0,0.0,0.0,1.0,0.0,0.0,0.0,0.0,1.0,0.0,0.0,0.0,1.0,0.0,0.0,1.0,0.0,0.0,1.0,0.0,0.0,0.0,0.0,1.0,0.0,0.0,0
-1.2053108494407347,-0.23055429777572273,-0.7645145055021436,-0.5873127973181029,-1.6235500446643159,-0.9967912993099517,0.5662260430851749,0.6109061242794832,-0.17440931183371247,0.9669564746953179,0.006630118503325768,1.5780920652109374,0.1100718889381303,0.012497368749011112,1.3491095959191157,0.5835524219799213,-1.3952137551535269,0.0,0.0,0.0,0.0,0.0,0.0,0.0,0.0,0.0,0.0,1.0,0.0,0.0,1.0,0.0,0.0,0.0,0.0,1.0,0.0,0.0,1.0,0.0,0.0,1.0,0.0,0.0,0.0,0.0,0.0,1.0,0.0,0.0,0.0,0.0,0.0,0.0,1.0,0.0,0.0,1.0,0.0,0.0,1.0,0.0,0.0,1.0,0.0,0.0,1.0,0.0,0.0,0.0,0.0,1
-0.33941587031765974,-0.6159686704147395,0.7371966050948634,0.1167088595524093,0.1773030976133672,0.49888765837117444,-1.2176769990575502,-1.257775153012692,-0.17440931183371247,0.233955331039913,-1.3617941956209574,0.23781550455625436,0.1100718889381303,0.12396038732127357,1.1528088495927336,0.5835524219799213,1.3597909360691707,0.0,0.0,0.0,0.0,1.0,0.0,0.0,0.0,0.0,0.0,0.0,0.0,0.0,1.0,0.0,0.0,0.0,1.0,0.0,0.0,1.0,0.0,0.0,0.0,1.0,0.0,0.0,0.0,0.0,0.0,0.0,1.0,0.0,0.0,0.0,0.0,0.0,1.0,0.0,0.0,0.0,0.0,1.0,1.0,0.0,0.0,1.0,0.0,0.0,0.0,0.0,1.0,0.0,0.0,0
-1.2653801763467714,1.2448768842593785,-0.17863132870856746,1.3174614945709977,1.2370720234956316,-0.9967912993099517,0.2743113093633977,0.25059530272738595,-0.17440931183371247,0.9669564746953179,0.006630118503325768,0.23781550455625436,-0.4647160428536742,0.4228839371287047,0.7602073569399693,0.5835524219799213,0.03990275700430422,0.0,0.0,0.0,0.0,0.0,0.0,0.0,0.0,1.0,0.0,0.0,0.0,0.0,1.0,0.0,0.0,0.0,0.0,1.0,1.0,0.0,0.0,0.0,0.0,0.0,1.0,0.0,0.0,0.0,1.0,0.0,0.0,0.0,0.0,0.0,0.0,0.0,1.0,0.0,0.0,0.0,0.0,1.0,1.0,0.0,1.0,0.0,0.0,0.0,1.0,0.0,0.0,0.0,0.0,0
0.7673404741902502,1.290668277333516,-0.7645145055021436,-0.6190081550798886,0.40988340358952174,0.49888765837117444,-0.9104547932370557,-0.715959539987593,-1.5276224669815408,0.9669564746953179,0.8071070273410997,0.23781550455625436,0.6848598207299348,0.13409338900966106,-0.024995628365559186,-1.9055337381240092,-0.9727098671459902,0.0,0.0,0.0,0.0,0.0,0.0,1.0,0.0,0.0,0.0,0.0,0.0,0.0,0.0,1.0,0.0,0.0,0.0,1.0,1.0,0.0,0.0,0.0,0.0,1.0,0.0,0.0,0.0,0.0,0.0,0.0,0.0,0.0,0.0,1.0,0.0,0.0,1.0,0.0,0.0,0.0,0.0,1.0,1.0,0.0,0.0,1.0,0.0,0.0,1.0,0.0,0.0,0.0,0.0,0
-0.17811596973186308,0.43874264058121853,-1.3469484189652163,0.619287237804736,0.3008804519518133,-0.9967912993099517,1.4101218402074298,1.1544435099446284,1.9703827945581553,0.9669564746953179,0.006630118503325768,-0.5461960240222598,-0.32101905990572305,-0.4130887021632637,-0.6138978673447055,0.5835524219799213,0.3000394483808454,0.0,0.0,0.0,0.0,1.0,0.0,0.0,0.0,0.0,0.0,0.0,0.0,0.0,0.0,0.0,0.0,1.0,0.0,1.0,1.0,0.0,0.0,0.0,0.0,1.0,0.0,0.0,0.0,0.0,0.0,0.0,0.0,0.0,1.0,0.0,0.0,1.0,0.0,0.0,0.0,1.0,0.0,0.0,1.0,0.0,0.0,1.0,0.0,0.0,0.0,0.0,1.0,0.0,0.0,0
0.026709776129070564,-2.023172700748211,-0.4377950154568216,-0.9518011328537236,0.10871947129041147,2.4760676934617014,0.74151009407309,0.5558704333019606,1.6144411763273727,0.9669564746953179,-1.3617941956209574,-0.5461960240222598,-0.7521100087495765,1.400718600058098,-0.024995628365559186,-0.24614296472138883,-1.531392694263394,0.0,0.0,0.0,0.0,1.0,0.0,0.0,0.0,0.0,0.0,0.0,0.0,0.0,1.0,0.0,0.0,0.0,1.0,0.0,0.0,1.0,0.0,0.0,0.0,0.0,1.0,0.0,0.0,0.0,0.0,0.0,1.0,0.0,0.0,0.0,0.0,0.0,1.0,0.0,0.0,1.0,0.0,0.0,1.0,0.0,0.0,1.0,0.0,0.0,0.0,0.0,1.0,0.0,0.0,0
2.4673303561616344,-1.2982334615914515,1.537061567588906,0.009850646208549108,0.5525429895349099,0.49888765837117444,0.2961899940842323,0.41283040316522046,-0.17440931183371247,-1.019118400612531,1.375054432627609,0.23781550455625436,-0.17732207695777194,0.7572729928454921,0.36760586428720504,-1.075838351422699,-1.4929832498990725,0.0,0.0,0.0,0.0,0.0,0.0,0.0,0.0,1.0,0.0,0.0,0.0,0.0,1.0,0.0,0.0,0.0,1.0,0.0,1.0,0.0,0.0,0.0,0.0,1.0,0.0,0.0,0.0,0.0,0.0,0.0,0.0,0.0,1.0,0.0,1.0,0.0,0.0,0.0,0.0,0.0,0.0,1.0,1.0,0.0,1.0,0.0,0.0,1.0,0.0,0.0,0.0,0.0,0.0,1
-1.5311791963693737,0.565279412424595,1.0488723921218375,0.4149676850334555,1.2578696503011553,-0.9967912993099517,-0.27733287785058836,-0.3022338932114509,-1.5276224669815408,-1.019118400612531,0.006630118503325768,0.7940805366324234,0.3974658548340326,0.0428963738141736,-1.0064993599974699,-1.9055337381240092,-0.3546669896473622,0.0,0.0,0.0,0.0,0.0,1.0,0.0,0.0,0.0,0.0,0.0,0.0,0.0,0.0,1.0,0.0,0.0,0.0,1.0,0.0,0.0,1.0,0.0,0.0,1.0,0.0,0.0,0.0,0.0,0.0,0.0,0.0,0.0,1.0,0.0,0.0,0.0,1.0,0.0,0.0,1.0,0.0,0.0,1.0,0.0,1.0,0.0,0.0,0.0,0.0,0.0,1.0,0.0,0.0,0
-0.45868214394783724,1.0817651244643471,-0.3678336660157809,1.2102145034749137,-0.04588164091512093,-0.9967912993099517,-0.2767800286683641,-0.4527044574249752,-1.5276224669815408,1.487029062692357,-1.3617941956209574,-1.8864725846769428,1.5470417184176415,-0.38268969709810124,-1.2028001063238518,0.5835524219799213,1.5186663650306824,0.0,0.0,0.0,0.0,1.0,0.0,0.0,0.0,0.0,0.0,0.0,0.0,0.0,0.0,1.0,0.0,0.0,1.0,0.0,0.0,1.0,0.0,0.0,0.0,0.0,1.0,0.0,0.0,0.0,0.0,0.0,0.0,1.0,0.0,0.0,0.0,1.0,0.0,0.0,0.0,0.0,0.0,1.0,1.0,0.0,0.0,1.0,0.0,0.0,0.0,0.0,1.0,0.0,0.0,0
0.243891193043238,-0.45150459974867746,-0.26968161895469217,-1.1887089868435954,1.6667661765303776,2.4760676934617014,0.44252052264294983,0.23508959917270497,-0.17440931183371247,1.8904287018766261,-1.3617941956209574,0.23781550455625436,0.6848598207299348,0.012497368749011112,-0.6138978673447055,-0.24614296472138883,-0.2376927727196558,0.0,0.0,0.0,0.0,0.0,0.0,0.0,0.0,0.0,1.0,0.0,0.0,0.0,1.0,0.0,0.0,0.0,1.0,0.0,0.0,1.0,0.0,0.0,1.0,0.0,0.0,0.0,0.0,0.0,0.0,0.0,0.0,0.0,0.0,1.0,0.0,0.0,0.0,0.0,1.0,1.0,0.0,0.0,1.0,0.0,0.0,1.0,0.0,0.0,0.0,0.0,1.0,0.0,0.0,0
-0.11413729837515497,-0.1850189238428319,-0.1496879775104765,-0.6851294763861162,0.5073898664580703,-0.9967912993099517,0.40527490693973917,0.43537273362098494,-1.5276224669815408,-1.019118400612531,-1.3617941956209574,0.23781550455625436,0.9004052951518615,0.5039479506358047,0.36760586428720504,1.4132478086812315,0.3855877562831978,0.0,0.0,0.0,0.0,0.0,0.0,1.0,0.0,0.0,0.0,0.0,0.0,0.0,0.0,1.0,0.0,0.0,0.0,1.0,0.0,1.0,0.0,0.0,0.0,1.0,0.0,0.0,0.0,0.0,0.0,1.0,0.0,0.0,0.0,0.0,0.0,1.0,0.0,0.0,0.0,1.0,0.0,0.0,1.0,0.0,0.0,1.0,1.0,0.0,0.0,0.0,0.0,0.0,0.0,0
-1.4895522945843467,0.2909736762074432,0.6644029027648904,-0.6515964562984796,0.034643511667979465,-0.9967912993099517,-1.1536478556481027,-0.8240859293368012,-0.17440931183371247,1.487029062692357,0.006630118503325768,-0.5461960240222598,-0.39286755137969864,0.4127509354403172,-0.6138978673447055,-1.075838351422699,0.34019477657990876,0.0,0.0,0.0,0.0,0.0,0.0,1.0,0.0,0.0,0.0,0.0,0.0,0.0,0.0,1.0,0.0,0.0,0.0,1.0,1.0,0.0,0.0,0.0,0.0,1.0,0.0,0.0,0.0,0.0,0.0,0.0,1.0,0.0,0.0,0.0,1.0,0.0,0.0,0.0,0.0,0.0,0.0,1.0,1.0,0.0,1.0,0.0,0.0,0.0,0.0,1.0,0.0,0.0,0.0,0
-0.37568283850317524,-0.010462903108779882,-0.2082557620591248,1.311420707001425,-1.6235500446643159,-0.9967912993099517,-1.0664809145424912,-0.7624779885016407,0.6171696394103273,-1.019118400612531,1.375054432627609,-1.8864725846769428,2.121829650209446,0.012497368749011112,-1.2028001063238518,-1.075838351422699,0.09751692355078649,0.0,0.0,0.0,0.0,0.0,1.0,0.0,0.0,0.0,0.0,0.0,0.0,0.0,0.0,1.0,0.0,0.0,0.0,1.0,0.0,0.0,1.0,0.0,0.0,1.0,0.0,0.0,1.0,0.0,0.0,0.0,0.0,0.0,0.0,0.0,0.0,1.0,0.0,0.0,0.0,0.0,0.0,1.0,1.0,0.0,0.0,1.0,0.0,1.0,0.0,0.0,0.0,0.0,0.0,0
-0.26990637661870254,1.3194863050129804,1.5143766236187246,1.1560849477761705,0.40988340358952174,-0.9967912993099517,0.45463924810577133,0.19163793160869913,0.6171696394103273,0.9669564746953179,0.006630118503325768,0.7940805366324234,0.6130113292559592,1.3703195949929357,0.5639066106135872,-1.075838351422699,0.4554231096728733,0.0,0.0,0.0,0.0,0.0,0.0,0.0,0.0,1.0,0.0,0.0,0.0,0.0,0.0,1.0,0.0,0.0,0.0,1.0,1.0,0.0,0.0,0.0,0.0,1.0,0.0,0.0,0.0,0.0,0.0,0.0,0.0,0.0,1.0,0.0,0.0,1.0,0.0,0.0,0.0,0.0,0.0,1.0,1.0,0.0,1.0,0.0,0.0,0.0,0.0,0.0,0.0,1.0,0.0,0
-0.19247055029715227,-0.587464071479782,1.2802509158658446,-1.1887089868435954,0.7851232955110645,-0.9967912993099517,0.5183263384332569,0.3665312608080061,-1.5276224669815408,0.9669564746953179,0.006630118503325768,0.7940805366324234,-0.10547358548379637,-1.0768003127526447,-1.0064993599974699,-1.075838351422699,-0.46814943890558486,0.0,0.0,0.0,0.0,0.0,1.0,0.0,0.0,0.0,0.0,0.0,0.0,0.0,0.0,1.0,0.0,0.0,0.0,1.0,0.0,0.0,1.0,0.0,0.0,1.0,0.0,0.0,0.0,0.0,1.0,0.0,0.0,0.0,0.0,0.0,0.0,1.0,0.0,0.0,0.0,1.0,0.0,0.0,1.0,0.0,0.0,1.0,0.0,0.0,0.0,0.0,1.0,0.0,0.0,0
2.060313406129661,0.42821386068489065,-0.5905859470302397,1.8641741481864282,0.40988340358952174,0.49888765837117444,-0.5492094391676307,-0.7336335323286176,-1.5276224669815408,0.9669564746953179,-1.3617941956209574,-0.5461960240222598,0.18192038041210587,-0.48908621482617,0.5639066106135872,0.5835524219799213,-0.17134918699946408,0.0,0.0,0.0,0.0,0.0,0.0,0.0,0.0,1.0,0.0,0.0,0.0,0.0,0.0,1.0,0.0,0.0,0.0,1.0,0.0,1.0,0.0,0.0,0.0,0.0,1.0,0.0,0.0,0.0,1.0,0.0,0.0,0.0,0.0,0.0,0.0,0.0,1.0,0.0,0.0,1.0,0.0,0.0,1.0,0.0,0.0,1.0,0.0,0.0,0.0,0.0,0.0,1.0,0.0,0
-1.166817213736339,-0.559415541420451,0.6493251138311443,0.4663898480732562,0.3008804519518133,1.3738037617323386,-2.6734388600650214,-2.380004124034027,1.1788038433141157,0.9669564746953179,0.006630118503325768,-0.5461960240222598,0.6130113292559592,-0.5853497308658512,-0.2212963746919413,0.5835524219799213,1.6286570466194212,0.0,0.0,0.0,0.0,0.0,1.0,0.0,0.0,0.0,0.0,0.0,0.0,0.0,0.0,1.0,0.0,0.0,0.0,1.0,0.0,0.0,1.0,0.0,0.0,0.0,0.0,1.0,0.0,0.0,0.0,0.0,1.0,0.0,0.0,0.0,1.0,0.0,0.0,0.0,0.0,1.0,0.0,0.0,1.0,0.0,1.0,0.0,1.0,0.0,0.0,0.0,0.0,0.0,0.0,0
0.959948175880024,-1.2701856794649977,1.2617361655996318,-1.3583010865962881,0.40988340358952174,-0.9967912993099517,-0.0671169774642471,-0.36063700666786186,0.6171696394103273,0.233955331039913,0.006630118503325768,0.23781550455625436,-0.17732207695777194,-0.428288204695845,-0.6138978673447055,-1.075838351422699,0.7609527807527036,0.0,0.0,0.0,0.0,1.0,0.0,0.0,0.0,0.0,0.0,0.0,0.0,0.0,0.0,1.0,0.0,0.0,0.0,1.0,1.0,0.0,0.0,0.0,0.0,1.0,0.0,0.0,0.0,0.0,1.0,0.0,0.0,0.0,0.0,0.0,0.0,1.0,0.0,0.0,0.0,0.0,0.0,1.0,1.0,0.0,1.0,0.0,1.0,0.0,0.0,0.0,0.0,0.0,0.0,0
0.026709776129070564,-0.06207665304712374,-0.30155624115829577,-1.088053513244579,1.3366794076856743,-0.9967912993099517,-0.5008646468039285,-0.6946317734791055,0.6171696394103273,-1.019118400612531,1.8155886650711848,0.23781550455625436,-0.17732207695777194,-1.3199923532739446,1.1528088495927336,-0.24614296472138883,-0.0770714599234022,0.0,0.0,0.0,0.0,0.0,0.0,0.0,0.0,0.0,0.0,0.0,0.0,1.0,0.0,1.0,0.0,0.0,0.0,1.0,0.0,0.0,1.0,1.0,0.0,0.0,0.0,0.0,0.0,0.0,0.0,0.0,1.0,0.0,0.0,0.0,1.0,0.0,0.0,0.0,0.0,1.0,0.0,0.0,1.0,0.0,0.0,1.0,0.0,1.0,0.0,0.0,0.0,0.0,0.0,0
-0.6433950462011125,-0.010462903108779882,0.8839103873230683,-0.9518011328537236,-0.4641737345920091,0.49888765837117444,-0.1628247115852339,-0.18895231762762027,-1.5276224669815408,-1.019118400612531,0.8071070273410997,0.7940805366324234,-1.3987464320153564,0.6610094768058109,2.3306133275510263,-0.24614296472138883,1.1171130830400484,0.0,0.0,0.0,0.0,0.0,0.0,0.0,0.0,1.0,0.0,0.0,0.0,0.0,1.0,0.0,0.0,0.0,0.0,1.0,1.0,0.0,0.0,0.0,0.0,1.0,0.0,0.0,0.0,0.0,0.0,1.0,0.0,0.0,0.0,0.0,0.0,1.0,0.0,0.0,0.0,1.0,0.0,0.0,0.0,1.0,1.0,0.0,0.0,0.0,0.0,0.0,1.0,0.0,0.0,1
1.3817983272667993,0.0787771440173592,1.5143766236187246,1.4537138749618528,-1.6235500446643159,0.49888765837117444,-0.37577493367548204,-0.43819945138054867,0.6171696394103273,0.233955331039913,0.8071070273410997,-1.8864725846769428,-1.1113524661194543,-0.9197387865826385,0.17130511796082293,0.5835524219799213,-1.4161643611704295,0.0,0.0,0.0,0.0,1.0,0.0,0.0,0.0,0.0,0.0,0.0,0.0,0.0,0.0,1.0,0.0,0.0,1.0,0.0,0.0,0.0,1.0,0.0,0.0,1.0,0.0,0.0,0.0,0.0,0.0,0.0,1.0,0.0,0.0,0.0,0.0,0.0,1.0,0.0,0.0,0.0,0.0,1.0,1.0,0.0,1.0,0.0,0.0,0.0,0.0,0.0,1.0,0.0,0.0,0
-0.9107754239176911,0.9059308327159062,-1.2749871003535849,-0.5873127973181029,-0.23159342861585436,-0.9967912993099517,-0.4619216390963375,-0.34442143062004854,-0.17440931183371247,0.233955331039913,0.006630118503325768,-0.5461960240222598,-0.03362509400982082,0.5444799573893546,-1.2028001063238518,0.5835524219799213,0.9669670732522462,0.0,0.0,0.0,0.0,0.0,0.0,0.0,0.0,0.0,0.0,0.0,1.0,0.0,0.0,1.0,0.0,0.0,0.0,1.0,0.0,0.0,1.0,0.0,0.0,0.0,0.0,1.0,0.0,0.0,0.0,1.0,0.0,0.0,0.0,0.0,0.0,0.0,0.0,1.0,0.0,0.0,0.0,1.0,1.0,0.0,0.0,1.0,0.0,0.0,0.0,0.0,1.0,0.0,0.0,0
1.3079273586132618,0.4596123757772708,0.21963114456386534,-1.889891849183104,-0.606833320537397,-0.9967912993099517,0.2206658634315976,-0.0021139017117452704,-1.5276224669815408,0.9669564746953179,1.375054432627609,1.2255532164261718,0.325617363360057,-1.517585886197501,1.1528088495927336,-1.075838351422699,0.1219592972371729,0.0,0.0,1.0,0.0,0.0,0.0,0.0,0.0,0.0,0.0,0.0,0.0,0.0,1.0,0.0,0.0,0.0,1.0,0.0,1.0,0.0,0.0,0.0,0.0,1.0,0.0,0.0,0.0,0.0,0.0,0.0,0.0,0.0,0.0,1.0,0.0,0.0,1.0,0.0,0.0,1.0,0.0,0.0,1.0,0.0,0.0,1.0,0.0,1.0,0.0,0.0,0.0,0.0,0.0,0
0.20673833443874268,0.6370373721706565,0.3983689106828149,-0.1078924082562966,-2.2650268768696926,0.49888765837117444,1.485741316628816,1.21225443001346,0.6171696394103273,0.9669564746953179,-1.3617941956209574,0.23781550455625436,0.8285568036778859,0.47861544641483594,1.3491095959191157,-1.9055337381240092,-1.0181028468492792,0.0,0.0,0.0,0.0,0.0,0.0,0.0,1.0,0.0,0.0,0.0,0.0,0.0,0.0,1.0,0.0,0.0,1.0,0.0,0.0,1.0,0.0,0.0,0.0,1.0,0.0,0.0,0.0,0.0,0.0,0.0,0.0,0.0,0.0,1.0,1.0,0.0,0.0,0.0,0.0,0.0,0.0,1.0,1.0,0.0,1.0,0.0,0.0,0.0,0.0,1.0,0.0,0.0,0.0,1
-1.804661762622792,-0.734861011179743,1.6786691360708856,0.8301983080730838,-0.7755637979526826,0.49888765837117444,-0.2272130693132026,0.030507174394312477,1.6144411763273727,0.233955331039913,0.006630118503325768,0.23781550455625436,0.18192038041210587,0.8282040046642045,0.17130511796082293,1.4132478086812315,-0.7771708776548989,0.0,0.0,0.0,0.0,0.0,0.0,0.0,0.0,1.0,0.0,0.0,0.0,0.0,0.0,1.0,0.0,0.0,1.0,0.0,1.0,0.0,0.0,0.0,0.0,1.0,0.0,0.0,0.0,0.0,0.0,1.0,0.0,0.0,0.0,0.0,0.0,0.0,1.0,0.0,0.0,0.0,0.0,1.0,1.0,0.0,1.0,0.0,0.0,0.0,0.0,0.0,1.0,0.0,0.0,0
0.07188386325133365,0.7504691597131999,-0.40232843552956954,-1.4869678123246417,1.1488666986634468,0.49888765837117444,1.0837451255245678,0.9073514456122245,-0.17440931183371247,0.9669564746953179,-1.3617941956209574,-0.5461960240222598,-0.4647160428536742,0.5799454632987109,-0.8101986136710877,0.5835524219799213,1.2340872999677548,0.0,0.0,0.0,0.0,0.0,0.0,0.0,0.0,0.0,0.0,1.0,0.0,0.0,1.0,0.0,0.0,0.0,0.0,1.0,0.0,1.0,0.0,0.0,1.0,0.0,0.0,0.0,0.0,0.0,0.0,0.0,0.0,0.0,1.0,0.0,1.0,0.0,0.0,0.0,0.0,1.0,0.0,0.0,1.0,0.0,1.0,0.0,0.0,0.0,0.0,0.0,0.0,1.0,0.0,0
0.026709776129070564,0.8278219833302185,1.1547313826177912,0.18283018085863695,-0.23159342861585436,0.49888765837117444,1.4196130604568806,1.4287182411802368,-1.5276224669815408,0.233955331039913,0.006630118503325768,0.7940805366324234,-0.9676554831715031,0.34181992362160474,-1.399100852650234,-0.24614296472138883,-1.6047198153225533,0.0,0.0,0.0,0.0,0.0,0.0,0.0,0.0,1.0,0.0,0.0,0.0,0.0,0.0,1.0,0.0,0.0,0.0,1.0,0.0,0.0,1.0,0.0,1.0,0.0,0.0,0.0,0.0,0.0,0.0,0.0,0.0,1.0,0.0,0.0,0.0,0.0,0.0,1.0,0.0,0.0,0.0,1.0,1.0,0.0,1.0,0.0,0.0,0.0,0.0,0.0,0.0,0.0,1.0,0
-0.9849394775896638,1.3757389806762246,0.01125172249905238,-1.0408302956165845,0.5073898664580703,1.3738037617323386,0.651827220758277,0.42645730537274695,0.6171696394103273,1.487029062692357,1.375054432627609,-0.5461960240222598,1.8344356843135439,0.012497368749011112,-0.8101986136710877,1.4132478086812315,-0.8836697915741539,0.0,0.0,0.0,0.0,0.0,0.0,0.0,0.0,0.0,0.0,0.0,1.0,0.0,0.0,1.0,0.0,0.0,1.0,0.0,0.0,0.0,1.0,1.0,0.0,0.0,0.0,0.0,0.0,0.0,0.0,1.0,0.0,0.0,0.0,0.0,0.0,1.0,0.0,0.0,0.0,0.0,0.0,1.0,1.0,0.0,0.0,1.0,0.0,0.0,0.0,0.0,1.0,0.0,0.0,0
-0.45868214394783724,0.20315745364536417,-0.5118740474830508,1.6457268415519672,0.10871947129041147,-0.9967912993099517,0.07356620162262353,-0.09671318769579812,-0.17440931183371247,0.9669564746953179,0.006630118503325768,0.7940805366324234,0.3974658548340326,-0.2813596802142263,1.1528088495927336,0.5835524219799213,1.0682283356672757,0.0,0.0,0.0,0.0,0.0,1.0,0.0,0.0,0.0,0.0,0.0,0.0,0.0,0.0,1.0,0.0,0.0,1.0,0.0,1.0,0.0,0.0,0.0,0.0,0.0,1.0,0.0,0.0,1.0,0.0,0.0,0.0,0.0,0.0,0.0,1.0,0.0,0.0,0.0,0.0,1.0,0.0,0.0,1.0,0.0,0.0,1.0,0.0,0.0,1.0,0.0,0.0,0.0,0.0,0
-0.9849394775896638,0.8193938561039417,0.6186167541733134,1.762152096530252,0.1773030976133672,1.3738037617323386,-0.7137768576125927,-0.4776720538255118,-1.5276224669815408,1.487029062692357,0.8071070273410997,0.23781550455625436,1.1877992610477637,1.4817826135651981,-0.024995628365559186,-1.9055337381240092,-0.18007860617317353,0.0,0.0,0.0,0.0,0.0,0.0,0.0,0.0,1.0,0.0,0.0,0.0,0.0,0.0,1.0,0.0,0.0,1.0,0.0,1.0,0.0,0.0,0.0,0.0,1.0,0.0,0.0,0.0,0.0,0.0,1.0,0.0,0.0,0.0,0.0,0.0,0.0,0.0,1.0,0.0,0.0,0.0,1.0,1.0,0.0,0.0,1.0,0.0,0.0,1.0,0.0,0.0,0.0,0.0,0
1.3070622015831384,0.7852702176958163,-0.4377950154568216,-0.4685616310762956,0.5955951912902556,-0.9967912993099517,-0.44616854852005683,-0.29371699132764006,0.6171696394103273,0.233955331039913,0.006630118503325768,0.23781550455625436,1.1877992610477637,-0.2104286683955138,0.36760586428720504,0.5835524219799213,0.2965476807113616,0.0,0.0,0.0,0.0,0.0,0.0,0.0,0.0,1.0,0.0,0.0,0.0,0.0,0.0,1.0,0.0,0.0,0.0,1.0,1.0,0.0,0.0,0.0,1.0,0.0,0.0,0.0,0.0,0.0,0.0,0.0,0.0,0.0,1.0,0.0,0.0,0.0,0.0,1.0,0.0,0.0,0.0,1.0,1.0,0.0,1.0,0.0,0.0,0.0,0.0,0.0,1.0,0.0,0.0,0
0.026709776129070564,-0.8845968091956891,1.823975824462487,-0.1078924082562966,0.676120343873356,-0.9967912993099517,1.4157878448398342,1.4351403396092373,1.1788038433141157,0.9669564746953179,-1.3617941956209574,0.7940805366324234,-0.10547358548379637,-1.6037164005487945,-0.2212963746919413,-0.24614296472138883,0.9215740935489571,0.0,0.0,0.0,0.0,1.0,0.0,0.0,0.0,0.0,0.0,0.0,0.0,0.0,0.0,1.0,0.0,0.0,1.0,0.0,0.0,1.0,0.0,0.0,0.0,1.0,0.0,0.0,0.0,0.0,0.0,0.0,0.0,0.0,0.0,1.0,0.0,1.0,0.0,0.0,0.0,0.0,0.0,1.0,1.0,0.0,1.0,0.0,0.0,1.0,0.0,0.0,0.0,0.0,0.0,0
-0.8505445573678087,0.565279412424595,-0.0666481935771456,1.4957842636207541,1.2578696503011553,-0.9967912993099517,0.001272489492818032,0.10000584475373772,-0.17440931183371247,-1.019118400612531,0.8071070273410997,1.5780920652109374,1.2596477525217393,0.39248493206354224,0.7602073569399693,-1.075838351422699,-0.5816318881638075,0.0,0.0,0.0,0.0,1.0,0.0,0.0,0.0,0.0,0.0,0.0,0.0,0.0,1.0,0.0,0.0,0.0,1.0,0.0,1.0,0.0,0.0,0.0,0.0,1.0,0.0,0.0,0.0,0.0,0.0,0.0,1.0,0.0,0.0,0.0,0.0,0.0,0.0,1.0,0.0,1.0,0.0,0.0,1.0,0.0,1.0,0.0,0.0,0.0,0.0,0.0,1.0,0.0,0.0,1
0.43747789977805046,-0.010462903108779882,1.588455655644954,0.009850646208549108,-0.9820732124589395,0.49888765837117444,1.4636140307029915,1.3523699273065366,0.6171696394103273,0.233955331039913,-1.3617941956209574,0.23781550455625436,-0.7521100087495765,0.8636695105735608,-1.0064993599974699,-1.9055337381240092,0.8220587149686696,0.0,1.0,0.0,0.0,0.0,0.0,0.0,0.0,0.0,0.0,0.0,0.0,0.0,0.0,1.0,0.0,0.0,0.0,1.0,0.0,1.0,0.0,0.0,0.0,1.0,0.0,0.0,1.0,0.0,0.0,0.0,0.0,0.0,0.0,0.0,0.0,1.0,0.0,0.0,0.0,0.0,0.0,1.0,1.0,0.0,1.0,0.0,0.0,0.0,0.0,0.0,1.0,0.0,0.0,1
0.671613689683607,-0.6159686704147395,-1.3469484189652163,0.3748431474487516,-0.04588164091512093,0.49888765837117444,-0.83611049148261,-0.8871154408857174,0.6171696394103273,0.233955331039913,0.8071070273410997,-0.5461960240222598,1.3314962439957148,0.3266204210890235,1.3491095959191157,1.4132478086812315,1.2078990424466265,0.0,0.0,0.0,0.0,1.0,0.0,0.0,0.0,0.0,0.0,0.0,0.0,0.0,0.0,1.0,0.0,0.0,0.0,1.0,0.0,0.0,1.0,0.0,0.0,1.0,0.0,0.0,0.0,0.0,1.0,0.0,0.0,0.0,0.0,0.0,0.0,0.0,1.0,0.0,0.0,1.0,0.0,0.0,1.0,0.0,0.0,1.0,0.0,0.0,1.0,0.0,0.0,0.0,0.0,0
0.07421662557953211,-0.11166027652398555,-1.3469484189652163,-0.3354484878652693,0.034643511667979465,0.49888765837117444,0.21562642866048298,0.5615825461289085,-1.5276224669815408,1.487029062692357,1.375054432627609,0.7940805366324234,-0.10547358548379637,-0.2002956667071263,-0.2212963746919413,1.4132478086812315,0.460660761177099,0.0,0.0,0.0,0.0,0.0,0.0,0.0,0.0,0.0,0.0,1.0,0.0,0.0,0.0,1.0,0.0,0.0,0.0,1.0,0.0,0.0,1.0,0.0,0.0,1.0,0.0,0.0,0.0,0.0,0.0,0.0,1.0,0.0,0.0,0.0,0.0,1.0,0.0,0.0,0.0,1.0,0.0,0.0,1.0,0.0,1.0,0.0,0.0,0.0,0.0,0.0,1.0,0.0,0.0,0
-0.7471658213699082,0.4176214643191637,-1.0809144268831403,0.5276109155552591,0.4599202078921603,-0.9967912993099517,-1.08701466456526,-1.3908477333624771,-0.17440931183371247,1.487029062692357,1.375054432627609,-1.8864725846769428,-0.32101905990572305,0.6762089793383921,-2.576905330608527,-1.9055337381240092,1.2829720473405277,0.0,0.0,0.0,1.0,0.0,0.0,0.0,0.0,0.0,0.0,0.0,0.0,0.0,0.0,1.0,0.0,0.0,0.0,1.0,0.0,0.0,1.0,0.0,0.0,0.0,0.0,1.0,0.0,0.0,1.0,0.0,0.0,0.0,0.0,0.0,1.0,0.0,0.0,0.0,0.0,1.0,0.0,0.0,1.0,0.0,0.0,1.0,0.0,0.0,0.0,1.0,0.0,0.0,0.0,0
-0.21873355311787196,0.5406921923815166,0.10814415932187205,0.79287867841506,-0.04588164091512093,-0.9967912993099517,-0.5355812808313539,-0.5830231468538772,0.6171696394103273,-1.019118400612531,0.8071070273410997,-1.8864725846769428,-0.6802615172756009,0.012497368749011112,-1.7917023453029983,0.5835524219799213,1.4540686631452326,0.0,0.0,1.0,0.0,0.0,0.0,0.0,0.0,0.0,0.0,0.0,0.0,0.0,1.0,0.0,0.0,0.0,1.0,0.0,1.0,0.0,0.0,0.0,0.0,1.0,0.0,0.0,0.0,0.0,0.0,0.0,0.0,0.0,0.0,1.0,0.0,1.0,0.0,0.0,0.0,1.0,0.0,0.0,1.0,0.0,1.0,0.0,0.0,0.0,0.0,0.0,0.0,0.0,1.0,0
2.428224761012758,0.48023658620085363,-1.3469484189652163,-0.7919876897299764,-0.34059638025356326,-0.9967912993099517,0.669420320884867,0.78248488482867,1.6144411763273727,0.233955331039913,0.006630118503325768,0.7940805366324234,-0.2491705684317475,1.2689895781090608,-0.024995628365559186,0.5835524219799213,1.7142053545217737,0.0,0.0,1.0,0.0,0.0,0.0,0.0,0.0,0.0,0.0,0.0,0.0,0.0,1.0,0.0,0.0,0.0,0.0,1.0,0.0,0.0,1.0,0.0,0.0,1.0,0.0,0.0,0.0,0.0,0.0,1.0,0.0,0.0,0.0,0.0,0.0,1.0,0.0,0.0,0.0,1.0,0.0,0.0,1.0,0.0,1.0,0.0,0.0,0.0,1.0,0.0,0.0,0.0,0.0,0
-0.528555850212911,-0.12608848213404747,0.8964376581255955,0.009850646208549108,-0.13408696574730583,1.3738037617323386,0.5395238301990919,0.5107315798586545,-1.5276224669815408,-1.019118400612531,0.8071070273410997,0.7940805366324234,2.0499811587354704,-0.9146722857384448,-0.6138978673447055,1.4132478086812315,-0.7806626453243826,0.0,0.0,0.0,0.0,1.0,0.0,0.0,0.0,0.0,0.0,0.0,0.0,0.0,0.0,1.0,0.0,0.0,0.0,1.0,1.0,0.0,0.0,0.0,0.0,1.0,0.0,0.0,0.0,0.0,0.0,0.0,1.0,0.0,0.0,0.0,0.0,1.0,0.0,0.0,0.0,1.0,0.0,0.0,1.0,0.0,1.0,0.0,0.0,0.0,0.0,0.0,1.0,0.0,0.0,0
1.2089604139988823,0.17897736303157552,-1.7854596952050261,-1.2989645835129267,0.9423572841571898,-0.9967912993099517,1.1015105796350821,0.806143154717601,1.6144411763273727,-1.019118400612531,0.006630118503325768,0.7940805366324234,0.6130113292559592,-1.0869333144410323,-1.0064993599974699,0.5835524219799213,0.011968615648434032,0.0,0.0,0.0,0.0,1.0,0.0,0.0,0.0,0.0,0.0,0.0,0.0,0.0,1.0,0.0,0.0,0.0,0.0,1.0,1.0,0.0,0.0,0.0,0.0,1.0,0.0,0.0,0.0,0.0,0.0,0.0,0.0,0.0,1.0,0.0,0.0,1.0,0.0,0.0,0.0,1.0,0.0,0.0,1.0,0.0,1.0,0.0,0.0,0.0,0.0,0.0,1.0,0.0,0.0,0
-0.10872629707853028,0.789572173738245,-1.6846875008337523,-0.4685616310762956,-0.23159342861585436,-0.9967912993099517,1.3554994268090033,1.1120677945598008,-0.17440931183371247,1.487029062692357,-1.3617941956209574,-0.5461960240222598,-0.10547358548379637,-0.4384212063842325,0.17130511796082293,-1.075838351422699,1.4540686631452326,0.0,0.0,0.0,0.0,0.0,0.0,0.0,0.0,0.0,1.0,0.0,0.0,0.0,0.0,1.0,0.0,0.0,0.0,1.0,0.0,1.0,0.0,0.0,0.0,1.0,0.0,0.0,0.0,0.0,0.0,0.0,0.0,1.0,0.0,0.0,0.0,0.0,1.0,0.0,0.0,0.0,0.0,1.0,1.0,0.0,0.0,1.0,0.0,0.0,1.0,0.0,0.0,0.0,0.0,0
2.42576139293464,-0.559415541420451,0.5048249988082347,-0.2623626169803747,-0.34059638025356326,-0.9967912993099517,-0.28111612523063534,0.07646539207821938,1.1788038433141157,-1.019118400612531,-1.3617941956209574,0.23781550455625436,-1.6861403979112588,-0.4840197139819762,-1.0064993599974699,0.5835524219799213,0.3506700795883601,0.0,0.0,0.0,0.0,0.0,0.0,1.0,0.0,0.0,0.0,0.0,0.0,0.0,0.0,1.0,0.0,0.0,0.0,1.0,0.0,1.0,0.0,0.0,0.0,1.0,0.0,0.0,0.0,1.0,0.0,0.0,0.0,0.0,0.0,0.0,1.0,0.0,0.0,0.0,0.0,0.0,0.0,1.0,1.0,0.0,1.0,0.0,0.0,0.0,0.0,0.0,1.0,0.0,0.0,0
-0.28848177127215524,0.1482755656596622,-1.423273625232452,0.1987864088803994,-0.23159342861585436,1.9945666160523006,-0.5886953401098299,-0.7559170023466408,1.9703827945581553,-1.019118400612531,1.375054432627609,-0.5461960240222598,-0.39286755137969864,0.296221416023861,-0.2212963746919413,-1.9055337381240092,-1.1158723415948248,0.0,0.0,0.0,0.0,1.0,0.0,0.0,0.0,0.0,0.0,0.0,0.0,0.0,1.0,0.0,0.0,0.0,0.0,1.0,0.0,0.0,1.0,0.0,0.0,1.0,0.0,0.0,0.0,0.0,0.0,0.0,0.0,0.0,1.0,0.0,0.0,1.0,0.0,0.0,0.0,1.0,0.0,0.0,1.0,0.0,1.0,0.0,0.0,0.0,0.0,0.0,1.0,0.0,0.0,0
-0.027731554675701115,0.4176214643191637,0.036182840710240624,-0.7552605354707437,0.7851232955110645,-0.9967912993099517,0.9003069834944212,1.1640667653995256,-0.17440931183371247,-1.019118400612531,0.006630118503325768,-0.5461960240222598,-0.39286755137969864,-0.19016266501873882,-0.4175971210183234,0.5835524219799213,-0.4262482268717796,0.0,0.0,0.0,0.0,0.0,0.0,1.0,0.0,0.0,0.0,0.0,0.0,0.0,0.0,1.0,0.0,0.0,0.0,1.0,0.0,0.0,1.0,0.0,0.0,1.0,0.0,0.0,0.0,0.0,0.0,0.0,1.0,0.0,0.0,0.0,0.0,1.0,0.0,0.0,0.0,0.0,0.0,1.0,1.0,0.0,1.0,0.0,0.0,0.0,0.0,0.0,1.0,0.0,0.0,0
-0.9315180430416955,0.4334861548969821,0.6940273361154479,-1.088053513244579,-2.2650268768696926,1.9945666160523006,0.597985452057689,0.7696304671699332,1.1788038433141157,-1.019118400612531,0.8071070273410997,-0.5461960240222598,-0.03362509400982082,0.13915988985385483,0.5639066106135872,0.5835524219799213,1.1625060627433375,0.0,0.0,0.0,0.0,1.0,0.0,0.0,0.0,0.0,0.0,0.0,0.0,0.0,1.0,0.0,0.0,0.0,0.0,1.0,1.0,0.0,0.0,0.0,0.0,1.0,0.0,0.0,0.0,0.0,0.0,0.0,0.0,0.0,1.0,0.0,0.0,0.0,1.0,0.0,0.0,1.0,0.0,0.0,1.0,0.0,0.0,1.0,0.0,0.0,0.0,0.0,1.0,0.0,0.0,1
0.13115831988846843,-1.2425795783178417,1.609855269918879,0.9926741417640965,-0.4641737345920091,0.49888765837117444,-0.21770516442865534,-0.03103165060087008,-1.5276224669815408,0.9669564746953179,0.006630118503325768,-0.5461960240222598,-0.10547358548379637,0.6762089793383921,0.9565081032663514,-0.24614296472138883,1.1206048507095323,0.0,0.0,0.0,0.0,0.0,0.0,0.0,0.0,1.0,0.0,0.0,0.0,0.0,0.0,1.0,0.0,0.0,1.0,0.0,1.0,0.0,0.0,0.0,0.0,1.0,0.0,0.0,0.0,0.0,1.0,0.0,0.0,0.0,0.0,0.0,1.0,0.0,0.0,0.0,0.0,0.0,0.0,1.0,1.0,0.0,1.0,0.0,0.0,0.0,0.0,1.0,0.0,0.0,0.0,0
1.3931565526030907,1.2711896684630721,1.037779982673563,-0.6190081550798886,0.851255382798665,-0.9967912993099517,-0.8534427082467055,-0.9362284313360121,-1.5276224669815408,0.9669564746953179,0.006630118503325768,0.7940805366324234,2.0499811587354704,0.058095876346754845,-0.2212963746919413,0.5835524219799213,-0.0369161317243388,0.0,0.0,0.0,0.0,0.0,1.0,0.0,0.0,0.0,0.0,0.0,0.0,0.0,1.0,0.0,0.0,0.0,1.0,0.0,1.0,0.0,0.0,0.0,1.0,0.0,0.0,0.0,0.0,0.0,1.0,0.0,0.0,0.0,0.0,0.0,0.0,1.0,0.0,0.0,0.0,0.0,0.0,1.0,1.0,0.0,0.0,1.0,0.0,0.0,0.0,0.0,1.0,0.0,0.0,0
-0.26377568275455093,-0.6449444150648397,1.5593449869732792,0.7042287348625622,0.9708350832117979,-0.9967912993099517,0.06103222031632599,1.6166925134620276,-1.5276224669815408,-1.019118400612531,0.006630118503325768,-0.5461960240222598,-1.7579888893852342,-1.173063828792326,-0.8101986136710877,-1.9055337381240092,-1.2153877201751124,0.0,0.0,1.0,0.0,0.0,0.0,0.0,0.0,0.0,0.0,0.0,0.0,0.0,1.0,0.0,0.0,0.0,0.0,1.0,0.0,0.0,1.0,0.0,0.0,0.0,1.0,0.0,0.0,0.0,0.0,0.0,0.0,0.0,1.0,0.0,0.0,1.0,0.0,0.0,0.0,0.0,0.0,1.0,1.0,0.0,1.0,0.0,0.0,0.0,0.0,0.0,0.0,0.0,1.0,0
1.6118229815974512,2.224498258505475,0.45272182578377695,-1.7972977893282913,1.0513602357948983,-0.9967912993099517,0.926916127463038,1.2698785987442953,-1.5276224669815408,0.233955331039913,0.006630118503325768,0.23781550455625436,0.18192038041210587,0.2607559101145048,-0.6138978673447055,1.4132478086812315,-0.20626686369430183,0.0,0.0,0.0,0.0,1.0,0.0,0.0,0.0,0.0,0.0,0.0,0.0,0.0,1.0,0.0,0.0,0.0,1.0,0.0,0.0,0.0,1.0,0.0,0.0,1.0,0.0,0.0,0.0,0.0,0.0,1.0,0.0,0.0,0.0,0.0,1.0,0.0,0.0,0.0,0.0,1.0,0.0,0.0,1.0,0.0,1.0,0.0,0.0,0.0,0.0,0.0,1.0,0.0,0.0,0
0.7015351023886655,-1.5897838121690349,0.17621372729782228,-0.9518011328537236,0.35698583829276287,0.49888765837117444,-0.7600499266518502,-0.7005478531228566,-1.5276224669815408,1.487029062692357,-1.3617941956209574,0.7940805366324234,0.6848598207299348,-0.7474777578800511,0.5639066106135872,-0.24614296472138883,0.6544538668334484,0.0,0.0,0.0,0.0,1.0,0.0,0.0,0.0,0.0,0.0,0.0,0.0,0.0,0.0,0.0,1.0,0.0,1.0,0.0,0.0,1.0,0.0,0.0,0.0,1.0,0.0,0.0,0.0,0.0,0.0,0.0,0.0,0.0,1.0,0.0,0.0,1.0,0.0,0.0,0.0,1.0,0.0,0.0,1.0,0.0,1.0,0.0,0.0,0.0,0.0,0.0,1.0,0.0,0.0,0
2.1103235052474987,-0.010462903108779882,0.7371966050948634,0.009850646208549108,1.639939502703516,-0.9967912993099517,-0.9174887899705799,-0.64960439658072,2.271327144715815,0.233955331039913,-1.3617941956209574,0.23781550455625436,0.6130113292559592,-0.2104286683955138,0.17130511796082293,-1.075838351422699,0.1760816961141714,0.0,0.0,0.0,0.0,1.0,0.0,0.0,0.0,0.0,0.0,0.0,0.0,0.0,0.0,1.0,0.0,0.0,0.0,1.0,0.0,1.0,0.0,0.0,0.0,1.0,0.0,0.0,0.0,0.0,0.0,0.0,0.0,0.0,1.0,0.0,0.0,0.0,1.0,0.0,0.0,1.0,0.0,0.0,1.0,0.0,1.0,0.0,0.0,0.0,0.0,0.0,0.0,0.0,1.0,0
0.1597694267894871,-0.007075420938833421,0.30221683279231626,-1.088053513244579,1.3553761131697037,0.49888765837117444,-0.8811281507958116,-0.7751437187299174,1.6144411763273727,-1.019118400612531,0.8071070273410997,0.7940805366324234,-0.10547358548379637,-1.314925852429751,1.1528088495927336,1.4132478086812315,-0.8417685795403487,0.0,0.0,0.0,0.0,1.0,0.0,0.0,0.0,0.0,0.0,0.0,0.0,0.0,0.0,1.0,0.0,0.0,1.0,0.0,0.0,0.0,1.0,0.0,0.0,1.0,0.0,0.0,0.0,0.0,0.0,0.0,0.0,0.0,1.0,0.0,0.0,0.0,1.0,0.0,0.0,1.0,0.0,0.0,1.0,0.0,0.0,1.0,0.0,0.0,1.0,0.0,0.0,0.0,0.0,0
0.39137898750691086,1.8356798488795445,-1.0809144268831403,0.3883732220473554,1.2157962486842935,0.49888765837117444,-0.33644632526507195,-0.5363692882516031,-1.5276224669815408,0.9669564746953179,0.006630118503325768,0.23781550455625436,-0.39286755137969864,0.07836187972352984,-0.8101986136710877,0.5835524219799213,-0.6409919385450317,0.0,0.0,0.0,0.0,0.0,0.0,0.0,0.0,0.0,0.0,0.0,1.0,0.0,0.0,1.0,0.0,0.0,0.0,1.0,0.0,0.0,1.0,0.0,0.0,1.0,0.0,0.0,0.0,0.0,0.0,0.0,0.0,0.0,0.0,1.0,0.0,0.0,0.0,1.0,0.0,1.0,0.0,0.0,1.0,0.0,0.0,1.0,1.0,0.0,0.0,0.0,0.0,0.0,0.0,0
-1.4895522945843467,1.3131231132312289,-2.014998948602723,1.280734340311765,1.1013970400975368,1.9945666160523006,0.8567376533337359,0.8899629369299347,0.6171696394103273,0.233955331039913,-1.3617941956209574,0.23781550455625436,0.5411628377819837,-1.0616008102200636,-0.4175971210183234,0.5835524219799213,-0.7020978727609977,0.0,0.0,0.0,0.0,1.0,0.0,0.0,0.0,0.0,0.0,0.0,0.0,0.0,1.0,0.0,0.0,0.0,1.0,0.0,0.0,1.0,0.0,0.0,0.0,1.0,0.0,0.0,0.0,0.0,0.0,1.0,0.0,0.0,0.0,0.0,0.0,1.0,0.0,0.0,0.0,1.0,0.0,0.0,1.0,0.0,1.0,0.0,0.0,0.0,0.0,0.0,1.0,0.0,0.0,0
0.8349097537373746,2.7649343443900096,-0.33425886755361933,0.27542424071344995,0.40988340358952174,0.49888765837117444,-0.8255938946220853,-0.44374526934013303,-0.17440931183371247,0.233955331039913,1.375054432627609,-0.5461960240222598,1.1877992610477637,0.19489139913998604,0.5639066106135872,-0.24614296472138883,1.2882096988447533,0.0,0.0,0.0,1.0,0.0,0.0,0.0,0.0,0.0,0.0,0.0,0.0,0.0,0.0,1.0,0.0,0.0,0.0,1.0,0.0,0.0,1.0,0.0,0.0,1.0,0.0,0.0,1.0,0.0,0.0,0.0,0.0,0.0,0.0,0.0,0.0,1.0,0.0,0.0,0.0,0.0,0.0,1.0,1.0,0.0,1.0,0.0,0.0,1.0,0.0,0.0,0.0,0.0,0.0,0
0.44960283683037994,-0.010462903108779882,-0.30155624115829577,-1.0408302956165845,1.278210149191893,-0.9967912993099517,0.013324593078761781,-0.28957475113301756,1.6144411763273727,-1.019118400612531,0.8071070273410997,0.23781550455625436,-0.823958500223552,0.3519529253099922,-0.2212963746919413,0.5835524219799213,-0.3983140855159094,0.0,0.0,0.0,0.0,0.0,0.0,1.0,0.0,0.0,0.0,0.0,0.0,0.0,1.0,0.0,0.0,0.0,1.0,0.0,0.0,0.0,1.0,0.0,0.0,1.0,0.0,0.0,0.0,0.0,0.0,0.0,0.0,1.0,0.0,0.0,1.0,0.0,0.0,0.0,0.0,1.0,0.0,0.0,1.0,0.0,1.0,0.0,0.0,1.0,0.0,0.0,0.0,0.0,0.0,0
1.5913308335862852,0.40696467804793757,0.6793022521365594,-0.5873127973181029,-2.2650268768696926,0.49888765837117444,-0.9152343325085511,-0.595844742911201,-0.17440931183371247,-1.019118400612531,-1.3617941956209574,-0.5461960240222598,-0.6802615172756009,-0.7221452536590823,-1.399100852650234,-1.075838351422699,0.10450045888975404,0.0,0.0,0.0,0.0,1.0,0.0,0.0,0.0,0.0,0.0,0.0,0.0,0.0,0.0,1.0,0.0,0.0,0.0,1.0,0.0,1.0,0.0,0.0,1.0,0.0,0.0,0.0,0.0,0.0,0.0,0.0,0.0,0.0,1.0,0.0,0.0,1.0,0.0,0.0,0.0,0.0,0.0,1.0,1.0,0.0,1.0,0.0,0.0,0.0,0.0,0.0,1.0,0.0,0.0,0
0.31117938205552287,0.17897736303157552,-0.5506149604084367,0.3332767048622299,0.9129752784408443,1.3738037617323386,0.16496881987451556,-0.14262937215311047,-1.5276224669815408,-1.019118400612531,0.8071070273410997,0.23781550455625436,-1.2550494490674053,-0.1040321506674451,-0.4175971210183234,0.5835524219799213,0.6230279578080944,0.0,0.0,1.0,0.0,0.0,0.0,0.0,0.0,0.0,0.0,0.0,0.0,0.0,1.0,0.0,0.0,0.0,0.0,1.0,0.0,0.0,1.0,0.0,0.0,1.0,0.0,0.0,0.0,0.0,0.0,0.0,1.0,0.0,0.0,0.0,0.0,1.0,0.0,0.0,0.0,1.0,0.0,0.0,1.0,0.0,1.0,0.0,1.0,0.0,0.0,0.0,0.0,0.0,0.0,0
-0.3200704807283546,-0.010462903108779882,-0.3678336660157809,-0.3354484878652693,-2.2650268768696926,-0.9967912993099517,0.9179042051597907,0.8497264253649766,-0.17440931183371247,0.9669564746953179,2.1755313414653825,-1.8864725846769428,-0.39286755137969864,0.296221416023861,-0.2212963746919413,0.5835524219799213,-0.48386239341826187,0.0,0.0,0.0,0.0,0.0,0.0,0.0,0.0,0.0,1.0,0.0,0.0,0.0,0.0,1.0,0.0,0.0,0.0,1.0,1.0,0.0,0.0,0.0,0.0,1.0,0.0,0.0,0.0,0.0,0.0,0.0,0.0,0.0,0.0,1.0,0.0,1.0,0.0,0.0,0.0,1.0,0.0,0.0,1.0,0.0,0.0,1.0,0.0,0.0,0.0,1.0,0.0,0.0,0.0,1
-1.0237475144374861,-0.17754337105799656,1.8936146065617347,-0.1287363630087277,0.40988340358952174,-0.9967912993099517,0.4663238423882735,0.2728472469169938,-0.17440931183371247,-1.019118400612531,-1.3617941956209574,1.2255532164261718,-0.9676554831715031,0.6002114666754859,0.7602073569399693,1.4132478086812315,-0.31625754528304073,0.0,0.0,0.0,0.0,1.0,0.0,0.0,0.0,0.0,0.0,0.0,0.0,0.0,0.0,1.0,0.0,0.0,1.0,0.0,0.0,1.0,0.0,0.0,0.0,1.0,0.0,0.0,0.0,0.0,0.0,1.0,0.0,0.0,0.0,0.0,0.0,1.0,0.0,0.0,0.0,1.0,0.0,0.0,1.0,0.0,0.0,1.0,0.0,0.0,0.0,1.0,0.0,0.0,0.0,0
0.4444208931700625,-1.783770891040523,-0.7187283569105664,-0.4406853860301315,-1.6235500446643159,-0.9967912993099517,1.5539256922604407,1.7087202039426685,0.6171696394103273,0.9669564746953179,0.006630118503325768,0.23781550455625436,0.325617363360057,-1.6442484073023445,-0.024995628365559186,0.5835524219799213,0.413521897639068,0.0,0.0,0.0,0.0,0.0,0.0,0.0,1.0,0.0,0.0,0.0,0.0,0.0,1.0,0.0,0.0,0.0,0.0,1.0,0.0,0.0,1.0,0.0,0.0,1.0,0.0,0.0,0.0,0.0,0.0,0.0,0.0,0.0,1.0,0.0,0.0,1.0,0.0,0.0,0.0,1.0,0.0,0.0,1.0,0.0,1.0,0.0,1.0,0.0,0.0,0.0,0.0,0.0,0.0,1
0.6140615206488277,-0.941332367943445,-0.812028836009737,0.5743570004931102,0.10871947129041147,1.3738037617323386,-2.8009486212882977,-2.853653379143354,1.1788038433141157,1.8904287018766261,0.006630118503325768,-0.5461960240222598,-0.8958069916975275,-0.7221452536590823,-0.6138978673447055,1.4132478086812315,-1.438860851022074,0.0,0.0,0.0,0.0,1.0,0.0,0.0,0.0,0.0,0.0,0.0,0.0,0.0,1.0,0.0,0.0,0.0,0.0,1.0,1.0,0.0,0.0,0.0,0.0,1.0,0.0,0.0,0.0,0.0,0.0,1.0,0.0,0.0,0.0,0.0,0.0,0.0,0.0,1.0,0.0,0.0,1.0,0.0,1.0,0.0,1.0,0.0,0.0,1.0,0.0,0.0,0.0,0.0,0.0,0
0.004725386922235978,-0.786882192859712,0.8455628442893777,1.798494609658475,-0.7755637979526826,-0.9967912993099517,-0.054348019594335,0.024583850970968154,-0.17440931183371247,0.233955331039913,0.8071070273410997,-0.5461960240222598,2.481072107579324,1.0511300418087295,0.5639066106135872,-0.24614296472138883,-0.8749403724004445,0.0,0.0,0.0,0.0,1.0,0.0,0.0,0.0,0.0,0.0,0.0,0.0,0.0,0.0,1.0,0.0,0.0,0.0,1.0,1.0,0.0,0.0,0.0,0.0,1.0,0.0,0.0,0.0,0.0,0.0,1.0,0.0,0.0,0.0,0.0,0.0,0.0,1.0,0.0,0.0,0.0,0.0,1.0,1.0,0.0,1.0,0.0,0.0,0.0,0.0,0.0,1.0,0.0,0.0,1
0.3731838046757734,0.5895265587564679,0.036182840710240624,-0.5564627506577629,-0.9820732124589395,0.49888765837117444,1.5760111656866742,1.8582256271784563,-1.5276224669815408,-1.019118400612531,0.8071070273410997,0.7940805366324234,-0.4647160428536742,-0.37255669540971376,0.17130511796082293,-1.9055337381240092,-1.1123805739253412,0.0,0.0,0.0,0.0,0.0,0.0,0.0,0.0,1.0,0.0,0.0,0.0,0.0,1.0,0.0,0.0,0.0,1.0,0.0,0.0,0.0,1.0,0.0,0.0,1.0,0.0,0.0,0.0,0.0,0.0,0.0,1.0,0.0,0.0,0.0,0.0,0.0,1.0,0.0,0.0,1.0,0.0,0.0,1.0,0.0,1.0,0.0,0.0,1.0,0.0,0.0,0.0,0.0,0.0,0
-0.0873145287138839,0.9259202083395105,1.2142218350920386,0.009850646208549108,0.10871947129041147,-0.9967912993099517,0.7760942560652784,0.5318279951651196,-1.5276224669815408,0.233955331039913,0.8071070273410997,-0.5461960240222598,-0.5365645343276497,0.8636695105735608,0.36760586428720504,1.4132478086812315,0.41003012996958427,0.0,0.0,0.0,0.0,0.0,0.0,0.0,0.0,1.0,0.0,0.0,0.0,0.0,1.0,0.0,0.0,0.0,0.0,1.0,0.0,0.0,1.0,0.0,0.0,1.0,0.0,0.0,0.0,0.0,0.0,1.0,0.0,0.0,0.0,0.0,1.0,0.0,0.0,0.0,0.0,0.0,0.0,1.0,1.0,0.0,1.0,0.0,0.0,0.0,1.0,0.0,0.0,0.0,0.0,0
0.3416280772736584,0.3304962176555305,-0.23859410545326964,-0.3105699335114892,-0.23159342861585436,1.3738037617323386,-1.3898222896013905,-1.0442884596427147,-0.17440931183371247,0.9669564746953179,0.006630118503325768,-0.5461960240222598,1.7625871928395682,0.35701942615418597,0.17130511796082293,0.5835524219799213,0.752223361578994,0.0,1.0,0.0,0.0,0.0,0.0,0.0,0.0,0.0,0.0,0.0,0.0,0.0,1.0,0.0,0.0,0.0,0.0,1.0,0.0,0.0,1.0,0.0,0.0,1.0,0.0,0.0,0.0,0.0,0.0,0.0,0.0,0.0,0.0,1.0,0.0,1.0,0.0,0.0,0.0,1.0,0.0,0.0,1.0,0.0,1.0,0.0,0.0,0.0,0.0,0.0,1.0,0.0,0.0,0
0.1834754452128086,-0.5409627714290545,-0.2082557620591248,0.23005339848663117,0.7138992809643273,-0.9967912993099517,0.06103222031632599,0.28290496953064237,-1.5276224669815408,-1.019118400612531,-1.3617941956209574,0.23781550455625436,-0.823958500223552,-1.071733811908451,-1.5954015989766162,-1.075838351422699,0.4781195995245178,0.0,0.0,0.0,0.0,1.0,0.0,0.0,0.0,0.0,0.0,0.0,0.0,0.0,0.0,1.0,0.0,0.0,1.0,0.0,0.0,1.0,0.0,0.0,0.0,1.0,0.0,0.0,1.0,0.0,0.0,0.0,0.0,0.0,0.0,0.0,0.0,0.0,1.0,0.0,0.0,0.0,0.0,1.0,0.0,1.0,1.0,0.0,0.0,0.0,0.0,0.0,0.0,0.0,1.0,0
-1.4895522945843467,0.04625257142681844,1.081575018517161,1.6228190000953338,-0.34059638025356326,0.49888765837117444,0.19919790266458712,0.19916889063365578,-1.5276224669815408,0.9669564746953179,-1.3617941956209574,0.23781550455625436,2.481072107579324,-0.4992192165145575,0.9565081032663514,-0.24614296472138883,-1.145552366785437,0.0,0.0,0.0,0.0,1.0,0.0,0.0,0.0,0.0,0.0,0.0,0.0,0.0,0.0,1.0,0.0,0.0,1.0,0.0,0.0,1.0,0.0,0.0,0.0,1.0,0.0,0.0,0.0,0.0,0.0,0.0,1.0,0.0,0.0,0.0,0.0,0.0,0.0,1.0,0.0,1.0,0.0,0.0,1.0,0.0,1.0,0.0,0.0,0.0,0.0,0.0,1.0,0.0,0.0,0
0.9667925286267889,-0.7974742692308516,-0.2082557620591248,-0.5264140952250759,0.9423572841571898,-0.9967912993099517,0.07312817517096429,0.016058917593411846,1.9703827945581553,0.9669564746953179,-1.3617941956209574,-0.5461960240222598,0.1100718889381303,-1.2389283397668447,-0.6138978673447055,-0.24614296472138883,-1.1891994626539841,0.0,0.0,0.0,0.0,0.0,0.0,1.0,0.0,0.0,0.0,0.0,0.0,0.0,0.0,1.0,0.0,0.0,0.0,1.0,0.0,1.0,0.0,0.0,0.0,0.0,1.0,0.0,0.0,0.0,0.0,0.0,0.0,0.0,1.0,0.0,0.0,1.0,0.0,0.0,0.0,0.0,0.0,1.0,1.0,0.0,1.0,0.0,0.0,0.0,0.0,0.0,1.0,0.0,0.0,0
-0.28536655478271983,-2.5707150170640904,-0.23859410545326964,-0.008959657523465534,-1.2483101527427733,-0.9967912993099517,-0.8568248764976178,-1.0906430856716194,0.6171696394103273,0.233955331039913,1.375054432627609,0.23781550455625436,-0.32101905990572305,-0.44348770722842623,1.5454103422454977,1.4132478086812315,0.6369950284860295,0.0,0.0,0.0,0.0,0.0,0.0,1.0,0.0,0.0,0.0,0.0,0.0,0.0,0.0,0.0,0.0,1.0,1.0,0.0,1.0,0.0,0.0,0.0,0.0,1.0,0.0,0.0,1.0,0.0,0.0,0.0,0.0,0.0,0.0,0.0,0.0,0.0,1.0,0.0,0.0,1.0,0.0,0.0,0.0,1.0,0.0,1.0,0.0,0.0,0.0,0.0,1.0,0.0,0.0,0
0.8587112224301536,-1.370381295319137,0.36078461734096456,1.5851959055376545,0.5525429895349099,-0.9967912993099517,-0.550534865435142,-0.6543479669694539,-0.17440931183371247,0.9669564746953179,1.375054432627609,-1.8864725846769428,-0.32101905990572305,-0.7677437612568261,0.7602073569399693,-1.9055337381240092,0.305277099885071,0.0,0.0,0.0,0.0,0.0,0.0,0.0,0.0,1.0,0.0,0.0,0.0,0.0,0.0,1.0,0.0,0.0,0.0,1.0,0.0,0.0,1.0,1.0,0.0,0.0,0.0,0.0,0.0,0.0,0.0,0.0,1.0,0.0,0.0,0.0,1.0,0.0,0.0,0.0,0.0,0.0,0.0,1.0,1.0,0.0,0.0,1.0,1.0,0.0,0.0,0.0,0.0,0.0,0.0,1
-0.5437796282740778,1.4831026932606608,0.5711024236657201,-0.3354484878652693,0.9708350832117979,1.3738037617323386,0.37206102018105,0.6573633624285197,-0.17440931183371247,-1.019118400612531,0.006630118503325768,-1.8864725846769428,-0.03362509400982082,-1.3199923532739446,0.36760586428720504,1.4132478086812315,-0.22197981820697882,0.0,0.0,0.0,0.0,0.0,0.0,0.0,0.0,0.0,1.0,0.0,0.0,0.0,0.0,0.0,0.0,1.0,0.0,1.0,0.0,0.0,1.0,0.0,0.0,0.0,1.0,0.0,0.0,0.0,0.0,0.0,0.0,0.0,0.0,1.0,0.0,0.0,1.0,0.0,0.0,0.0,0.0,1.0,1.0,0.0,0.0,1.0,0.0,0.0,0.0,0.0,0.0,0.0,1.0,0
0.03875757919663737,0.27951591033344186,0.15393030791344917,-0.5564627506577629,-1.6235500446643159,1.3738037617323386,-0.11905556029298059,-0.019349323260414775,1.1788038433141157,0.9669564746953179,0.006630118503325768,-0.5461960240222598,-1.0395039746454786,-2.1812974967868817,-0.024995628365559186,0.5835524219799213,-0.9081121652605404,0.0,1.0,0.0,0.0,0.0,0.0,0.0,0.0,0.0,0.0,0.0,0.0,0.0,1.0,0.0,0.0,0.0,1.0,0.0,1.0,0.0,0.0,0.0,0.0,1.0,0.0,0.0,0.0,0.0,0.0,1.0,0.0,0.0,0.0,0.0,0.0,1.0,0.0,0.0,0.0,0.0,0.0,1.0,1.0,0.0,1.0,0.0,1.0,0.0,0.0,0.0,0.0,0.0,0.0,0
-0.6392535171288168,0.0916198755463181,-1.7854596952050261,-0.3105699335114892,1.4602567620241207,0.49888765837117444,1.0286905612397288,1.035096126731074,-1.5276224669815408,0.233955331039913,-1.3617941956209574,0.23781550455625436,0.4693143463080081,-2.333292522112694,-1.2028001063238518,-1.9055337381240092,1.200915507107659,0.0,0.0,0.0,0.0,0.0,0.0,0.0,0.0,1.0,0.0,0.0,0.0,0.0,0.0,1.0,0.0,0.0,0.0,1.0,0.0,1.0,0.0,0.0,0.0,1.0,0.0,0.0,1.0,0.0,0.0,0.0,0.0,0.0,0.0,0.0,0.0,0.0,1.0,0.0,0.0,0.0,0.0,1.0,1.0,0.0,1.0,0.0,0.0,0.0,0.0,0.0,1.0,0.0,0.0,0
-2.0106491716088715,1.0375681854129728,-1.3469484189652163,0.23005339848663117,0.5525429895349099,0.49888765837117444,0.17414564656189857,0.12281339274323022,-0.17440931183371247,-1.019118400612531,-1.3617941956209574,-1.8864725846769428,0.25376887188608144,0.012497368749011112,0.5639066106135872,-1.9055337381240092,-1.437114967187332,0.0,0.0,0.0,0.0,0.0,0.0,0.0,0.0,1.0,0.0,0.0,0.0,0.0,0.0,1.0,0.0,0.0,0.0,1.0,0.0,1.0,0.0,0.0,0.0,1.0,0.0,0.0,0.0,0.0,0.0,0.0,1.0,0.0,0.0,0.0,0.0,0.0,1.0,0.0,0.0,0.0,0.0,1.0,1.0,0.0,1.0,0.0,0.0,0.0,0.0,0.0,1.0,0.0,0.0,0
-0.942020454209716,0.0916198755463181,0.5048249988082347,-1.2425237219686571,-0.606833320537397,-0.9967912993099517,-0.0362588884376535,-0.01605137391473696,-0.17440931183371247,0.233955331039913,-1.3617941956209574,-0.5461960240222598,-0.823958500223552,-0.5498842249564949,-0.2212963746919413,-0.24614296472138883,0.5008160893761624,0.0,0.0,0.0,0.0,0.0,0.0,0.0,0.0,1.0,0.0,0.0,0.0,0.0,1.0,0.0,0.0,0.0,1.0,0.0,0.0,1.0,0.0,0.0,0.0,1.0,0.0,0.0,1.0,0.0,0.0,0.0,0.0,0.0,0.0,0.0,1.0,0.0,0.0,0.0,0.0,0.0,0.0,1.0,1.0,0.0,0.0,1.0,0.0,0.0,1.0,0.0,0.0,0.0,0.0,0
-0.42690522604701253,-0.010462903108779882,-1.1423402837787076,1.3588861627605218,-2.2650268768696926,0.49888765837117444,-0.40719098005465665,-0.5594595509474536,1.1788038433141157,1.487029062692357,0.006630118503325768,0.23781550455625436,-1.5424434149633075,-0.9552042924919948,-0.2212963746919413,0.5835524219799213,-0.24816807572810712,0.0,0.0,0.0,0.0,0.0,0.0,1.0,0.0,0.0,0.0,0.0,0.0,0.0,1.0,0.0,0.0,0.0,0.0,1.0,1.0,0.0,0.0,0.0,0.0,1.0,0.0,0.0,0.0,0.0,0.0,0.0,1.0,0.0,0.0,0.0,0.0,1.0,0.0,0.0,0.0,0.0,0.0,1.0,1.0,0.0,1.0,0.0,0.0,0.0,1.0,0.0,0.0,0.0,0.0,0
-0.8214881012626409,1.1319582202328324,-0.7187283569105664,-0.7552605354707437,-0.04588164091512093,0.49888765837117444,1.286675583240469,1.285112695319173,0.6171696394103273,-1.019118400612531,0.8071070273410997,-0.5461960240222598,0.18192038041210587,0.20502440082837353,1.3491095959191157,0.5835524219799213,0.6422326799902552,1.0,0.0,0.0,0.0,0.0,0.0,0.0,0.0,0.0,0.0,0.0,0.0,0.0,1.0,0.0,0.0,0.0,1.0,0.0,0.0,0.0,1.0,0.0,0.0,1.0,0.0,0.0,1.0,0.0,0.0,0.0,0.0,0.0,0.0,0.0,0.0,1.0,0.0,0.0,0.0,0.0,0.0,1.0,1.0,0.0,0.0,1.0,0.0,0.0,0.0,0.0,1.0,0.0,0.0,1
1.2321539353892426,-0.34985267652474944,-1.7854596952050261,0.15024187964004568,0.750196303495788,0.49888765837117444,-0.43948203427272653,-0.29905926937471633,-1.5276224669815408,0.233955331039913,0.006630118503325768,1.2255532164261718,1.475193226943666,-0.0837661472906701,0.9565081032663514,-1.075838351422699,-0.06135850541072522,0.0,0.0,0.0,0.0,0.0,0.0,0.0,0.0,1.0,0.0,0.0,0.0,0.0,0.0,1.0,0.0,0.0,0.0,1.0,0.0,0.0,1.0,0.0,0.0,1.0,0.0,0.0,0.0,0.0,0.0,0.0,1.0,0.0,0.0,0.0,0.0,1.0,0.0,0.0,0.0,1.0,0.0,0.0,1.0,0.0,0.0,1.0,0.0,0.0,0.0,0.0,0.0,0.0,1.0,0
-0.5906012631774405,0.05933489941926128,1.8179949090426506,0.3047120883641238,0.24115292617423648,0.49888765837117444,-0.7028553847639698,-0.457203812558467,0.6171696394103273,-1.019118400612531,0.006630118503325768,0.23781550455625436,-1.6861403979112588,-2.333292522112694,1.5454103422454977,-0.24614296472138883,-1.0704793618915358,0.0,0.0,0.0,0.0,1.0,0.0,0.0,0.0,0.0,0.0,0.0,0.0,0.0,1.0,0.0,0.0,0.0,0.0,1.0,0.0,0.0,1.0,0.0,0.0,0.0,1.0,0.0,0.0,0.0,0.0,0.0,1.0,0.0,0.0,0.0,0.0,0.0,1.0,0.0,0.0,1.0,0.0,0.0,1.0,0.0,0.0,1.0,1.0,0.0,0.0,0.0,0.0,0.0,0.0,0
-0.07411686168696381,0.0916198755463181,-1.5913870217345818,0.5035098731771052,1.1717186114282805,-0.9967912993099517,0.27168996311327204,0.5826618182970978,0.6171696394103273,-1.019118400612531,1.375054432627609,-1.8864725846769428,-0.10547358548379637,-0.7424112570358574,-0.6138978673447055,1.4132478086812315,1.61818174361097,0.0,0.0,0.0,0.0,0.0,0.0,0.0,1.0,0.0,0.0,0.0,0.0,0.0,1.0,0.0,0.0,0.0,1.0,0.0,0.0,0.0,1.0,0.0,0.0,1.0,0.0,0.0,0.0,0.0,0.0,0.0,0.0,0.0,1.0,0.0,1.0,0.0,0.0,0.0,0.0,0.0,0.0,1.0,1.0,0.0,1.0,0.0,0.0,0.0,0.0,0.0,1.0,0.0,0.0,0
0.6034439079684013,-0.010462903108779882,2.3244643834208283,-0.1078924082562966,-0.9820732124589395,0.49888765837117444,-0.50611255920429,-0.2041515261216897,-0.17440931183371247,0.233955331039913,0.8071070273410997,-0.5461960240222598,-0.10547358548379637,1.081529046873892,0.9565081032663514,0.5835524219799213,-0.3075281261093313,0.0,0.0,0.0,0.0,1.0,0.0,0.0,0.0,0.0,0.0,0.0,0.0,0.0,0.0,1.0,0.0,0.0,0.0,1.0,1.0,0.0,0.0,0.0,0.0,1.0,0.0,0.0,0.0,0.0,1.0,0.0,0.0,0.0,0.0,0.0,1.0,0.0,0.0,0.0,0.0,0.0,0.0,1.0,1.0,0.0,1.0,0.0,0.0,0.0,0.0,0.0,1.0,0.0,0.0,1
1.9640795402196756,2.350620263634354,-1.5045263537512816,-1.4869678123246417,0.676120343873356,-0.9967912993099517,1.4352014983841197,1.1449135081144641,-1.5276224669815408,0.233955331039913,-1.3617941956209574,0.23781550455625436,1.9062841757875193,0.24048990673772977,0.9565081032663514,0.5835524219799213,1.5029534105180054,0.0,0.0,0.0,0.0,0.0,0.0,1.0,0.0,0.0,0.0,0.0,0.0,0.0,0.0,1.0,0.0,0.0,1.0,0.0,0.0,1.0,0.0,0.0,0.0,1.0,0.0,0.0,0.0,0.0,0.0,0.0,0.0,0.0,0.0,1.0,0.0,0.0,1.0,0.0,0.0,1.0,0.0,0.0,1.0,0.0,1.0,0.0,0.0,1.0,0.0,0.0,0.0,0.0,0.0,0
0.6873764930501358,0.0787771440173592,0.36078461734096456,1.0919991860147953,1.5981825502074212,0.49888765837117444,-1.2225044594028882,-1.0767368742258447,-0.17440931183371247,0.9669564746953179,-1.3617941956209574,0.23781550455625436,-0.17732207695777194,0.14929289154224232,-0.6138978673447055,-0.24614296472138883,0.1638605092709782,0.0,0.0,0.0,0.0,0.0,0.0,0.0,0.0,1.0,0.0,0.0,0.0,0.0,1.0,0.0,0.0,0.0,0.0,1.0,0.0,1.0,0.0,0.0,0.0,1.0,0.0,0.0,0.0,0.0,0.0,0.0,0.0,0.0,0.0,1.0,1.0,0.0,0.0,0.0,0.0,1.0,0.0,0.0,1.0,0.0,1.0,0.0,0.0,0.0,0.0,0.0,0.0,0.0,1.0,0
-1.1923468953654506,0.6181872754789729,-0.1496879775104765,0.6411144549970303,0.1773030976133672,-0.9967912993099517,-1.0203353543313132,-1.0364031880333224,-0.17440931183371247,-1.019118400612531,0.006630118503325768,0.23781550455625436,-1.2550494490674053,-1.456787876067176,1.5454103422454977,-1.075838351422699,0.12894283257614045,0.0,0.0,0.0,0.0,0.0,0.0,1.0,0.0,0.0,0.0,0.0,0.0,0.0,0.0,1.0,0.0,0.0,1.0,0.0,1.0,0.0,0.0,0.0,0.0,1.0,0.0,0.0,0.0,0.0,0.0,0.0,0.0,1.0,0.0,0.0,0.0,1.0,0.0,0.0,0.0,1.0,0.0,0.0,1.0,0.0,1.0,0.0,0.0,0.0,0.0,0.0,0.0,1.0,0.0,1
0.305386377005983,-0.2459994373442641,-2.014998948602723,0.7737574465288144,1.1013970400975368,1.3738037617323386,-0.07129032224355973,-0.2948037204990365,-1.5276224669815408,-1.019118400612531,0.006630118503325768,0.7940805366324234,0.6130113292559592,-0.929871788271026,0.17130511796082293,-1.075838351422699,0.8272963664728952,0.0,0.0,0.0,0.0,0.0,0.0,0.0,0.0,0.0,0.0,0.0,1.0,0.0,0.0,1.0,0.0,0.0,1.0,0.0,0.0,0.0,1.0,0.0,0.0,1.0,0.0,0.0,0.0,1.0,0.0,0.0,0.0,0.0,0.0,0.0,0.0,0.0,0.0,1.0,0.0,0.0,1.0,0.0,1.0,0.0,0.0,1.0,0.0,1.0,0.0,0.0,0.0,0.0,0.0,1
0.3015093385504869,0.8193938561039417,-0.23859410545326964,-0.7196636286789051,-1.2483101527427733,0.49888765837117444,0.03639508862681834,0.0008213345147229494,-1.5276224669815408,1.8904287018766261,-1.3617941956209574,-1.8864725846769428,-1.470594923489332,-1.3909233650926571,-2.3806045842821444,-0.24614296472138883,0.4571689935076152,0.0,0.0,0.0,0.0,0.0,0.0,0.0,0.0,1.0,0.0,0.0,0.0,0.0,0.0,1.0,0.0,0.0,0.0,1.0,0.0,1.0,0.0,0.0,0.0,1.0,0.0,0.0,0.0,0.0,0.0,0.0,0.0,0.0,1.0,0.0,0.0,1.0,0.0,0.0,0.0,1.0,0.0,0.0,1.0,0.0,1.0,0.0,0.0,0.0,0.0,0.0,0.0,1.0,0.0,0
1.0672827117108856,-1.0361106240362834,-0.26968161895469217,0.18283018085863695,-0.34059638025356326,-0.9967912993099517,1.4061519420424962,1.175369043317639,-1.5276224669815408,-1.019118400612531,-1.3617941956209574,-0.5461960240222598,1.1159507695737882,-1.5885168980162132,-0.8101986136710877,-1.075838351422699,1.260275557488883,0.0,1.0,0.0,0.0,0.0,0.0,0.0,0.0,0.0,0.0,0.0,0.0,0.0,0.0,0.0,0.0,1.0,0.0,1.0,0.0,1.0,0.0,0.0,0.0,1.0,0.0,0.0,0.0,0.0,0.0,1.0,0.0,0.0,0.0,0.0,0.0,0.0,1.0,0.0,0.0,1.0,0.0,0.0,1.0,0.0,0.0,1.0,0.0,0.0,0.0,0.0,0.0,0.0,1.0,0
0.6600231208066584,-0.29316848772825016,0.2616010418910505,1.5804058026649646,0.3008804519518133,-0.9967912993099517,0.888035323800754,0.5871650395145107,-0.17440931183371247,-1.019118400612531,1.375054432627609,-0.5461960240222598,1.1159507695737882,0.47861544641483594,-0.6138978673447055,-1.075838351422699,-0.6462295900492573,0.0,0.0,1.0,0.0,0.0,0.0,0.0,0.0,0.0,0.0,0.0,0.0,0.0,0.0,1.0,0.0,0.0,0.0,1.0,1.0,0.0,0.0,0.0,0.0,1.0,0.0,0.0,0.0,0.0,0.0,0.0,1.0,0.0,0.0,0.0,0.0,1.0,0.0,0.0,0.0,1.0,0.0,0.0,1.0,0.0,1.0,0.0,0.0,0.0,0.0,0.0,1.0,0.0,0.0,0
0.026709776129070564,1.459805870598441,1.7051749640910359,1.000624744818925,0.10871947129041147,0.49888765837117444,0.5201720605132604,0.47542861875540376,-0.17440931183371247,0.233955331039913,0.006630118503325768,0.23781550455625436,-0.9676554831715031,-0.37255669540971376,-0.2212963746919413,-1.075838351422699,-0.6340084032060641,0.0,0.0,0.0,0.0,1.0,0.0,0.0,0.0,0.0,0.0,0.0,0.0,0.0,0.0,1.0,0.0,0.0,0.0,1.0,1.0,0.0,0.0,0.0,1.0,0.0,0.0,0.0,0.0,0.0,0.0,1.0,0.0,0.0,0.0,0.0,1.0,0.0,0.0,0.0,0.0,1.0,0.0,0.0,1.0,0.0,1.0,0.0,0.0,1.0,0.0,0.0,0.0,0.0,0.0,0
-1.7131858657808847,-0.11166027652398555,1.3689481710867764,0.009850646208549108,-0.7755637979526826,0.49888765837117444,-0.5793175410397282,-0.41985731854187097,-1.5276224669815408,0.233955331039913,-1.3617941956209574,0.7940805366324234,0.9722537866258371,2.3734867621432976,-1.5954015989766162,0.5835524219799213,1.1572684112391118,0.0,0.0,0.0,0.0,0.0,1.0,0.0,0.0,0.0,0.0,0.0,0.0,0.0,0.0,1.0,0.0,0.0,0.0,1.0,0.0,1.0,0.0,0.0,0.0,1.0,0.0,0.0,0.0,0.0,0.0,0.0,0.0,0.0,0.0,1.0,0.0,1.0,0.0,0.0,0.0,0.0,0.0,1.0,1.0,0.0,1.0,0.0,0.0,0.0,0.0,1.0,0.0,0.0,0.0,1
0.5183417365856454,0.2329209818236749,0.5711024236657201,0.27542424071344995,-0.23159342861585436,-0.9967912993099517,1.2173552897424014,1.4708756796138298,0.6171696394103273,-1.019118400612531,0.8071070273410997,-1.8864725846769428,2.481072107579324,-0.5448177241123012,-2.969506823261291,-0.24614296472138883,1.7002382838438386,0.0,0.0,1.0,0.0,0.0,0.0,0.0,0.0,0.0,0.0,0.0,0.0,0.0,1.0,0.0,0.0,0.0,0.0,1.0,1.0,0.0,0.0,0.0,0.0,1.0,0.0,0.0,0.0,0.0,0.0,0.0,0.0,0.0,0.0,1.0,1.0,0.0,0.0,0.0,0.0,1.0,0.0,0.0,1.0,0.0,0.0,1.0,0.0,1.0,0.0,0.0,0.0,0.0,0.0,0
-0.3690097483185125,0.2909736762074432,1.123897670211499,2.0087429424748073,0.10871947129041147,0.49888765837117444,-2.300722014448097,-2.1530837818141655,-0.17440931183371247,-1.019118400612531,1.375054432627609,1.2255532164261718,-0.7521100087495765,0.7724724953780734,0.36760586428720504,-1.075838351422699,-0.2743563332492354,0.0,0.0,0.0,0.0,0.0,0.0,0.0,0.0,0.0,1.0,0.0,0.0,0.0,1.0,0.0,0.0,0.0,0.0,1.0,0.0,0.0,1.0,0.0,0.0,1.0,0.0,0.0,0.0,0.0,0.0,0.0,0.0,0.0,0.0,1.0,0.0,1.0,0.0,0.0,0.0,1.0,0.0,0.0,1.0,0.0,1.0,0.0,0.0,0.0,1.0,0.0,0.0,0.0,0.0,0
0.3416280772736584,-0.28521831661767816,-0.17863132870856746,-0.4685616310762956,0.7138992809643273,1.3738037617323386,-1.339529525455724,-0.9713554839997188,1.1788038433141157,-1.019118400612531,0.8071070273410997,-1.8864725846769428,-0.8958069916975275,-0.20536216755132006,-0.024995628365559186,-0.24614296472138883,-1.1158723415948248,0.0,0.0,0.0,0.0,0.0,0.0,0.0,0.0,1.0,0.0,0.0,0.0,0.0,1.0,0.0,0.0,0.0,0.0,1.0,0.0,0.0,1.0,0.0,0.0,0.0,1.0,0.0,0.0,0.0,0.0,0.0,0.0,0.0,0.0,1.0,0.0,0.0,1.0,0.0,0.0,1.0,0.0,0.0,1.0,0.0,1.0,0.0,0.0,0.0,0.0,0.0,0.0,1.0,0.0,0
0.2046414032978096,1.8214272055552103,0.08461113156877503,-0.1287363630087277,0.10871947129041147,2.4760676934617014,0.027690976514968126,0.339356695490546,-0.17440931183371247,-1.019118400612531,0.8071070273410997,0.7940805366324234,-1.1113524661194543,-0.5194852198913325,-1.0064993599974699,-0.24614296472138883,1.216628461620336,0.0,0.0,0.0,0.0,0.0,0.0,0.0,0.0,0.0,1.0,0.0,0.0,0.0,0.0,1.0,0.0,0.0,0.0,1.0,1.0,0.0,0.0,0.0,1.0,0.0,0.0,0.0,0.0,1.0,0.0,0.0,0.0,0.0,0.0,0.0,0.0,1.0,0.0,0.0,0.0,0.0,0.0,1.0,1.0,0.0,0.0,1.0,0.0,0.0,0.0,0.0,1.0,0.0,0.0,0
-0.7884246828335438,-0.587464071479782,-0.861406942324963,2.00542354797097,-0.4641737345920091,0.49888765837117444,0.5131026369880297,0.33235577020545465,-0.17440931183371247,0.9669564746953179,0.006630118503325768,1.5780920652109374,0.18192038041210587,0.20502440082837353,-0.6138978673447055,-1.9055337381240092,0.5008160893761624,0.0,0.0,0.0,0.0,0.0,0.0,0.0,1.0,0.0,0.0,0.0,0.0,0.0,0.0,1.0,0.0,0.0,0.0,1.0,1.0,0.0,0.0,0.0,0.0,1.0,0.0,0.0,1.0,0.0,0.0,0.0,0.0,0.0,0.0,0.0,0.0,0.0,1.0,0.0,0.0,0.0,0.0,1.0,0.0,1.0,1.0,0.0,0.0,1.0,0.0,0.0,0.0,0.0,0.0,1
1.411594346688355,-0.0003200304089727536,0.13124536394326805,-1.990547322782121,-0.9820732124589395,-0.9967912993099517,1.0611162243677918,1.1027051000407384,1.1788038433141157,-1.019118400612531,0.006630118503325768,-0.5461960240222598,1.978132667261495,-2.0951669824355883,-1.7917023453029983,-1.075838351422699,-0.1311938588004007,0.0,0.0,1.0,0.0,0.0,0.0,0.0,0.0,0.0,0.0,0.0,0.0,0.0,0.0,1.0,0.0,0.0,0.0,1.0,1.0,0.0,0.0,0.0,0.0,1.0,0.0,0.0,0.0,0.0,0.0,0.0,0.0,0.0,0.0,1.0,0.0,0.0,1.0,0.0,0.0,1.0,0.0,0.0,1.0,0.0,1.0,0.0,0.0,0.0,1.0,0.0,0.0,0.0,0.0,0
0.7989827295956542,-0.2537733369488883,-1.022346642334492,-1.088053513244579,-1.2483101527427733,1.9945666160523006,0.026335815665602384,0.23313153744434445,1.6144411763273727,0.233955331039913,-1.3617941956209574,0.7940805366324234,-1.6142919064372832,2.2113587351290978,-1.0064993599974699,-0.24614296472138883,0.5444631852447095,0.0,1.0,0.0,0.0,0.0,0.0,0.0,0.0,0.0,0.0,0.0,0.0,0.0,0.0,1.0,0.0,0.0,0.0,1.0,0.0,1.0,0.0,0.0,0.0,1.0,0.0,0.0,0.0,0.0,0.0,0.0,0.0,1.0,0.0,0.0,0.0,1.0,0.0,0.0,0.0,0.0,0.0,1.0,1.0,0.0,0.0,1.0,0.0,0.0,1.0,0.0,0.0,0.0,0.0,0
-1.1480078631957957,1.488878844602759,0.13124536394326805,0.5035098731771052,0.8187799298187437,-0.9967912993099517,-0.22018741806507686,-0.5294405221149919,-0.17440931183371247,-1.019118400612531,1.375054432627609,-1.8864725846769428,-0.8958069916975275,0.012497368749011112,1.1528088495927336,-0.24614296472138883,0.22322055965220233,0.0,0.0,0.0,0.0,1.0,0.0,0.0,0.0,0.0,0.0,0.0,0.0,0.0,1.0,0.0,0.0,0.0,1.0,0.0,1.0,0.0,0.0,0.0,0.0,1.0,0.0,0.0,0.0,0.0,0.0,0.0,0.0,0.0,0.0,1.0,0.0,0.0,1.0,0.0,0.0,1.0,0.0,0.0,1.0,0.0,1.0,0.0,0.0,0.0,0.0,1.0,0.0,0.0,0.0,1
1.5241191673604915,-0.010462903108779882,1.6719545584047903,-0.2862151773060534,0.35698583829276287,-0.9967912993099517,-0.07805641937367416,0.18240688410022732,1.9703827945581553,-1.019118400612531,1.375054432627609,0.23781550455625436,0.3974658548340326,0.9548665257690483,0.9565081032663514,-0.24614296472138883,-0.9465216096248619,0.0,0.0,0.0,0.0,0.0,0.0,0.0,0.0,1.0,0.0,0.0,0.0,0.0,0.0,1.0,0.0,0.0,1.0,0.0,0.0,0.0,1.0,0.0,0.0,1.0,0.0,0.0,0.0,0.0,0.0,0.0,0.0,0.0,1.0,0.0,0.0,1.0,0.0,0.0,0.0,0.0,0.0,1.0,1.0,0.0,0.0,1.0,0.0,0.0,0.0,0.0,1.0,0.0,0.0,0
-1.2930374998282266,-1.980932632332279,-0.812028836009737,1.1137579752877034,-0.23159342861585436,1.3738037617323386,0.07917625506618588,0.23264163000561447,-0.17440931183371247,-1.019118400612531,0.006630118503325768,0.23781550455625436,-0.17732207695777194,1.101795050250667,-1.5954015989766162,-0.24614296472138883,-0.44196118138445656,0.0,0.0,0.0,0.0,1.0,0.0,0.0,0.0,0.0,0.0,0.0,0.0,0.0,0.0,1.0,0.0,0.0,0.0,1.0,0.0,0.0,1.0,0.0,0.0,1.0,0.0,0.0,0.0,0.0,0.0,0.0,0.0,0.0,1.0,0.0,0.0,1.0,0.0,0.0,0.0,1.0,0.0,0.0,1.0,0.0,0.0,1.0,0.0,0.0,0.0,1.0,0.0,0.0,0.0,1
-0.3010212056930835,-0.010462903108779882,-0.014183088588680292,-1.0408302956165845,0.5955951912902556,0.49888765837117444,-0.5016132292323601,-0.8069984331960853,0.6171696394103273,-1.019118400612531,0.006630118503325768,-0.5461960240222598,-0.39286755137969864,0.5495464582335484,1.1528088495927336,0.5835524219799213,-0.6863849182483207,0.0,0.0,0.0,0.0,1.0,0.0,0.0,0.0,0.0,0.0,0.0,0.0,0.0,1.0,0.0,0.0,0.0,0.0,1.0,0.0,0.0,1.0,0.0,0.0,1.0,0.0,0.0,1.0,0.0,0.0,0.0,0.0,0.0,0.0,0.0,0.0,0.0,1.0,0.0,0.0,1.0,0.0,0.0,1.0,0.0,0.0,1.0,0.0,0.0,0.0,0.0,0.0,0.0,1.0,0
-0.7072310046011007,0.6787233156358329,-0.1496879775104765,-0.8691368180092968,-0.7755637979526826,1.3738037617323386,0.3584708437418639,0.7029654542647178,-1.5276224669815408,-1.019118400612531,1.375054432627609,0.23781550455625436,1.0441022780998126,2.718008819548473,0.9565081032663514,-1.9055337381240092,-1.3777549168061078,1.0,0.0,0.0,0.0,0.0,0.0,0.0,0.0,0.0,0.0,0.0,0.0,0.0,0.0,1.0,0.0,0.0,1.0,0.0,1.0,0.0,0.0,0.0,0.0,0.0,1.0,0.0,1.0,0.0,0.0,0.0,0.0,0.0,0.0,0.0,0.0,0.0,0.0,1.0,0.0,1.0,0.0,0.0,1.0,0.0,1.0,0.0,0.0,0.0,0.0,1.0,0.0,0.0,0.0,1
0.2150909049702029,-1.136307262778326,-0.014183088588680292,0.21452553862042256,-0.606833320537397,-0.9967912993099517,0.028593739703934952,0.08558606086135565,-0.17440931183371247,0.9669564746953179,-1.3617941956209574,0.7940805366324234,-1.0395039746454786,-1.2085293347016821,-0.2212963746919413,-1.075838351422699,0.4030465946306167,0.0,0.0,0.0,0.0,1.0,0.0,0.0,0.0,0.0,0.0,0.0,0.0,0.0,0.0,1.0,0.0,0.0,0.0,1.0,0.0,1.0,0.0,0.0,1.0,0.0,0.0,0.0,0.0,0.0,1.0,0.0,0.0,0.0,0.0,0.0,0.0,0.0,1.0,0.0,0.0,0.0,0.0,1.0,1.0,0.0,1.0,0.0,0.0,0.0,0.0,0.0,1.0,0.0,0.0,0
-0.9107754239176911,-1.073016538815169,0.8325162992670202,-0.4685616310762956,0.5955951912902556,-0.9967912993099517,0.5384522568363836,0.24782555723164174,1.1788038433141157,1.8904287018766261,1.375054432627609,0.7940805366324234,1.6907387013655926,0.5140809523241922,-0.2212963746919413,-1.9055337381240092,-0.3773634794990067,0.0,0.0,0.0,0.0,0.0,0.0,0.0,0.0,0.0,0.0,0.0,0.0,1.0,0.0,1.0,0.0,0.0,0.0,1.0,1.0,0.0,0.0,0.0,1.0,0.0,0.0,0.0,0.0,0.0,0.0,0.0,0.0,0.0,0.0,1.0,0.0,0.0,1.0,0.0,0.0,1.0,0.0,0.0,1.0,0.0,0.0,1.0,0.0,0.0,0.0,1.0,0.0,0.0,0.0,0
1.4729212146733328,-0.6255741364875592,0.3797170091197587,-2.100802919451452,-2.2650268768696926,1.3738037617323386,0.09314660823863255,0.3912764706409283,1.1788038433141157,0.9669564746953179,1.8155886650711848,0.7940805366324234,-0.4647160428536742,0.01756386959320486,-0.024995628365559186,0.5835524219799213,-1.6029739314878113,0.0,0.0,0.0,0.0,0.0,0.0,0.0,0.0,1.0,0.0,0.0,0.0,0.0,1.0,0.0,0.0,0.0,1.0,0.0,1.0,0.0,0.0,0.0,0.0,1.0,0.0,0.0,0.0,0.0,0.0,0.0,0.0,0.0,1.0,0.0,0.0,1.0,0.0,0.0,0.0,1.0,0.0,0.0,1.0,0.0,0.0,1.0,0.0,0.0,0.0,1.0,0.0,0.0,0.0,0
-1.5568404835966316,0.191109097042795,0.7925453126452172,-1.889891849183104,0.35698583829276287,1.3738037617323386,-0.3446157019786836,-0.21293186608352305,-0.17440931183371247,-1.019118400612531,0.8071070273410997,1.2255532164261718,-1.6142919064372832,0.0428963738141736,-1.2028001063238518,1.4132478086812315,-0.21499628286801126,0.0,0.0,0.0,0.0,1.0,0.0,0.0,0.0,0.0,0.0,0.0,0.0,0.0,0.0,0.0,1.0,0.0,0.0,1.0,0.0,0.0,1.0,0.0,0.0,1.0,0.0,0.0,0.0,0.0,0.0,0.0,1.0,0.0,0.0,0.0,1.0,0.0,0.0,0.0,0.0,1.0,0.0,0.0,1.0,0.0,0.0,1.0,0.0,0.0,0.0,0.0,1.0,0.0,0.0,0
-0.24255300437522487,-1.2425795783178417,1.8358530854592339,1.798494609658475,-0.04588164091512093,-0.9967912993099517,0.9228944242914495,0.8472463889665669,1.6144411763273727,1.487029062692357,-1.3617941956209574,0.7940805366324234,0.18192038041210587,1.3348540890835794,-1.399100852650234,0.5835524219799213,0.5304961145667745,0.0,0.0,0.0,0.0,0.0,0.0,0.0,0.0,0.0,1.0,0.0,0.0,0.0,1.0,0.0,0.0,0.0,0.0,1.0,0.0,1.0,0.0,0.0,0.0,1.0,0.0,0.0,1.0,0.0,0.0,0.0,0.0,0.0,0.0,0.0,0.0,0.0,0.0,0.0,1.0,1.0,0.0,0.0,1.0,0.0,1.0,0.0,1.0,0.0,0.0,0.0,0.0,0.0,0.0,0
-0.7159953248906145,0.1544590902079196,0.9211243378682687,1.0919991860147953,0.9708350832117979,-0.9967912993099517,0.06103222031632599,-1.1372462943837294,0.6171696394103273,0.233955331039913,-1.3617941956209574,0.23781550455625436,-0.6802615172756009,0.36715242784257346,0.36760586428720504,0.5835524219799213,1.541362854882327,0.0,0.0,0.0,0.0,1.0,0.0,0.0,0.0,0.0,0.0,0.0,0.0,0.0,1.0,0.0,0.0,0.0,0.0,1.0,0.0,1.0,0.0,0.0,0.0,1.0,0.0,0.0,0.0,0.0,0.0,1.0,0.0,0.0,0.0,0.0,1.0,0.0,0.0,0.0,0.0,1.0,0.0,0.0,1.0,0.0,0.0,1.0,0.0,0.0,0.0,0.0,0.0,0.0,1.0,0
0.13781950441376467,-0.23825985818868722,-1.423273625232452,0.009850646208549108,1.2578696503011553,-0.9967912993099517,-0.39558219256847865,-0.4399371516472451,0.6171696394103273,0.9669564746953179,-1.3617941956209574,0.23781550455625436,0.9004052951518615,-0.23576117261648255,1.1528088495927336,-0.24614296472138883,-1.454573805534751,0.0,0.0,0.0,0.0,1.0,0.0,0.0,0.0,0.0,0.0,0.0,0.0,0.0,0.0,1.0,0.0,0.0,0.0,1.0,0.0,1.0,0.0,0.0,1.0,0.0,0.0,0.0,0.0,0.0,0.0,1.0,0.0,0.0,0.0,0.0,0.0,0.0,1.0,0.0,0.0,0.0,0.0,1.0,1.0,0.0,1.0,0.0,0.0,0.0,1.0,0.0,0.0,0.0,0.0,0
0.9882212758973848,-0.010462903108779882,-0.5506149604084367,-1.088053513244579,-0.9820732124589395,-0.9967912993099517,-0.955183305718596,-0.8894465024196478,-0.17440931183371247,0.233955331039913,1.375054432627609,-1.8864725846769428,-1.3987464320153564,0.8282040046642045,1.5454103422454977,-0.24614296472138883,1.647861768801582,0.0,0.0,0.0,0.0,1.0,0.0,0.0,0.0,0.0,0.0,0.0,0.0,0.0,0.0,1.0,0.0,0.0,0.0,1.0,1.0,0.0,0.0,0.0,0.0,1.0,0.0,0.0,0.0,0.0,0.0,0.0,0.0,1.0,0.0,0.0,1.0,0.0,0.0,0.0,0.0,1.0,0.0,0.0,1.0,0.0,1.0,0.0,0.0,0.0,0.0,0.0,0.0,0.0,1.0,0
0.9656544139267916,-0.010462903108779882,0.30221683279231626,0.0645131704451016,0.851255382798665,-0.9967912993099517,-0.4381482886101885,-0.04624413160802393,-0.17440931183371247,-1.019118400612531,0.006630118503325768,0.23781550455625436,0.25376887188608144,-0.16483016079777008,-0.024995628365559186,-1.9055337381240092,-1.2782395382258205,0.0,0.0,0.0,0.0,0.0,0.0,0.0,0.0,1.0,0.0,0.0,0.0,0.0,0.0,0.0,0.0,1.0,0.0,1.0,0.0,0.0,1.0,0.0,0.0,1.0,0.0,0.0,0.0,0.0,0.0,0.0,0.0,0.0,0.0,1.0,1.0,0.0,0.0,0.0,0.0,1.0,0.0,0.0,1.0,0.0,0.0,1.0,0.0,0.0,0.0,1.0,0.0,0.0,0.0,0
2.75771572603158,-1.5242462588974666,-0.5905859470302397,0.23005339848663117,-0.13408696574730583,-0.9967912993099517,1.588655130055637,1.7812747046377069,0.6171696394103273,0.9669564746953179,-1.3617941956209574,-0.5461960240222598,0.03822339746415475,-0.8336082722313448,-0.6138978673447055,-1.075838351422699,1.3789956582513314,0.0,0.0,0.0,0.0,1.0,0.0,0.0,0.0,0.0,0.0,0.0,0.0,0.0,0.0,1.0,0.0,0.0,0.0,1.0,0.0,1.0,0.0,0.0,0.0,1.0,0.0,0.0,1.0,0.0,0.0,0.0,0.0,0.0,0.0,0.0,0.0,1.0,0.0,0.0,0.0,0.0,0.0,1.0,1.0,0.0,1.0,0.0,0.0,0.0,0.0,0.0,0.0,0.0,1.0,0
0.026709776129070564,0.20315745364536417,-0.9128010303810109,-0.4406853860301315,1.3553761131697037,0.49888765837117444,-1.6050149536643776,-1.7570166793284914,0.6171696394103273,0.9669564746953179,-1.3617941956209574,-0.5461960240222598,-1.1113524661194543,1.6793761464887542,0.7602073569399693,1.4132478086812315,-0.7073355242652234,1.0,0.0,0.0,0.0,0.0,0.0,0.0,0.0,0.0,0.0,0.0,0.0,0.0,1.0,0.0,0.0,0.0,1.0,0.0,0.0,1.0,0.0,0.0,0.0,1.0,0.0,0.0,0.0,0.0,0.0,0.0,0.0,0.0,0.0,1.0,0.0,0.0,1.0,0.0,0.0,1.0,0.0,0.0,0.0,1.0,0.0,1.0,0.0,0.0,1.0,0.0,0.0,0.0,0.0,0
-0.40616260692300815,-1.980932632332279,-1.6846875008337523,0.16665078158300348,0.5073898664580703,-0.9967912993099517,0.1991307527445817,0.05805921521937564,0.6171696394103273,-1.019118400612531,0.006630118503325768,-0.5461960240222598,-0.10547358548379637,-1.1983963330132947,1.1528088495927336,1.4132478086812315,1.2969391180184628,0.0,0.0,0.0,1.0,0.0,0.0,0.0,0.0,0.0,0.0,0.0,0.0,0.0,1.0,0.0,0.0,0.0,1.0,0.0,0.0,0.0,1.0,0.0,0.0,0.0,1.0,0.0,1.0,0.0,0.0,0.0,0.0,0.0,0.0,0.0,0.0,0.0,1.0,0.0,0.0,1.0,0.0,0.0,1.0,0.0,1.0,0.0,0.0,1.0,0.0,0.0,0.0,0.0,0.0,0
-0.6228238615202079,-1.175408338595238,1.9596024775246301,1.1351150408007553,1.1013970400975368,0.49888765837117444,0.06103222031632599,-2.4326853218313844,0.6171696394103273,-1.019118400612531,0.006630118503325768,0.7940805366324234,0.325617363360057,-0.22056167008390132,-0.4175971210183234,1.4132478086812315,-1.267764235217369,0.0,0.0,0.0,0.0,0.0,0.0,0.0,0.0,1.0,0.0,0.0,0.0,0.0,1.0,0.0,0.0,0.0,0.0,1.0,0.0,0.0,1.0,0.0,0.0,1.0,0.0,0.0,0.0,0.0,0.0,0.0,0.0,0.0,0.0,1.0,0.0,0.0,0.0,1.0,0.0,1.0,0.0,0.0,1.0,0.0,0.0,1.0,0.0,0.0,0.0,0.0,1.0,0.0,0.0,0
-0.4912917389075222,-0.010462903108779882,1.0488723921218375,-0.6190081550798886,1.1013970400975368,-0.9967912993099517,-0.32908391469579207,-0.5388017924552498,0.6171696394103273,0.9669564746953179,0.8071070273410997,-0.5461960240222598,-1.0395039746454786,0.012497368749011112,0.7602073569399693,-0.24614296472138883,0.01720626715265969,0.0,0.0,0.0,0.0,0.0,0.0,0.0,0.0,0.0,0.0,1.0,0.0,0.0,0.0,1.0,0.0,0.0,0.0,1.0,1.0,0.0,0.0,0.0,0.0,1.0,0.0,0.0,0.0,0.0,0.0,0.0,1.0,0.0,0.0,0.0,0.0,1.0,0.0,0.0,0.0,0.0,0.0,1.0,1.0,0.0,1.0,0.0,1.0,0.0,0.0,0.0,0.0,0.0,0.0,0
0.026709776129070564,-0.0003200304089727536,-1.5913870217345818,0.4912684024270363,-1.6235500446643159,-0.9967912993099517,-0.3275585718931539,-0.2279940520820417,-1.5276224669815408,1.487029062692357,-1.3617941956209574,-0.5461960240222598,1.2596477525217393,0.2100909016725673,-1.399100852650234,1.4132478086812315,1.1659978304128213,0.0,0.0,0.0,0.0,1.0,0.0,0.0,0.0,0.0,0.0,0.0,0.0,0.0,0.0,1.0,0.0,0.0,0.0,1.0,0.0,1.0,0.0,0.0,0.0,1.0,0.0,0.0,0.0,0.0,0.0,0.0,1.0,0.0,0.0,0.0,0.0,0.0,1.0,0.0,0.0,1.0,0.0,0.0,1.0,0.0,0.0,1.0,1.0,0.0,0.0,0.0,0.0,0.0,0.0,0
-0.14155092520421708,0.2091507220278192,0.6793022521365594,1.442952790935556,0.676120343873356,2.4760676934617014,0.46711083946852133,0.25756666523072624,1.6144411763273727,1.487029062692357,0.006630118503325768,0.7940805366324234,-1.0395039746454786,-0.9805367967129636,-0.6138978673447055,1.4132478086812315,-0.34069991896942714,0.0,0.0,0.0,0.0,0.0,0.0,1.0,0.0,0.0,0.0,0.0,0.0,0.0,0.0,1.0,0.0,0.0,1.0,0.0,0.0,0.0,1.0,0.0,0.0,1.0,0.0,0.0,1.0,0.0,0.0,0.0,0.0,0.0,0.0,0.0,0.0,0.0,1.0,0.0,0.0,1.0,0.0,0.0,1.0,0.0,0.0,1.0,0.0,0.0,0.0,0.0,1.0,0.0,0.0,0
-0.3690097483185125,2.7815644330699234,-0.26968161895469217,0.44096446875497947,-1.6235500446643159,-0.9967912993099517,0.3207312405518145,0.6571512567245744,-1.5276224669815408,-1.019118400612531,1.375054432627609,-0.5461960240222598,-0.32101905990572305,-0.6968127494381137,-0.024995628365559186,-0.24614296472138883,-0.04913731856753201,0.0,0.0,0.0,0.0,0.0,1.0,0.0,0.0,0.0,0.0,0.0,0.0,0.0,1.0,0.0,0.0,0.0,0.0,1.0,1.0,0.0,0.0,0.0,0.0,1.0,0.0,0.0,1.0,0.0,0.0,0.0,0.0,0.0,0.0,0.0,1.0,0.0,0.0,0.0,0.0,0.0,0.0,1.0,1.0,0.0,1.0,0.0,1.0,0.0,0.0,0.0,0.0,0.0,0.0,0
-1.314191465291363,1.0338343141645434,-0.4377950154568216,-1.7115690801333474,0.40988340358952174,0.49888765837117444,0.15088980925149073,0.4269505482026465,-1.5276224669815408,-1.019118400612531,-1.3617941956209574,0.23781550455625436,-0.6802615172756009,0.0631623771909486,-1.2028001063238518,-1.9055337381240092,0.8255504826381533,0.0,0.0,0.0,0.0,0.0,0.0,1.0,0.0,0.0,0.0,0.0,0.0,0.0,1.0,0.0,0.0,0.0,0.0,1.0,0.0,1.0,0.0,0.0,0.0,1.0,0.0,0.0,0.0,0.0,0.0,1.0,0.0,0.0,0.0,0.0,0.0,1.0,0.0,0.0,0.0,1.0,0.0,0.0,1.0,0.0,0.0,1.0,0.0,0.0,0.0,0.0,0.0,1.0,0.0,0
1.680999546182073,-0.39994196241038116,0.6493251138311443,-0.7919876897299764,0.40988340358952174,0.49888765837117444,1.1483018749113592,1.4106174600809587,-1.5276224669815408,1.487029062692357,0.006630118503325768,0.7940805366324234,-0.03362509400982082,-0.7880097646336011,0.7602073569399693,-0.24614296472138883,-1.3428372401112703,0.0,0.0,0.0,0.0,0.0,0.0,0.0,0.0,0.0,0.0,1.0,0.0,0.0,0.0,1.0,0.0,0.0,1.0,0.0,1.0,0.0,0.0,0.0,0.0,1.0,0.0,0.0,0.0,0.0,0.0,0.0,1.0,0.0,0.0,0.0,0.0,0.0,0.0,1.0,0.0,1.0,0.0,0.0,0.0,1.0,0.0,1.0,0.0,0.0,1.0,0.0,0.0,0.0,0.0,0
-0.9740701653760279,0.019791343383534152,-0.5506149604084367,-1.4208464910184138,-0.13408696574730583,1.9945666160523006,0.09588203447836972,0.10541643525273997,-0.17440931183371247,-1.019118400612531,-1.3617941956209574,0.23781550455625436,-0.6802615172756009,0.0428963738141736,0.7602073569399693,0.5835524219799213,0.8325340179771209,0.0,0.0,0.0,0.0,1.0,0.0,0.0,0.0,0.0,0.0,0.0,0.0,0.0,0.0,1.0,0.0,0.0,0.0,1.0,0.0,1.0,0.0,0.0,0.0,1.0,0.0,0.0,0.0,0.0,0.0,0.0,0.0,0.0,0.0,1.0,1.0,0.0,0.0,0.0,0.0,1.0,0.0,0.0,1.0,0.0,0.0,1.0,0.0,1.0,0.0,0.0,0.0,0.0,0.0,0
-1.2860653340427943,-0.44280481896918217,-0.5118740474830508,-1.4869678123246417,0.6367333169865165,-0.9967912993099517,-0.18814625027089152,-0.05365425041299915,-0.17440931183371247,0.9669564746953179,1.375054432627609,-1.8864725846769428,2.481072107579324,0.012497368749011112,0.17130511796082293,0.5835524219799213,-1.545359764941329,0.0,0.0,1.0,0.0,0.0,0.0,0.0,0.0,0.0,0.0,0.0,0.0,0.0,0.0,0.0,0.0,1.0,1.0,0.0,1.0,0.0,0.0,0.0,0.0,1.0,0.0,0.0,0.0,0.0,0.0,0.0,0.0,1.0,0.0,0.0,0.0,1.0,0.0,0.0,0.0,1.0,0.0,0.0,1.0,0.0,1.0,0.0,0.0,0.0,1.0,0.0,0.0,0.0,0.0,0
1.0672827117108856,-0.10449046068525794,0.538399797270396,0.6835708967851126,0.7138992809643273,0.49888765837117444,-0.03727998251266121,0.3588162506060028,-0.17440931183371247,1.487029062692357,-1.3617941956209574,-0.5461960240222598,-0.10547358548379637,-0.7272117545032761,-0.2212963746919413,-1.075838351422699,-1.0809546648999873,0.0,0.0,0.0,0.0,1.0,0.0,0.0,0.0,0.0,0.0,0.0,0.0,0.0,0.0,1.0,0.0,0.0,0.0,1.0,0.0,1.0,0.0,0.0,0.0,1.0,0.0,0.0,0.0,0.0,1.0,0.0,0.0,0.0,0.0,0.0,1.0,0.0,0.0,0.0,0.0,0.0,0.0,1.0,1.0,0.0,1.0,0.0,1.0,0.0,0.0,0.0,0.0,0.0,0.0,0
1.0942710393414317,-0.0412484500236581,1.4677423912442322,0.009850646208549108,0.24115292617423648,-0.9967912993099517,0.8359449502672313,0.689006416940088,-1.5276224669815408,-1.019118400612531,-1.3617941956209574,1.5780920652109374,-0.5365645343276497,-0.07869964644647635,-0.024995628365559186,0.5835524219799213,-0.6532131253882248,0.0,0.0,0.0,0.0,1.0,0.0,0.0,0.0,0.0,0.0,0.0,0.0,0.0,1.0,0.0,0.0,0.0,0.0,1.0,0.0,1.0,0.0,0.0,0.0,1.0,0.0,0.0,0.0,1.0,0.0,0.0,0.0,0.0,0.0,0.0,1.0,0.0,0.0,0.0,0.0,0.0,0.0,1.0,1.0,0.0,0.0,1.0,0.0,0.0,0.0,0.0,1.0,0.0,0.0,0
0.32649684726281997,-1.073016538815169,0.80601047124687,0.5628463762604666,0.4599202078921603,-0.9967912993099517,-1.2687982783091882,-1.3934809267956758,0.6171696394103273,0.233955331039913,0.8071070273410997,-1.8864725846769428,-0.9676554831715031,-1.3807903634042697,-1.399100852650234,0.5835524219799213,-1.5890068608098762,0.0,0.0,0.0,0.0,1.0,0.0,0.0,0.0,0.0,0.0,0.0,0.0,0.0,1.0,0.0,0.0,0.0,1.0,0.0,0.0,0.0,1.0,0.0,0.0,1.0,0.0,0.0,0.0,0.0,1.0,0.0,0.0,0.0,0.0,0.0,1.0,0.0,0.0,0.0,0.0,1.0,0.0,0.0,0.0,1.0,1.0,0.0,0.0,0.0,1.0,0.0,0.0,0.0,0.0,0
-0.16958202769117406,-1.0239793097825503,-0.9128010303810109,-1.7115690801333474,0.034643511667979465,-0.9967912993099517,1.41844859450674,1.1467626656775967,1.6144411763273727,0.233955331039913,0.8071070273410997,-0.5461960240222598,0.03822339746415475,-1.3199923532739446,-1.2028001063238518,-0.24614296472138883,-0.6863849182483207,0.0,0.0,0.0,0.0,1.0,0.0,0.0,0.0,0.0,0.0,0.0,0.0,0.0,0.0,1.0,0.0,0.0,0.0,1.0,0.0,0.0,1.0,0.0,0.0,1.0,0.0,0.0,0.0,1.0,0.0,0.0,0.0,0.0,0.0,0.0,1.0,0.0,0.0,0.0,0.0,1.0,0.0,0.0,1.0,0.0,0.0,1.0,0.0,0.0,0.0,0.0,0.0,1.0,0.0,0
1.0546263822516613,0.27951591033344186,0.21963114456386534,1.30534820911563,0.9129752784408443,0.49888765837117444,-0.6921339855700556,-0.5998208559589562,-0.17440931183371247,1.487029062692357,0.8071070273410997,1.8761594147954188,-0.823958500223552,-0.6613472435287574,-0.4175971210183234,0.5835524219799213,-0.2621351464060422,0.0,0.0,0.0,0.0,1.0,0.0,0.0,0.0,0.0,0.0,0.0,0.0,0.0,0.0,1.0,0.0,0.0,0.0,1.0,1.0,0.0,0.0,0.0,0.0,1.0,0.0,0.0,0.0,1.0,0.0,0.0,0.0,0.0,0.0,0.0,0.0,0.0,1.0,0.0,0.0,1.0,0.0,0.0,1.0,0.0,1.0,0.0,1.0,0.0,0.0,0.0,0.0,0.0,0.0,0
0.47856647359572557,1.0598059317694295,-0.40232843552956954,-0.7196636286789051,0.7138992809643273,-0.9967912993099517,0.360161257167599,0.1795107164350092,-1.5276224669815408,0.233955331039913,0.8071070273410997,-0.5461960240222598,-0.32101905990572305,1.000465033366792,0.17130511796082293,-0.24614296472138883,-0.08405499526236974,0.0,0.0,0.0,0.0,1.0,0.0,0.0,0.0,0.0,0.0,0.0,0.0,0.0,1.0,0.0,0.0,0.0,0.0,1.0,0.0,0.0,1.0,0.0,0.0,1.0,0.0,0.0,1.0,0.0,0.0,0.0,0.0,0.0,0.0,0.0,0.0,1.0,0.0,0.0,0.0,1.0,0.0,0.0,1.0,0.0,1.0,0.0,0.0,0.0,0.0,0.0,0.0,1.0,0.0,0
0.3584336665319204,0.4751032358458517,-1.5045263537512816,0.028359972134558573,0.7851232955110645,-0.9967912993099517,1.7146622039814163,1.4186636478344006,-0.17440931183371247,-1.019118400612531,0.8071070273410997,0.23781550455625436,-1.2550494490674053,2.6724103119507294,0.36760586428720504,0.5835524219799213,-0.06135850541072522,0.0,0.0,0.0,0.0,0.0,0.0,0.0,0.0,1.0,0.0,0.0,0.0,0.0,0.0,1.0,0.0,0.0,1.0,0.0,0.0,0.0,1.0,0.0,0.0,1.0,0.0,0.0,0.0,0.0,0.0,0.0,1.0,0.0,0.0,0.0,0.0,0.0,1.0,0.0,0.0,1.0,0.0,0.0,1.0,0.0,1.0,0.0,0.0,0.0,0.0,0.0,0.0,0.0,1.0,0
1.532089972898232,-0.786882192859712,-1.8950053071585076,0.9926741417640965,0.3008804519518133,0.49888765837117444,0.06103222031632599,-1.410195627702396,0.6171696394103273,-1.019118400612531,0.8071070273410997,1.8761594147954188,-0.10547358548379637,1.7148416523981105,0.7602073569399693,1.4132478086812315,1.3021767695226885,0.0,0.0,0.0,1.0,0.0,0.0,0.0,0.0,0.0,0.0,0.0,0.0,0.0,1.0,0.0,0.0,0.0,0.0,1.0,0.0,0.0,1.0,0.0,0.0,1.0,0.0,0.0,0.0,0.0,0.0,0.0,1.0,0.0,0.0,0.0,0.0,0.0,1.0,0.0,0.0,1.0,0.0,0.0,1.0,0.0,1.0,0.0,0.0,1.0,0.0,0.0,0.0,0.0,0.0,0
0.24592307649492826,-0.23055429777572273,0.10814415932187205,1.3530584013628362,-0.606833320537397,1.3738037617323386,1.275779571208009,1.1840730887033146,-0.17440931183371247,0.233955331039913,0.006630118503325768,-0.5461960240222598,0.1100718889381303,0.6306104717406484,1.3491095959191157,0.5835524219799213,-1.409180825831462,0.0,0.0,0.0,0.0,0.0,0.0,0.0,0.0,1.0,0.0,0.0,0.0,0.0,0.0,1.0,0.0,0.0,1.0,0.0,0.0,0.0,1.0,0.0,1.0,0.0,0.0,0.0,0.0,0.0,0.0,0.0,1.0,0.0,0.0,0.0,0.0,0.0,0.0,1.0,0.0,0.0,0.0,1.0,1.0,0.0,0.0,1.0,0.0,0.0,1.0,0.0,0.0,0.0,0.0,1
-0.7977820828393197,0.019791343383534152,1.4437610884897352,0.009850646208549108,-0.9820732124589395,-0.9967912993099517,-0.3152221340895169,-0.1781090069879664,0.6171696394103273,-1.019118400612531,1.375054432627609,-1.8864725846769428,0.25376887188608144,1.116994552783248,-0.4175971210183234,-0.24614296472138883,-1.0181028468492792,0.0,0.0,0.0,0.0,0.0,0.0,0.0,0.0,0.0,0.0,1.0,0.0,0.0,1.0,0.0,0.0,0.0,0.0,1.0,0.0,0.0,1.0,0.0,1.0,0.0,0.0,0.0,1.0,0.0,0.0,0.0,0.0,0.0,0.0,0.0,0.0,1.0,0.0,0.0,0.0,0.0,0.0,1.0,1.0,0.0,0.0,1.0,0.0,0.0,0.0,0.0,1.0,0.0,0.0,0
-1.4413709870947229,-1.6065583084154949,1.9542336833411766,0.3190825612494924,-1.2483101527427733,0.49888765837117444,1.2589375581954516,1.0181455981489578,-0.17440931183371247,1.487029062692357,-1.3617941956209574,-0.5461960240222598,0.325617363360057,0.012497368749011112,-0.024995628365559186,-0.24614296472138883,1.5046992943527473,0.0,0.0,1.0,0.0,0.0,0.0,0.0,0.0,0.0,0.0,0.0,0.0,0.0,0.0,1.0,0.0,0.0,1.0,0.0,0.0,1.0,0.0,0.0,0.0,1.0,0.0,0.0,0.0,0.0,0.0,0.0,1.0,0.0,0.0,0.0,0.0,1.0,0.0,0.0,0.0,0.0,0.0,1.0,1.0,0.0,1.0,0.0,0.0,0.0,0.0,1.0,0.0,0.0,0.0,0
-0.2729830860663271,-0.5409627714290545,-0.17863132870856746,1.4643757770794976,-0.13408696574730583,1.3738037617323386,-0.45641004349957937,-0.37421319053018987,-0.17440931183371247,1.487029062692357,-1.3617941956209574,-0.5461960240222598,0.6130113292559592,-0.9653372941803823,0.7602073569399693,0.5835524219799213,0.49383255403719484,0.0,0.0,0.0,0.0,1.0,0.0,0.0,0.0,0.0,0.0,0.0,0.0,0.0,1.0,0.0,0.0,0.0,0.0,1.0,0.0,1.0,0.0,0.0,0.0,1.0,0.0,0.0,0.0,0.0,0.0,0.0,1.0,0.0,0.0,0.0,1.0,0.0,0.0,0.0,0.0,1.0,0.0,0.0,1.0,0.0,1.0,0.0,0.0,0.0,1.0,0.0,0.0,0.0,0.0,1
1.3695126565417117,-0.9298374134609421,0.6340645593707459,-1.7115690801333474,-0.34059638025356326,-0.9967912993099517,-0.25701150380056126,-0.011446161510906777,0.6171696394103273,0.233955331039913,0.006630118503325768,-0.5461960240222598,-0.32101905990572305,-0.8488077747639261,2.134312581224644,0.5835524219799213,0.3332112412409412,0.0,0.0,0.0,0.0,1.0,0.0,0.0,0.0,0.0,0.0,0.0,0.0,0.0,1.0,0.0,0.0,0.0,0.0,1.0,0.0,0.0,1.0,0.0,0.0,1.0,0.0,0.0,0.0,0.0,1.0,0.0,0.0,0.0,0.0,0.0,0.0,1.0,0.0,0.0,0.0,1.0,0.0,0.0,1.0,0.0,0.0,1.0,0.0,0.0,1.0,0.0,0.0,0.0,0.0,0
0.026709776129070564,0.1482755656596622,-0.40232843552956954,0.028359972134558573,0.4599202078921603,-0.9967912993099517,-1.114728986984782,-1.3136969022667417,0.6171696394103273,0.233955331039913,0.006630118503325768,0.7940805366324234,1.1877992610477637,0.32155392024482976,-1.2028001063238518,-0.24614296472138883,0.2686135393554914,0.0,0.0,0.0,0.0,1.0,0.0,0.0,0.0,0.0,0.0,0.0,0.0,0.0,1.0,0.0,0.0,0.0,1.0,0.0,1.0,0.0,0.0,0.0,0.0,1.0,0.0,0.0,0.0,0.0,0.0,0.0,0.0,1.0,0.0,0.0,1.0,0.0,0.0,0.0,0.0,0.0,0.0,1.0,1.0,0.0,0.0,1.0,0.0,0.0,0.0,0.0,1.0,0.0,0.0,0
0.026709776129070564,0.9960515705878492,0.538399797270396,1.0992976846150428,0.5955951912902556,-0.9967912993099517,-1.0453022086410886,-1.3473535576330944,0.6171696394103273,-1.019118400612531,0.006630118503325768,0.23781550455625436,-0.6802615172756009,-0.7120122519706948,1.7417110885718798,1.4132478086812315,-0.09103853060133729,0.0,0.0,0.0,0.0,1.0,0.0,0.0,0.0,0.0,0.0,0.0,0.0,0.0,1.0,0.0,0.0,0.0,0.0,1.0,0.0,0.0,1.0,0.0,0.0,1.0,0.0,0.0,0.0,0.0,0.0,0.0,0.0,0.0,0.0,1.0,0.0,1.0,0.0,0.0,0.0,1.0,0.0,0.0,1.0,0.0,1.0,0.0,0.0,0.0,1.0,0.0,0.0,0.0,0.0,0
-1.804661762622792,0.5847038844622116,0.08461113156877503,2.0317157749812544,-0.606833320537397,-0.9967912993099517,1.196731071709255,0.9140008290586905,-1.5276224669815408,-1.019118400612531,0.006630118503325768,-0.5461960240222598,-0.6084130258016253,-1.0261353043107073,0.9565081032663514,-0.24614296472138883,-1.3288701694333351,0.0,0.0,1.0,0.0,0.0,0.0,0.0,0.0,0.0,0.0,0.0,0.0,0.0,0.0,1.0,0.0,0.0,1.0,0.0,1.0,0.0,0.0,0.0,0.0,1.0,0.0,0.0,0.0,0.0,0.0,0.0,0.0,0.0,0.0,1.0,0.0,0.0,1.0,0.0,0.0,1.0,0.0,0.0,1.0,0.0,1.0,0.0,0.0,0.0,0.0,0.0,1.0,0.0,0.0,0
0.026709776129070564,1.011262522415014,0.10814415932187205,-1.4869678123246417,0.034643511667979465,-0.9967912993099517,0.11254668847247404,0.12160955401139427,0.6171696394103273,-1.019118400612531,0.8071070273410997,0.23781550455625436,-0.5365645343276497,-0.2408276734606763,0.7602073569399693,1.4132478086812315,-0.19928332835533427,0.0,0.0,0.0,0.0,1.0,0.0,0.0,0.0,0.0,0.0,0.0,0.0,0.0,0.0,1.0,0.0,0.0,1.0,0.0,0.0,0.0,1.0,0.0,0.0,1.0,0.0,0.0,1.0,0.0,0.0,0.0,0.0,0.0,0.0,0.0,0.0,1.0,0.0,0.0,0.0,1.0,0.0,0.0,1.0,0.0,1.0,0.0,1.0,0.0,0.0,0.0,0.0,0.0,0.0,0
-0.21284924741480693,0.41230116881179724,1.3164830660983111,-1.7115690801333474,0.9984626704981394,0.49888765837117444,0.06103222031632599,1.4716541636046478,-0.17440931183371247,0.9669564746953179,0.006630118503325768,1.2255532164261718,1.1159507695737882,-1.091999815285226,-1.399100852650234,-0.24614296472138883,0.5322419984015163,0.0,0.0,0.0,0.0,0.0,0.0,0.0,0.0,0.0,0.0,0.0,1.0,0.0,0.0,1.0,0.0,0.0,1.0,0.0,1.0,0.0,0.0,0.0,0.0,1.0,0.0,0.0,0.0,0.0,0.0,0.0,0.0,0.0,1.0,0.0,0.0,1.0,0.0,0.0,0.0,1.0,0.0,0.0,1.0,0.0,0.0,1.0,0.0,0.0,1.0,0.0,0.0,0.0,0.0,0
1.1881863175127003,-0.23055429777572273,0.933288493638294,-1.4208464910184138,-1.6235500446643159,-0.9967912993099517,1.6846299314345803,1.4734587216294446,-1.5276224669815408,-1.019118400612531,0.006630118503325768,0.7940805366324234,-0.6802615172756009,0.7471399911571046,0.5639066106135872,0.5835524219799213,-0.47164120657506864,0.0,0.0,0.0,0.0,0.0,1.0,0.0,0.0,0.0,0.0,0.0,0.0,0.0,1.0,0.0,0.0,0.0,0.0,1.0,1.0,0.0,0.0,0.0,0.0,1.0,0.0,0.0,0.0,1.0,0.0,0.0,0.0,0.0,0.0,0.0,1.0,0.0,0.0,0.0,0.0,1.0,0.0,0.0,1.0,0.0,0.0,1.0,0.0,0.0,0.0,0.0,0.0,0.0,1.0,0
1.3352995319404812,-0.7554846150305914,1.7998797716438242,0.009850646208549108,-0.4641737345920091,0.49888765837117444,0.34810584086634183,0.1457303749975437,-0.17440931183371247,0.233955331039913,2.4798585380991502,1.5780920652109374,0.9722537866258371,-1.8114429351607382,-1.2028001063238518,-0.24614296472138883,-0.7038437565957396,0.0,0.0,0.0,0.0,1.0,0.0,0.0,0.0,0.0,0.0,0.0,0.0,0.0,1.0,0.0,0.0,0.0,0.0,1.0,1.0,0.0,0.0,0.0,1.0,0.0,0.0,0.0,0.0,0.0,0.0,0.0,0.0,0.0,1.0,0.0,1.0,0.0,0.0,0.0,0.0,1.0,0.0,0.0,1.0,0.0,1.0,0.0,0.0,0.0,1.0,0.0,0.0,0.0,0.0,0
1.237656648868587,-0.2615818627405554,0.6644029027648904,-0.14996279691519795,1.9686643059680888,-0.9967912993099517,0.30672991277982103,-0.015227996730220822,0.6171696394103273,0.9669564746953179,-1.3617941956209574,0.23781550455625436,-1.0395039746454786,-0.7170787528148886,-0.2212963746919413,1.4132478086812315,0.5811267457742891,0.0,0.0,0.0,0.0,0.0,0.0,0.0,0.0,1.0,0.0,0.0,0.0,0.0,0.0,1.0,0.0,0.0,0.0,1.0,0.0,1.0,0.0,0.0,0.0,1.0,0.0,0.0,0.0,0.0,0.0,0.0,0.0,0.0,1.0,0.0,0.0,1.0,0.0,0.0,0.0,1.0,0.0,0.0,1.0,0.0,0.0,1.0,0.0,0.0,0.0,0.0,0.0,0.0,1.0,0
0.918072243911532,0.3962427142438668,0.6186167541733134,0.009850646208549108,0.40988340358952174,0.49888765837117444,-0.7416205405228449,-0.3465667827087731,-0.17440931183371247,0.9669564746953179,0.006630118503325768,0.23781550455625436,-0.2491705684317475,-0.9754702958687698,-1.0064993599974699,-1.075838351422699,0.018952150987401578,0.0,0.0,0.0,0.0,0.0,0.0,0.0,1.0,0.0,0.0,0.0,0.0,0.0,0.0,1.0,0.0,0.0,0.0,1.0,1.0,0.0,0.0,0.0,0.0,0.0,1.0,0.0,0.0,1.0,0.0,0.0,0.0,0.0,0.0,0.0,0.0,0.0,1.0,0.0,0.0,0.0,0.0,1.0,1.0,0.0,0.0,1.0,0.0,0.0,0.0,1.0,0.0,0.0,0.0,0
-0.310509396537905,-0.010462903108779882,-0.23859410545326964,-0.41346511389116986,-0.04588164091512093,-0.9967912993099517,0.06103222031632599,0.011859434856545788,0.6171696394103273,1.8904287018766261,1.375054432627609,-0.5461960240222598,-0.7521100087495765,1.0409970401203419,0.36760586428720504,-1.075838351422699,-1.4440985025262996,0.0,0.0,0.0,0.0,0.0,0.0,0.0,0.0,1.0,0.0,0.0,0.0,0.0,0.0,1.0,0.0,0.0,0.0,1.0,1.0,0.0,0.0,0.0,0.0,1.0,0.0,0.0,0.0,0.0,0.0,0.0,0.0,0.0,0.0,1.0,0.0,1.0,0.0,0.0,0.0,1.0,0.0,0.0,1.0,0.0,1.0,0.0,0.0,0.0,0.0,0.0,1.0,0.0,0.0,0
0.2799670041225157,-0.9762765033140219,-1.6846875008337523,-1.7972977893282913,-1.2483101527427733,-0.9967912993099517,0.915194245774762,0.9746054300172987,-0.17440931183371247,-1.019118400612531,1.375054432627609,1.2255532164261718,-0.9676554831715031,1.344987090771967,0.36760586428720504,1.4132478086812315,-1.1857076949845005,0.0,0.0,1.0,0.0,0.0,0.0,0.0,0.0,0.0,0.0,0.0,0.0,0.0,0.0,0.0,0.0,1.0,0.0,1.0,1.0,0.0,0.0,0.0,0.0,1.0,0.0,0.0,0.0,0.0,0.0,0.0,0.0,0.0,1.0,0.0,1.0,0.0,0.0,0.0,0.0,1.0,0.0,0.0,1.0,0.0,1.0,0.0,0.0,0.0,0.0,0.0,1.0,0.0,0.0,1
1.4020087151844167,-0.010462903108779882,-1.5045263537512816,1.1560849477761705,-0.04588164091512093,0.49888765837117444,-0.2775172060464817,-0.5120268815359198,-1.5276224669815408,0.233955331039913,0.006630118503325768,-0.5461960240222598,0.25376887188608144,1.1727260620693793,1.3491095959191157,0.5835524219799213,1.124096618379016,0.0,0.0,0.0,0.0,0.0,0.0,0.0,0.0,0.0,0.0,0.0,0.0,1.0,0.0,1.0,0.0,0.0,1.0,0.0,0.0,0.0,1.0,0.0,0.0,1.0,0.0,0.0,1.0,0.0,0.0,0.0,0.0,0.0,0.0,0.0,1.0,0.0,0.0,0.0,0.0,1.0,0.0,0.0,1.0,0.0,1.0,0.0,0.0,0.0,0.0,0.0,1.0,0.0,0.0,0
-0.6559029739743334,0.7059732499580685,-1.022346642334492,-0.8691368180092968,-0.13408696574730583,1.3738037617323386,0.23141755788815785,0.2552234167829921,-1.5276224669815408,-1.019118400612531,0.006630118503325768,0.7940805366324234,-0.6084130258016253,0.22529040420514854,-0.6138978673447055,-1.9055337381240092,0.7138139172146726,0.0,0.0,0.0,0.0,1.0,0.0,0.0,0.0,0.0,0.0,0.0,0.0,0.0,0.0,1.0,0.0,0.0,1.0,0.0,1.0,0.0,0.0,0.0,0.0,1.0,0.0,0.0,0.0,1.0,0.0,0.0,0.0,0.0,0.0,0.0,0.0,0.0,1.0,0.0,0.0,1.0,0.0,0.0,1.0,0.0,1.0,0.0,0.0,0.0,0.0,0.0,1.0,0.0,0.0,0
0.13115831988846843,-1.0239793097825503,0.341563170268023,0.9437876482336673,0.35698583829276287,0.49888765837117444,0.3357078007522255,0.15157243590497327,-1.5276224669815408,-1.019118400612531,0.8071070273410997,-1.8864725846769428,0.3974658548340326,1.9934991988287667,1.1528088495927336,-0.24614296472138883,-0.36863406032529733,0.0,0.0,0.0,0.0,0.0,0.0,0.0,0.0,1.0,0.0,0.0,0.0,0.0,1.0,0.0,0.0,0.0,0.0,1.0,0.0,0.0,1.0,0.0,0.0,0.0,1.0,0.0,0.0,0.0,0.0,0.0,0.0,0.0,0.0,1.0,0.0,1.0,0.0,0.0,0.0,0.0,1.0,0.0,1.0,0.0,1.0,0.0,0.0,0.0,0.0,0.0,1.0,0.0,0.0,0
0.08118879136496454,0.9099469835345365,-0.4742897541412007,0.0821747072596201,0.40988340358952174,-0.9967912993099517,-0.6438700662630648,-0.8685937783281588,-1.5276224669815408,0.9669564746953179,0.006630118503325768,1.5780920652109374,-1.1113524661194543,-0.8994727832058635,-0.6138978673447055,-0.24614296472138883,-0.8155803220192204,0.0,0.0,0.0,0.0,0.0,0.0,0.0,0.0,0.0,1.0,0.0,0.0,0.0,0.0,0.0,0.0,1.0,1.0,0.0,0.0,0.0,1.0,0.0,0.0,1.0,0.0,0.0,0.0,0.0,1.0,0.0,0.0,0.0,0.0,0.0,0.0,0.0,0.0,1.0,0.0,0.0,0.0,1.0,1.0,0.0,1.0,0.0,0.0,0.0,0.0,0.0,1.0,0.0,0.0,0
1.146552938144505,-0.9880810676600783,0.819333138724141,-1.7115690801333474,-0.606833320537397,2.4760676934617014,0.8493882133253772,0.9113535260358104,1.1788038433141157,-1.019118400612531,-1.3617941956209574,-1.8864725846769428,-0.39286755137969864,1.0865955477180858,-0.8101986136710877,-0.24614296472138883,-1.6867763555554218,0.0,0.0,0.0,0.0,1.0,0.0,0.0,0.0,0.0,0.0,0.0,0.0,0.0,0.0,1.0,0.0,0.0,1.0,0.0,0.0,1.0,0.0,0.0,0.0,1.0,0.0,0.0,0.0,0.0,0.0,0.0,0.0,0.0,0.0,1.0,0.0,0.0,1.0,0.0,0.0,1.0,0.0,0.0,0.0,1.0,0.0,1.0,0.0,0.0,0.0,0.0,1.0,0.0,0.0,1
-0.5437796282740778,0.9691106338342954,-0.5118740474830508,0.046577800467781774,0.5955951912902556,1.3738037617323386,0.28760328780074934,0.1342774902777353,0.6171696394103273,0.233955331039913,0.8071070273410997,0.7940805366324234,-0.5365645343276497,1.4513836085000356,1.938011834898262,-1.9055337381240092,0.0835498528728514,0.0,0.0,0.0,0.0,0.0,0.0,0.0,0.0,1.0,0.0,0.0,0.0,0.0,1.0,0.0,0.0,0.0,1.0,0.0,0.0,0.0,1.0,0.0,1.0,0.0,0.0,0.0,0.0,0.0,0.0,0.0,1.0,0.0,0.0,0.0,1.0,0.0,0.0,0.0,0.0,1.0,0.0,0.0,1.0,0.0,1.0,0.0,0.0,1.0,0.0,0.0,0.0,0.0,0.0,0
-0.885324059662629,-1.657866893869211,-1.3469484189652163,0.783357569599129,-1.6235500446643159,-0.9967912993099517,1.0262505913635716,0.763211986575391,0.6171696394103273,0.233955331039913,0.006630118503325768,-1.8864725846769428,0.8285568036778859,-0.13443115573260758,-0.2212963746919413,-1.9055337381240092,1.0210894721292447,0.0,0.0,0.0,0.0,0.0,0.0,0.0,0.0,1.0,0.0,0.0,0.0,0.0,0.0,1.0,0.0,0.0,0.0,1.0,0.0,0.0,1.0,0.0,0.0,1.0,0.0,0.0,0.0,0.0,0.0,0.0,1.0,0.0,0.0,0.0,0.0,1.0,0.0,0.0,0.0,1.0,0.0,0.0,1.0,0.0,1.0,0.0,0.0,0.0,1.0,0.0,0.0,0.0,0.0,0
-0.29473569567725183,0.48023658620085363,0.819333138724141,-0.19362111745124067,-2.2650268768696926,1.9945666160523006,-0.20913744712282564,-0.19681109522327742,0.6171696394103273,-1.019118400612531,0.006630118503325768,0.7940805366324234,-0.823958500223552,-0.9146722857384448,-0.4175971210183234,-0.24614296472138883,1.5134287135264568,0.0,0.0,0.0,0.0,0.0,0.0,0.0,1.0,0.0,0.0,0.0,0.0,0.0,0.0,1.0,0.0,0.0,0.0,1.0,0.0,0.0,1.0,0.0,0.0,1.0,0.0,0.0,0.0,0.0,0.0,0.0,1.0,0.0,0.0,0.0,0.0,0.0,0.0,1.0,0.0,1.0,0.0,0.0,0.0,1.0,0.0,1.0,0.0,0.0,0.0,0.0,0.0,0.0,1.0,1
0.012096751045267418,0.20315745364536417,-1.2749871003535849,-0.6190081550798886,0.851255382798665,0.49888765837117444,1.323645593347043,1.146916661253773,-1.5276224669815408,1.487029062692357,0.006630118503325768,0.23781550455625436,-0.823958500223552,0.7218074869361358,-0.024995628365559186,-0.24614296472138883,0.9844259115996651,0.0,0.0,0.0,0.0,0.0,0.0,1.0,0.0,0.0,0.0,0.0,0.0,0.0,1.0,0.0,0.0,0.0,1.0,0.0,1.0,0.0,0.0,0.0,0.0,1.0,0.0,0.0,0.0,0.0,0.0,0.0,0.0,0.0,1.0,0.0,0.0,0.0,1.0,0.0,0.0,0.0,0.0,1.0,1.0,0.0,1.0,0.0,0.0,0.0,1.0,0.0,0.0,0.0,0.0,0
-1.0696339410776308,-0.010462903108779882,-0.7645145055021436,-0.49712624757440144,-0.7755637979526826,-0.9967912993099517,-0.10362156099745813,0.12694437508591142,-0.17440931183371247,0.9669564746953179,1.375054432627609,1.5780920652109374,-0.7521100087495765,-0.2306946717722888,-0.6138978673447055,1.4132478086812315,-0.11024325278349804,0.0,0.0,0.0,0.0,0.0,0.0,0.0,0.0,1.0,0.0,0.0,0.0,0.0,0.0,1.0,0.0,0.0,0.0,1.0,0.0,0.0,1.0,0.0,0.0,1.0,0.0,0.0,0.0,0.0,1.0,0.0,0.0,0.0,0.0,0.0,0.0,1.0,0.0,0.0,0.0,0.0,0.0,1.0,1.0,0.0,1.0,0.0,0.0,1.0,0.0,0.0,0.0,0.0,0.0,0
1.013677167166914,0.2091507220278192,0.3983689106828149,0.9354352062379467,0.3008804519518133,-0.9967912993099517,-0.017221146724803724,-0.12537046781186242,0.6171696394103273,0.9669564746953179,-1.3617941956209574,-1.8864725846769428,0.6130113292559592,0.1290268881654673,-0.4175971210183234,0.5835524219799213,-0.3022904746051056,0.0,1.0,0.0,0.0,0.0,0.0,0.0,0.0,0.0,0.0,0.0,0.0,0.0,0.0,1.0,0.0,0.0,0.0,1.0,0.0,1.0,0.0,0.0,0.0,0.0,1.0,0.0,0.0,0.0,1.0,0.0,0.0,0.0,0.0,0.0,0.0,0.0,1.0,0.0,0.0,1.0,0.0,0.0,1.0,0.0,1.0,0.0,0.0,0.0,0.0,0.0,1.0,0.0,0.0,0
1.5592391992463441,-0.010462903108779882,0.2407909758967492,0.028359972134558573,0.3008804519518133,0.49888765837117444,0.7299919509671648,0.4341461053354724,-0.17440931183371247,-1.019118400612531,0.006630118503325768,0.7940805366324234,0.03822339746415475,-0.5448177241123012,0.7602073569399693,-0.24614296472138883,1.6356405819583888,0.0,0.0,0.0,0.0,0.0,1.0,0.0,0.0,0.0,0.0,0.0,0.0,0.0,1.0,0.0,0.0,0.0,0.0,1.0,0.0,0.0,1.0,0.0,0.0,1.0,0.0,0.0,0.0,0.0,0.0,0.0,1.0,0.0,0.0,0.0,0.0,1.0,0.0,0.0,0.0,0.0,0.0,1.0,1.0,0.0,0.0,1.0,0.0,0.0,0.0,0.0,1.0,0.0,0.0,1
0.5505434900415291,-0.010462903108779882,-0.40232843552956954,0.5156231586324721,0.851255382798665,1.3738037617323386,0.06103222031632599,-0.12174776835219406,0.6171696394103273,-1.019118400612531,0.8071070273410997,-0.5461960240222598,0.25376887188608144,0.6762089793383921,1.938011834898262,-1.075838351422699,-1.7234399160850016,0.0,0.0,0.0,0.0,0.0,0.0,0.0,0.0,1.0,0.0,0.0,0.0,0.0,1.0,0.0,0.0,0.0,1.0,0.0,0.0,0.0,1.0,0.0,0.0,1.0,0.0,0.0,0.0,0.0,0.0,0.0,0.0,0.0,1.0,0.0,0.0,0.0,1.0,0.0,0.0,0.0,0.0,1.0,1.0,0.0,1.0,0.0,0.0,0.0,1.0,0.0,0.0,0.0,0.0,0
0.8599514102136134,1.357187925993806,-0.1496879775104765,-1.4208464910184138,-0.04588164091512093,-0.9967912993099517,0.06103222031632599,0.0168651899257775,1.1788038433141157,0.233955331039913,-1.3617941956209574,0.23781550455625436,0.5411628377819837,0.012497368749011112,-0.024995628365559186,-0.24614296472138883,1.4994616428485217,0.0,0.0,0.0,0.0,0.0,0.0,1.0,0.0,0.0,0.0,0.0,0.0,0.0,0.0,1.0,0.0,0.0,0.0,1.0,0.0,1.0,0.0,0.0,0.0,0.0,1.0,0.0,0.0,0.0,0.0,0.0,0.0,1.0,0.0,0.0,0.0,0.0,1.0,0.0,0.0,1.0,0.0,0.0,1.0,0.0,1.0,0.0,0.0,0.0,0.0,0.0,1.0,0.0,0.0,0
-0.14710686451072572,0.5207710754650071,-0.014183088588680292,0.4663898480732562,-1.2483101527427733,-0.9967912993099517,1.3531929019059934,1.2430380002040269,1.6144411763273727,0.233955331039913,-1.3617941956209574,-1.8864725846769428,-1.0395039746454786,-1.228795338078457,0.5639066106135872,-0.24614296472138883,-1.1717406243065653,0.0,0.0,0.0,0.0,1.0,0.0,0.0,0.0,0.0,0.0,0.0,0.0,0.0,0.0,1.0,0.0,0.0,1.0,0.0,0.0,1.0,0.0,0.0,0.0,1.0,0.0,0.0,0.0,0.0,0.0,0.0,0.0,1.0,0.0,0.0,0.0,1.0,0.0,0.0,0.0,0.0,0.0,1.0,0.0,1.0,1.0,0.0,0.0,0.0,0.0,1.0,0.0,0.0,0.0,1
-0.27915941803670935,1.3067367407940025,2.567959222781584,0.8023220630269204,0.8187799298187437,-0.9967912993099517,0.751266585187434,0.7284837861522186,0.6171696394103273,0.233955331039913,-1.3617941956209574,-0.5461960240222598,1.9062841757875193,0.40768443459612347,0.5639066106135872,-0.24614296472138883,0.8936399521930869,0.0,0.0,0.0,0.0,0.0,1.0,0.0,0.0,0.0,0.0,0.0,0.0,0.0,1.0,0.0,0.0,0.0,0.0,1.0,0.0,1.0,0.0,0.0,0.0,1.0,0.0,0.0,0.0,0.0,0.0,0.0,1.0,0.0,0.0,0.0,0.0,0.0,0.0,1.0,0.0,0.0,0.0,1.0,1.0,0.0,1.0,0.0,0.0,1.0,0.0,0.0,0.0,0.0,0.0,0
0.08118879136496454,2.2508324294789834,0.01125172249905238,-0.23899195967805917,0.5525429895349099,0.49888765837117444,1.3298044170897574,1.0389017985752929,-0.17440931183371247,1.487029062692357,0.8071070273410997,-0.5461960240222598,-0.823958500223552,0.012497368749011112,-0.8101986136710877,0.5835524219799213,0.5933479326174824,0.0,0.0,0.0,0.0,0.0,0.0,0.0,1.0,0.0,0.0,0.0,0.0,0.0,0.0,1.0,0.0,0.0,1.0,0.0,0.0,0.0,1.0,0.0,0.0,1.0,0.0,0.0,1.0,0.0,0.0,0.0,0.0,0.0,0.0,0.0,0.0,1.0,0.0,0.0,0.0,0.0,0.0,1.0,0.0,1.0,1.0,0.0,1.0,0.0,0.0,0.0,0.0,0.0,0.0,0
-0.0846637751287804,-0.03436034549937497,1.537061567588906,0.9100098269196696,0.3008804519518133,-0.9967912993099517,-0.04223819811549348,-0.32303116830611917,0.6171696394103273,0.233955331039913,0.006630118503325768,-0.5461960240222598,-1.1832009575934297,-0.49415271567036373,-1.2028001063238518,0.5835524219799213,-0.33720815129994336,0.0,0.0,0.0,0.0,1.0,0.0,0.0,0.0,0.0,0.0,0.0,0.0,0.0,0.0,1.0,0.0,0.0,0.0,1.0,1.0,0.0,0.0,0.0,0.0,1.0,0.0,0.0,0.0,0.0,0.0,1.0,0.0,0.0,0.0,0.0,0.0,1.0,0.0,0.0,0.0,0.0,0.0,1.0,1.0,0.0,0.0,1.0,0.0,0.0,1.0,0.0,0.0,0.0,0.0,0
0.6350287996480706,2.406167781638387,0.1981095892439705,0.42803910310420346,0.1773030976133672,-0.9967912993099517,-1.514919898932682,-1.3876130921349372,-1.5276224669815408,0.233955331039913,0.006630118503325768,0.23781550455625436,1.5470417184176415,0.012497368749011112,0.7602073569399693,-0.24614296472138883,0.9896635631038907,0.0,0.0,0.0,0.0,1.0,0.0,0.0,0.0,0.0,0.0,0.0,0.0,0.0,1.0,0.0,0.0,0.0,1.0,0.0,0.0,0.0,1.0,0.0,0.0,1.0,0.0,0.0,0.0,0.0,0.0,0.0,0.0,0.0,1.0,0.0,0.0,0.0,0.0,1.0,0.0,1.0,0.0,0.0,1.0,0.0,1.0,0.0,0.0,0.0,0.0,1.0,0.0,0.0,0.0,0
-1.9860042407775969,0.7548572604927403,0.036182840710240624,2.1401975790349343,0.9129752784408443,0.49888765837117444,0.9391225297968697,0.8670211949661959,0.6171696394103273,0.9669564746953179,-1.3617941956209574,0.23781550455625436,-0.6802615172756009,-0.1800296633303513,0.5639066106135872,1.4132478086812315,-0.19753744452059238,0.0,0.0,0.0,0.0,0.0,1.0,0.0,0.0,0.0,0.0,0.0,0.0,0.0,0.0,1.0,0.0,0.0,0.0,1.0,0.0,1.0,0.0,0.0,0.0,0.0,0.0,1.0,0.0,0.0,0.0,0.0,0.0,0.0,1.0,0.0,1.0,0.0,0.0,0.0,0.0,0.0,0.0,1.0,1.0,0.0,1.0,0.0,0.0,0.0,0.0,0.0,0.0,1.0,0.0,0
-0.1498941631846928,-0.010462903108779882,-0.6745490755800451,0.619287237804736,-2.2650268768696926,1.3738037617323386,0.9114339209965383,0.7382713536342392,-1.5276224669815408,0.9669564746953179,0.006630118503325768,-1.8864725846769428,-0.2491705684317475,0.23035690504934228,1.1528088495927336,-0.24614296472138883,-0.8784321400699283,0.0,0.0,0.0,0.0,1.0,0.0,0.0,0.0,0.0,0.0,0.0,0.0,0.0,0.0,1.0,0.0,0.0,1.0,0.0,0.0,0.0,1.0,0.0,0.0,0.0,1.0,0.0,0.0,0.0,0.0,0.0,1.0,0.0,0.0,0.0,1.0,0.0,0.0,0.0,0.0,1.0,0.0,0.0,1.0,0.0,0.0,1.0,0.0,0.0,0.0,1.0,0.0,0.0,0.0,1
1.09015689232957,0.5895265587564679,-1.022346642334492,-0.6190081550798886,-0.9820732124589395,-0.9967912993099517,-0.05522242616246015,-0.25587092675417433,-0.17440931183371247,-1.019118400612531,0.006630118503325768,-0.5461960240222598,-1.1832009575934297,-1.8469084410700944,-0.2212963746919413,-0.24614296472138883,0.5497008367489352,0.0,0.0,0.0,0.0,1.0,0.0,0.0,0.0,0.0,0.0,0.0,0.0,0.0,0.0,1.0,0.0,0.0,0.0,1.0,0.0,0.0,1.0,0.0,1.0,0.0,0.0,0.0,0.0,0.0,0.0,1.0,0.0,0.0,0.0,0.0,0.0,0.0,1.0,0.0,0.0,1.0,0.0,0.0,1.0,0.0,1.0,0.0,0.0,1.0,0.0,0.0,0.0,0.0,0.0,0
0.24997691831286223,1.3447105919423006,2.115603730416298,-1.1372868238037945,0.10871947129041147,0.49888765837117444,0.04154875963411896,-0.20005883833278804,-0.17440931183371247,-1.019118400612531,0.006630118503325768,-0.5461960240222598,1.2596477525217393,0.8130045021316233,1.1528088495927336,-1.075838351422699,-0.6759096152398694,0.0,0.0,0.0,0.0,0.0,0.0,0.0,0.0,1.0,0.0,0.0,0.0,0.0,0.0,0.0,0.0,1.0,0.0,1.0,1.0,0.0,0.0,0.0,0.0,0.0,1.0,0.0,1.0,0.0,0.0,0.0,0.0,0.0,0.0,0.0,0.0,1.0,0.0,0.0,0.0,0.0,0.0,1.0,0.0,1.0,1.0,0.0,0.0,0.0,0.0,0.0,1.0,0.0,0.0,0
0.10415122021371286,-0.6449444150648397,-0.4742897541412007,-0.7196636286789051,1.2157962486842935,0.49888765837117444,1.3282195003608632,1.0515330585218114,-0.17440931183371247,1.8904287018766261,0.8071070273410997,-0.5461960240222598,0.3974658548340326,0.7826054970664609,0.9565081032663514,-1.9055337381240092,-0.6025824941807102,0.0,0.0,0.0,1.0,0.0,0.0,0.0,0.0,0.0,0.0,0.0,0.0,0.0,0.0,1.0,0.0,0.0,0.0,1.0,0.0,0.0,1.0,0.0,0.0,1.0,0.0,0.0,0.0,0.0,0.0,1.0,0.0,0.0,0.0,0.0,0.0,0.0,0.0,1.0,0.0,1.0,0.0,0.0,1.0,0.0,0.0,1.0,0.0,0.0,0.0,0.0,0.0,1.0,0.0,0
-0.7292586298668504,-0.010462903108779882,0.7085821840954115,-0.4685616310762956,-2.2650268768696926,0.49888765837117444,-3.1934284619630486,-2.8947613031242305,0.6171696394103273,0.9669564746953179,0.006630118503325768,1.2255532164261718,0.6848598207299348,1.4311176051232606,-1.2028001063238518,-1.075838351422699,0.26163000401652386,0.0,0.0,0.0,0.0,0.0,0.0,1.0,0.0,0.0,0.0,0.0,0.0,0.0,0.0,1.0,0.0,0.0,1.0,0.0,1.0,0.0,0.0,0.0,0.0,1.0,0.0,0.0,0.0,0.0,1.0,0.0,0.0,0.0,0.0,0.0,0.0,0.0,1.0,0.0,0.0,1.0,0.0,0.0,1.0,0.0,0.0,1.0,0.0,0.0,0.0,0.0,1.0,0.0,0.0,1
-1.8920329519698194,0.5456373008116104,0.06062982881427848,-0.2623626169803747,-0.7755637979526826,-0.9967912993099517,-0.4027771004055501,-0.0008086566539874266,0.6171696394103273,0.233955331039913,0.8071070273410997,1.2255532164261718,-1.1832009575934297,1.0460635409645358,-0.2212963746919413,-1.075838351422699,-0.8609733017225094,0.0,0.0,0.0,0.0,0.0,0.0,0.0,0.0,1.0,0.0,0.0,0.0,0.0,0.0,1.0,0.0,0.0,0.0,1.0,1.0,0.0,0.0,0.0,0.0,1.0,0.0,0.0,0.0,0.0,0.0,0.0,1.0,0.0,0.0,0.0,0.0,1.0,0.0,0.0,0.0,1.0,0.0,0.0,1.0,0.0,1.0,0.0,0.0,0.0,0.0,0.0,1.0,0.0,0.0,0
-1.123362932364521,-0.010462903108779882,-1.0809144268831403,1.2102145034749137,1.2157962486842935,-0.9967912993099517,-1.8902480928707168,-1.826991190852134,1.1788038433141157,0.9669564746953179,1.375054432627609,1.2255532164261718,-0.6802615172756009,-0.8690737781407011,0.5639066106135872,1.4132478086812315,-0.7911379483328339,0.0,0.0,0.0,0.0,1.0,0.0,0.0,0.0,0.0,0.0,0.0,0.0,0.0,1.0,0.0,0.0,0.0,1.0,0.0,0.0,0.0,1.0,0.0,0.0,1.0,0.0,0.0,1.0,0.0,0.0,0.0,0.0,0.0,0.0,0.0,0.0,1.0,0.0,0.0,0.0,1.0,0.0,0.0,1.0,0.0,0.0,1.0,0.0,0.0,0.0,0.0,1.0,0.0,0.0,0
-0.6601003753821665,-0.15530609483689803,-2.014998948602723,-0.8691368180092968,1.9686643059680888,1.3738037617323386,0.5458839658607838,0.37369698748286967,-1.5276224669815408,1.487029062692357,0.8071070273410997,0.23781550455625436,-1.326897940541381,-1.1983963330132947,0.36760586428720504,-0.24614296472138883,0.18306523145313894,0.0,0.0,1.0,0.0,0.0,0.0,0.0,0.0,0.0,0.0,0.0,0.0,0.0,0.0,1.0,0.0,0.0,0.0,1.0,1.0,0.0,0.0,0.0,0.0,1.0,0.0,0.0,0.0,0.0,0.0,0.0,1.0,0.0,0.0,0.0,1.0,0.0,0.0,0.0,0.0,0.0,0.0,1.0,1.0,0.0,1.0,0.0,0.0,0.0,0.0,0.0,0.0,0.0,1.0,1
-0.6813023930601279,0.34716544305596403,-1.2749871003535849,0.3883732220473554,-2.2650268768696926,0.49888765837117444,0.2779480512296234,0.6548692603956865,0.6171696394103273,0.233955331039913,-1.3617941956209574,0.23781550455625436,-0.6084130258016253,2.3785532629874915,-0.6138978673447055,-0.24614296472138883,-0.37561759566426484,0.0,0.0,0.0,0.0,1.0,0.0,0.0,0.0,0.0,0.0,0.0,0.0,0.0,0.0,1.0,0.0,0.0,0.0,1.0,0.0,1.0,0.0,0.0,1.0,0.0,0.0,0.0,0.0,0.0,0.0,0.0,1.0,0.0,0.0,0.0,0.0,0.0,1.0,0.0,0.0,1.0,0.0,0.0,1.0,0.0,1.0,0.0,0.0,0.0,0.0,0.0,0.0,0.0,1.0,0
-0.5023542858607304,0.789572173738245,-1.423273625232452,0.5512200654243107,-2.2650268768696926,-0.9967912993099517,-0.5246800100175437,-0.7075221479645474,-0.17440931183371247,-1.019118400612531,0.006630118503325768,0.23781550455625436,2.481072107579324,1.1473935578484107,0.36760586428720504,-1.075838351422699,-1.2031665333319193,0.0,0.0,0.0,0.0,0.0,0.0,0.0,0.0,1.0,0.0,0.0,0.0,0.0,0.0,1.0,0.0,0.0,1.0,0.0,0.0,0.0,1.0,0.0,0.0,1.0,0.0,0.0,0.0,0.0,0.0,0.0,0.0,0.0,0.0,1.0,0.0,0.0,1.0,0.0,0.0,0.0,0.0,1.0,1.0,0.0,0.0,1.0,0.0,0.0,0.0,0.0,0.0,0.0,1.0,0
-0.9315180430416955,-0.010462903108779882,0.9924064116141492,0.26049747630937714,0.35698583829276287,-0.9967912993099517,1.3772676036936222,1.307804291627223,-0.17440931183371247,-1.019118400612531,-1.3617941956209574,-1.8864725846769428,0.325617363360057,0.1796918966074048,-1.0064993599974699,-1.9055337381240092,1.3423320977217519,0.0,0.0,0.0,0.0,1.0,0.0,0.0,0.0,0.0,0.0,0.0,0.0,0.0,1.0,0.0,0.0,0.0,0.0,1.0,0.0,1.0,0.0,0.0,0.0,1.0,0.0,0.0,0.0,0.0,0.0,0.0,0.0,0.0,0.0,1.0,1.0,0.0,0.0,0.0,0.0,1.0,0.0,0.0,1.0,0.0,1.0,0.0,0.0,0.0,0.0,0.0,1.0,0.0,0.0,0
-1.3874201349751363,-0.23825985818868722,-0.17863132870856746,-1.0408302956165845,-1.6235500446643159,-0.9967912993099517,-0.037201412216310764,0.16794390525431732,-1.5276224669815408,0.233955331039913,-1.3617941956209574,1.2255532164261718,-0.2491705684317475,1.3297875882393857,1.7417110885718798,-0.24614296472138883,0.19703230213107403,0.0,0.0,0.0,0.0,1.0,0.0,0.0,0.0,0.0,0.0,0.0,0.0,0.0,1.0,0.0,0.0,0.0,1.0,0.0,0.0,1.0,0.0,0.0,0.0,1.0,0.0,0.0,0.0,0.0,0.0,0.0,0.0,0.0,0.0,1.0,0.0,1.0,0.0,0.0,0.0,0.0,0.0,1.0,1.0,0.0,1.0,0.0,0.0,0.0,1.0,0.0,0.0,0.0,0.0,0
1.5197498416166315,-0.010462903108779882,-1.7854596952050261,0.6302523264503523,-0.7755637979526826,1.3738037617323386,-0.4453439881314634,-0.3490223048263539,-0.17440931183371247,0.9669564746953179,1.375054432627609,-1.8864725846769428,1.5470417184176415,0.899135016482917,0.5639066106135872,0.5835524219799213,0.5654137912616122,0.0,0.0,0.0,0.0,0.0,0.0,0.0,0.0,0.0,0.0,0.0,0.0,1.0,1.0,0.0,0.0,0.0,0.0,1.0,0.0,0.0,1.0,0.0,0.0,1.0,0.0,0.0,0.0,0.0,0.0,0.0,0.0,0.0,1.0,0.0,0.0,1.0,0.0,0.0,0.0,1.0,0.0,0.0,1.0,0.0,1.0,0.0,0.0,1.0,0.0,0.0,0.0,0.0,0.0,0
-0.16675033514366736,-0.010462903108779882,0.4167485119683675,0.4663898480732562,0.7138992809643273,0.49888765837117444,-0.18009021739885056,0.11255042757498372,0.6171696394103273,1.8904287018766261,0.006630118503325768,1.2255532164261718,-0.17732207695777194,0.7471399911571046,-0.024995628365559186,0.5835524219799213,0.9145905582099896,0.0,0.0,0.0,0.0,1.0,0.0,0.0,0.0,0.0,0.0,0.0,0.0,0.0,0.0,1.0,0.0,0.0,0.0,1.0,1.0,0.0,0.0,0.0,0.0,1.0,0.0,0.0,0.0,0.0,0.0,0.0,0.0,0.0,1.0,0.0,0.0,0.0,1.0,0.0,0.0,0.0,0.0,1.0,0.0,1.0,0.0,1.0,0.0,0.0,1.0,0.0,0.0,0.0,0.0,0
0.026709776129070564,-2.4575914893214112,0.470330229294446,-1.088053513244579,-2.2650268768696926,1.3738037617323386,0.8873128366840973,0.9341312334557578,-0.17440931183371247,-1.019118400612531,0.006630118503325768,-1.8864725846769428,-0.6802615172756009,-0.7221452536590823,-0.024995628365559186,-1.9055337381240092,1.6740500263227103,0.0,0.0,0.0,0.0,0.0,0.0,0.0,0.0,0.0,0.0,1.0,0.0,0.0,0.0,1.0,0.0,0.0,0.0,1.0,0.0,0.0,1.0,0.0,0.0,1.0,0.0,0.0,0.0,0.0,1.0,0.0,0.0,0.0,0.0,0.0,0.0,1.0,0.0,0.0,0.0,1.0,0.0,0.0,1.0,0.0,1.0,0.0,0.0,0.0,0.0,0.0,0.0,1.0,0.0,1
-0.8072103729146198,-0.010462903108779882,-0.5905859470302397,1.280734340311765,0.1773030976133672,-0.9967912993099517,-4.0783807987098655,-4.204562886667497,-0.17440931183371247,-1.019118400612531,-1.3617941956209574,0.7940805366324234,-0.8958069916975275,1.2487235747322856,-0.8101986136710877,1.4132478086812315,0.767936316091671,0.0,0.0,1.0,0.0,0.0,0.0,0.0,0.0,0.0,0.0,0.0,0.0,0.0,1.0,0.0,0.0,0.0,0.0,1.0,0.0,1.0,0.0,0.0,0.0,1.0,0.0,0.0,0.0,1.0,0.0,0.0,0.0,0.0,0.0,0.0,0.0,1.0,0.0,0.0,0.0,0.0,0.0,1.0,1.0,0.0,1.0,0.0,1.0,0.0,0.0,0.0,0.0,0.0,0.0,0
0.3283983424191514,-0.4602477689714164,1.2334432821649801,-1.6317575612867619,0.034643511667979465,-0.9967912993099517,-0.8655180186515198,-0.9169575551847507,0.6171696394103273,-1.019118400612531,0.006630118503325768,-0.5461960240222598,-0.9676554831715031,0.8687360114177546,-0.6138978673447055,0.5835524219799213,-0.5606812821469048,0.0,0.0,0.0,0.0,0.0,0.0,0.0,1.0,0.0,0.0,0.0,0.0,0.0,0.0,1.0,0.0,0.0,1.0,0.0,0.0,0.0,1.0,0.0,0.0,1.0,0.0,0.0,0.0,0.0,0.0,0.0,0.0,0.0,1.0,0.0,1.0,0.0,0.0,0.0,0.0,1.0,0.0,0.0,1.0,0.0,1.0,0.0,0.0,1.0,0.0,0.0,0.0,0.0,0.0,0
0.6802363223590447,-1.215401462841374,1.6719545584047903,-0.23899195967805917,-1.2483101527427733,1.9945666160523006,-1.4895495704978603,-1.2140683714529652,-1.5276224669815408,-1.019118400612531,-1.3617941956209574,0.7940805366324234,0.5411628377819837,0.519147453168386,-1.399100852650234,-0.24614296472138883,0.26163000401652386,0.0,0.0,0.0,0.0,0.0,1.0,0.0,0.0,0.0,0.0,0.0,0.0,0.0,0.0,1.0,0.0,0.0,0.0,1.0,0.0,1.0,0.0,0.0,0.0,1.0,0.0,0.0,0.0,0.0,0.0,0.0,0.0,0.0,0.0,1.0,0.0,0.0,1.0,0.0,0.0,0.0,1.0,0.0,1.0,0.0,0.0,1.0,0.0,0.0,0.0,1.0,0.0,0.0,0.0,0
0.7307539906801439,0.6039154871210628,-1.3469484189652163,-0.5873127973181029,1.3553761131697037,0.49888765837117444,-1.04514870990232,-0.9667476779716521,-1.5276224669815408,-1.019118400612531,0.006630118503325768,-0.5461960240222598,-1.6142919064372832,0.012497368749011112,-0.4175971210183234,0.5835524219799213,0.2529005848428144,0.0,0.0,0.0,0.0,0.0,0.0,0.0,0.0,0.0,0.0,0.0,1.0,0.0,0.0,1.0,0.0,0.0,0.0,1.0,0.0,0.0,1.0,0.0,0.0,1.0,0.0,0.0,0.0,0.0,1.0,0.0,0.0,0.0,0.0,0.0,0.0,0.0,1.0,0.0,0.0,0.0,0.0,1.0,1.0,0.0,1.0,0.0,0.0,0.0,0.0,0.0,1.0,0.0,0.0,0
0.6170785605208685,0.10436920796142436,0.470330229294446,-0.8691368180092968,-1.2483101527427733,-0.9967912993099517,0.022791577026000286,0.17064337467336005,-1.5276224669815408,0.233955331039913,1.375054432627609,-0.5461960240222598,0.4693143463080081,0.25568940927031103,-0.6138978673447055,-1.9055337381240092,-1.1891994626539841,0.0,0.0,0.0,0.0,0.0,0.0,0.0,0.0,1.0,0.0,0.0,0.0,0.0,0.0,1.0,0.0,0.0,1.0,0.0,0.0,0.0,1.0,0.0,0.0,0.0,1.0,0.0,1.0,0.0,0.0,0.0,0.0,0.0,0.0,0.0,0.0,0.0,1.0,0.0,0.0,1.0,0.0,0.0,1.0,0.0,1.0,0.0,0.0,0.0,0.0,0.0,1.0,0.0,0.0,1
0.755264093675556,1.234906870692792,-1.6846875008337523,0.8301983080730838,0.7851232955110645,-0.9967912993099517,-0.19720651468984288,-0.22449771101955934,-0.17440931183371247,-1.019118400612531,0.006630118503325768,0.7940805366324234,0.3974658548340326,1.4564501093442292,1.3491095959191157,1.4132478086812315,1.5518381578907783,0.0,0.0,0.0,0.0,1.0,0.0,0.0,0.0,0.0,0.0,0.0,0.0,0.0,0.0,1.0,0.0,0.0,0.0,1.0,1.0,0.0,0.0,0.0,0.0,1.0,0.0,0.0,0.0,0.0,0.0,0.0,0.0,0.0,0.0,1.0,1.0,0.0,0.0,0.0,0.0,0.0,0.0,1.0,1.0,0.0,0.0,1.0,0.0,0.0,0.0,0.0,1.0,0.0,0.0,0
1.1699616847790693,-1.1234650016488363,-0.7645145055021436,-1.889891849183104,-2.2650268768696926,-0.9967912993099517,0.09040620158327303,0.10076905901900127,-1.5276224669815408,-1.019118400612531,1.375054432627609,-0.5461960240222598,0.1100718889381303,0.012497368749011112,-0.4175971210183234,0.5835524219799213,1.7299183090344508,0.0,0.0,0.0,0.0,1.0,0.0,0.0,0.0,0.0,0.0,0.0,0.0,0.0,1.0,0.0,0.0,0.0,1.0,0.0,1.0,0.0,0.0,0.0,1.0,0.0,0.0,0.0,0.0,0.0,1.0,0.0,0.0,0.0,0.0,0.0,0.0,1.0,0.0,0.0,0.0,1.0,0.0,0.0,1.0,0.0,0.0,1.0,0.0,0.0,0.0,1.0,0.0,0.0,0.0,1
0.7937645737844564,-1.415139642362385,-0.0666481935771456,-1.4208464910184138,0.034643511667979465,-0.9967912993099517,0.9470284484234751,0.7407838017384312,0.6171696394103273,0.233955331039913,1.8155886650711848,-0.5461960240222598,-0.4647160428536742,-0.9602707933361886,0.7602073569399693,-0.24614296472138883,1.15552252740437,0.0,0.0,0.0,0.0,0.0,0.0,0.0,0.0,0.0,0.0,0.0,1.0,0.0,0.0,1.0,0.0,0.0,0.0,1.0,1.0,0.0,0.0,0.0,0.0,1.0,0.0,0.0,0.0,0.0,0.0,1.0,0.0,0.0,0.0,0.0,0.0,0.0,1.0,0.0,0.0,1.0,0.0,0.0,1.0,0.0,0.0,1.0,0.0,0.0,1.0,0.0,0.0,0.0,0.0,0
0.8132208585947563,-0.010462903108779882,-0.5118740474830508,-1.2425237219686571,0.6367333169865165,-0.9967912993099517,0.5418251327937481,0.5627675384379875,0.6171696394103273,-1.019118400612531,0.006630118503325768,0.23781550455625436,1.4033447354696904,-0.6917462485939199,-1.399100852650234,-1.075838351422699,-1.714710496911292,0.0,0.0,0.0,0.0,0.0,1.0,0.0,0.0,0.0,0.0,0.0,0.0,0.0,1.0,0.0,0.0,0.0,1.0,0.0,0.0,0.0,1.0,0.0,1.0,0.0,0.0,0.0,0.0,0.0,0.0,1.0,0.0,0.0,0.0,0.0,0.0,1.0,0.0,0.0,0.0,1.0,0.0,0.0,1.0,0.0,0.0,1.0,0.0,1.0,0.0,0.0,0.0,0.0,0.0,0
-1.6371605020264617,-0.4867419898266078,0.17621372729782228,-0.38687065090507,0.3008804519518133,0.49888765837117444,0.9652215007866635,0.826690483116226,0.6171696394103273,0.233955331039913,0.8071070273410997,2.3621035937894512,0.325617363360057,-1.9634379604865506,1.3491095959191157,-1.075838351422699,-0.6252789840323547,0.0,0.0,0.0,0.0,1.0,0.0,0.0,0.0,0.0,0.0,0.0,0.0,0.0,1.0,0.0,0.0,0.0,1.0,0.0,1.0,0.0,0.0,0.0,0.0,1.0,0.0,0.0,0.0,0.0,0.0,0.0,1.0,0.0,0.0,0.0,0.0,0.0,1.0,0.0,0.0,1.0,0.0,0.0,1.0,0.0,0.0,1.0,0.0,0.0,1.0,0.0,0.0,0.0,0.0,1
0.026709776129070564,-0.010462903108779882,-0.5905859470302397,-0.14996279691519795,-1.6235500446643159,-0.9967912993099517,0.22641405301757891,0.5799869715319637,-1.5276224669815408,0.233955331039913,0.8071070273410997,0.7940805366324234,-0.32101905990572305,-1.4010563667810447,0.17130511796082293,-1.9055337381240092,-0.3983140855159094,0.0,0.0,0.0,0.0,1.0,0.0,0.0,0.0,0.0,0.0,0.0,0.0,0.0,0.0,1.0,0.0,0.0,0.0,1.0,0.0,0.0,1.0,0.0,0.0,1.0,0.0,0.0,0.0,1.0,0.0,0.0,0.0,0.0,0.0,0.0,0.0,1.0,0.0,0.0,0.0,0.0,0.0,1.0,1.0,0.0,1.0,0.0,0.0,1.0,0.0,0.0,0.0,0.0,0.0,1
-1.6464135434444682,0.961336561862648,-0.04014236555699533,-1.4869678123246417,-0.606833320537397,0.49888765837117444,0.45577216139676247,0.350478971102206,-0.17440931183371247,-1.019118400612531,0.006630118503325768,0.7940805366324234,-0.4647160428536742,0.40768443459612347,0.7602073569399693,0.5835524219799213,-0.6863849182483207,0.0,0.0,0.0,0.0,1.0,0.0,0.0,0.0,0.0,0.0,0.0,0.0,0.0,0.0,1.0,0.0,0.0,1.0,0.0,1.0,0.0,0.0,0.0,0.0,1.0,0.0,0.0,1.0,0.0,0.0,0.0,0.0,0.0,0.0,0.0,0.0,0.0,1.0,0.0,0.0,1.0,0.0,0.0,1.0,0.0,1.0,0.0,0.0,1.0,0.0,0.0,0.0,0.0,0.0,1
-0.010149630849987278,0.7194410063463363,0.6644029027648904,0.2901608500762704,-1.2483101527427733,-0.9967912993099517,0.21702059189517306,0.5596620381051705,-0.17440931183371247,0.233955331039913,-1.3617941956209574,-0.5461960240222598,0.7567083122039103,-0.8893397815174761,1.3491095959191157,1.4132478086812315,0.6335032608165457,0.0,0.0,0.0,0.0,0.0,1.0,0.0,0.0,0.0,0.0,0.0,0.0,0.0,1.0,0.0,0.0,0.0,0.0,1.0,0.0,1.0,0.0,0.0,1.0,0.0,0.0,0.0,0.0,0.0,0.0,0.0,0.0,1.0,0.0,0.0,0.0,0.0,1.0,0.0,0.0,0.0,0.0,1.0,1.0,0.0,1.0,0.0,0.0,0.0,0.0,0.0,1.0,0.0,0.0,0
-0.20407462819126268,-0.010462903108779882,0.9808028241458874,-1.4208464910184138,0.676120343873356,1.3738037617323386,2.05668268997747,1.7695853772485133,-0.17440931183371247,0.233955331039913,0.006630118503325768,-0.5461960240222598,0.3974658548340326,-0.7829432637894074,1.938011834898262,0.5835524219799213,-1.3533125431197215,0.0,0.0,0.0,0.0,0.0,0.0,0.0,0.0,0.0,0.0,0.0,1.0,0.0,1.0,0.0,0.0,0.0,1.0,0.0,0.0,0.0,1.0,0.0,1.0,0.0,0.0,0.0,0.0,0.0,0.0,0.0,0.0,0.0,0.0,1.0,0.0,1.0,0.0,0.0,0.0,0.0,0.0,1.0,1.0,0.0,1.0,0.0,0.0,0.0,0.0,0.0,1.0,0.0,0.0,0
-0.5210132311394176,-0.04816372555639069,1.8879562584836913,-2.100802919451452,0.35698583829276287,1.3738037617323386,-1.0865412782170634,-1.0504316850171511,-1.5276224669815408,1.487029062692357,0.8071070273410997,-1.8864725846769428,0.325617363360057,0.053029375502561094,-1.5954015989766162,0.5835524219799213,-0.757966155472738,0.0,0.0,0.0,0.0,1.0,0.0,0.0,0.0,0.0,0.0,0.0,0.0,0.0,1.0,0.0,0.0,0.0,0.0,1.0,0.0,0.0,1.0,0.0,1.0,0.0,0.0,0.0,0.0,0.0,1.0,0.0,0.0,0.0,0.0,0.0,0.0,0.0,0.0,1.0,0.0,1.0,0.0,0.0,1.0,0.0,1.0,0.0,0.0,0.0,0.0,0.0,0.0,0.0,1.0,0
1.4020087151844167,-0.010462903108779882,-0.6318676889272661,-0.360873867183546,1.298113183907778,-0.9967912993099517,0.8310987773946831,1.1917935666109654,0.6171696394103273,0.9669564746953179,-1.3617941956209574,-1.8864725846769428,-0.9676554831715031,-0.6512142418403699,-1.9880030916293803,-0.24614296472138883,-0.0631043892454671,0.0,0.0,0.0,0.0,1.0,0.0,0.0,0.0,0.0,0.0,0.0,0.0,0.0,1.0,0.0,0.0,0.0,0.0,1.0,0.0,1.0,0.0,0.0,0.0,1.0,0.0,0.0,0.0,0.0,0.0,1.0,0.0,0.0,0.0,0.0,0.0,1.0,0.0,0.0,0.0,1.0,0.0,0.0,1.0,0.0,1.0,0.0,0.0,0.0,1.0,0.0,0.0,0.0,0.0,0
1.3044631160487634,0.3962427142438668,-0.26968161895469217,1.0318917344251566,-2.2650268768696926,-0.9967912993099517,-0.6893443451180946,-0.5526595541506575,0.6171696394103273,-1.019118400612531,0.006630118503325768,1.2255532164261718,-0.17732207695777194,-1.4162558693136258,-0.8101986136710877,0.5835524219799213,1.5046992943527473,0.0,0.0,0.0,0.0,0.0,0.0,0.0,0.0,0.0,0.0,1.0,0.0,0.0,0.0,1.0,0.0,0.0,0.0,1.0,0.0,0.0,1.0,0.0,0.0,1.0,0.0,0.0,0.0,0.0,0.0,0.0,1.0,0.0,0.0,0.0,0.0,0.0,0.0,1.0,0.0,0.0,0.0,1.0,1.0,0.0,1.0,0.0,0.0,0.0,0.0,0.0,1.0,0.0,0.0,1
0.3435066109702728,-0.6255741364875592,-2.014998948602723,1.1209208971880174,-0.04588164091512093,0.49888765837117444,0.11382644168468421,0.26628776846163554,-0.17440931183371247,-1.019118400612531,0.006630118503325768,-1.8864725846769428,-1.326897940541381,2.449484274806204,0.7602073569399693,-0.24614296472138883,1.033310658972438,0.0,0.0,0.0,0.0,0.0,0.0,0.0,0.0,0.0,0.0,0.0,1.0,0.0,1.0,0.0,0.0,0.0,1.0,0.0,0.0,0.0,1.0,0.0,0.0,0.0,1.0,0.0,0.0,0.0,0.0,0.0,0.0,0.0,0.0,1.0,0.0,1.0,0.0,0.0,0.0,1.0,0.0,0.0,1.0,0.0,1.0,0.0,1.0,0.0,0.0,0.0,0.0,0.0,0.0,0
1.1406313012577034,0.961336561862648,0.6940273361154479,-0.7196636286789051,1.1488666986634468,0.49888765837117444,0.6726104605745842,0.5562670112080033,0.6171696394103273,1.487029062692357,0.006630118503325768,-0.5461960240222598,-1.973534363807161,-0.1546971591093826,0.36760586428720504,0.5835524219799213,0.3332112412409412,0.0,0.0,0.0,0.0,0.0,0.0,0.0,0.0,1.0,0.0,0.0,0.0,0.0,0.0,1.0,0.0,0.0,0.0,1.0,1.0,0.0,0.0,0.0,0.0,0.0,1.0,0.0,0.0,0.0,0.0,0.0,0.0,0.0,1.0,0.0,1.0,0.0,0.0,0.0,0.0,1.0,0.0,0.0,1.0,0.0,1.0,0.0,0.0,1.0,0.0,0.0,0.0,0.0,0.0,0
-0.3232739016417351,1.092642427009945,-1.0809144268831403,1.5060670708010877,0.034643511667979465,-0.9967912993099517,0.06103222031632599,0.8409110844677613,1.1788038433141157,-1.019118400612531,-1.3617941956209574,-1.8864725846769428,-0.10547358548379637,-0.3978891996306825,-0.8101986136710877,1.4132478086812315,-1.3882302198145593,0.0,0.0,0.0,0.0,0.0,0.0,1.0,0.0,0.0,0.0,0.0,0.0,0.0,1.0,0.0,0.0,0.0,0.0,1.0,0.0,1.0,0.0,0.0,0.0,1.0,0.0,0.0,0.0,0.0,0.0,0.0,1.0,0.0,0.0,0.0,0.0,0.0,0.0,0.0,1.0,1.0,0.0,0.0,1.0,0.0,1.0,0.0,0.0,0.0,0.0,0.0,1.0,0.0,0.0,0
-1.4652284909223712,-0.3172376392355304,-1.022346642334492,0.8301983080730838,-0.7755637979526826,1.3738037617323386,-0.040819897629940746,-0.26253317242032637,-1.5276224669815408,-1.019118400612531,1.375054432627609,0.23781550455625436,-0.39286755137969864,-1.517585886197501,0.5639066106135872,-1.075838351422699,-0.9954063569976347,0.0,0.0,0.0,0.0,0.0,0.0,0.0,0.0,0.0,0.0,0.0,1.0,0.0,0.0,1.0,0.0,0.0,1.0,0.0,0.0,0.0,1.0,0.0,0.0,0.0,1.0,0.0,1.0,0.0,0.0,0.0,0.0,0.0,0.0,0.0,0.0,0.0,1.0,0.0,0.0,0.0,0.0,1.0,1.0,0.0,0.0,1.0,0.0,0.0,0.0,0.0,0.0,0.0,1.0,1
-1.7837448276027517,-1.3557122345226607,1.1134496407207648,0.3883732220473554,0.10871947129041147,-0.9967912993099517,-1.03932732742879,-0.7416870575507607,-0.17440931183371247,-1.019118400612531,0.006630118503325768,-0.5461960240222598,0.8285568036778859,0.47861544641483594,-2.1843038379557624,0.5835524219799213,1.4453392439715231,0.0,0.0,0.0,0.0,0.0,0.0,0.0,0.0,1.0,0.0,0.0,0.0,0.0,0.0,1.0,0.0,0.0,0.0,1.0,1.0,0.0,0.0,0.0,0.0,0.0,1.0,0.0,0.0,0.0,0.0,0.0,1.0,0.0,0.0,0.0,0.0,0.0,1.0,0.0,0.0,1.0,0.0,0.0,1.0,0.0,0.0,1.0,0.0,0.0,0.0,0.0,1.0,0.0,0.0,0
-1.0696339410776308,0.2091507220278192,-1.5045263537512816,0.16665078158300348,-0.7755637979526826,1.3738037617323386,0.8279182668495031,0.9170015416269875,0.6171696394103273,0.233955331039913,0.006630118503325768,-1.8864725846769428,-0.6084130258016253,-0.5346847224239137,-0.2212963746919413,1.4132478086812315,-1.3079195634164325,0.0,0.0,1.0,0.0,0.0,0.0,0.0,0.0,0.0,0.0,0.0,0.0,0.0,0.0,1.0,0.0,0.0,1.0,0.0,1.0,0.0,0.0,0.0,0.0,1.0,0.0,0.0,0.0,0.0,1.0,0.0,0.0,0.0,0.0,0.0,0.0,1.0,0.0,0.0,0.0,1.0,0.0,0.0,1.0,0.0,0.0,1.0,0.0,0.0,1.0,0.0,0.0,0.0,0.0,0
0.5725989998358687,0.10436920796142436,0.80601047124687,-0.4406853860301315,-2.2650268768696926,1.3738037617323386,0.2198050502072848,0.340205095696326,0.6171696394103273,1.487029062692357,1.375054432627609,1.8761594147954188,-0.39286755137969864,0.8636695105735608,-0.6138978673447055,0.5835524219799213,-0.5292553731215509,0.0,0.0,0.0,0.0,0.0,0.0,0.0,0.0,1.0,0.0,0.0,0.0,0.0,0.0,0.0,1.0,0.0,0.0,1.0,0.0,0.0,1.0,0.0,0.0,1.0,0.0,0.0,1.0,0.0,0.0,0.0,0.0,0.0,0.0,0.0,0.0,0.0,1.0,0.0,0.0,1.0,0.0,0.0,1.0,0.0,1.0,0.0,0.0,1.0,0.0,0.0,0.0,0.0,0.0,0
1.1651210394787808,-0.010462903108779882,0.2407909758967492,1.1834663016101437,0.6367333169865165,0.49888765837117444,0.2117691603273212,0.5424395485784652,-0.17440931183371247,0.9669564746953179,1.8155886650711848,0.23781550455625436,-1.1832009575934297,-0.3776231962539075,-0.024995628365559186,0.5835524219799213,0.4833572510287435,0.0,0.0,0.0,0.0,0.0,0.0,0.0,0.0,0.0,0.0,0.0,1.0,0.0,1.0,0.0,0.0,0.0,0.0,1.0,1.0,0.0,0.0,0.0,0.0,1.0,0.0,0.0,0.0,0.0,1.0,0.0,0.0,0.0,0.0,0.0,0.0,0.0,0.0,1.0,0.0,1.0,0.0,0.0,1.0,0.0,1.0,0.0,0.0,0.0,1.0,0.0,0.0,0.0,0.0,1
-1.8920329519698194,-0.010462903108779882,0.6493251138311443,-0.7196636286789051,0.35698583829276287,0.49888765837117444,-0.009873554796520684,0.16428838603851936,1.1788038433141157,0.9669564746953179,0.006630118503325768,-0.5461960240222598,-0.03362509400982082,-0.08883264813486386,0.17130511796082293,-1.075838351422699,-0.28483163625768676,0.0,0.0,0.0,0.0,0.0,0.0,1.0,0.0,0.0,0.0,0.0,0.0,0.0,1.0,0.0,0.0,0.0,0.0,1.0,1.0,0.0,0.0,0.0,0.0,0.0,1.0,0.0,1.0,0.0,0.0,0.0,0.0,0.0,0.0,0.0,0.0,1.0,0.0,0.0,0.0,1.0,0.0,0.0,1.0,0.0,1.0,0.0,0.0,0.0,0.0,1.0,0.0,0.0,0.0,0
-1.39498568008346,-0.010462903108779882,-1.1423402837787076,0.7640769867668564,-0.13408696574730583,0.49888765837117444,0.9209834619702888,0.6062530942896719,-1.5276224669815408,-1.019118400612531,0.006630118503325768,0.23781550455625436,0.3974658548340326,1.1929920654461545,1.938011834898262,-0.24614296472138883,-0.6078201456849358,0.0,0.0,0.0,0.0,1.0,0.0,0.0,0.0,0.0,0.0,0.0,0.0,0.0,0.0,1.0,0.0,0.0,0.0,1.0,1.0,0.0,0.0,0.0,0.0,1.0,0.0,0.0,0.0,0.0,0.0,0.0,0.0,0.0,0.0,1.0,1.0,0.0,0.0,0.0,0.0,0.0,0.0,1.0,1.0,0.0,0.0,1.0,0.0,0.0,1.0,0.0,0.0,0.0,0.0,0
1.781896002140604,1.2181631355807032,0.21963114456386534,-1.6317575612867619,-0.23159342861585436,1.3738037617323386,-0.9678150755821526,-0.9191859172686985,0.6171696394103273,-1.019118400612531,0.8071070273410997,0.7940805366324234,-1.6861403979112588,-0.8538742756081198,0.36760586428720504,0.5835524219799213,1.3685203552428802,0.0,0.0,0.0,0.0,0.0,1.0,0.0,0.0,0.0,0.0,0.0,0.0,0.0,1.0,0.0,0.0,0.0,0.0,1.0,1.0,0.0,0.0,0.0,0.0,1.0,0.0,0.0,0.0,0.0,0.0,1.0,0.0,0.0,0.0,0.0,0.0,1.0,0.0,0.0,0.0,1.0,0.0,0.0,1.0,0.0,0.0,1.0,0.0,0.0,0.0,0.0,0.0,1.0,0.0,0
0.3895713933798264,0.1544590902079196,1.123897670211499,-0.4685616310762956,0.6367333169865165,0.49888765837117444,-0.7523225145866173,-0.9724326395150473,1.1788038433141157,0.9669564746953179,-1.3617941956209574,0.23781550455625436,-0.2491705684317475,-1.1223988203503885,0.36760586428720504,-0.24614296472138883,-0.40180585318539314,0.0,0.0,0.0,0.0,0.0,0.0,1.0,0.0,0.0,0.0,0.0,0.0,0.0,1.0,0.0,0.0,0.0,0.0,1.0,0.0,1.0,0.0,0.0,0.0,1.0,0.0,0.0,0.0,0.0,0.0,0.0,0.0,0.0,1.0,0.0,0.0,1.0,0.0,0.0,0.0,1.0,0.0,0.0,1.0,0.0,1.0,0.0,0.0,0.0,0.0,0.0,0.0,0.0,1.0,0
-1.3502672763706407,1.0263426285379549,-1.8950053071585076,-2.100802919451452,-2.2650268768696926,-0.9967912993099517,-2.2713185030706535,-2.5030799513764483,2.9676543314752015,-1.019118400612531,0.006630118503325768,0.7940805366324234,0.1100718889381303,1.339920589927773,0.5639066106135872,-1.075838351422699,1.263767325158367,0.0,0.0,1.0,0.0,0.0,0.0,0.0,0.0,0.0,0.0,0.0,0.0,0.0,0.0,1.0,0.0,0.0,0.0,1.0,0.0,0.0,1.0,0.0,0.0,1.0,0.0,0.0,0.0,1.0,0.0,0.0,0.0,0.0,0.0,0.0,0.0,1.0,0.0,0.0,0.0,0.0,0.0,1.0,1.0,0.0,1.0,0.0,0.0,0.0,0.0,0.0,1.0,0.0,0.0,0
-1.5655131900366648,0.052805938660184924,-0.40232843552956954,0.7144209434454529,0.4599202078921603,1.3738037617323386,-1.5337013185794464,-1.6172900509074528,-1.5276224669815408,0.233955331039913,0.8071070273410997,1.2255532164261718,0.6848598207299348,-0.31175868527938877,-0.4175971210183234,1.4132478086812315,-0.7632038069769638,0.0,0.0,0.0,0.0,0.0,0.0,0.0,0.0,0.0,0.0,0.0,1.0,0.0,1.0,0.0,0.0,0.0,1.0,0.0,1.0,0.0,0.0,0.0,0.0,0.0,1.0,0.0,0.0,0.0,0.0,0.0,1.0,0.0,0.0,0.0,0.0,1.0,0.0,0.0,0.0,0.0,0.0,1.0,1.0,0.0,1.0,0.0,0.0,0.0,0.0,0.0,1.0,0.0,0.0,0
-0.7028718816235886,-1.0980593077348306,-0.17863132870856746,1.0395781958665864,-2.2650268768696926,1.3738037617323386,0.2377795427627287,0.5021873668053761,-0.17440931183371247,-1.019118400612531,0.8071070273410997,0.7940805366324234,1.3314962439957148,-0.2560271759932575,-0.4175971210183234,0.5835524219799213,-1.4772702953863954,0.0,0.0,0.0,0.0,1.0,0.0,0.0,0.0,0.0,0.0,0.0,0.0,0.0,1.0,0.0,0.0,0.0,1.0,0.0,1.0,0.0,0.0,0.0,0.0,1.0,0.0,0.0,0.0,0.0,0.0,0.0,1.0,0.0,0.0,0.0,0.0,1.0,0.0,0.0,0.0,1.0,0.0,0.0,1.0,0.0,1.0,0.0,0.0,0.0,1.0,0.0,0.0,0.0,0.0,0
0.026709776129070564,-1.073016538815169,-0.1496879775104765,1.7456259841721928,1.0252893443250009,1.3738037617323386,1.5841936561646117,1.479014571178493,-0.17440931183371247,1.487029062692357,1.375054432627609,0.7940805366324234,-1.7579888893852342,0.5748789624545172,-1.0064993599974699,-0.24614296472138883,0.4589148773423571,0.0,0.0,0.0,0.0,0.0,0.0,0.0,0.0,0.0,0.0,0.0,0.0,1.0,0.0,1.0,0.0,0.0,0.0,1.0,1.0,0.0,0.0,0.0,0.0,0.0,1.0,0.0,0.0,0.0,0.0,0.0,1.0,0.0,0.0,0.0,0.0,0.0,1.0,0.0,0.0,1.0,0.0,0.0,1.0,0.0,1.0,0.0,0.0,0.0,1.0,0.0,0.0,0.0,0.0,0
0.548953038275279,-0.4778660191310653,-1.1423402837787076,-0.7552605354707437,-0.606833320537397,0.49888765837117444,-1.113443510761297,-1.1190101529907954,0.6171696394103273,-1.019118400612531,0.006630118503325768,-0.5461960240222598,-0.2491705684317475,0.11382738563288608,0.7602073569399693,-0.24614296472138883,-1.2101500686708868,0.0,0.0,0.0,1.0,0.0,0.0,0.0,0.0,0.0,0.0,0.0,0.0,0.0,0.0,0.0,0.0,1.0,0.0,1.0,0.0,0.0,1.0,0.0,0.0,1.0,0.0,0.0,1.0,0.0,0.0,0.0,0.0,0.0,0.0,0.0,0.0,0.0,1.0,0.0,0.0,0.0,0.0,1.0,1.0,0.0,0.0,1.0,0.0,0.0,0.0,0.0,1.0,0.0,0.0,1
1.2476821968344232,0.7852702176958163,-0.861406942324963,-0.5873127973181029,0.676120343873356,0.49888765837117444,-0.6228548521750238,-0.8253437628520617,-0.17440931183371247,-1.019118400612531,-1.3617941956209574,0.7940805366324234,-0.6802615172756009,0.012497368749011112,0.17130511796082293,1.4132478086812315,0.5793808619395473,0.0,0.0,0.0,0.0,1.0,0.0,0.0,0.0,0.0,0.0,0.0,0.0,0.0,0.0,1.0,0.0,0.0,1.0,0.0,0.0,1.0,0.0,0.0,0.0,1.0,0.0,0.0,0.0,0.0,0.0,0.0,0.0,0.0,0.0,1.0,0.0,1.0,0.0,0.0,0.0,1.0,0.0,0.0,1.0,0.0,1.0,0.0,0.0,0.0,0.0,0.0,0.0,0.0,1.0,0
-0.8702993902072326,-0.1700995603448151,0.5711024236657201,-0.41346511389116986,1.1488666986634468,0.49888765837117444,0.9834365671382083,0.7281294528286322,-1.5276224669815408,-1.019118400612531,0.006630118503325768,-0.5461960240222598,-0.17732207695777194,0.5242139540125796,-1.0064993599974699,-1.9055337381240092,-0.743999084794803,0.0,0.0,0.0,0.0,1.0,0.0,0.0,0.0,0.0,0.0,0.0,0.0,0.0,1.0,0.0,0.0,0.0,0.0,1.0,0.0,0.0,1.0,0.0,0.0,1.0,0.0,0.0,0.0,0.0,0.0,0.0,1.0,0.0,0.0,0.0,0.0,1.0,0.0,0.0,0.0,0.0,0.0,1.0,1.0,0.0,1.0,0.0,0.0,0.0,1.0,0.0,0.0,0.0,0.0,1
0.3435066109702728,0.6086856710854998,1.385961677677559,-0.38687065090507,1.3916731357011645,0.49888765837117444,-1.2332492576725154,-1.2101072396556622,1.6144411763273727,1.487029062692357,0.006630118503325768,-1.8864725846769428,-0.17732207695777194,-0.8944062823616699,0.5639066106135872,0.5835524219799213,-0.3284787321262339,0.0,0.0,0.0,0.0,0.0,0.0,0.0,0.0,0.0,0.0,0.0,1.0,0.0,1.0,0.0,0.0,0.0,0.0,1.0,1.0,0.0,0.0,0.0,0.0,0.0,1.0,0.0,0.0,0.0,0.0,0.0,0.0,0.0,1.0,0.0,0.0,0.0,1.0,0.0,0.0,1.0,0.0,0.0,1.0,0.0,0.0,1.0,0.0,0.0,1.0,0.0,0.0,0.0,0.0,0
0.026709776129070564,1.6113646820422347,0.01125172249905238,-1.3583010865962881,1.8354966539456625,-0.9967912993099517,-2.306033625236499,-2.1039098962178824,-1.5276224669815408,0.233955331039913,-1.3617941956209574,0.7940805366324234,-0.10547358548379637,0.8788690131061421,-0.024995628365559186,-1.075838351422699,0.9931553307733745,0.0,0.0,0.0,0.0,0.0,1.0,0.0,0.0,0.0,0.0,0.0,0.0,0.0,0.0,1.0,0.0,0.0,0.0,1.0,0.0,1.0,0.0,0.0,0.0,1.0,0.0,0.0,0.0,0.0,0.0,0.0,0.0,0.0,1.0,0.0,0.0,1.0,0.0,0.0,0.0,1.0,0.0,0.0,1.0,0.0,0.0,1.0,0.0,0.0,0.0,0.0,1.0,0.0,0.0,1
0.8624280843398606,0.10436920796142436,-0.3678336660157809,0.9520802155785709,0.4599202078921603,0.49888765837117444,1.2283420750498242,1.3684072805045042,0.6171696394103273,0.9669564746953179,-1.3617941956209574,0.7940805366324234,-1.0395039746454786,0.012497368749011112,0.36760586428720504,-0.24614296472138883,1.1066377800315972,0.0,0.0,0.0,0.0,0.0,0.0,0.0,1.0,0.0,0.0,0.0,0.0,0.0,0.0,1.0,0.0,0.0,0.0,1.0,0.0,1.0,0.0,0.0,0.0,1.0,0.0,0.0,0.0,0.0,0.0,0.0,1.0,0.0,0.0,0.0,0.0,0.0,1.0,0.0,0.0,0.0,0.0,1.0,1.0,0.0,1.0,0.0,0.0,0.0,0.0,0.0,1.0,0.0,0.0,0
1.2052090069753951,-0.010462903108779882,1.3164830660983111,0.4663898480732562,0.40988340358952174,-0.9967912993099517,0.8475997907721734,0.5936463692993666,-1.5276224669815408,0.233955331039913,-1.3617941956209574,0.7940805366324234,-1.470594923489332,-0.8386747730755386,0.5639066106135872,1.4132478086812315,1.094416593188404,0.0,0.0,0.0,0.0,0.0,0.0,0.0,1.0,0.0,0.0,0.0,0.0,0.0,0.0,1.0,0.0,0.0,0.0,1.0,0.0,1.0,0.0,1.0,0.0,0.0,0.0,0.0,0.0,0.0,0.0,0.0,0.0,0.0,0.0,1.0,0.0,1.0,0.0,0.0,0.0,1.0,0.0,0.0,0.0,1.0,0.0,1.0,0.0,1.0,0.0,0.0,0.0,0.0,0.0,0
-0.618750115369838,1.2382365125877675,1.0152975936596758,-0.4685616310762956,0.35698583829276287,0.49888765837117444,0.17932565543362913,0.4125815138303389,-0.17440931183371247,0.9669564746953179,0.006630118503325768,1.2255532164261718,-0.7521100087495765,-0.8437412739197323,-1.0064993599974699,-0.24614296472138883,0.7626986645874454,0.0,0.0,0.0,0.0,0.0,0.0,1.0,0.0,0.0,0.0,0.0,0.0,0.0,1.0,0.0,0.0,0.0,0.0,1.0,1.0,0.0,0.0,0.0,0.0,1.0,0.0,0.0,0.0,1.0,0.0,0.0,0.0,0.0,0.0,0.0,0.0,0.0,1.0,0.0,0.0,1.0,0.0,0.0,1.0,0.0,0.0,1.0,0.0,0.0,0.0,0.0,0.0,0.0,1.0,0
0.026709776129070564,1.5003743644056748,1.2044999309668893,1.2428028046935045,-2.2650268768696926,-0.9967912993099517,-0.6784777914723409,-0.665389903366715,-1.5276224669815408,1.487029062692357,-1.3617941956209574,0.7940805366324234,0.6848598207299348,0.9903320316784046,1.5454103422454977,-1.075838351422699,-0.1556362324867871,0.0,0.0,0.0,0.0,0.0,1.0,0.0,0.0,0.0,0.0,0.0,0.0,0.0,1.0,0.0,0.0,0.0,0.0,1.0,0.0,1.0,0.0,0.0,1.0,0.0,0.0,0.0,0.0,0.0,0.0,1.0,0.0,0.0,0.0,0.0,1.0,0.0,0.0,0.0,0.0,1.0,0.0,0.0,1.0,0.0,0.0,1.0,0.0,1.0,0.0,0.0,0.0,0.0,0.0,0
-0.29473569567725183,0.013113154563659652,0.6644029027648904,-0.08741739249307227,0.1773030976133672,0.49888765837117444,1.4970102232566707,1.6552755240071515,-0.17440931183371247,0.233955331039913,-1.3617941956209574,1.2255532164261718,-0.8958069916975275,-0.09896564982325134,-1.7917023453029983,-1.075838351422699,0.49907020554142045,0.0,0.0,0.0,0.0,0.0,0.0,0.0,0.0,0.0,0.0,0.0,1.0,0.0,0.0,1.0,0.0,0.0,0.0,1.0,0.0,1.0,0.0,0.0,0.0,0.0,1.0,0.0,0.0,1.0,0.0,0.0,0.0,0.0,0.0,0.0,0.0,0.0,0.0,1.0,0.0,1.0,0.0,0.0,1.0,0.0,1.0,0.0,0.0,0.0,0.0,0.0,0.0,1.0,0.0,1
0.2377755623696713,1.078124307332348,1.588455655644954,1.128039739289868,-0.4641737345920091,-0.9967912993099517,-2.234000686773974,-2.4358886245374856,-0.17440931183371247,0.9669564746953179,1.375054432627609,-0.5461960240222598,0.6130113292559592,0.48874844810322343,-0.2212963746919413,-1.075838351422699,0.43796427132545446,0.0,1.0,0.0,0.0,0.0,0.0,0.0,0.0,0.0,0.0,0.0,0.0,0.0,1.0,0.0,0.0,0.0,0.0,1.0,1.0,0.0,0.0,0.0,0.0,1.0,0.0,0.0,0.0,0.0,0.0,1.0,0.0,0.0,0.0,0.0,0.0,1.0,0.0,0.0,0.0,0.0,0.0,1.0,1.0,0.0,1.0,0.0,0.0,0.0,0.0,0.0,1.0,0.0,0.0,0
-1.0069671028554135,-0.28521831661767816,0.819333138724141,-0.8691368180092968,0.5955951912902556,0.49888765837117444,0.06103222031632599,-0.4900858086025997,0.6171696394103273,-1.019118400612531,-1.3617941956209574,0.23781550455625436,-0.5365645343276497,-0.6410812401519824,-0.024995628365559186,-1.9055337381240092,0.1079922265592378,0.0,0.0,0.0,0.0,0.0,0.0,0.0,0.0,0.0,0.0,0.0,1.0,0.0,0.0,1.0,0.0,0.0,1.0,0.0,0.0,1.0,0.0,0.0,0.0,1.0,0.0,0.0,1.0,0.0,0.0,0.0,0.0,0.0,0.0,0.0,0.0,0.0,1.0,0.0,0.0,0.0,0.0,1.0,1.0,0.0,0.0,1.0,1.0,0.0,0.0,0.0,0.0,0.0,0.0,0
-1.0638047578787362,0.9807074825474841,-0.5905859470302397,1.716124722962966,1.3175971760787326,1.3738037617323386,0.14226717752270426,-0.1575535442104198,-0.17440931183371247,0.9669564746953179,-1.3617941956209574,1.5780920652109374,0.4693143463080081,0.012497368749011112,0.5639066106135872,-1.075838351422699,0.12719694874139856,0.0,0.0,0.0,0.0,0.0,0.0,1.0,0.0,0.0,0.0,0.0,0.0,0.0,1.0,0.0,0.0,0.0,1.0,0.0,0.0,1.0,0.0,0.0,0.0,1.0,0.0,0.0,0.0,0.0,0.0,0.0,1.0,0.0,0.0,0.0,1.0,0.0,0.0,0.0,0.0,0.0,0.0,1.0,1.0,0.0,1.0,0.0,1.0,0.0,0.0,0.0,0.0,0.0,0.0,0
-1.5227416837952426,-0.055106387305802626,0.8584755762353353,0.009850646208549108,0.24115292617423648,-0.9967912993099517,-0.9063900867048019,-1.1869077178833334,-0.17440931183371247,-1.019118400612531,-1.3617941956209574,-0.5461960240222598,-0.39286755137969864,-0.6714802452171449,0.5639066106135872,-1.9055337381240092,-1.5732939062971993,0.0,0.0,0.0,0.0,0.0,1.0,0.0,0.0,0.0,0.0,0.0,0.0,0.0,0.0,1.0,0.0,0.0,0.0,1.0,0.0,1.0,0.0,0.0,0.0,1.0,0.0,0.0,0.0,1.0,0.0,0.0,0.0,0.0,0.0,0.0,0.0,0.0,0.0,1.0,0.0,1.0,0.0,0.0,1.0,0.0,1.0,0.0,0.0,0.0,0.0,1.0,0.0,0.0,0.0,0
-0.31368827013779704,-0.08315529134653081,0.28207271779377585,0.4788960043732394,-0.23159342861585436,-0.9967912993099517,-0.12562366078978285,-0.32908332424108194,-1.5276224669815408,-1.019118400612531,0.006630118503325768,-0.5461960240222598,-0.10547358548379637,-0.8944062823616699,0.7602073569399693,-1.075838351422699,0.21099937280900913,0.0,0.0,0.0,0.0,0.0,0.0,0.0,0.0,0.0,0.0,0.0,1.0,0.0,0.0,1.0,0.0,0.0,1.0,0.0,0.0,0.0,1.0,0.0,0.0,1.0,0.0,0.0,0.0,0.0,0.0,0.0,0.0,0.0,0.0,1.0,1.0,0.0,0.0,0.0,0.0,0.0,0.0,1.0,1.0,0.0,0.0,1.0,0.0,0.0,0.0,0.0,0.0,0.0,1.0,0
-1.3502672763706407,1.1738658964162203,1.616908399447813,-0.4406853860301315,-0.7755637979526826,1.3738037617323386,-0.6305264035881473,-0.3568242404758093,-0.17440931183371247,-1.019118400612531,0.8071070273410997,0.23781550455625436,1.0441022780998126,0.3012879168680548,-0.6138978673447055,0.5835524219799213,1.2882096988447533,0.0,0.0,0.0,0.0,0.0,0.0,0.0,0.0,1.0,0.0,0.0,0.0,0.0,1.0,0.0,0.0,0.0,0.0,1.0,0.0,0.0,1.0,0.0,0.0,1.0,0.0,0.0,0.0,0.0,0.0,0.0,1.0,0.0,0.0,0.0,0.0,0.0,1.0,0.0,0.0,1.0,0.0,0.0,1.0,0.0,1.0,0.0,0.0,0.0,0.0,1.0,0.0,0.0,0.0,0
0.8747380594583435,-0.5969142007032464,-0.4377950154568216,0.009850646208549108,0.6367333169865165,1.3738037617323386,-1.586867282807682,-1.3745422722608802,0.6171696394103273,-1.019118400612531,-1.3617941956209574,-0.5461960240222598,-0.9676554831715031,-0.40802220131906997,-0.4175971210183234,-1.075838351422699,1.0996542446926296,0.0,0.0,0.0,0.0,0.0,0.0,0.0,0.0,0.0,1.0,0.0,0.0,0.0,0.0,1.0,0.0,0.0,0.0,1.0,0.0,1.0,0.0,0.0,0.0,0.0,1.0,0.0,0.0,0.0,0.0,0.0,0.0,0.0,0.0,1.0,0.0,0.0,0.0,0.0,1.0,1.0,0.0,0.0,1.0,0.0,1.0,0.0,0.0,0.0,1.0,0.0,0.0,0.0,0.0,0
-0.11142885696295213,0.0980061316601558,0.5048249988082347,-0.02808088940971111,0.10871947129041147,-0.9967912993099517,-0.8286481136134419,-0.7545814773096641,-1.5276224669815408,0.233955331039913,-1.3617941956209574,-1.8864725846769428,1.1877992610477637,0.9548665257690483,1.3491095959191157,-1.9055337381240092,1.695000632339613,0.0,0.0,0.0,0.0,0.0,0.0,0.0,0.0,1.0,0.0,0.0,0.0,0.0,0.0,1.0,0.0,0.0,0.0,1.0,0.0,1.0,0.0,0.0,0.0,1.0,0.0,0.0,0.0,0.0,0.0,0.0,0.0,0.0,0.0,1.0,0.0,1.0,0.0,0.0,0.0,0.0,0.0,1.0,1.0,0.0,1.0,0.0,0.0,0.0,0.0,0.0,1.0,0.0,0.0,0
-0.06626492183851689,-0.7144772081694373,0.2616010418910505,0.1167088595524093,0.10871947129041147,-0.9967912993099517,0.9298117264355308,0.9332018179901072,-1.5276224669815408,-1.019118400612531,-1.3617941956209574,0.7940805366324234,0.325617363360057,-1.3351918558065259,-0.024995628365559186,0.5835524219799213,-0.7614579231422218,0.0,0.0,0.0,0.0,1.0,0.0,0.0,0.0,0.0,0.0,0.0,0.0,0.0,0.0,1.0,0.0,0.0,0.0,1.0,0.0,1.0,0.0,0.0,0.0,1.0,0.0,0.0,0.0,0.0,1.0,0.0,0.0,0.0,0.0,0.0,0.0,0.0,1.0,0.0,0.0,0.0,0.0,1.0,1.0,0.0,1.0,0.0,0.0,0.0,0.0,0.0,0.0,0.0,1.0,0
-0.15268771842658788,0.21512357107192806,0.6029770458693231,-1.6317575612867619,0.6367333169865165,0.49888765837117444,-0.21142916863161712,-0.3071078445478674,-1.5276224669815408,1.487029062692357,0.006630118503325768,0.7940805366324234,-0.2491705684317475,0.9042015173271108,0.36760586428720504,0.5835524219799213,0.02069803482214347,0.0,1.0,0.0,0.0,0.0,0.0,0.0,0.0,0.0,0.0,0.0,0.0,0.0,1.0,0.0,0.0,0.0,1.0,0.0,0.0,0.0,1.0,0.0,1.0,0.0,0.0,0.0,0.0,0.0,0.0,0.0,1.0,0.0,0.0,0.0,1.0,0.0,0.0,0.0,0.0,1.0,0.0,0.0,1.0,0.0,0.0,1.0,1.0,0.0,0.0,0.0,0.0,0.0,0.0,0
0.47519376600929913,0.7938635989237894,0.6186167541733134,-1.2989645835129267,1.076716765635603,0.49888765837117444,0.26514868942039577,0.30182090970514835,-1.5276224669815408,0.233955331039913,-1.3617941956209574,-1.8864725846769428,0.8285568036778859,1.3145880857068044,-1.0064993599974699,-1.075838351422699,-1.575039790131941,0.0,0.0,0.0,0.0,0.0,0.0,0.0,0.0,1.0,0.0,0.0,0.0,0.0,0.0,1.0,0.0,0.0,1.0,0.0,0.0,1.0,0.0,0.0,0.0,1.0,0.0,0.0,0.0,0.0,0.0,0.0,0.0,0.0,0.0,1.0,1.0,0.0,0.0,0.0,0.0,0.0,0.0,1.0,1.0,0.0,0.0,1.0,0.0,1.0,0.0,0.0,0.0,0.0,0.0,1
1.115649965954124,-0.7144772081694373,-1.2069175323776347,-0.6851294763861162,-1.2483101527427733,1.3738037617323386,-0.12345884164556446,-0.4221112370038237,1.1788038433141157,1.487029062692357,-1.3617941956209574,0.7940805366324234,0.1100718889381303,2.145494224154579,0.5639066106135872,0.5835524219799213,-0.4873541610877456,0.0,0.0,1.0,0.0,0.0,0.0,0.0,0.0,0.0,0.0,0.0,0.0,0.0,0.0,0.0,0.0,1.0,0.0,1.0,0.0,1.0,0.0,0.0,0.0,1.0,0.0,0.0,0.0,0.0,0.0,0.0,0.0,0.0,0.0,1.0,1.0,0.0,0.0,0.0,0.0,1.0,0.0,0.0,1.0,0.0,0.0,1.0,0.0,0.0,0.0,0.0,1.0,0.0,0.0,0
-0.10872629707853028,1.8545048963039603,-0.04014236555699533,-0.3105699335114892,1.076716765635603,0.49888765837117444,-0.26211179824735503,0.06236863235461391,-0.17440931183371247,-1.019118400612531,1.8155886650711848,-1.8864725846769428,-1.6142919064372832,0.2506229084261173,1.1528088495927336,-0.24614296472138883,-1.454573805534751,0.0,0.0,0.0,0.0,1.0,0.0,0.0,0.0,0.0,0.0,0.0,0.0,0.0,0.0,1.0,0.0,0.0,1.0,0.0,0.0,0.0,1.0,0.0,0.0,1.0,0.0,0.0,0.0,0.0,0.0,0.0,1.0,0.0,0.0,0.0,0.0,0.0,1.0,0.0,0.0,0.0,0.0,1.0,0.0,1.0,0.0,1.0,1.0,0.0,0.0,0.0,0.0,0.0,0.0,1
0.012096751045267418,0.48023658620085363,0.036182840710240624,-1.889891849183104,0.35698583829276287,-0.9967912993099517,-0.9313715165714426,-1.2461323277290042,-1.5276224669815408,0.9669564746953179,0.8071070273410997,-0.5461960240222598,-1.1832009575934297,0.012497368749011112,-1.399100852650234,1.4132478086812315,-0.6549590092229668,0.0,0.0,0.0,0.0,1.0,0.0,0.0,0.0,0.0,0.0,0.0,0.0,0.0,0.0,1.0,0.0,0.0,0.0,1.0,1.0,0.0,0.0,0.0,0.0,1.0,0.0,0.0,1.0,0.0,0.0,0.0,0.0,0.0,0.0,0.0,1.0,0.0,0.0,0.0,0.0,1.0,0.0,0.0,1.0,0.0,0.0,1.0,0.0,0.0,0.0,0.0,0.0,0.0,1.0,0
0.45132536767659565,-2.691644810308364,-0.12139509407582476,-0.41346511389116986,1.3737025624196817,0.49888765837117444,-0.26393752855574276,-0.5719658056284277,-0.17440931183371247,0.9669564746953179,0.006630118503325768,-0.5461960240222598,-1.7579888893852342,0.6812754801825859,-0.024995628365559186,-1.075838351422699,-1.498220901403298,0.0,0.0,0.0,0.0,1.0,0.0,0.0,0.0,0.0,0.0,0.0,0.0,0.0,1.0,0.0,0.0,0.0,1.0,0.0,0.0,0.0,1.0,0.0,0.0,1.0,0.0,0.0,0.0,0.0,0.0,0.0,0.0,0.0,1.0,0.0,1.0,0.0,0.0,0.0,0.0,1.0,0.0,0.0,1.0,0.0,0.0,1.0,0.0,0.0,0.0,0.0,0.0,0.0,1.0,0
0.577274753630356,-0.7554846150305914,-1.3469484189652163,-1.990547322782121,0.5525429895349099,-0.9967912993099517,-0.014200425608704978,0.2939060408958508,0.6171696394103273,-1.019118400612531,1.375054432627609,-0.5461960240222598,-0.2491705684317475,1.6489771414235919,-0.4175971210183234,0.5835524219799213,0.6352491446512877,0.0,0.0,0.0,0.0,0.0,1.0,0.0,0.0,0.0,0.0,0.0,0.0,0.0,0.0,1.0,0.0,0.0,1.0,0.0,1.0,0.0,0.0,0.0,0.0,1.0,0.0,0.0,0.0,0.0,0.0,0.0,0.0,0.0,1.0,0.0,0.0,0.0,1.0,0.0,0.0,1.0,0.0,0.0,1.0,0.0,1.0,0.0,0.0,0.0,0.0,1.0,0.0,0.0,0.0,0
1.3165460103553595,-0.23055429777572273,0.06062982881427848,-0.4685616310762956,0.9984626704981394,1.9945666160523006,1.3417326899170499,1.665456860580895,1.1788038433141157,0.9669564746953179,0.8071070273410997,0.23781550455625436,0.9722537866258371,0.5850119641429047,0.5639066106135872,-0.24614296472138883,-0.8522438825488,0.0,0.0,0.0,0.0,1.0,0.0,0.0,0.0,0.0,0.0,0.0,0.0,0.0,1.0,0.0,0.0,0.0,0.0,1.0,0.0,0.0,1.0,0.0,0.0,1.0,0.0,0.0,0.0,0.0,0.0,0.0,1.0,0.0,0.0,0.0,0.0,0.0,1.0,0.0,0.0,1.0,0.0,0.0,1.0,0.0,0.0,1.0,0.0,0.0,0.0,0.0,1.0,0.0,0.0,1
1.2666004728783145,-1.5731683032089967,0.9211243378682687,0.5512200654243107,0.676120343873356,-0.9967912993099517,0.42343449099249536,0.7306586057159423,-0.17440931183371247,0.233955331039913,0.006630118503325768,-1.8864725846769428,2.481072107579324,-0.37255669540971376,-1.399100852650234,-0.24614296472138883,1.527395784204392,0.0,0.0,0.0,0.0,0.0,0.0,0.0,0.0,0.0,0.0,0.0,1.0,0.0,0.0,1.0,0.0,0.0,0.0,1.0,0.0,0.0,1.0,0.0,0.0,1.0,0.0,0.0,1.0,0.0,0.0,0.0,0.0,0.0,0.0,0.0,0.0,1.0,0.0,0.0,0.0,1.0,0.0,0.0,1.0,0.0,1.0,0.0,0.0,1.0,0.0,0.0,0.0,0.0,0.0,0
0.19832932719192306,-0.6352325225897583,-0.0666481935771456,-0.8299192253482364,-0.34059638025356326,0.49888765837117444,0.06081139157671693,0.03855485902318766,0.6171696394103273,1.8904287018766261,0.006630118503325768,0.7940805366324234,0.18192038041210587,-0.4992192165145575,-1.2028001063238518,1.4132478086812315,1.5832640669161322,0.0,0.0,0.0,0.0,0.0,0.0,0.0,0.0,0.0,0.0,0.0,1.0,0.0,0.0,0.0,1.0,0.0,0.0,1.0,0.0,0.0,1.0,0.0,0.0,1.0,0.0,0.0,0.0,0.0,1.0,0.0,0.0,0.0,0.0,0.0,0.0,1.0,0.0,0.0,0.0,0.0,0.0,1.0,1.0,0.0,1.0,0.0,0.0,1.0,0.0,0.0,0.0,0.0,0.0,0
-0.7116054496592378,3.1384890273610635,0.7085821840954115,0.009850646208549108,-0.23159342861585436,-0.9967912993099517,-0.18875436682251232,-0.39085474248165714,0.6171696394103273,-1.019118400612531,0.8071070273410997,-0.5461960240222598,0.3974658548340326,0.33168692193321725,1.3491095959191157,-0.24614296472138883,0.8639599270024748,0.0,0.0,0.0,0.0,0.0,0.0,0.0,1.0,0.0,0.0,0.0,0.0,0.0,0.0,0.0,0.0,1.0,0.0,1.0,1.0,0.0,0.0,0.0,0.0,1.0,0.0,0.0,0.0,0.0,0.0,0.0,1.0,0.0,0.0,0.0,0.0,0.0,1.0,0.0,0.0,1.0,0.0,0.0,1.0,0.0,1.0,0.0,0.0,0.0,0.0,0.0,1.0,0.0,0.0,0
-1.4025974979265483,-0.010462903108779882,-0.40232843552956954,0.3472987940103308,1.71819359784098,0.49888765837117444,-1.1902156182239274,-1.3727412402354722,-1.5276224669815408,0.9669564746953179,-1.3617941956209574,-1.8864725846769428,2.4092236161053484,1.2335240721997045,1.3491095959191157,0.5835524219799213,-0.03167848022011314,0.0,0.0,0.0,0.0,0.0,0.0,0.0,0.0,0.0,0.0,0.0,1.0,0.0,0.0,1.0,0.0,0.0,0.0,1.0,0.0,1.0,0.0,0.0,0.0,1.0,0.0,0.0,0.0,0.0,1.0,0.0,0.0,0.0,0.0,0.0,0.0,1.0,0.0,0.0,0.0,1.0,0.0,0.0,0.0,1.0,1.0,0.0,0.0,0.0,0.0,0.0,1.0,0.0,0.0,0
-1.5568404835966316,-2.1334523695039787,0.3797170091197587,-1.3583010865962881,1.4766369320190795,-0.9967912993099517,1.9388996315941092,1.6608973998684824,-1.5276224669815408,0.233955331039913,0.006630118503325768,-0.5461960240222598,-1.0395039746454786,1.1524600586926044,0.5639066106135872,-1.075838351422699,-0.02644082871588748,0.0,0.0,0.0,0.0,1.0,0.0,0.0,0.0,0.0,0.0,0.0,0.0,0.0,1.0,0.0,0.0,0.0,0.0,1.0,0.0,0.0,1.0,0.0,0.0,1.0,0.0,0.0,0.0,1.0,0.0,0.0,0.0,0.0,0.0,0.0,0.0,0.0,1.0,0.0,0.0,0.0,0.0,1.0,1.0,0.0,0.0,1.0,0.0,1.0,0.0,0.0,0.0,0.0,0.0,0
-1.7941593514547713,-0.06907474316358417,0.6340645593707459,0.8023220630269204,0.034643511667979465,0.49888765837117444,0.2753968715321183,0.626188494765019,-0.17440931183371247,-1.019118400612531,0.006630118503325768,-0.5461960240222598,-0.32101905990572305,0.3266204210890235,-0.024995628365559186,-1.075838351422699,-1.3655337299629147,0.0,0.0,0.0,0.0,0.0,0.0,1.0,0.0,0.0,0.0,0.0,0.0,0.0,0.0,1.0,0.0,0.0,0.0,1.0,1.0,0.0,0.0,0.0,0.0,1.0,0.0,0.0,0.0,0.0,0.0,0.0,0.0,0.0,1.0,0.0,0.0,1.0,0.0,0.0,0.0,0.0,0.0,1.0,1.0,0.0,0.0,1.0,0.0,0.0,0.0,0.0,0.0,0.0,1.0,0
0.8437317637052877,-0.06907474316358417,-0.7645145055021436,1.3472011321867396,-0.34059638025356326,-0.9967912993099517,-0.3893147385507812,-0.11364988501468755,1.1788038433141157,0.233955331039913,0.8071070273410997,0.23781550455625436,-1.6142919064372832,0.012497368749011112,0.5639066106135872,-1.075838351422699,1.2724967443320763,0.0,0.0,0.0,0.0,0.0,0.0,0.0,0.0,1.0,0.0,0.0,0.0,0.0,1.0,0.0,0.0,0.0,1.0,0.0,1.0,0.0,0.0,0.0,0.0,1.0,0.0,0.0,0.0,0.0,0.0,0.0,1.0,0.0,0.0,0.0,0.0,1.0,0.0,0.0,0.0,1.0,0.0,0.0,1.0,0.0,1.0,0.0,0.0,1.0,0.0,0.0,0.0,0.0,0.0,0
0.8285698096255404,0.8693653416605741,-2.014998948602723,1.6502544723448325,1.639939502703516,0.49888765837117444,-1.9122053814007147,-1.8643199257723468,-1.5276224669815408,0.233955331039913,0.8071070273410997,0.7940805366324234,-1.326897940541381,-0.40802220131906997,-1.399100852650234,-1.9055337381240092,-0.757966155472738,0.0,0.0,0.0,0.0,0.0,1.0,0.0,0.0,0.0,0.0,0.0,0.0,0.0,1.0,0.0,0.0,0.0,0.0,1.0,0.0,0.0,1.0,0.0,0.0,0.0,1.0,0.0,0.0,0.0,0.0,1.0,0.0,0.0,0.0,0.0,0.0,0.0,1.0,0.0,0.0,1.0,0.0,0.0,1.0,0.0,0.0,1.0,0.0,1.0,0.0,0.0,0.0,0.0,0.0,1
1.1747835751106066,-0.587464071479782,0.08461113156877503,-0.06729848207077124,0.882629758379613,0.49888765837117444,1.03363581135956,1.2984891318570633,-1.5276224669815408,-1.019118400612531,0.006630118503325768,-1.8864725846769428,1.3314962439957148,-0.6208152367752074,1.938011834898262,0.5835524219799213,-0.7300320141168679,0.0,0.0,0.0,0.0,0.0,0.0,1.0,0.0,0.0,0.0,0.0,0.0,0.0,0.0,1.0,0.0,0.0,1.0,0.0,1.0,0.0,0.0,1.0,0.0,0.0,0.0,0.0,0.0,0.0,0.0,0.0,1.0,0.0,0.0,0.0,0.0,0.0,0.0,1.0,0.0,0.0,0.0,1.0,0.0,1.0,1.0,0.0,0.0,0.0,0.0,0.0,1.0,0.0,0.0,0
-0.6146896604213917,-0.7658881185139811,0.4167485119683675,-0.1715860094881732,-0.9820732124589395,-0.9967912993099517,-0.4111141330450947,-0.7378530430031499,1.9703827945581553,0.9669564746953179,0.8071070273410997,-1.8864725846769428,0.3974658548340326,0.8940685156387232,0.17130511796082293,-0.24614296472138883,-1.3672796137976566,0.0,1.0,0.0,0.0,0.0,0.0,0.0,0.0,0.0,0.0,0.0,0.0,0.0,0.0,1.0,0.0,0.0,1.0,0.0,1.0,0.0,0.0,0.0,0.0,0.0,1.0,0.0,0.0,0.0,1.0,0.0,0.0,0.0,0.0,0.0,0.0,1.0,0.0,0.0,0.0,0.0,0.0,1.0,1.0,0.0,1.0,0.0,0.0,0.0,0.0,1.0,0.0,0.0,0.0,0
1.616556319747622,-0.45150459974867746,-1.2069175323776347,0.5035098731771052,0.10871947129041147,-0.9967912993099517,0.599066965492031,0.6451726895188222,-1.5276224669815408,-1.019118400612531,-1.3617941956209574,1.5780920652109374,1.475193226943666,0.9092680181713045,-0.4175971210183234,-0.24614296472138883,-1.6466210273563586,0.0,0.0,0.0,0.0,0.0,0.0,0.0,1.0,0.0,0.0,0.0,0.0,0.0,1.0,0.0,0.0,0.0,1.0,0.0,0.0,1.0,0.0,0.0,0.0,0.0,1.0,0.0,0.0,0.0,0.0,0.0,1.0,0.0,0.0,0.0,0.0,1.0,0.0,0.0,0.0,1.0,0.0,0.0,1.0,0.0,1.0,0.0,0.0,0.0,0.0,0.0,0.0,0.0,1.0,0
-1.6371605020264617,1.2147951123605096,0.3220437044155789,-0.38687065090507,0.7851232955110645,0.49888765837117444,0.45820504120143607,0.5923191034504873,-0.17440931183371247,1.487029062692357,-1.3617941956209574,-0.5461960240222598,-0.8958069916975275,-0.5498842249564949,0.36760586428720504,-0.24614296472138883,-0.8173262058539622,0.0,0.0,0.0,0.0,0.0,0.0,0.0,0.0,0.0,0.0,0.0,1.0,0.0,0.0,0.0,1.0,0.0,0.0,1.0,0.0,1.0,0.0,0.0,0.0,1.0,0.0,0.0,0.0,0.0,0.0,0.0,0.0,0.0,0.0,1.0,0.0,1.0,0.0,0.0,0.0,1.0,0.0,0.0,1.0,0.0,1.0,0.0,0.0,0.0,0.0,1.0,0.0,0.0,0.0,0
-0.1554875583874834,-1.765221472111011,0.8839103873230683,-0.23899195967805917,-0.9820732124589395,1.3738037617323386,-0.34731652894583426,-0.0734494113792136,1.6144411763273727,0.233955331039913,0.006630118503325768,0.23781550455625436,-1.9016858723331853,0.058095876346754845,0.9565081032663514,0.5835524219799213,0.09751692355078649,0.0,0.0,0.0,0.0,0.0,0.0,0.0,0.0,0.0,0.0,0.0,1.0,0.0,0.0,1.0,0.0,0.0,0.0,1.0,1.0,0.0,0.0,0.0,0.0,1.0,0.0,0.0,0.0,0.0,0.0,0.0,1.0,0.0,0.0,0.0,1.0,0.0,0.0,0.0,0.0,1.0,0.0,0.0,1.0,0.0,1.0,0.0,0.0,0.0,0.0,0.0,1.0,0.0,0.0,0
0.1898631153744528,-0.010462903108779882,0.933288493638294,-0.008959657523465534,0.7851232955110645,-0.9967912993099517,1.3343912602660213,1.3663742667406966,-0.17440931183371247,-1.019118400612531,0.8071070273410997,0.23781550455625436,-0.32101905990572305,1.3905855983697106,0.17130511796082293,-1.075838351422699,0.2773429585292008,0.0,0.0,0.0,0.0,0.0,0.0,0.0,0.0,0.0,0.0,0.0,1.0,0.0,1.0,0.0,0.0,0.0,1.0,0.0,0.0,0.0,1.0,0.0,0.0,1.0,0.0,0.0,0.0,0.0,0.0,0.0,0.0,0.0,1.0,0.0,1.0,0.0,0.0,0.0,0.0,0.0,0.0,1.0,0.0,1.0,1.0,0.0,0.0,1.0,0.0,0.0,0.0,0.0,0.0,0
0.755264093675556,0.8445576463536315,0.01125172249905238,-1.6317575612867619,0.3008804519518133,1.9945666160523006,0.392159871937785,0.5078108515084729,-0.17440931183371247,0.233955331039913,-1.3617941956209574,0.23781550455625436,0.25376887188608144,-2.333292522112694,-0.2212963746919413,-1.075838351422699,-0.08580087909711163,0.0,0.0,0.0,1.0,0.0,0.0,0.0,0.0,0.0,0.0,0.0,0.0,0.0,0.0,1.0,0.0,0.0,0.0,1.0,0.0,1.0,0.0,0.0,0.0,1.0,0.0,0.0,1.0,0.0,0.0,0.0,0.0,0.0,0.0,0.0,0.0,0.0,1.0,0.0,0.0,0.0,0.0,1.0,1.0,0.0,0.0,1.0,1.0,0.0,0.0,0.0,0.0,0.0,0.0,0
-0.7837722350313923,-0.010462903108779882,0.08461113156877503,1.1351150408007553,0.5955951912902556,0.49888765837117444,0.34853154333475644,0.20473940554918307,-0.17440931183371247,0.233955331039913,0.006630118503325768,1.8761594147954188,-0.4647160428536742,0.012497368749011112,0.36760586428720504,1.4132478086812315,0.9110987905405058,0.0,0.0,1.0,0.0,0.0,0.0,0.0,0.0,0.0,0.0,0.0,0.0,0.0,0.0,1.0,0.0,0.0,0.0,1.0,0.0,0.0,1.0,0.0,0.0,1.0,0.0,0.0,0.0,0.0,0.0,0.0,0.0,0.0,0.0,1.0,1.0,0.0,0.0,0.0,0.0,0.0,0.0,1.0,1.0,0.0,0.0,1.0,0.0,0.0,1.0,0.0,0.0,0.0,0.0,0
3.042043330595779,1.3664879914488535,0.1981095892439705,-0.6515964562984796,-0.7755637979526826,-0.9967912993099517,0.8458966340023837,1.0229541346588458,0.6171696394103273,0.9669564746953179,0.006630118503325768,-0.5461960240222598,-1.326897940541381,0.4127509354403172,-1.0064993599974699,0.5835524219799213,0.7853951544390899,0.0,0.0,0.0,0.0,0.0,0.0,0.0,0.0,0.0,0.0,1.0,0.0,0.0,0.0,0.0,1.0,0.0,1.0,0.0,1.0,0.0,0.0,0.0,0.0,1.0,0.0,0.0,0.0,0.0,0.0,0.0,1.0,0.0,0.0,0.0,0.0,1.0,0.0,0.0,0.0,0.0,0.0,1.0,1.0,0.0,0.0,1.0,0.0,0.0,0.0,1.0,0.0,0.0,0.0,0
1.089126226980632,0.46995480999314854,-0.6745490755800451,0.009850646208549108,-1.2483101527427733,-0.9967912993099517,-0.014742160101623561,-0.33404374879778137,-0.17440931183371247,0.9669564746953179,0.8071070273410997,-1.8864725846769428,-0.5365645343276497,-0.6866797477497262,0.5639066106135872,1.4132478086812315,1.5151745973611987,0.0,0.0,0.0,0.0,0.0,1.0,0.0,0.0,0.0,0.0,0.0,0.0,0.0,1.0,0.0,0.0,0.0,1.0,0.0,1.0,0.0,0.0,0.0,0.0,1.0,0.0,0.0,1.0,0.0,0.0,0.0,0.0,0.0,0.0,0.0,0.0,0.0,1.0,0.0,0.0,1.0,0.0,0.0,1.0,0.0,0.0,1.0,0.0,0.0,0.0,0.0,0.0,0.0,1.0,0
-0.10602959323311491,1.5760578234708742,-0.30155624115829577,-0.9518011328537236,0.9423572841571898,-0.9967912993099517,-1.3693126935111049,-1.2743755075643877,-1.5276224669815408,0.9669564746953179,-1.3617941956209574,1.5780920652109374,-0.6802615172756009,0.08342838056772359,2.134312581224644,-1.9055337381240092,1.663574723314259,0.0,0.0,0.0,1.0,0.0,0.0,0.0,0.0,0.0,0.0,0.0,0.0,0.0,1.0,0.0,0.0,0.0,0.0,1.0,0.0,1.0,0.0,0.0,0.0,1.0,0.0,0.0,0.0,0.0,0.0,0.0,0.0,0.0,0.0,1.0,1.0,0.0,0.0,0.0,0.0,0.0,0.0,1.0,1.0,0.0,0.0,1.0,0.0,1.0,0.0,0.0,0.0,0.0,0.0,0
-0.3823919023936031,-0.38308601574506745,-0.6745490755800451,-1.2989645835129267,0.1773030976133672,-0.9967912993099517,0.9716258984654782,0.7094363191340634,1.1788038433141157,0.233955331039913,0.006630118503325768,0.23781550455625436,-0.17732207695777194,-1.5277188878858883,1.3491095959191157,-1.075838351422699,0.50779962471513,0.0,0.0,0.0,0.0,0.0,0.0,0.0,0.0,1.0,0.0,0.0,0.0,0.0,0.0,1.0,0.0,0.0,0.0,1.0,1.0,0.0,0.0,0.0,0.0,1.0,0.0,0.0,0.0,0.0,0.0,0.0,0.0,0.0,1.0,0.0,0.0,1.0,0.0,0.0,0.0,1.0,0.0,0.0,1.0,0.0,1.0,0.0,0.0,0.0,0.0,1.0,0.0,0.0,0.0,0
-1.825936269355596,0.16062088076685235,-0.40232843552956954,1.5162592793839784,0.10871947129041147,-0.9967912993099517,0.5715835114696137,0.7115872034453339,0.6171696394103273,-1.019118400612531,-1.3617941956209574,-1.8864725846769428,0.6848598207299348,0.012497368749011112,2.134312581224644,-0.24614296472138883,1.5361252033781012,0.0,0.0,0.0,0.0,0.0,1.0,0.0,0.0,0.0,0.0,0.0,0.0,0.0,1.0,0.0,0.0,0.0,1.0,0.0,0.0,1.0,0.0,0.0,0.0,1.0,0.0,0.0,0.0,0.0,0.0,0.0,0.0,0.0,1.0,0.0,0.0,1.0,0.0,0.0,0.0,0.0,1.0,0.0,1.0,0.0,0.0,1.0,0.0,0.0,0.0,0.0,1.0,0.0,0.0,0
0.026709776129070564,3.03059112310453,-0.6318676889272661,-0.8691368180092968,0.750196303495788,-0.9967912993099517,1.4925241540756533,1.4084776183106167,-1.5276224669815408,0.233955331039913,-1.3617941956209574,-0.5461960240222598,-0.10547358548379637,-1.0616008102200636,0.36760586428720504,-1.9055337381240092,-1.1996747656624354,0.0,0.0,0.0,0.0,0.0,1.0,0.0,0.0,0.0,0.0,0.0,0.0,0.0,1.0,0.0,0.0,0.0,0.0,1.0,0.0,1.0,0.0,0.0,0.0,1.0,0.0,0.0,0.0,0.0,0.0,1.0,0.0,0.0,0.0,0.0,1.0,0.0,0.0,0.0,0.0,1.0,0.0,0.0,1.0,0.0,1.0,0.0,1.0,0.0,0.0,0.0,0.0,0.0,0.0,0
0.5297073711738411,1.4480403243336686,-0.4742897541412007,-0.9097307441948221,-0.23159342861585436,1.3738037617323386,0.29430007434611066,0.6212018109735206,-1.5276224669815408,-1.019118400612531,-1.3617941956209574,-0.5461960240222598,-0.10547358548379637,-0.3370911895003575,-1.9880030916293803,1.4132478086812315,1.6129440921067444,0.0,0.0,0.0,0.0,0.0,0.0,0.0,0.0,0.0,0.0,0.0,1.0,0.0,0.0,1.0,0.0,0.0,1.0,0.0,0.0,1.0,0.0,0.0,0.0,1.0,0.0,0.0,0.0,0.0,0.0,0.0,0.0,0.0,1.0,0.0,0.0,0.0,1.0,0.0,0.0,1.0,0.0,0.0,1.0,0.0,0.0,1.0,0.0,0.0,0.0,1.0,0.0,0.0,0.0,0
-1.1542461135391708,-0.010462903108779882,0.6493251138311443,0.18283018085863695,-0.34059638025356326,0.49888765837117444,1.1699128676702946,0.9019387466562507,0.6171696394103273,0.9669564746953179,-1.3617941956209574,0.23781550455625436,0.9722537866258371,0.6508764751174234,-0.024995628365559186,0.5835524219799213,-1.5959903961488437,0.0,0.0,0.0,0.0,0.0,0.0,0.0,0.0,0.0,0.0,1.0,0.0,0.0,0.0,1.0,0.0,0.0,1.0,0.0,0.0,1.0,0.0,0.0,0.0,0.0,1.0,0.0,0.0,1.0,0.0,0.0,0.0,0.0,0.0,0.0,0.0,1.0,0.0,0.0,0.0,1.0,0.0,0.0,1.0,0.0,0.0,1.0,0.0,1.0,0.0,0.0,0.0,0.0,0.0,0
-0.005171510861633012,-0.6352325225897583,-1.5045263537512816,-0.5873127973181029,0.7138992809643273,0.49888765837117444,-0.30120593015674724,-0.5655819148115049,-1.5276224669815408,1.487029062692357,0.006630118503325768,-0.5461960240222598,2.265526633157397,-1.1223988203503885,-0.2212963746919413,-0.24614296472138883,-0.02120317721166182,0.0,0.0,0.0,0.0,0.0,0.0,0.0,0.0,1.0,0.0,0.0,0.0,0.0,0.0,1.0,0.0,0.0,0.0,1.0,1.0,0.0,0.0,0.0,1.0,0.0,0.0,0.0,0.0,0.0,0.0,0.0,0.0,1.0,0.0,0.0,1.0,0.0,0.0,0.0,0.0,1.0,0.0,0.0,1.0,0.0,0.0,1.0,0.0,0.0,0.0,0.0,1.0,0.0,0.0,0
0.03395244451027179,0.6086856710854998,1.3164830660983111,-0.38687065090507,1.2370720234956316,0.49888765837117444,-1.2020938345190484,-1.1506783327138523,-0.17440931183371247,1.8904287018766261,0.006630118503325768,0.23781550455625436,1.6907387013655926,-0.26109367683745127,0.36760586428720504,-1.9055337381240092,0.2703594231902333,0.0,0.0,0.0,0.0,1.0,0.0,0.0,0.0,0.0,0.0,0.0,0.0,0.0,0.0,1.0,0.0,0.0,0.0,1.0,0.0,0.0,1.0,0.0,0.0,1.0,0.0,0.0,0.0,0.0,0.0,0.0,1.0,0.0,0.0,0.0,0.0,0.0,1.0,0.0,0.0,0.0,0.0,1.0,1.0,0.0,0.0,1.0,0.0,0.0,0.0,0.0,0.0,1.0,0.0,0
-0.9686709016461909,1.378811827209974,0.7085821840954115,0.009850646208549108,-0.9820732124589395,-0.9967912993099517,0.8281393529236808,0.9877340634186249,0.6171696394103273,1.8904287018766261,0.8071070273410997,0.23781550455625436,-0.10547358548379637,-0.5802832300216574,2.5269140738774083,0.5835524219799213,0.5584302559226446,0.0,0.0,0.0,0.0,1.0,0.0,0.0,0.0,0.0,0.0,0.0,0.0,0.0,1.0,0.0,0.0,0.0,0.0,1.0,1.0,0.0,0.0,0.0,0.0,0.0,1.0,0.0,0.0,0.0,0.0,0.0,0.0,0.0,0.0,1.0,0.0,0.0,1.0,0.0,0.0,1.0,0.0,0.0,1.0,0.0,1.0,0.0,0.0,0.0,0.0,0.0,1.0,0.0,0.0,1
-0.3264855894569593,-0.391493730422379,-1.0809144268831403,0.9520802155785709,1.1940198217402864,-0.9967912993099517,-0.2146080931187304,-0.49920852110806657,1.1788038433141157,0.9669564746953179,0.8071070273410997,-0.5461960240222598,-0.8958069916975275,1.8719031785681166,-0.024995628365559186,1.4132478086812315,-0.7998673675065434,0.0,0.0,0.0,0.0,0.0,1.0,0.0,0.0,0.0,0.0,0.0,0.0,0.0,0.0,1.0,0.0,0.0,0.0,1.0,0.0,0.0,1.0,1.0,0.0,0.0,0.0,0.0,1.0,0.0,0.0,0.0,0.0,0.0,0.0,0.0,0.0,1.0,0.0,0.0,0.0,1.0,0.0,0.0,0.0,1.0,0.0,1.0,0.0,0.0,0.0,0.0,1.0,0.0,0.0,0
1.602984447649564,-1.879581488914484,2.3001746204594404,-0.8691368180092968,-0.606833320537397,0.49888765837117444,-0.0749917978624617,-0.35322629841364295,-0.17440931183371247,0.233955331039913,0.006630118503325768,0.23781550455625436,0.1100718889381303,-0.1242981540442201,-1.399100852650234,1.4132478086812315,0.08704162054233516,0.0,0.0,0.0,0.0,0.0,0.0,0.0,0.0,0.0,0.0,0.0,1.0,0.0,0.0,1.0,0.0,0.0,1.0,0.0,1.0,0.0,0.0,0.0,0.0,1.0,0.0,0.0,0.0,0.0,0.0,0.0,0.0,0.0,1.0,0.0,0.0,0.0,1.0,0.0,0.0,1.0,0.0,0.0,1.0,0.0,1.0,0.0,1.0,0.0,0.0,0.0,0.0,0.0,0.0,1
0.8157921990502056,-0.23055429777572273,-1.0809144268831403,1.1834663016101437,-0.23159342861585436,-0.9967912993099517,-2.059843468679607,-2.275455412410617,-0.17440931183371247,0.233955331039913,0.006630118503325768,-1.8864725846769428,-1.5424434149633075,-1.0464013076874823,0.17130511796082293,0.5835524219799213,1.4523227793104907,0.0,0.0,0.0,0.0,1.0,0.0,0.0,0.0,0.0,0.0,0.0,0.0,0.0,1.0,0.0,0.0,0.0,1.0,0.0,0.0,0.0,1.0,0.0,0.0,1.0,0.0,0.0,0.0,0.0,0.0,1.0,0.0,0.0,0.0,0.0,1.0,0.0,0.0,0.0,0.0,0.0,0.0,1.0,1.0,0.0,1.0,0.0,0.0,0.0,0.0,0.0,1.0,0.0,0.0,0
-1.251778638364591,-0.6744071424736219,-0.12139509407582476,-0.4685616310762956,0.5955951912902556,1.3738037617323386,1.0870619139288684,1.051287190514185,-1.5276224669815408,0.233955331039913,0.006630118503325768,0.23781550455625436,-1.1113524661194543,0.012497368749011112,-1.7917023453029983,0.5835524219799213,-1.6343998405131652,0.0,0.0,0.0,0.0,0.0,0.0,0.0,0.0,1.0,0.0,0.0,0.0,0.0,1.0,0.0,0.0,0.0,1.0,0.0,0.0,0.0,1.0,0.0,0.0,1.0,0.0,0.0,0.0,0.0,0.0,0.0,0.0,0.0,1.0,0.0,0.0,0.0,1.0,0.0,0.0,0.0,0.0,1.0,1.0,0.0,0.0,1.0,0.0,0.0,0.0,0.0,1.0,0.0,0.0,0
1.9098249530924802,-1.6065583084154949,-1.5045263537512816,-0.4406853860301315,-0.606833320537397,-0.9967912993099517,0.15130578305838074,0.5369422050780336,-1.5276224669815408,-1.019118400612531,0.006630118503325768,-1.8864725846769428,1.3314962439957148,0.08849488141191733,0.36760586428720504,-0.24614296472138883,0.5095455085498718,0.0,0.0,0.0,0.0,0.0,0.0,0.0,0.0,1.0,0.0,0.0,0.0,0.0,0.0,1.0,0.0,0.0,1.0,0.0,1.0,0.0,0.0,0.0,0.0,0.0,1.0,0.0,0.0,0.0,0.0,0.0,0.0,1.0,0.0,0.0,0.0,1.0,0.0,0.0,0.0,1.0,0.0,0.0,1.0,0.0,0.0,1.0,0.0,0.0,0.0,0.0,1.0,0.0,0.0,0
0.15759177384942039,1.8166504577949654,0.06062982881427848,0.09957064696796633,1.1013970400975368,-0.9967912993099517,0.9041792488605255,0.9709384945441991,0.6171696394103273,-1.019118400612531,0.8071070273410997,1.2255532164261718,0.1100718889381303,0.7572729928454921,-0.8101986136710877,-0.24614296472138883,-1.4894914822295886,0.0,0.0,0.0,1.0,0.0,0.0,0.0,0.0,0.0,0.0,0.0,0.0,0.0,0.0,1.0,0.0,0.0,0.0,1.0,0.0,0.0,1.0,0.0,1.0,0.0,0.0,0.0,0.0,0.0,0.0,0.0,0.0,0.0,1.0,0.0,0.0,1.0,0.0,0.0,0.0,0.0,0.0,1.0,1.0,0.0,1.0,0.0,0.0,0.0,0.0,0.0,0.0,1.0,0.0,0
0.753915011334546,0.5798679065890112,-0.9128010303810109,1.2682281840117817,-0.606833320537397,-0.9967912993099517,-0.3414387938245457,-0.2816176932740629,-0.17440931183371247,-1.019118400612531,1.375054432627609,-0.5461960240222598,0.7567083122039103,0.2202239033609548,1.1528088495927336,-0.24614296472138883,-0.09278441443607918,0.0,0.0,0.0,0.0,0.0,0.0,0.0,0.0,1.0,0.0,0.0,0.0,0.0,1.0,0.0,0.0,0.0,1.0,0.0,1.0,0.0,0.0,0.0,1.0,0.0,0.0,0.0,1.0,0.0,0.0,0.0,0.0,0.0,0.0,0.0,0.0,0.0,1.0,0.0,0.0,1.0,0.0,0.0,1.0,0.0,1.0,0.0,0.0,0.0,0.0,0.0,1.0,0.0,0.0,0
-1.6937397148647182,-0.15530609483689803,0.8839103873230683,0.9100098269196696,0.750196303495788,0.49888765837117444,1.388705156420911,1.2080065620677656,1.1788038433141157,0.233955331039913,0.006630118503325768,-0.5461960240222598,-1.3987464320153564,0.07836187972352984,-1.399100852650234,-0.24614296472138883,-1.639637492017391,0.0,0.0,0.0,0.0,1.0,0.0,0.0,0.0,0.0,0.0,0.0,0.0,0.0,0.0,1.0,0.0,0.0,0.0,1.0,1.0,0.0,0.0,0.0,0.0,1.0,0.0,0.0,0.0,0.0,0.0,0.0,0.0,0.0,0.0,1.0,0.0,0.0,1.0,0.0,0.0,0.0,0.0,1.0,1.0,0.0,0.0,1.0,0.0,0.0,1.0,0.0,0.0,0.0,0.0,0
0.4936315600945632,-0.22288245835992115,1.1947023692395942,0.5394757189581508,1.1717186114282805,-0.9967912993099517,-1.8680760802242729,-1.8568907156771877,-0.17440931183371247,-1.019118400612531,-1.3617941956209574,0.23781550455625436,-0.8958069916975275,0.6964749827151672,-0.6138978673447055,-0.24614296472138883,-0.7614579231422218,0.0,0.0,0.0,0.0,0.0,0.0,0.0,0.0,0.0,0.0,0.0,1.0,0.0,0.0,1.0,0.0,0.0,1.0,0.0,0.0,1.0,0.0,0.0,0.0,1.0,0.0,0.0,0.0,0.0,0.0,0.0,1.0,0.0,0.0,0.0,0.0,1.0,0.0,0.0,0.0,1.0,0.0,0.0,1.0,0.0,1.0,0.0,0.0,0.0,0.0,0.0,1.0,0.0,0.0,0
-0.677032994918653,-0.010462903108779882,-0.17863132870856746,1.2035852120324444,-2.2650268768696926,1.3738037617323386,-0.1597531869242265,-0.14549501097747128,1.6144411763273727,-1.019118400612531,0.006630118503325768,-1.8864725846769428,-0.32101905990572305,1.1119280519390544,-0.2212963746919413,1.4132478086812315,-1.2956983765732393,0.0,0.0,0.0,0.0,0.0,0.0,1.0,0.0,0.0,0.0,0.0,0.0,0.0,0.0,1.0,0.0,0.0,1.0,0.0,1.0,0.0,0.0,0.0,0.0,1.0,0.0,0.0,0.0,1.0,0.0,0.0,0.0,0.0,0.0,0.0,0.0,0.0,0.0,1.0,0.0,0.0,0.0,1.0,1.0,0.0,1.0,0.0,0.0,0.0,1.0,0.0,0.0,0.0,0.0,0
1.0321632927625906,-0.8957979796715306,1.037779982673563,-0.7552605354707437,0.9129752784408443,0.49888765837117444,-0.37912383133199284,-0.21865683918513273,0.6171696394103273,-1.019118400612531,-1.3617941956209574,0.7940805366324234,-0.6084130258016253,-0.42322170385165125,-0.024995628365559186,0.5835524219799213,1.6304029304541632,0.0,0.0,0.0,0.0,1.0,0.0,0.0,0.0,0.0,0.0,0.0,0.0,0.0,0.0,1.0,0.0,0.0,1.0,0.0,0.0,1.0,0.0,0.0,0.0,1.0,0.0,0.0,0.0,0.0,1.0,0.0,0.0,0.0,0.0,0.0,0.0,1.0,0.0,0.0,0.0,1.0,0.0,0.0,1.0,0.0,1.0,0.0,0.0,0.0,1.0,0.0,0.0,0.0,0.0,0
0.548953038275279,1.403202603108244,-0.014183088588680292,-0.5873127973181029,0.5955951912902556,0.49888765837117444,1.2176283790802982,0.9336444672348287,-1.5276224669815408,0.233955331039913,1.8155886650711848,0.23781550455625436,-0.8958069916975275,-1.477053879443951,0.36760586428720504,-0.24614296472138883,-0.09976794977504673,0.0,0.0,0.0,1.0,0.0,0.0,0.0,0.0,0.0,0.0,0.0,0.0,0.0,1.0,0.0,0.0,0.0,0.0,1.0,1.0,0.0,0.0,0.0,0.0,1.0,0.0,0.0,0.0,0.0,0.0,0.0,1.0,0.0,0.0,0.0,0.0,0.0,1.0,0.0,0.0,1.0,0.0,0.0,1.0,0.0,1.0,0.0,0.0,0.0,0.0,0.0,1.0,0.0,0.0,1
0.026709776129070564,0.8236129845805104,0.7371966050948634,-0.9097307441948221,-0.34059638025356326,-0.9967912993099517,0.07524412309532047,0.20274206748643536,0.6171696394103273,0.233955331039913,-1.3617941956209574,0.23781550455625436,1.3314962439957148,1.522314620318748,1.938011834898262,-1.9055337381240092,-0.4384694137149728,0.0,0.0,0.0,0.0,0.0,0.0,1.0,0.0,0.0,0.0,0.0,0.0,0.0,0.0,1.0,0.0,0.0,1.0,0.0,0.0,1.0,0.0,0.0,0.0,1.0,0.0,0.0,0.0,0.0,0.0,0.0,0.0,1.0,0.0,0.0,0.0,1.0,0.0,0.0,0.0,1.0,0.0,0.0,1.0,0.0,0.0,1.0,0.0,0.0,0.0,0.0,0.0,0.0,1.0,0
0.44615060621808317,0.34716544305596403,-0.5905859470302397,-1.088053513244579,-0.606833320537397,1.3738037617323386,-0.2186798473402085,-0.07644519540836145,0.6171696394103273,-1.019118400612531,-1.3617941956209574,0.7940805366324234,-0.17732207695777194,0.16449239407482355,0.5639066106135872,-0.24614296472138883,-0.33546226746520147,0.0,0.0,0.0,0.0,1.0,0.0,0.0,0.0,0.0,0.0,0.0,0.0,0.0,0.0,1.0,0.0,0.0,0.0,1.0,0.0,1.0,0.0,0.0,0.0,0.0,1.0,0.0,0.0,0.0,0.0,0.0,0.0,0.0,1.0,0.0,1.0,0.0,0.0,0.0,0.0,1.0,0.0,0.0,1.0,0.0,1.0,0.0,0.0,0.0,0.0,0.0,1.0,0.0,0.0,1
-0.8456544593759577,1.2046520440438495,0.4167485119683675,-0.1287363630087277,-0.9820732124589395,0.49888765837117444,0.924512689665355,1.2076736218167623,-0.17440931183371247,-1.019118400612531,0.006630118503325768,-0.5461960240222598,1.1159507695737882,-0.2813596802142263,-0.4175971210183234,0.5835524219799213,0.4571689935076152,0.0,0.0,0.0,0.0,0.0,0.0,0.0,0.0,1.0,0.0,0.0,0.0,0.0,0.0,1.0,0.0,0.0,0.0,1.0,1.0,0.0,0.0,0.0,0.0,1.0,0.0,0.0,0.0,0.0,0.0,0.0,0.0,1.0,0.0,0.0,0.0,0.0,1.0,0.0,0.0,0.0,1.0,0.0,1.0,0.0,0.0,1.0,0.0,0.0,0.0,0.0,1.0,0.0,0.0,1
1.294012151867696,0.04625257142681844,0.6029770458693231,1.1834663016101437,-1.6235500446643159,1.3738037617323386,0.8399422968428253,0.7365101805852947,0.6171696394103273,-1.019118400612531,0.006630118503325768,1.2255532164261718,0.4693143463080081,-0.6866797477497262,-0.6138978673447055,-1.9055337381240092,1.4977157590137797,0.0,0.0,0.0,0.0,0.0,0.0,1.0,0.0,0.0,0.0,0.0,0.0,0.0,1.0,0.0,0.0,0.0,1.0,0.0,0.0,0.0,1.0,0.0,1.0,0.0,0.0,0.0,0.0,0.0,0.0,0.0,0.0,0.0,0.0,1.0,0.0,1.0,0.0,0.0,0.0,0.0,0.0,1.0,1.0,0.0,1.0,0.0,0.0,0.0,0.0,0.0,0.0,0.0,1.0,1
0.46502045319354457,-1.5242462588974666,0.15393030791344917,-1.990547322782121,-1.6235500446643159,-0.9967912993099517,-1.6970564139044386,-1.535278881247361,0.6171696394103273,1.8904287018766261,0.006630118503325768,1.2255532164261718,-1.0395039746454786,0.012497368749011112,-0.4175971210183234,-0.24614296472138883,1.3929627289292665,0.0,0.0,0.0,0.0,0.0,1.0,0.0,0.0,0.0,0.0,0.0,0.0,0.0,0.0,0.0,0.0,1.0,1.0,0.0,1.0,0.0,0.0,0.0,0.0,1.0,0.0,0.0,0.0,1.0,0.0,0.0,0.0,0.0,0.0,0.0,1.0,0.0,0.0,0.0,0.0,1.0,0.0,0.0,1.0,0.0,1.0,0.0,0.0,0.0,1.0,0.0,0.0,0.0,0.0,1
-1.81525355708799,-0.010462903108779882,0.2407909758967492,-0.5564627506577629,0.8187799298187437,0.49888765837117444,-0.12462412657594872,-0.25596727404779235,1.6144411763273727,-1.019118400612531,1.8155886650711848,1.2255532164261718,-0.6802615172756009,0.012497368749011112,0.7602073569399693,0.5835524219799213,-1.1176182254295668,0.0,0.0,0.0,0.0,0.0,0.0,0.0,0.0,1.0,0.0,0.0,0.0,0.0,0.0,1.0,0.0,0.0,0.0,1.0,1.0,0.0,0.0,0.0,0.0,0.0,1.0,0.0,0.0,0.0,0.0,0.0,0.0,0.0,0.0,1.0,0.0,1.0,0.0,0.0,0.0,0.0,0.0,1.0,1.0,0.0,1.0,0.0,0.0,0.0,0.0,0.0,1.0,0.0,0.0,0
1.4515291634571619,0.3691473520399723,2.3793818890187763,-1.2989645835129267,1.3175971760787326,1.3738037617323386,0.26231816318575324,0.32017523291895444,1.1788038433141157,0.9669564746953179,0.006630118503325768,0.23781550455625436,-0.8958069916975275,0.8687360114177546,-1.2028001063238518,-0.24614296472138883,0.352415963423102,0.0,0.0,0.0,0.0,1.0,0.0,0.0,0.0,0.0,0.0,0.0,0.0,0.0,0.0,1.0,0.0,0.0,0.0,1.0,1.0,0.0,0.0,0.0,0.0,1.0,0.0,0.0,0.0,0.0,0.0,1.0,0.0,0.0,0.0,0.0,1.0,0.0,0.0,0.0,0.0,1.0,0.0,0.0,1.0,0.0,0.0,1.0,0.0,0.0,0.0,0.0,1.0,0.0,0.0,1
-0.03534337251878917,-0.7246394836094867,-0.4742897541412007,0.009850646208549108,-0.23159342861585436,-0.9967912993099517,-0.29038363731055833,-0.22506414246330209,0.6171696394103273,-1.019118400612531,1.8155886650711848,-0.5461960240222598,0.18192038041210587,0.18475839745159855,0.17130511796082293,1.4132478086812315,-1.007627543840828,0.0,0.0,0.0,0.0,0.0,0.0,0.0,0.0,1.0,0.0,0.0,0.0,0.0,0.0,1.0,0.0,0.0,1.0,0.0,1.0,0.0,0.0,0.0,0.0,1.0,0.0,0.0,1.0,0.0,0.0,0.0,0.0,0.0,0.0,0.0,0.0,1.0,0.0,0.0,0.0,0.0,0.0,1.0,1.0,0.0,0.0,1.0,0.0,0.0,0.0,0.0,1.0,0.0,0.0,0
0.026709776129070564,-0.9070711792607816,-0.17863132870856746,0.783357569599129,0.7138992809643273,-0.9967912993099517,1.8221386903635546,1.529059036991751,0.6171696394103273,1.487029062692357,0.006630118503325768,-0.5461960240222598,0.325617363360057,1.2639230772648669,-0.2212963746919413,0.5835524219799213,-0.7701873423159313,0.0,0.0,0.0,0.0,1.0,0.0,0.0,0.0,0.0,0.0,0.0,0.0,0.0,0.0,1.0,0.0,0.0,1.0,0.0,0.0,0.0,1.0,0.0,0.0,1.0,0.0,0.0,0.0,0.0,0.0,0.0,1.0,0.0,0.0,0.0,0.0,1.0,0.0,0.0,0.0,1.0,0.0,0.0,1.0,0.0,1.0,0.0,0.0,1.0,0.0,0.0,0.0,0.0,0.0,0
0.026709776129070564,0.38545477073906953,0.28207271779377585,-1.6317575612867619,-2.2650268768696926,-0.9967912993099517,-1.1908918540576936,-1.0655713599174885,0.6171696394103273,1.8904287018766261,0.006630118503325768,0.23781550455625436,0.9004052951518615,-1.010935801778126,-0.024995628365559186,-0.24614296472138883,1.125842502213758,0.0,0.0,0.0,0.0,0.0,0.0,0.0,1.0,0.0,0.0,0.0,0.0,0.0,1.0,0.0,0.0,0.0,0.0,1.0,0.0,0.0,1.0,0.0,0.0,1.0,0.0,0.0,0.0,0.0,0.0,0.0,0.0,0.0,0.0,1.0,0.0,1.0,0.0,0.0,0.0,1.0,0.0,0.0,1.0,0.0,1.0,0.0,0.0,0.0,0.0,0.0,1.0,0.0,0.0,0
2.293188229561976,-1.3557122345226607,-0.9663827477070894,1.196917711206449,1.1940198217402864,1.3738037617323386,-0.3931915127038253,-0.0638171770770259,-1.5276224669815408,-1.019118400612531,1.375054432627609,-0.5461960240222598,0.03822339746415475,-0.5245517207355263,-1.5954015989766162,1.4132478086812315,-0.7055896404304814,0.0,0.0,0.0,0.0,0.0,0.0,0.0,0.0,1.0,0.0,0.0,0.0,0.0,1.0,0.0,0.0,0.0,0.0,1.0,0.0,0.0,1.0,0.0,0.0,1.0,0.0,0.0,0.0,0.0,1.0,0.0,0.0,0.0,0.0,0.0,1.0,0.0,0.0,0.0,0.0,1.0,0.0,0.0,1.0,0.0,1.0,0.0,0.0,1.0,0.0,0.0,0.0,0.0,0.0,0
0.05306266011639595,0.03967461456236021,0.8712572121924061,-1.4869678123246417,1.1488666986634468,1.9945666160523006,1.4465312767784448,1.301310522853244,1.1788038433141157,0.9669564746953179,1.375054432627609,0.7940805366324234,-0.6802615172756009,0.1796918966074048,-1.2028001063238518,-1.075838351422699,-1.238084210026757,0.0,0.0,0.0,0.0,0.0,0.0,1.0,0.0,0.0,0.0,0.0,0.0,0.0,0.0,1.0,0.0,0.0,0.0,1.0,0.0,0.0,1.0,0.0,1.0,0.0,0.0,0.0,0.0,0.0,1.0,0.0,0.0,0.0,0.0,0.0,0.0,0.0,1.0,0.0,0.0,1.0,0.0,0.0,1.0,0.0,0.0,1.0,0.0,0.0,1.0,0.0,0.0,0.0,0.0,1
0.6629308986194384,-1.215401462841374,-0.1496879775104765,-0.5264140952250759,0.1773030976133672,0.49888765837117444,-0.6009859152255149,-0.5868463877113421,1.1788038433141157,0.233955331039913,0.006630118503325768,-0.5461960240222598,-0.8958069916975275,-0.509352218202945,0.7602073569399693,0.5835524219799213,0.3471783119188763,0.0,0.0,0.0,0.0,0.0,0.0,0.0,0.0,1.0,0.0,0.0,0.0,0.0,0.0,1.0,0.0,0.0,0.0,1.0,1.0,0.0,0.0,0.0,0.0,1.0,0.0,0.0,0.0,0.0,0.0,0.0,0.0,0.0,1.0,0.0,0.0,1.0,0.0,0.0,0.0,0.0,0.0,1.0,1.0,0.0,0.0,1.0,0.0,0.0,0.0,0.0,1.0,0.0,0.0,0
0.012096751045267418,0.06583963482206802,-0.5506149604084367,-0.38687065090507,-0.7755637979526826,0.49888765837117444,0.6090726517482026,0.6313747112366545,-0.17440931183371247,0.9669564746953179,2.4798585380991502,1.2255532164261718,1.475193226943666,1.2183245696671232,1.938011834898262,-0.24614296472138883,-0.022949061046403707,0.0,0.0,0.0,0.0,0.0,0.0,0.0,0.0,1.0,0.0,0.0,0.0,0.0,0.0,1.0,0.0,0.0,0.0,1.0,0.0,0.0,1.0,0.0,0.0,1.0,0.0,0.0,0.0,0.0,0.0,0.0,0.0,0.0,0.0,1.0,1.0,0.0,0.0,0.0,0.0,0.0,0.0,1.0,1.0,0.0,1.0,0.0,0.0,0.0,0.0,1.0,0.0,0.0,0.0,1
-0.11142885696295213,-0.37471843159459833,0.6186167541733134,0.7144209434454529,0.9708350832117979,0.49888765837117444,0.7839916344957015,0.49436216678440653,-0.17440931183371247,-1.019118400612531,1.8155886650711848,1.2255532164261718,-0.10547358548379637,1.0967285494064731,-0.4175971210183234,0.5835524219799213,-1.0617499427178263,0.0,0.0,0.0,0.0,0.0,0.0,0.0,0.0,0.0,0.0,0.0,1.0,0.0,0.0,1.0,0.0,0.0,0.0,1.0,1.0,0.0,0.0,0.0,0.0,1.0,0.0,0.0,0.0,0.0,1.0,0.0,0.0,0.0,0.0,0.0,0.0,0.0,1.0,0.0,0.0,1.0,0.0,0.0,1.0,0.0,0.0,1.0,0.0,0.0,0.0,0.0,0.0,0.0,1.0,0
-0.677032994918653,2.1129994819708053,-0.30155624115829577,-1.7115690801333474,0.7851232955110645,0.49888765837117444,-0.5599568654884991,-0.814615591893877,0.6171696394103273,-1.019118400612531,0.8071070273410997,0.7940805366324234,0.1100718889381303,1.0713960451855045,-0.2212963746919413,0.5835524219799213,-1.3882302198145593,0.0,0.0,0.0,0.0,0.0,1.0,0.0,0.0,0.0,0.0,0.0,0.0,0.0,1.0,0.0,0.0,0.0,1.0,0.0,0.0,0.0,1.0,0.0,0.0,1.0,0.0,0.0,0.0,0.0,0.0,0.0,0.0,0.0,0.0,1.0,0.0,0.0,0.0,1.0,0.0,1.0,0.0,0.0,1.0,0.0,1.0,0.0,1.0,0.0,0.0,0.0,0.0,0.0,0.0,0
0.026709776129070564,1.2382365125877675,0.4167485119683675,0.5156231586324721,0.24115292617423648,-0.9967912993099517,-0.6404643905175943,-0.28829489984879253,-1.5276224669815408,-1.019118400612531,-1.3617941956209574,0.23781550455625436,-0.03362509400982082,1.2993885831742231,-0.024995628365559186,-0.24614296472138883,-0.6828931505788369,0.0,0.0,0.0,0.0,0.0,0.0,0.0,0.0,1.0,0.0,0.0,0.0,0.0,1.0,0.0,0.0,0.0,0.0,1.0,0.0,1.0,0.0,0.0,0.0,0.0,0.0,1.0,0.0,0.0,0.0,0.0,1.0,0.0,0.0,0.0,0.0,1.0,0.0,0.0,0.0,1.0,0.0,0.0,1.0,0.0,1.0,0.0,0.0,1.0,0.0,0.0,0.0,0.0,0.0,0
-1.0464792575934259,0.25053952709147226,0.15393030791344917,-0.38687065090507,-2.2650268768696926,1.9945666160523006,0.5639617758289506,0.45498719528422815,-1.5276224669815408,0.233955331039913,0.8071070273410997,-1.8864725846769428,0.3974658548340326,1.7097751515539168,0.36760586428720504,-0.24614296472138883,0.9355411642268922,0.0,1.0,0.0,0.0,0.0,0.0,0.0,0.0,0.0,0.0,0.0,0.0,0.0,0.0,1.0,0.0,0.0,0.0,1.0,1.0,0.0,0.0,0.0,0.0,0.0,1.0,0.0,0.0,0.0,0.0,0.0,0.0,0.0,0.0,1.0,0.0,0.0,1.0,0.0,0.0,1.0,0.0,0.0,1.0,0.0,0.0,1.0,0.0,1.0,0.0,0.0,0.0,0.0,0.0,1
-0.16675033514366736,1.287436835104806,-1.022346642334492,-0.1715860094881732,-2.2650268768696926,1.3738037617323386,0.6229697997268184,0.850380858321558,-0.17440931183371247,1.487029062692357,0.8071070273410997,-0.5461960240222598,-1.6861403979112588,-0.10909865151163885,1.3491095959191157,0.5835524219799213,-0.7213025949431585,0.0,0.0,0.0,0.0,0.0,0.0,0.0,0.0,1.0,0.0,0.0,0.0,0.0,0.0,1.0,0.0,0.0,0.0,1.0,0.0,0.0,1.0,0.0,0.0,1.0,0.0,0.0,0.0,0.0,0.0,0.0,1.0,0.0,0.0,0.0,0.0,0.0,1.0,0.0,0.0,1.0,0.0,0.0,1.0,0.0,0.0,1.0,0.0,0.0,0.0,0.0,1.0,0.0,0.0,0
0.32268511889960355,0.5895265587564679,-1.1423402837787076,-1.0408302956165845,0.6367333169865165,-0.9967912993099517,-0.5769540777720641,-0.6456211925178537,-0.17440931183371247,-1.019118400612531,-1.3617941956209574,0.7940805366324234,0.3974658548340326,-0.1800296633303513,-0.2212963746919413,0.5835524219799213,0.6282656093123201,0.0,0.0,0.0,0.0,0.0,0.0,1.0,0.0,0.0,0.0,0.0,0.0,0.0,1.0,0.0,0.0,0.0,1.0,0.0,0.0,1.0,0.0,0.0,0.0,0.0,1.0,0.0,0.0,0.0,0.0,0.0,0.0,1.0,0.0,0.0,1.0,0.0,0.0,0.0,0.0,1.0,0.0,0.0,1.0,0.0,1.0,0.0,0.0,0.0,1.0,0.0,0.0,0.0,0.0,0
-0.16110620602441025,0.8528659447748546,0.6186167541733134,-0.41346511389116986,-1.2483101527427733,0.49888765837117444,0.5080795201585857,0.2043829293207606,-1.5276224669815408,-1.019118400612531,-1.3617941956209574,-0.5461960240222598,-0.32101905990572305,1.2588565764206732,0.9565081032663514,-0.24614296472138883,0.551446720583677,0.0,0.0,0.0,0.0,0.0,0.0,0.0,0.0,1.0,0.0,0.0,0.0,0.0,0.0,1.0,0.0,0.0,1.0,0.0,0.0,1.0,0.0,0.0,0.0,1.0,0.0,0.0,0.0,0.0,0.0,0.0,0.0,1.0,0.0,0.0,0.0,1.0,0.0,0.0,0.0,1.0,0.0,0.0,1.0,0.0,1.0,0.0,0.0,0.0,0.0,0.0,0.0,0.0,1.0,0
1.3874903975381536,-1.0119313671876584,0.341563170268023,0.8301983080730838,-1.2483101527427733,-0.9967912993099517,-0.5979038496985658,-0.42178904518394156,1.1788038433141157,-1.019118400612531,0.006630118503325768,0.7940805366324234,-0.7521100087495765,0.24048990673772977,2.134312581224644,0.5835524219799213,0.1656063931057201,0.0,0.0,0.0,1.0,0.0,0.0,0.0,0.0,0.0,0.0,0.0,0.0,0.0,1.0,0.0,0.0,0.0,1.0,0.0,1.0,0.0,0.0,0.0,0.0,1.0,0.0,0.0,0.0,0.0,1.0,0.0,0.0,0.0,0.0,0.0,0.0,0.0,1.0,0.0,0.0,1.0,0.0,0.0,1.0,0.0,0.0,1.0,0.0,0.0,0.0,0.0,1.0,0.0,0.0,1
1.1126182267259381,-0.587464071479782,1.4597992713430652,-0.41346511389116986,-2.2650268768696926,0.49888765837117444,-0.4693368685830497,-0.1500732514794774,0.6171696394103273,-1.019118400612531,-1.3617941956209574,0.7940805366324234,-1.6861403979112588,1.2436570738880919,-1.2028001063238518,-0.24614296472138883,-0.9535051449638294,0.0,0.0,0.0,0.0,0.0,0.0,1.0,0.0,0.0,0.0,0.0,0.0,0.0,1.0,0.0,0.0,0.0,0.0,1.0,0.0,1.0,0.0,0.0,0.0,1.0,0.0,0.0,0.0,0.0,1.0,0.0,0.0,0.0,0.0,0.0,0.0,1.0,0.0,0.0,0.0,0.0,0.0,1.0,1.0,0.0,0.0,1.0,1.0,0.0,0.0,0.0,0.0,0.0,0.0,1
1.2905089030021248,-0.8296399791249797,-1.2749871003535849,1.3234709012844135,0.6367333169865165,-0.9967912993099517,1.4404797195665466,1.170865731295156,1.9703827945581553,-1.019118400612531,-1.3617941956209574,0.23781550455625436,-1.0395039746454786,-1.6847804140558946,-0.2212963746919413,-0.24614296472138883,-0.7859002968286083,0.0,0.0,0.0,0.0,1.0,0.0,0.0,0.0,0.0,0.0,0.0,0.0,0.0,1.0,0.0,0.0,0.0,0.0,1.0,0.0,1.0,0.0,0.0,0.0,1.0,0.0,0.0,0.0,0.0,1.0,0.0,0.0,0.0,0.0,0.0,0.0,0.0,1.0,0.0,0.0,1.0,0.0,0.0,1.0,0.0,1.0,0.0,0.0,1.0,0.0,0.0,0.0,0.0,0.0,1
-1.9499284296983193,0.9998666995709168,0.5048249988082347,1.4749403088683233,0.6367333169865165,1.3738037617323386,0.8781882131951759,1.2002933604053792,-1.5276224669815408,-1.019118400612531,0.006630118503325768,0.23781550455625436,0.1100718889381303,1.1119280519390544,0.36760586428720504,-1.9055337381240092,0.004985080309466485,0.0,0.0,0.0,0.0,0.0,0.0,0.0,0.0,0.0,0.0,0.0,1.0,0.0,0.0,0.0,0.0,1.0,1.0,0.0,0.0,0.0,1.0,0.0,0.0,1.0,0.0,0.0,0.0,0.0,1.0,0.0,0.0,0.0,0.0,0.0,0.0,1.0,0.0,0.0,0.0,1.0,0.0,0.0,1.0,0.0,1.0,0.0,0.0,0.0,1.0,0.0,0.0,0.0,0.0,0
-0.050708115052399395,0.14207015325809563,-0.812028836009737,0.783357569599129,-1.2483101527427733,0.49888765837117444,0.02949596174904446,-0.05864258249186407,1.6144411763273727,-1.019118400612531,0.8071070273410997,-0.5461960240222598,0.8285568036778859,0.21515740251676105,-0.8101986136710877,-0.24614296472138883,-1.6902681232249057,0.0,0.0,0.0,0.0,0.0,0.0,0.0,1.0,0.0,0.0,0.0,0.0,0.0,0.0,1.0,0.0,0.0,0.0,1.0,0.0,0.0,1.0,0.0,0.0,1.0,0.0,0.0,0.0,0.0,0.0,0.0,0.0,0.0,1.0,0.0,0.0,1.0,0.0,0.0,0.0,0.0,0.0,1.0,1.0,0.0,0.0,1.0,0.0,0.0,0.0,0.0,1.0,0.0,0.0,0
0.1962181675037924,0.03307188284050989,0.470330229294446,-0.3354484878652693,0.5955951912902556,1.3738037617323386,-0.4678718162290702,-0.08598511921368225,0.6171696394103273,-1.019118400612531,-1.3617941956209574,0.23781550455625436,-1.2550494490674053,1.724974654086498,-1.0064993599974699,-1.075838351422699,1.679287677826936,0.0,0.0,0.0,1.0,0.0,0.0,0.0,0.0,0.0,0.0,0.0,0.0,0.0,1.0,0.0,0.0,0.0,0.0,1.0,0.0,1.0,0.0,0.0,0.0,0.0,1.0,0.0,0.0,0.0,0.0,0.0,1.0,0.0,0.0,0.0,0.0,0.0,1.0,0.0,0.0,0.0,0.0,1.0,1.0,0.0,0.0,1.0,0.0,1.0,0.0,0.0,0.0,0.0,0.0,0
0.6643822437841704,0.43874264058121853,-0.5118740474830508,-0.21608411822142587,1.1013970400975368,0.49888765837117444,-0.5909638136088465,-0.3467712590171793,1.6144411763273727,0.9669564746953179,0.006630118503325768,0.23781550455625436,-0.6802615172756009,0.012497368749011112,-0.6138978673447055,-0.24614296472138883,0.8569763916635073,0.0,0.0,0.0,0.0,1.0,0.0,0.0,0.0,0.0,0.0,0.0,0.0,0.0,0.0,1.0,0.0,0.0,1.0,0.0,1.0,0.0,0.0,0.0,1.0,0.0,0.0,0.0,0.0,0.0,0.0,0.0,0.0,0.0,0.0,1.0,1.0,0.0,0.0,0.0,0.0,1.0,0.0,0.0,1.0,0.0,0.0,1.0,0.0,0.0,0.0,0.0,1.0,0.0,0.0,0
0.8474935650713464,-0.12608848213404747,0.6340645593707459,-0.008959657523465534,-2.2650268768696926,0.49888765837117444,0.3286386992606554,0.251286955943817,0.6171696394103273,1.8904287018766261,0.8071070273410997,0.23781550455625436,1.2596477525217393,-0.6461477409961761,1.7417110885718798,-1.075838351422699,0.7906328059433156,0.0,0.0,0.0,0.0,0.0,0.0,0.0,0.0,0.0,0.0,0.0,1.0,0.0,0.0,1.0,0.0,0.0,0.0,1.0,0.0,0.0,1.0,0.0,0.0,1.0,0.0,0.0,0.0,0.0,0.0,0.0,0.0,0.0,1.0,0.0,0.0,1.0,0.0,0.0,0.0,1.0,0.0,0.0,1.0,0.0,0.0,1.0,0.0,0.0,1.0,0.0,0.0,0.0,0.0,1
0.20043691167142003,-0.4778660191310653,-1.022346642334492,-0.7552605354707437,0.24115292617423648,-0.9967912993099517,-0.5625165195697581,-0.8520001240016835,0.6171696394103273,0.233955331039913,0.006630118503325768,-1.8864725846769428,-1.6861403979112588,0.9751325291458233,-1.2028001063238518,-1.9055337381240092,1.2393249514719804,0.0,0.0,0.0,0.0,0.0,0.0,0.0,0.0,1.0,0.0,0.0,0.0,0.0,1.0,0.0,0.0,0.0,1.0,0.0,1.0,0.0,0.0,0.0,0.0,1.0,0.0,0.0,1.0,0.0,0.0,0.0,0.0,0.0,0.0,0.0,0.0,0.0,1.0,0.0,0.0,0.0,0.0,1.0,1.0,0.0,0.0,1.0,0.0,0.0,0.0,0.0,1.0,0.0,0.0,0
0.9507634232127662,-0.215244046087788,0.8455628442893777,-2.100802919451452,0.5955951912902556,-0.9967912993099517,0.99174838891053,0.8370501211901972,-0.17440931183371247,1.487029062692357,0.8071070273410997,-1.8864725846769428,0.3974658548340326,0.0023643670606236147,-0.2212963746919413,0.5835524219799213,1.5326334357086175,0.0,0.0,0.0,0.0,0.0,1.0,0.0,0.0,0.0,0.0,0.0,0.0,0.0,1.0,0.0,0.0,0.0,0.0,1.0,0.0,0.0,1.0,0.0,1.0,0.0,0.0,0.0,0.0,0.0,0.0,0.0,1.0,0.0,0.0,0.0,0.0,1.0,0.0,0.0,0.0,0.0,1.0,0.0,1.0,0.0,0.0,1.0,0.0,1.0,0.0,0.0,0.0,0.0,0.0,0
1.3612543094654908,-0.5046298979666051,-1.5913870217345818,1.3646847121989916,1.1488666986634468,0.49888765837117444,0.6252988635534051,0.45559233026250073,-1.5276224669815408,0.9669564746953179,0.006630118503325768,0.7940805366324234,-0.2491705684317475,-1.6189159030813758,0.36760586428720504,-0.24614296472138883,-0.9936604731628929,0.0,0.0,0.0,1.0,0.0,0.0,0.0,0.0,0.0,0.0,0.0,0.0,0.0,0.0,1.0,0.0,0.0,0.0,1.0,0.0,0.0,1.0,0.0,0.0,1.0,0.0,0.0,0.0,0.0,0.0,0.0,0.0,0.0,0.0,1.0,0.0,1.0,0.0,0.0,0.0,0.0,0.0,1.0,1.0,0.0,1.0,0.0,1.0,0.0,0.0,0.0,0.0,0.0,0.0,0
0.5537183089513061,0.8320209008776115,0.036182840710240624,0.15024187964004568,-1.2483101527427733,-0.9967912993099517,-0.5089046140092031,-0.5527765396588912,1.6144411763273727,-1.019118400612531,0.006630118503325768,-0.5461960240222598,-0.32101905990572305,1.426051104279067,0.36760586428720504,-0.24614296472138883,-0.0369161317243388,0.0,0.0,0.0,0.0,0.0,0.0,1.0,0.0,0.0,0.0,0.0,0.0,0.0,1.0,0.0,0.0,0.0,1.0,0.0,1.0,0.0,0.0,0.0,0.0,1.0,0.0,0.0,0.0,0.0,0.0,0.0,0.0,0.0,0.0,1.0,0.0,0.0,1.0,0.0,0.0,1.0,0.0,0.0,0.0,1.0,0.0,1.0,0.0,0.0,0.0,0.0,1.0,0.0,0.0,0
-0.574797516365569,-0.3091778152502319,-0.812028836009737,0.21452553862042256,-0.606833320537397,0.49888765837117444,0.4362809725619595,0.5907691692014572,-0.17440931183371247,-1.019118400612531,-1.3617941956209574,-1.8864725846769428,-1.6861403979112588,-0.16989666164196382,-0.4175971210183234,-1.075838351422699,-0.48211650958352,0.0,0.0,0.0,0.0,0.0,0.0,1.0,0.0,0.0,0.0,0.0,0.0,0.0,0.0,1.0,0.0,0.0,1.0,0.0,0.0,1.0,0.0,0.0,0.0,1.0,0.0,0.0,0.0,0.0,0.0,1.0,0.0,0.0,0.0,0.0,0.0,1.0,0.0,0.0,0.0,1.0,0.0,0.0,1.0,0.0,1.0,0.0,0.0,0.0,0.0,1.0,0.0,0.0,0.0,0
0.7924566090421901,-1.2841534788530309,-0.23859410545326964,0.4912684024270363,1.3916731357011645,0.49888765837117444,-0.8491245933776433,-0.5410059687904984,1.1788038433141157,0.9669564746953179,0.006630118503325768,0.23781550455625436,0.3974658548340326,-1.5733173954836321,-1.5954015989766162,0.5835524219799213,1.448831011641007,0.0,0.0,0.0,0.0,0.0,1.0,0.0,0.0,0.0,0.0,0.0,0.0,0.0,0.0,1.0,0.0,0.0,0.0,1.0,1.0,0.0,0.0,0.0,0.0,1.0,0.0,0.0,0.0,0.0,0.0,0.0,0.0,1.0,0.0,0.0,0.0,0.0,1.0,0.0,0.0,1.0,0.0,0.0,1.0,0.0,0.0,1.0,0.0,0.0,0.0,0.0,1.0,0.0,0.0,0
-0.28536655478271983,0.46995480999314854,0.470330229294446,0.009850646208549108,0.5955951912902556,0.49888765837117444,0.06103222031632599,0.2955191668721461,0.6171696394103273,1.8904287018766261,0.8071070273410997,-0.5461960240222598,-0.10547358548379637,1.6489771414235919,0.36760586428720504,-0.24614296472138883,0.5252584630625488,0.0,0.0,0.0,0.0,0.0,0.0,0.0,0.0,0.0,0.0,0.0,1.0,0.0,0.0,1.0,0.0,0.0,0.0,1.0,0.0,0.0,1.0,0.0,0.0,0.0,1.0,0.0,0.0,0.0,0.0,1.0,0.0,0.0,0.0,0.0,0.0,0.0,0.0,1.0,0.0,0.0,0.0,1.0,0.0,1.0,1.0,0.0,0.0,0.0,0.0,1.0,0.0,0.0,0.0,0
-1.0813748615309482,0.12332102555738426,-1.2749871003535849,-0.360873867183546,0.3008804519518133,2.4760676934617014,0.20643251729758885,0.2948472378385128,-1.5276224669815408,-1.019118400612531,0.006630118503325768,0.7940805366324234,-1.6142919064372832,0.8434035071967858,-0.8101986136710877,-1.9055337381240092,-1.4633032247084603,0.0,0.0,0.0,0.0,0.0,0.0,1.0,0.0,0.0,0.0,0.0,0.0,0.0,0.0,1.0,0.0,0.0,0.0,1.0,1.0,0.0,0.0,0.0,0.0,1.0,0.0,0.0,0.0,0.0,0.0,0.0,1.0,0.0,0.0,0.0,0.0,0.0,0.0,1.0,0.0,0.0,1.0,0.0,1.0,0.0,1.0,0.0,0.0,0.0,0.0,0.0,1.0,0.0,0.0,0
1.45306942149747,2.252698390876556,0.8964376581255955,0.40174687609391885,1.5981825502074212,-0.9967912993099517,1.3824160827968615,1.2948939023343204,1.6144411763273727,-1.019118400612531,-1.3617941956209574,1.2255532164261718,2.481072107579324,1.2385905730438982,1.1528088495927336,-1.075838351422699,-1.3952137551535269,0.0,0.0,0.0,0.0,0.0,0.0,0.0,0.0,0.0,0.0,0.0,1.0,0.0,1.0,0.0,0.0,0.0,1.0,0.0,0.0,1.0,0.0,0.0,0.0,1.0,0.0,0.0,0.0,0.0,0.0,0.0,0.0,0.0,1.0,0.0,0.0,0.0,1.0,0.0,0.0,1.0,0.0,0.0,1.0,0.0,1.0,0.0,0.0,1.0,0.0,0.0,0.0,0.0,0.0,0
-0.5210132311394176,-0.6064155476133599,-1.1423402837787076,-1.0408302956165845,0.5955951912902556,0.49888765837117444,0.08737151479694995,0.23264163000561447,-1.5276224669815408,-1.019118400612531,1.375054432627609,0.7940805366324234,2.0499811587354704,-1.7911769317839632,-0.2212963746919413,-0.24614296472138883,-0.10151383360978862,0.0,0.0,0.0,0.0,0.0,0.0,0.0,0.0,0.0,0.0,0.0,1.0,0.0,1.0,0.0,0.0,0.0,0.0,1.0,0.0,0.0,1.0,0.0,0.0,1.0,0.0,0.0,1.0,0.0,0.0,0.0,0.0,0.0,0.0,0.0,0.0,1.0,0.0,0.0,0.0,1.0,0.0,0.0,0.0,1.0,0.0,1.0,0.0,0.0,0.0,1.0,0.0,0.0,0.0,0
1.5139001089302204,-0.010462903108779882,-0.5506149604084367,0.2901608500762704,1.3916731357011645,-0.9967912993099517,0.9489066481234941,1.2816268505247435,-1.5276224669815408,-1.019118400612531,0.006630118503325768,-0.5461960240222598,1.9062841757875193,0.012497368749011112,0.5639066106135872,-1.9055337381240092,1.2428167191414643,1.0,0.0,0.0,0.0,0.0,0.0,0.0,0.0,0.0,0.0,0.0,0.0,0.0,0.0,1.0,0.0,0.0,0.0,1.0,0.0,0.0,1.0,0.0,0.0,1.0,0.0,0.0,0.0,0.0,0.0,0.0,1.0,0.0,0.0,0.0,0.0,1.0,0.0,0.0,0.0,0.0,0.0,1.0,1.0,0.0,1.0,0.0,1.0,0.0,0.0,0.0,0.0,0.0,0.0,0
0.18560831349442278,0.7852702176958163,-0.7645145055021436,-0.360873867183546,0.8187799298187437,-0.9967912993099517,1.234463874228416,0.927968857246308,1.1788038433141157,-1.019118400612531,0.8071070273410997,-0.5461960240222598,2.121829650209446,-0.6866797477497262,0.17130511796082293,1.4132478086812315,1.2445626029762062,0.0,0.0,0.0,0.0,1.0,0.0,0.0,0.0,0.0,0.0,0.0,0.0,0.0,1.0,0.0,0.0,0.0,0.0,1.0,0.0,0.0,1.0,0.0,0.0,1.0,0.0,0.0,0.0,0.0,0.0,0.0,0.0,0.0,0.0,1.0,1.0,0.0,0.0,0.0,0.0,1.0,0.0,0.0,0.0,1.0,1.0,0.0,0.0,0.0,1.0,0.0,0.0,0.0,0.0,0
-0.651719681505409,1.0890241531880436,-1.3469484189652163,0.6411144549970303,-2.2650268768696926,-0.9967912993099517,-0.050379834111849695,0.19802370840731878,0.6171696394103273,0.9669564746953179,0.006630118503325768,0.23781550455625436,-0.2491705684317475,-2.3079600178917254,2.3306133275510263,-1.9055337381240092,1.6426241172973564,0.0,0.0,0.0,0.0,1.0,0.0,0.0,0.0,0.0,0.0,0.0,0.0,0.0,0.0,1.0,0.0,0.0,0.0,1.0,0.0,0.0,1.0,0.0,0.0,1.0,0.0,0.0,0.0,0.0,1.0,0.0,0.0,0.0,0.0,0.0,0.0,0.0,0.0,1.0,0.0,1.0,0.0,0.0,1.0,0.0,1.0,0.0,1.0,0.0,0.0,0.0,0.0,0.0,0.0,0
1.0651822414439853,1.0338343141645434,1.092289809387881,-0.7552605354707437,-1.2483101527427733,-0.9967912993099517,0.43421450842054377,0.3368086670128833,-0.17440931183371247,0.233955331039913,0.8071070273410997,0.23781550455625436,0.325617363360057,-0.9856032975571573,1.1528088495927336,-0.24614296472138883,-0.5711565851553562,0.0,0.0,0.0,0.0,0.0,0.0,0.0,0.0,0.0,0.0,0.0,1.0,0.0,1.0,0.0,0.0,0.0,0.0,1.0,0.0,0.0,1.0,0.0,0.0,1.0,0.0,0.0,0.0,0.0,0.0,0.0,0.0,0.0,0.0,1.0,0.0,0.0,1.0,0.0,0.0,0.0,0.0,1.0,1.0,0.0,1.0,0.0,0.0,0.0,0.0,0.0,1.0,0.0,0.0,0
0.8722857860782727,0.5750185515366694,0.80601047124687,0.6939459276822286,-0.4641737345920091,1.9945666160523006,-1.1812840587082016,-1.2455801124704702,-1.5276224669815408,-1.019118400612531,0.006630118503325768,-0.5461960240222598,0.9004052951518615,-0.6816132469055324,-0.6138978673447055,0.5835524219799213,-1.7391528705976784,0.0,0.0,0.0,0.0,0.0,0.0,0.0,0.0,1.0,0.0,0.0,0.0,0.0,1.0,0.0,0.0,0.0,0.0,1.0,1.0,0.0,0.0,0.0,0.0,0.0,1.0,0.0,0.0,0.0,1.0,0.0,0.0,0.0,0.0,0.0,0.0,1.0,0.0,0.0,0.0,0.0,0.0,1.0,1.0,0.0,0.0,1.0,0.0,0.0,0.0,0.0,1.0,0.0,0.0,0
-0.7337113299215683,-0.010462903108779882,-0.09372408288307414,-0.23899195967805917,0.10871947129041147,-0.9967912993099517,-1.116981215530682,-1.2124466680509602,-1.5276224669815408,0.233955331039913,0.8071070273410997,0.23781550455625436,-0.5365645343276497,0.7015414835593609,-1.9880030916293803,0.5835524219799213,-0.2638810302407841,0.0,0.0,0.0,0.0,0.0,0.0,0.0,0.0,1.0,0.0,0.0,0.0,0.0,0.0,1.0,0.0,0.0,0.0,1.0,0.0,0.0,1.0,0.0,0.0,1.0,0.0,0.0,0.0,0.0,0.0,0.0,1.0,0.0,0.0,0.0,0.0,0.0,1.0,0.0,0.0,1.0,0.0,0.0,1.0,0.0,1.0,0.0,1.0,0.0,0.0,0.0,0.0,0.0,0.0,0
-0.14155092520421708,-0.1406364202907051,1.2710275755068303,0.89274371249521,1.7549715013625626,-0.9967912993099517,0.3822034566846878,0.09779036683347082,1.6144411763273727,0.233955331039913,1.375054432627609,-0.5461960240222598,-0.10547358548379637,-0.9349382891152198,1.3491095959191157,-0.24614296472138883,-0.7195567111084166,0.0,0.0,0.0,0.0,0.0,0.0,0.0,0.0,0.0,0.0,0.0,1.0,0.0,0.0,0.0,0.0,1.0,0.0,1.0,0.0,0.0,1.0,0.0,0.0,1.0,0.0,0.0,0.0,0.0,0.0,0.0,0.0,0.0,0.0,1.0,0.0,1.0,0.0,0.0,0.0,0.0,0.0,1.0,1.0,0.0,0.0,1.0,0.0,0.0,0.0,0.0,1.0,0.0,0.0,0
0.029128685224315012,0.8487167174299545,1.4193141003856975,0.18283018085863695,1.1488666986634468,0.49888765837117444,-1.2832923191508,-1.0953067348548335,1.1788038433141157,0.233955331039913,1.375054432627609,0.7940805366324234,0.9004052951518615,1.1575265595367983,-0.8101986136710877,-1.9055337381240092,1.216628461620336,0.0,0.0,0.0,0.0,1.0,0.0,0.0,0.0,0.0,0.0,0.0,0.0,0.0,0.0,1.0,0.0,0.0,0.0,1.0,0.0,0.0,1.0,0.0,0.0,0.0,1.0,0.0,0.0,0.0,0.0,0.0,1.0,0.0,0.0,0.0,0.0,1.0,0.0,0.0,0.0,0.0,0.0,1.0,1.0,0.0,1.0,0.0,0.0,0.0,0.0,0.0,1.0,0.0,0.0,0
-0.3857600460940941,-0.010462903108779882,-0.5506149604084367,0.8209806641568088,-0.9820732124589395,-0.9967912993099517,1.0767147568638729,1.1119496369517163,-0.17440931183371247,0.9669564746953179,0.8071070273410997,0.23781550455625436,0.03822339746415475,-0.01283513547195763,-1.0064993599974699,1.4132478086812315,-1.3375995886070446,0.0,0.0,0.0,1.0,0.0,0.0,0.0,0.0,0.0,0.0,0.0,0.0,0.0,0.0,1.0,0.0,0.0,0.0,1.0,0.0,0.0,1.0,0.0,1.0,0.0,0.0,0.0,1.0,0.0,0.0,0.0,0.0,0.0,0.0,0.0,0.0,0.0,0.0,1.0,0.0,1.0,0.0,0.0,1.0,0.0,0.0,1.0,0.0,0.0,0.0,0.0,1.0,0.0,0.0,0
0.7713400330831263,0.3416266269508488,-1.2749871003535849,1.0992976846150428,-1.2483101527427733,1.3738037617323386,2.1326832628015366,2.1669228366172106,1.1788038433141157,-1.019118400612531,1.375054432627609,0.7940805366324234,-0.10547358548379637,1.3551200924603544,2.5269140738774083,-0.24614296472138883,-1.0949217355779222,0.0,0.0,0.0,0.0,0.0,1.0,0.0,0.0,0.0,0.0,0.0,0.0,0.0,0.0,1.0,0.0,0.0,1.0,0.0,1.0,0.0,0.0,0.0,0.0,1.0,0.0,0.0,0.0,0.0,0.0,1.0,0.0,0.0,0.0,0.0,0.0,1.0,0.0,0.0,0.0,1.0,0.0,0.0,0.0,1.0,1.0,0.0,0.0,0.0,0.0,0.0,1.0,0.0,0.0,1
-0.7337113299215683,0.6039154871210628,1.7565690521470831,0.4788960043732394,-0.606833320537397,0.49888765837117444,-1.5124054082211484,-1.85414829013918,-0.17440931183371247,1.487029062692357,0.006630118503325768,-0.5461960240222598,-1.973534363807161,-0.6816132469055324,-0.2212963746919413,0.5835524219799213,-0.9168415844342498,0.0,0.0,0.0,0.0,0.0,0.0,0.0,1.0,0.0,0.0,0.0,0.0,0.0,1.0,0.0,0.0,0.0,1.0,0.0,0.0,0.0,1.0,0.0,0.0,1.0,0.0,0.0,0.0,0.0,0.0,0.0,0.0,0.0,0.0,1.0,1.0,0.0,0.0,0.0,0.0,1.0,0.0,0.0,1.0,0.0,1.0,0.0,0.0,0.0,0.0,0.0,1.0,0.0,0.0,0
0.026709776129070564,1.3695770818273965,1.0488723921218375,0.44096446875497947,0.40988340358952174,0.49888765837117444,1.6877302041807092,1.5027170058138397,-0.17440931183371247,0.233955331039913,1.375054432627609,-0.5461960240222598,1.6907387013655926,-0.7930762654777949,1.1528088495927336,-0.24614296472138883,0.9390329318963759,0.0,0.0,0.0,0.0,0.0,0.0,0.0,0.0,0.0,0.0,0.0,0.0,1.0,1.0,0.0,0.0,0.0,0.0,1.0,0.0,0.0,1.0,0.0,0.0,1.0,0.0,0.0,0.0,0.0,0.0,0.0,0.0,0.0,0.0,1.0,0.0,1.0,0.0,0.0,0.0,1.0,0.0,0.0,1.0,0.0,0.0,1.0,1.0,0.0,0.0,0.0,0.0,0.0,0.0,0
1.2612245321746443,-2.2511377494603435,0.80601047124687,0.009850646208549108,-0.9820732124589395,-0.9967912993099517,0.5062736571887462,0.6339612384361237,-0.17440931183371247,-1.019118400612531,1.8155886650711848,0.23781550455625436,0.25376887188608144,0.1999578999841798,-0.2212963746919413,-1.075838351422699,0.6090608871301594,0.0,0.0,0.0,0.0,0.0,0.0,0.0,0.0,1.0,0.0,0.0,0.0,0.0,0.0,1.0,0.0,0.0,1.0,0.0,1.0,0.0,0.0,0.0,0.0,0.0,1.0,0.0,0.0,0.0,1.0,0.0,0.0,0.0,0.0,0.0,0.0,0.0,1.0,0.0,0.0,1.0,0.0,0.0,0.0,1.0,1.0,0.0,0.0,0.0,0.0,0.0,1.0,0.0,0.0,1
-1.1923468953654506,0.8109250141126645,1.3774836636322496,0.3883732220473554,0.24115292617423648,0.49888765837117444,-0.05148987189821952,-0.19079781153993183,0.6171696394103273,0.233955331039913,0.006630118503325768,-0.5461960240222598,0.6130113292559592,0.24555640758192354,1.3491095959191157,-0.24614296472138883,-1.6867763555554218,0.0,0.0,1.0,0.0,0.0,0.0,0.0,0.0,0.0,0.0,0.0,0.0,0.0,0.0,0.0,1.0,0.0,0.0,1.0,0.0,0.0,1.0,0.0,0.0,1.0,0.0,0.0,0.0,0.0,0.0,0.0,0.0,1.0,0.0,0.0,0.0,1.0,0.0,0.0,0.0,0.0,0.0,1.0,0.0,1.0,1.0,0.0,1.0,0.0,0.0,0.0,0.0,0.0,0.0,0
1.1862804544484848,1.2046520440438495,-0.9663827477070894,0.1167088595524093,0.10871947129041147,0.49888765837117444,1.1551487443791613,1.1684382865686094,0.6171696394103273,-1.019118400612531,0.006630118503325768,-1.8864725846769428,1.1159507695737882,-0.29655918274680754,0.5639066106135872,-0.24614296472138883,0.09227927204656083,0.0,0.0,0.0,0.0,1.0,0.0,0.0,0.0,0.0,0.0,0.0,0.0,0.0,1.0,0.0,0.0,0.0,0.0,1.0,0.0,0.0,1.0,0.0,0.0,1.0,0.0,0.0,0.0,0.0,0.0,0.0,0.0,0.0,0.0,1.0,0.0,0.0,1.0,0.0,0.0,0.0,0.0,1.0,1.0,0.0,0.0,1.0,0.0,0.0,0.0,0.0,1.0,0.0,0.0,1
-0.9686709016461909,0.12959304121718368,0.4167485119683675,0.1167088595524093,1.0513602357948983,-0.9967912993099517,-0.0071755634536817435,-0.3067093881401315,0.6171696394103273,-1.019118400612531,0.006630118503325768,0.7940805366324234,-1.3987464320153564,-0.6917462485939199,1.1528088495927336,0.5835524219799213,1.045531845815631,0.0,0.0,0.0,0.0,0.0,0.0,0.0,0.0,1.0,0.0,0.0,0.0,0.0,0.0,1.0,0.0,0.0,0.0,1.0,1.0,0.0,0.0,0.0,0.0,1.0,0.0,0.0,0.0,0.0,0.0,0.0,1.0,0.0,0.0,0.0,0.0,0.0,0.0,1.0,0.0,1.0,0.0,0.0,1.0,0.0,0.0,1.0,0.0,0.0,0.0,0.0,1.0,0.0,0.0,0
-0.2395505220076757,-0.9070711792607816,-1.1423402837787076,-1.1372868238037945,-0.7755637979526826,2.4760676934617014,0.4385164450442539,0.680726082877589,-0.17440931183371247,0.233955331039913,0.006630118503325768,0.23781550455625436,-1.5424434149633075,0.31142091855644227,-2.1843038379557624,-0.24614296472138883,0.7085762657104469,0.0,1.0,0.0,0.0,0.0,0.0,0.0,0.0,0.0,0.0,0.0,0.0,0.0,0.0,1.0,0.0,0.0,1.0,0.0,0.0,0.0,1.0,0.0,0.0,0.0,0.0,1.0,1.0,0.0,0.0,0.0,0.0,0.0,0.0,0.0,0.0,1.0,0.0,0.0,0.0,0.0,0.0,1.0,1.0,0.0,1.0,0.0,0.0,0.0,0.0,0.0,0.0,0.0,1.0,0
1.027838255090099,0.6039154871210628,-0.23859410545326964,-1.990547322782121,-0.13408696574730583,-0.9967912993099517,0.35290322317932205,0.058843649457434935,-0.17440931183371247,0.9669564746953179,0.006630118503325768,0.7940805366324234,-0.4647160428536742,0.7015414835593609,0.9565081032663514,-1.075838351422699,1.1939319717686914,0.0,0.0,0.0,0.0,0.0,0.0,0.0,1.0,0.0,0.0,0.0,0.0,0.0,0.0,1.0,0.0,0.0,0.0,1.0,0.0,0.0,1.0,0.0,0.0,1.0,0.0,0.0,0.0,0.0,0.0,0.0,1.0,0.0,0.0,0.0,0.0,0.0,1.0,0.0,0.0,1.0,0.0,0.0,1.0,0.0,0.0,1.0,0.0,0.0,1.0,0.0,0.0,0.0,0.0,0
-1.0293916435567434,1.7408965000687318,0.06062982881427848,-0.1287363630087277,-0.13408696574730583,0.49888765837117444,0.011195800852035493,0.13196163169620384,-0.17440931183371247,-1.019118400612531,-1.3617941956209574,0.23781550455625436,0.9004052951518615,0.012497368749011112,1.1528088495927336,0.5835524219799213,1.2794802796710438,0.0,0.0,0.0,0.0,1.0,0.0,0.0,0.0,0.0,0.0,0.0,0.0,0.0,0.0,1.0,0.0,0.0,0.0,1.0,0.0,1.0,0.0,0.0,0.0,1.0,0.0,0.0,0.0,0.0,0.0,1.0,0.0,0.0,0.0,0.0,1.0,0.0,0.0,0.0,0.0,0.0,0.0,1.0,1.0,0.0,1.0,0.0,0.0,0.0,0.0,0.0,1.0,0.0,0.0,0
0.03395244451027179,-0.8734667532266382,-1.423273625232452,0.5035098731771052,0.24115292617423648,-0.9967912993099517,0.7973634200586678,0.5645714770916506,1.6144411763273727,0.9669564746953179,0.006630118503325768,0.23781550455625436,-0.10547358548379637,0.5495464582335484,-0.8101986136710877,1.4132478086812315,0.5776349781048054,0.0,0.0,0.0,0.0,0.0,0.0,0.0,0.0,0.0,0.0,0.0,1.0,0.0,0.0,1.0,0.0,0.0,0.0,1.0,0.0,0.0,1.0,0.0,0.0,0.0,1.0,0.0,0.0,0.0,0.0,0.0,1.0,0.0,0.0,0.0,0.0,0.0,1.0,0.0,0.0,1.0,0.0,0.0,1.0,0.0,0.0,1.0,0.0,0.0,0.0,0.0,0.0,0.0,1.0,0
0.8599514102136134,-0.391493730422379,1.2142218350920386,0.4788960043732394,0.3008804519518133,0.49888765837117444,-1.0760075917203082,-1.092640051113943,-0.17440931183371247,-1.019118400612531,0.006630118503325768,-0.5461960240222598,1.4033447354696904,-0.23576117261648255,-0.024995628365559186,0.5835524219799213,-0.8225638573581879,0.0,0.0,0.0,0.0,0.0,0.0,0.0,0.0,0.0,0.0,0.0,1.0,0.0,0.0,1.0,0.0,0.0,1.0,0.0,1.0,0.0,0.0,0.0,0.0,1.0,0.0,0.0,0.0,0.0,1.0,0.0,0.0,0.0,0.0,0.0,0.0,0.0,1.0,0.0,0.0,0.0,0.0,1.0,1.0,0.0,0.0,1.0,0.0,0.0,0.0,0.0,1.0,0.0,0.0,0
0.10869329948059517,-0.37471843159459833,-0.0666481935771456,0.009850646208549108,0.40988340358952174,1.3738037617323386,0.28214806681608945,0.25142524905448194,-1.5276224669815408,0.9669564746953179,0.8071070273410997,0.7940805366324234,-0.2491705684317475,0.6559429759616171,0.5639066106135872,1.4132478086812315,1.6269111627846795,0.0,0.0,0.0,0.0,1.0,0.0,0.0,0.0,0.0,0.0,0.0,0.0,0.0,1.0,0.0,0.0,0.0,0.0,1.0,0.0,0.0,1.0,0.0,0.0,1.0,0.0,0.0,0.0,0.0,0.0,0.0,0.0,0.0,1.0,0.0,0.0,0.0,0.0,1.0,0.0,1.0,0.0,0.0,1.0,0.0,1.0,0.0,0.0,0.0,0.0,0.0,1.0,0.0,0.0,0
1.3834272912921823,-0.11885953606502324,1.4275159556354249,-0.8299192253482364,-0.7755637979526826,1.9945666160523006,-1.5859876031323297,-1.5788210988372555,-0.17440931183371247,-1.019118400612531,-1.3617941956209574,-0.5461960240222598,-0.39286755137969864,-1.6797139132117007,-1.399100852650234,-0.24614296472138883,0.18481111528788083,0.0,0.0,0.0,0.0,0.0,0.0,0.0,0.0,0.0,1.0,0.0,0.0,0.0,1.0,0.0,0.0,0.0,0.0,1.0,0.0,1.0,0.0,0.0,1.0,0.0,0.0,0.0,0.0,0.0,0.0,0.0,0.0,0.0,0.0,1.0,0.0,1.0,0.0,0.0,0.0,0.0,0.0,1.0,1.0,0.0,1.0,0.0,0.0,0.0,0.0,0.0,1.0,0.0,0.0,1
-1.6745927473955637,-0.010462903108779882,1.5067232241947615,1.2492117307308206,-0.7755637979526826,0.49888765837117444,0.7633623910640408,0.5079862526140368,-0.17440931183371247,0.233955331039913,-1.3617941956209574,0.7940805366324234,-0.823958500223552,-2.059701476526232,-0.024995628365559186,-0.24614296472138883,1.4889863398400704,0.0,0.0,0.0,0.0,0.0,1.0,0.0,0.0,0.0,0.0,0.0,0.0,0.0,0.0,1.0,0.0,0.0,0.0,1.0,0.0,1.0,0.0,0.0,0.0,0.0,1.0,0.0,0.0,1.0,0.0,0.0,0.0,0.0,0.0,0.0,0.0,0.0,1.0,0.0,0.0,0.0,0.0,1.0,1.0,0.0,0.0,1.0,0.0,0.0,0.0,0.0,1.0,0.0,0.0,0
-0.7248218039993111,-0.3416418553368552,-1.423273625232452,-0.19362111745124067,0.10871947129041147,0.49888765837117444,-1.1014452656738694,-1.3154296798687377,-0.17440931183371247,-1.019118400612531,-1.3617941956209574,-0.5461960240222598,-0.5365645343276497,0.6812754801825859,1.3491095959191157,-1.075838351422699,1.6705582586532266,0.0,0.0,0.0,0.0,1.0,0.0,0.0,0.0,0.0,0.0,0.0,0.0,0.0,1.0,0.0,0.0,0.0,0.0,1.0,0.0,1.0,0.0,0.0,0.0,1.0,0.0,0.0,1.0,0.0,0.0,0.0,0.0,0.0,0.0,0.0,1.0,0.0,0.0,0.0,0.0,0.0,0.0,1.0,1.0,0.0,1.0,0.0,0.0,0.0,0.0,0.0,0.0,0.0,1.0,0
1.0849950087880567,-0.9184173403285021,-1.1423402837787076,-0.9518011328537236,-2.2650268768696926,-0.9967912993099517,0.9019076052416626,0.8800943030031261,-1.5276224669815408,-1.019118400612531,1.375054432627609,1.5780920652109374,-0.10547358548379637,-2.242095506917207,0.36760586428720504,1.4132478086812315,0.9477623510700854,0.0,0.0,0.0,0.0,1.0,0.0,0.0,0.0,0.0,0.0,0.0,0.0,0.0,1.0,0.0,0.0,0.0,0.0,1.0,0.0,0.0,1.0,0.0,1.0,0.0,0.0,0.0,0.0,0.0,0.0,0.0,0.0,0.0,0.0,1.0,1.0,0.0,0.0,0.0,0.0,0.0,0.0,1.0,1.0,0.0,0.0,1.0,0.0,1.0,0.0,0.0,0.0,0.0,0.0,0
0.16411333464712435,-1.9396864237564904,-0.3678336660157809,-0.047523501542739155,1.3553761131697037,0.49888765837117444,0.06103222031632599,-0.14531575113667825,-0.17440931183371247,0.9669564746953179,-1.3617941956209574,-1.8864725846769428,-1.1832009575934297,-0.43335470554003874,-0.024995628365559186,1.4132478086812315,-0.29181517159665427,0.0,0.0,0.0,1.0,0.0,0.0,0.0,0.0,0.0,0.0,0.0,0.0,0.0,1.0,0.0,0.0,0.0,0.0,1.0,0.0,1.0,0.0,0.0,0.0,1.0,0.0,0.0,0.0,0.0,0.0,0.0,1.0,0.0,0.0,0.0,0.0,0.0,1.0,0.0,0.0,0.0,0.0,1.0,1.0,0.0,1.0,0.0,0.0,0.0,0.0,0.0,1.0,0.0,0.0,0
0.026709776129070564,1.1354890450293778,-0.5506149604084367,1.4044805644026368,-2.2650268768696926,0.49888765837117444,0.751685304165611,1.0252485353691139,-0.17440931183371247,0.9669564746953179,1.375054432627609,0.7940805366324234,2.481072107579324,-0.9501377916478011,-0.024995628365559186,0.5835524219799213,1.5448546225518107,0.0,0.0,0.0,0.0,0.0,1.0,0.0,0.0,0.0,0.0,0.0,0.0,0.0,1.0,0.0,0.0,0.0,0.0,1.0,1.0,0.0,0.0,0.0,0.0,1.0,0.0,0.0,0.0,0.0,0.0,0.0,0.0,0.0,1.0,0.0,0.0,1.0,0.0,0.0,0.0,1.0,0.0,0.0,1.0,0.0,0.0,1.0,1.0,0.0,0.0,0.0,0.0,0.0,0.0,0
0.45132536767659565,-0.010462903108779882,1.4518057185968127,-0.02808088940971111,-0.9820732124589395,0.49888765837117444,-0.41444172975743054,-0.4061905234115494,-0.17440931183371247,1.8904287018766261,-1.3617941956209574,0.7940805366324234,1.1159507695737882,0.4532829421938672,-0.4175971210183234,-1.9055337381240092,-0.450690600558166,0.0,0.0,0.0,0.0,0.0,0.0,0.0,0.0,0.0,0.0,0.0,1.0,0.0,1.0,0.0,0.0,0.0,0.0,1.0,0.0,1.0,0.0,0.0,0.0,1.0,0.0,0.0,0.0,0.0,0.0,0.0,1.0,0.0,0.0,0.0,0.0,0.0,1.0,0.0,0.0,0.0,0.0,1.0,0.0,1.0,0.0,1.0,0.0,1.0,0.0,0.0,0.0,0.0,0.0,0
0.5694720425684394,-1.3851741366754624,-1.5913870217345818,-1.7972977893282913,-0.9820732124589395,0.49888765837117444,1.3643807523401807,1.4367336962220947,0.6171696394103273,0.233955331039913,0.8071070273410997,0.23781550455625436,0.7567083122039103,0.397551432907736,2.3306133275510263,1.4132478086812315,1.509936945856973,0.0,0.0,0.0,1.0,0.0,0.0,0.0,0.0,0.0,0.0,0.0,0.0,0.0,0.0,1.0,0.0,0.0,1.0,0.0,0.0,0.0,1.0,0.0,0.0,1.0,0.0,0.0,0.0,0.0,0.0,0.0,0.0,0.0,0.0,1.0,0.0,0.0,1.0,0.0,0.0,1.0,0.0,0.0,1.0,0.0,0.0,1.0,0.0,0.0,0.0,0.0,1.0,0.0,0.0,0
-0.5945837572565209,1.0036735439738735,0.6793022521365594,0.009850646208549108,-0.04588164091512093,0.49888765837117444,-0.13205318180859646,0.20274206748643536,-1.5276224669815408,1.487029062692357,-1.3617941956209574,-0.5461960240222598,-0.03362509400982082,-1.112265818662001,-1.2028001063238518,-1.9055337381240092,0.7050844980409632,0.0,0.0,0.0,0.0,1.0,0.0,0.0,0.0,0.0,0.0,0.0,0.0,0.0,0.0,1.0,0.0,0.0,0.0,1.0,0.0,1.0,0.0,0.0,0.0,1.0,0.0,0.0,0.0,0.0,0.0,0.0,0.0,0.0,0.0,1.0,0.0,0.0,1.0,0.0,0.0,1.0,0.0,0.0,1.0,0.0,0.0,1.0,0.0,0.0,0.0,0.0,1.0,0.0,0.0,0
-0.9107754239176911,-1.7287012632682843,-1.8950053071585076,0.783357569599129,-1.6235500446643159,0.49888765837117444,0.2117691603273212,-0.009312732434249727,0.6171696394103273,-1.019118400612531,0.8071070273410997,0.23781550455625436,0.4693143463080081,0.04796287465836735,-1.399100852650234,0.5835524219799213,0.28781826153765216,0.0,0.0,0.0,0.0,1.0,0.0,0.0,0.0,0.0,0.0,0.0,0.0,0.0,1.0,0.0,0.0,0.0,0.0,1.0,1.0,0.0,0.0,0.0,0.0,1.0,0.0,0.0,0.0,0.0,0.0,0.0,0.0,1.0,0.0,0.0,0.0,0.0,1.0,0.0,0.0,1.0,0.0,0.0,1.0,0.0,0.0,1.0,0.0,0.0,0.0,0.0,1.0,0.0,0.0,1
1.2293934277782095,-0.010462903108779882,0.5048249988082347,1.716124722962966,0.7851232955110645,0.49888765837117444,1.1779946037392817,0.9430425925518171,-0.17440931183371247,-1.019118400612531,-1.3617941956209574,-0.5461960240222598,0.8285568036778859,-0.5650837274890762,0.5639066106135872,-1.075838351422699,-1.0407993367009238,0.0,0.0,0.0,0.0,1.0,0.0,0.0,0.0,0.0,0.0,0.0,0.0,0.0,1.0,0.0,0.0,0.0,1.0,0.0,0.0,1.0,0.0,0.0,0.0,1.0,0.0,0.0,1.0,0.0,0.0,0.0,0.0,0.0,0.0,0.0,0.0,0.0,0.0,1.0,0.0,0.0,0.0,1.0,1.0,0.0,1.0,0.0,1.0,0.0,0.0,0.0,0.0,0.0,0.0,0
-0.06105768270316153,-1.136307262778326,-1.8950053071585076,-0.3354484878652693,-2.2650268768696926,1.3738037617323386,-0.4374306071026497,-0.23738862883596823,0.6171696394103273,1.8904287018766261,0.006630118503325768,0.23781550455625436,-0.10547358548379637,0.36715242784257346,-0.2212963746919413,1.4132478086812315,0.9530000025743111,0.0,0.0,0.0,0.0,1.0,0.0,0.0,0.0,0.0,0.0,0.0,0.0,0.0,1.0,0.0,0.0,0.0,0.0,1.0,0.0,0.0,1.0,0.0,0.0,1.0,0.0,0.0,0.0,0.0,0.0,1.0,0.0,0.0,0.0,0.0,0.0,0.0,1.0,0.0,0.0,0.0,0.0,1.0,0.0,1.0,1.0,0.0,0.0,0.0,0.0,0.0,1.0,0.0,0.0,0
0.17919871132126947,-0.162687223281544,0.1981095892439705,-1.990547322782121,-0.04588164091512093,0.49888765837117444,1.1689612897568833,1.1748399297219405,0.6171696394103273,-1.019118400612531,-1.3617941956209574,0.23781550455625436,1.3314962439957148,1.5527136253839107,-0.2212963746919413,-1.075838351422699,1.5885017184203578,0.0,0.0,0.0,0.0,0.0,0.0,0.0,0.0,1.0,0.0,0.0,0.0,0.0,1.0,0.0,0.0,0.0,1.0,0.0,0.0,1.0,0.0,0.0,0.0,0.0,1.0,0.0,0.0,0.0,1.0,0.0,0.0,0.0,0.0,0.0,0.0,1.0,0.0,0.0,0.0,1.0,0.0,0.0,1.0,0.0,0.0,1.0,0.0,1.0,0.0,0.0,0.0,0.0,0.0,0
0.40574599655640975,-1.175408338595238,-0.7187283569105664,-0.6851294763861162,0.676120343873356,-0.9967912993099517,1.2446900911999208,1.5309169426945002,-1.5276224669815408,0.233955331039913,2.1755313414653825,-0.5461960240222598,-0.10547358548379637,-1.3453248574949135,-1.0064993599974699,0.5835524219799213,-0.5676648174858724,0.0,0.0,0.0,0.0,0.0,0.0,1.0,0.0,0.0,0.0,0.0,0.0,0.0,0.0,1.0,0.0,0.0,0.0,1.0,0.0,0.0,1.0,0.0,0.0,1.0,0.0,0.0,0.0,0.0,0.0,0.0,0.0,1.0,0.0,0.0,0.0,1.0,0.0,0.0,0.0,1.0,0.0,0.0,1.0,0.0,0.0,1.0,0.0,0.0,1.0,0.0,0.0,0.0,0.0,0
0.13115831988846843,1.1390127728285195,1.2617361655996318,0.44096446875497947,0.882629758379613,1.9945666160523006,-0.5257665909784539,-0.27975720283659977,-1.5276224669815408,-1.019118400612531,0.8071070273410997,0.23781550455625436,-1.2550494490674053,1.1727260620693793,1.3491095959191157,-1.9055337381240092,-1.3480748916154959,0.0,0.0,0.0,0.0,0.0,0.0,0.0,1.0,0.0,0.0,0.0,0.0,0.0,0.0,1.0,0.0,0.0,0.0,1.0,1.0,0.0,0.0,0.0,1.0,0.0,0.0,0.0,0.0,0.0,0.0,0.0,0.0,0.0,1.0,0.0,0.0,0.0,1.0,0.0,0.0,1.0,0.0,0.0,1.0,0.0,1.0,0.0,0.0,0.0,0.0,1.0,0.0,0.0,0.0,1
-0.050708115052399395,-0.010462903108779882,-0.9663827477070894,1.426621109925897,1.3175971760787326,0.49888765837117444,0.06103222031632599,-0.19588443414163062,-1.5276224669815408,-1.019118400612531,0.006630118503325768,0.23781550455625436,-1.326897940541381,1.1271275544716357,1.1528088495927336,0.5835524219799213,-0.6689260799009018,0.0,0.0,0.0,0.0,0.0,0.0,0.0,0.0,1.0,0.0,0.0,0.0,0.0,1.0,0.0,0.0,0.0,1.0,0.0,1.0,0.0,0.0,0.0,0.0,1.0,0.0,0.0,0.0,0.0,0.0,0.0,0.0,0.0,0.0,1.0,0.0,1.0,0.0,0.0,0.0,1.0,0.0,0.0,1.0,0.0,0.0,1.0,0.0,0.0,0.0,0.0,1.0,0.0,0.0,0
-1.8475807860027398,-0.30115487677216135,0.10814415932187205,0.4912684024270363,1.9196869813972695,1.3738037617323386,-0.5160154865190196,-0.6874603458869954,0.6171696394103273,0.9669564746953179,0.006630118503325768,1.5780920652109374,0.325617363360057,0.7572729928454921,-1.5954015989766162,0.5835524219799213,0.2790888423639427,0.0,0.0,0.0,0.0,0.0,0.0,0.0,0.0,1.0,0.0,0.0,0.0,0.0,1.0,0.0,0.0,0.0,1.0,0.0,0.0,0.0,1.0,0.0,1.0,0.0,0.0,0.0,0.0,0.0,0.0,0.0,1.0,0.0,0.0,0.0,0.0,0.0,1.0,0.0,0.0,0.0,1.0,0.0,1.0,0.0,1.0,0.0,0.0,0.0,0.0,0.0,0.0,1.0,0.0,0
-0.29473569567725183,0.6695450573101225,-1.2749871003535849,0.8209806641568088,0.851255382798665,-0.9967912993099517,1.275681049543942,1.16277191845182,-1.5276224669815408,0.233955331039913,-1.3617941956209574,1.2255532164261718,-0.10547358548379637,-2.333292522112694,-0.6138978673447055,-0.24614296472138883,0.8552305078287654,0.0,0.0,0.0,0.0,0.0,0.0,0.0,0.0,1.0,0.0,0.0,0.0,0.0,1.0,0.0,0.0,0.0,1.0,0.0,0.0,1.0,0.0,0.0,0.0,0.0,1.0,0.0,0.0,0.0,0.0,0.0,0.0,0.0,0.0,1.0,1.0,0.0,0.0,0.0,0.0,1.0,0.0,0.0,1.0,0.0,0.0,1.0,0.0,0.0,0.0,1.0,0.0,0.0,0.0,1
0.026709776129070564,0.5056802598291569,1.2984973269552262,1.1209208971880174,-0.7755637979526826,0.49888765837117444,0.7008290190957525,0.8538819879975251,0.6171696394103273,0.233955331039913,0.006630118503325768,-1.8864725846769428,0.4693143463080081,2.140427723310385,-1.0064993599974699,-0.24614296472138883,0.07656631753388385,0.0,0.0,0.0,0.0,1.0,0.0,0.0,0.0,0.0,0.0,0.0,0.0,0.0,1.0,0.0,0.0,0.0,0.0,1.0,1.0,0.0,0.0,0.0,0.0,0.0,1.0,0.0,0.0,0.0,0.0,0.0,0.0,0.0,1.0,0.0,0.0,0.0,1.0,0.0,0.0,1.0,0.0,0.0,1.0,0.0,0.0,1.0,0.0,0.0,0.0,1.0,0.0,0.0,0.0,0
1.059915503419954,-2.4575914893214112,0.6340645593707459,-1.6317575612867619,1.889006090633086,0.49888765837117444,0.8133436169879401,1.1315564830248392,-0.17440931183371247,0.9669564746953179,1.375054432627609,0.23781550455625436,0.03822339746415475,0.6508764751174234,0.17130511796082293,0.5835524219799213,1.740393612042902,0.0,0.0,0.0,0.0,1.0,0.0,0.0,0.0,0.0,0.0,0.0,0.0,0.0,0.0,1.0,0.0,0.0,0.0,1.0,0.0,0.0,1.0,0.0,0.0,1.0,0.0,0.0,0.0,0.0,0.0,0.0,1.0,0.0,0.0,0.0,0.0,1.0,0.0,0.0,0.0,0.0,0.0,1.0,1.0,0.0,1.0,0.0,0.0,1.0,0.0,0.0,0.0,0.0,0.0,0
-1.1480078631957957,1.2215247005828633,-0.5905859470302397,0.8301983080730838,-1.2483101527427733,-0.9967912993099517,-0.5866566330579485,-0.5135084757574151,0.6171696394103273,0.9669564746953179,1.375054432627609,1.2255532164261718,0.03822339746415475,2.4646837773387853,-0.2212963746919413,0.5835524219799213,-0.6584507768924506,0.0,0.0,0.0,0.0,1.0,0.0,0.0,0.0,0.0,0.0,0.0,0.0,0.0,0.0,1.0,0.0,0.0,1.0,0.0,0.0,0.0,1.0,0.0,0.0,1.0,0.0,0.0,0.0,0.0,0.0,0.0,1.0,0.0,0.0,0.0,0.0,0.0,1.0,0.0,0.0,0.0,0.0,1.0,1.0,0.0,1.0,0.0,0.0,0.0,0.0,0.0,1.0,0.0,0.0,1
0.026709776129070564,0.3746000304649803,-1.0809144268831403,-2.100802919451452,-1.2483101527427733,1.3738037617323386,-0.031398562512949826,0.08188251944930923,-1.5276224669815408,-1.019118400612531,1.375054432627609,1.2255532164261718,2.481072107579324,0.012497368749011112,-0.2212963746919413,1.4132478086812315,1.1642519465780794,0.0,0.0,0.0,0.0,0.0,0.0,0.0,0.0,0.0,0.0,0.0,0.0,1.0,1.0,0.0,0.0,0.0,0.0,1.0,1.0,0.0,0.0,0.0,0.0,1.0,0.0,0.0,1.0,0.0,0.0,0.0,0.0,0.0,0.0,0.0,0.0,0.0,1.0,0.0,0.0,1.0,0.0,0.0,1.0,0.0,1.0,0.0,0.0,0.0,1.0,0.0,0.0,0.0,0.0,1
1.025670086705973,2.3167864486509795,-0.17863132870856746,-0.4685616310762956,-2.2650268768696926,1.3738037617323386,0.45237086007732474,0.4442364841351727,1.1788038433141157,-1.019118400612531,0.006630118503325768,0.7940805366324234,-0.17732207695777194,1.020731036743567,0.7602073569399693,-0.24614296472138883,0.16735227694046195,0.0,0.0,0.0,0.0,0.0,1.0,0.0,0.0,0.0,0.0,0.0,0.0,0.0,1.0,0.0,0.0,0.0,0.0,1.0,1.0,0.0,0.0,0.0,0.0,1.0,0.0,0.0,0.0,0.0,1.0,0.0,0.0,0.0,0.0,0.0,0.0,0.0,1.0,0.0,0.0,1.0,0.0,0.0,1.0,0.0,0.0,1.0,1.0,0.0,0.0,0.0,0.0,0.0,0.0,0
-0.07411686168696381,1.7804038517015504,0.28207271779377585,1.5060670708010877,-0.4641737345920091,-0.9967912993099517,-0.26037940334145615,0.0914317186682171,-1.5276224669815408,0.233955331039913,0.8071070273410997,2.134357097287106,-0.10547358548379637,-0.03310113884873262,0.36760586428720504,-0.24614296472138883,-0.8452603472098325,0.0,0.0,0.0,0.0,0.0,0.0,0.0,0.0,0.0,0.0,0.0,1.0,0.0,0.0,1.0,0.0,0.0,0.0,1.0,1.0,0.0,0.0,0.0,0.0,1.0,0.0,0.0,0.0,0.0,0.0,0.0,0.0,1.0,0.0,0.0,0.0,1.0,0.0,0.0,0.0,0.0,0.0,1.0,1.0,0.0,1.0,0.0,0.0,0.0,0.0,0.0,1.0,0.0,0.0,0
0.5505434900415291,0.77663450541247,-0.2082557620591248,0.3332767048622299,-0.4641737345920091,0.49888765837117444,0.7082686580021277,0.40747033482692935,0.6171696394103273,0.233955331039913,1.375054432627609,1.2255532164261718,0.1100718889381303,0.4735489455706422,-0.024995628365559186,-1.075838351422699,0.5566843720879028,0.0,0.0,0.0,0.0,1.0,0.0,0.0,0.0,0.0,0.0,0.0,0.0,0.0,0.0,1.0,0.0,0.0,1.0,0.0,1.0,0.0,0.0,0.0,0.0,1.0,0.0,0.0,0.0,0.0,0.0,0.0,0.0,0.0,0.0,1.0,0.0,0.0,1.0,0.0,0.0,1.0,0.0,0.0,1.0,0.0,0.0,1.0,0.0,0.0,0.0,0.0,1.0,0.0,0.0,0
-1.8696084112684892,1.350960359624968,1.2044999309668893,-0.2623626169803747,1.3366794076856743,0.49888765837117444,-1.0250230647897816,-1.0595300820161067,-0.17440931183371247,-1.019118400612531,-1.3617941956209574,0.23781550455625436,-0.4647160428536742,-0.39282269878648873,-0.8101986136710877,1.4132478086812315,0.2965476807113616,0.0,0.0,0.0,0.0,0.0,0.0,0.0,0.0,1.0,0.0,0.0,0.0,0.0,0.0,1.0,0.0,0.0,1.0,0.0,0.0,1.0,0.0,0.0,0.0,1.0,0.0,0.0,0.0,0.0,0.0,0.0,1.0,0.0,0.0,0.0,0.0,1.0,0.0,0.0,0.0,0.0,0.0,1.0,1.0,0.0,0.0,1.0,0.0,0.0,0.0,0.0,1.0,0.0,0.0,0
0.026709776129070564,0.03967461456236021,-0.4742897541412007,1.4537138749618528,-2.2650268768696926,-0.9967912993099517,-0.7561179235449449,-0.3643558721449377,-0.17440931183371247,-1.019118400612531,-1.3617941956209574,1.2255532164261718,-0.4647160428536742,3.2753239124097853,-1.0064993599974699,0.5835524219799213,-0.4576741358971335,0.0,1.0,0.0,0.0,0.0,0.0,0.0,0.0,0.0,0.0,0.0,0.0,0.0,0.0,1.0,0.0,0.0,0.0,1.0,0.0,1.0,0.0,0.0,0.0,0.0,0.0,1.0,0.0,0.0,0.0,0.0,0.0,0.0,1.0,0.0,0.0,1.0,0.0,0.0,0.0,1.0,0.0,0.0,1.0,0.0,0.0,1.0,1.0,0.0,0.0,0.0,0.0,0.0,0.0,0
0.2479516479916843,0.5750185515366694,2.348294375517354,-1.990547322782121,-1.6235500446643159,1.9945666160523006,-1.0774182855944858,-1.3874111540600127,1.6144411763273727,-1.019118400612531,0.8071070273410997,1.8761594147954188,0.1100718889381303,0.8839355139503358,-1.2028001063238518,-0.24614296472138883,0.5339878822362583,0.0,0.0,0.0,0.0,0.0,0.0,0.0,0.0,1.0,0.0,0.0,0.0,0.0,1.0,0.0,0.0,0.0,0.0,1.0,1.0,0.0,0.0,0.0,0.0,1.0,0.0,0.0,0.0,0.0,0.0,0.0,1.0,0.0,0.0,0.0,0.0,1.0,0.0,0.0,0.0,0.0,0.0,1.0,1.0,0.0,1.0,0.0,0.0,0.0,1.0,0.0,0.0,0.0,0.0,1
1.135674989100866,0.20315745364536417,1.7628482687952156,1.5413537165770248,0.1773030976133672,-0.9967912993099517,-0.27420274741931,-0.21649572483648524,-0.17440931183371247,-1.019118400612531,-1.3617941956209574,-0.5461960240222598,-1.0395039746454786,1.6793761464887542,-1.0064993599974699,-0.24614296472138883,0.03641098933482045,0.0,0.0,1.0,0.0,0.0,0.0,0.0,0.0,0.0,0.0,0.0,0.0,0.0,0.0,1.0,0.0,0.0,0.0,1.0,0.0,1.0,0.0,0.0,0.0,1.0,0.0,0.0,0.0,0.0,0.0,0.0,0.0,0.0,0.0,1.0,0.0,1.0,0.0,0.0,0.0,1.0,0.0,0.0,1.0,0.0,1.0,0.0,1.0,0.0,0.0,0.0,0.0,0.0,0.0,0
0.38231464781809504,-0.20763877093024166,-0.5118740474830508,0.6302523264503523,0.4599202078921603,-0.9967912993099517,-0.7446345728325352,-0.7471240158756325,-1.5276224669815408,-1.019118400612531,-1.3617941956209574,0.7940805366324234,-0.6802615172756009,-0.28642618105842005,-1.2028001063238518,-0.24614296472138883,0.01720626715265969,0.0,0.0,0.0,1.0,0.0,0.0,0.0,0.0,0.0,0.0,0.0,0.0,0.0,1.0,0.0,0.0,0.0,1.0,0.0,0.0,1.0,0.0,0.0,0.0,1.0,0.0,0.0,0.0,0.0,0.0,0.0,0.0,1.0,0.0,0.0,0.0,0.0,1.0,0.0,0.0,1.0,0.0,0.0,1.0,0.0,1.0,0.0,0.0,0.0,0.0,0.0,1.0,0.0,0.0,0
-0.6813023930601279,1.287436835104806,0.21963114456386534,1.8566379118203156,-1.2483101527427733,0.49888765837117444,-2.392544585553176,-2.1691593681805594,0.6171696394103273,-1.019118400612531,1.375054432627609,0.7940805366324234,-0.39286755137969864,0.8890020147945296,1.3491095959191157,-1.9055337381240092,1.1886943202644658,0.0,0.0,0.0,0.0,0.0,0.0,1.0,0.0,0.0,0.0,0.0,0.0,0.0,1.0,0.0,0.0,0.0,0.0,1.0,1.0,0.0,0.0,0.0,0.0,1.0,0.0,0.0,0.0,0.0,0.0,0.0,1.0,0.0,0.0,0.0,0.0,0.0,1.0,0.0,0.0,1.0,0.0,0.0,1.0,0.0,0.0,1.0,0.0,0.0,0.0,1.0,0.0,0.0,0.0,1
0.026709776129070564,0.10436920796142436,0.3220437044155789,0.16665078158300348,0.034643511667979465,-0.9967912993099517,1.3862964326613194,1.6674576289328535,-0.17440931183371247,0.233955331039913,0.006630118503325768,-1.8864725846769428,-1.1113524661194543,-2.333292522112694,1.3491095959191157,1.4132478086812315,-0.7946297160023177,0.0,0.0,1.0,0.0,0.0,0.0,0.0,0.0,0.0,0.0,0.0,0.0,0.0,0.0,1.0,0.0,0.0,0.0,1.0,1.0,0.0,0.0,0.0,0.0,1.0,0.0,0.0,0.0,0.0,0.0,0.0,0.0,0.0,1.0,0.0,1.0,0.0,0.0,0.0,0.0,1.0,0.0,0.0,1.0,0.0,0.0,1.0,1.0,0.0,0.0,0.0,0.0,0.0,0.0,0
-0.5945837572565209,0.9099469835345365,-0.6745490755800451,0.13359687029942127,0.750196303495788,0.49888765837117444,0.20295352486776705,-0.10236698353705435,-0.17440931183371247,-1.019118400612531,0.006630118503325768,-1.8864725846769428,2.481072107579324,-0.24589417430487004,-1.0064993599974699,1.4132478086812315,1.3912168450945246,0.0,1.0,0.0,0.0,0.0,0.0,0.0,0.0,0.0,0.0,0.0,0.0,0.0,1.0,0.0,0.0,0.0,0.0,1.0,1.0,0.0,0.0,0.0,0.0,1.0,0.0,0.0,0.0,0.0,0.0,1.0,0.0,0.0,0.0,0.0,0.0,0.0,0.0,1.0,0.0,0.0,0.0,1.0,1.0,0.0,1.0,0.0,0.0,0.0,0.0,0.0,1.0,0.0,0.0,0
-1.6464135434444682,-0.03436034549937497,1.1648437287768127,2.1665230481375173,-0.4641737345920091,-0.9967912993099517,-2.119755596278308,-2.465841680975537,-0.17440931183371247,0.9669564746953179,0.006630118503325768,0.7940805366324234,0.9722537866258371,-2.302893517047532,-1.0064993599974699,1.4132478086812315,-1.423147896509397,0.0,0.0,0.0,0.0,1.0,0.0,0.0,0.0,0.0,0.0,0.0,0.0,0.0,1.0,0.0,0.0,0.0,0.0,1.0,0.0,0.0,1.0,0.0,0.0,1.0,0.0,0.0,0.0,0.0,0.0,0.0,1.0,0.0,0.0,0.0,0.0,0.0,0.0,1.0,0.0,0.0,0.0,1.0,0.0,1.0,1.0,0.0,1.0,0.0,0.0,0.0,0.0,0.0,0.0,0
-0.2729830860663271,-1.370381295319137,1.2429450655922822,-1.7972977893282913,0.7138992809643273,-0.9967912993099517,0.06103222031632599,-0.09471761025504079,-1.5276224669815408,0.233955331039913,1.375054432627609,-1.8864725846769428,-0.17732207695777194,1.9124351853216668,-1.5954015989766162,0.5835524219799213,1.6530994203058078,0.0,0.0,0.0,0.0,0.0,1.0,0.0,0.0,0.0,0.0,0.0,0.0,0.0,1.0,0.0,0.0,0.0,0.0,1.0,0.0,0.0,1.0,0.0,0.0,1.0,0.0,0.0,0.0,0.0,0.0,0.0,0.0,1.0,0.0,0.0,0.0,0.0,1.0,0.0,0.0,0.0,0.0,1.0,1.0,0.0,0.0,1.0,0.0,0.0,0.0,1.0,0.0,0.0,0.0,0
0.0950170262731879,-0.5136427666545259,0.13124536394326805,-0.1715860094881732,-0.34059638025356326,-0.9967912993099517,1.2043605740567238,1.2501793137604638,-0.17440931183371247,-1.019118400612531,0.006630118503325768,0.23781550455625436,0.03822339746415475,-0.22562817092809506,0.5639066106135872,1.4132478086812315,1.6094523244372605,0.0,0.0,0.0,0.0,0.0,0.0,0.0,0.0,0.0,0.0,1.0,0.0,0.0,0.0,1.0,0.0,0.0,0.0,1.0,1.0,0.0,0.0,0.0,1.0,0.0,0.0,0.0,0.0,0.0,0.0,0.0,1.0,0.0,0.0,0.0,0.0,0.0,0.0,1.0,0.0,1.0,0.0,0.0,1.0,0.0,0.0,1.0,0.0,1.0,0.0,0.0,0.0,0.0,0.0,0
-0.5172589949962391,1.679914218685319,-0.812028836009737,-0.2623626169803747,-0.04588164091512093,-0.9967912993099517,-0.031163783069081498,0.2767966729921227,-1.5276224669815408,1.8904287018766261,-1.3617941956209574,-0.5461960240222598,1.4033447354696904,-0.20536216755132006,0.5639066106135872,1.4132478086812315,0.20750760513952538,0.0,0.0,0.0,0.0,1.0,0.0,0.0,0.0,0.0,0.0,0.0,0.0,0.0,1.0,0.0,0.0,0.0,1.0,0.0,0.0,1.0,0.0,0.0,0.0,1.0,0.0,0.0,0.0,0.0,1.0,0.0,0.0,0.0,0.0,0.0,0.0,1.0,0.0,0.0,0.0,1.0,0.0,0.0,1.0,0.0,1.0,0.0,0.0,0.0,0.0,0.0,1.0,0.0,0.0,0
-0.13878222920642952,0.6229188354674351,0.4348636493671937,1.0623358122479027,0.1773030976133672,0.49888765837117444,-1.733470739081597,-1.8687395128665267,-0.17440931183371247,1.8904287018766261,0.006630118503325768,1.2255532164261718,0.3974658548340326,3.082796880330423,-1.2028001063238518,-0.24614296472138883,0.460660761177099,0.0,0.0,0.0,0.0,0.0,0.0,0.0,0.0,1.0,0.0,0.0,0.0,0.0,0.0,1.0,0.0,0.0,0.0,1.0,0.0,0.0,1.0,0.0,0.0,1.0,0.0,0.0,0.0,0.0,0.0,0.0,0.0,1.0,0.0,0.0,0.0,1.0,0.0,0.0,0.0,1.0,0.0,0.0,1.0,0.0,0.0,1.0,1.0,0.0,0.0,0.0,0.0,0.0,0.0,0
1.6152057733994434,1.357187925993806,1.0707682540679861,-0.9518011328537236,1.6667661765303776,0.49888765837117444,-0.19049319774798068,-0.37150907652732135,-0.17440931183371247,0.233955331039913,1.375054432627609,-0.5461960240222598,-1.1113524661194543,-0.6664137443729512,0.36760586428720504,-0.24614296472138883,-1.482507946890621,0.0,0.0,0.0,0.0,0.0,0.0,0.0,0.0,0.0,0.0,1.0,0.0,0.0,0.0,1.0,0.0,0.0,0.0,1.0,0.0,0.0,1.0,0.0,0.0,1.0,0.0,0.0,0.0,0.0,1.0,0.0,0.0,0.0,0.0,0.0,0.0,1.0,0.0,0.0,0.0,0.0,0.0,1.0,1.0,0.0,1.0,0.0,0.0,0.0,0.0,0.0,1.0,0.0,0.0,0
0.42347462025118143,-1.048326471856237,1.037779982673563,-0.7919876897299764,1.278210149191893,1.3738037617323386,1.3270773260282134,1.0595838457433329,-1.5276224669815408,1.487029062692357,1.375054432627609,1.2255532164261718,0.03822339746415475,-0.6512142418403699,-0.6138978673447055,0.5835524219799213,-0.000252571194759176,0.0,0.0,0.0,0.0,0.0,0.0,0.0,0.0,1.0,0.0,0.0,0.0,0.0,0.0,1.0,0.0,0.0,0.0,1.0,0.0,0.0,1.0,0.0,0.0,0.0,1.0,0.0,0.0,0.0,0.0,1.0,0.0,0.0,0.0,0.0,0.0,1.0,0.0,0.0,0.0,1.0,0.0,0.0,1.0,0.0,0.0,1.0,0.0,0.0,1.0,0.0,0.0,0.0,0.0,0
0.883283162537516,-0.010462903108779882,0.5217243173504937,0.4149676850334555,1.3916731357011645,-0.9967912993099517,0.48154088665629746,0.3062967782901623,-1.5276224669815408,-1.019118400612531,-1.3617941956209574,1.2255532164261718,-0.10547358548379637,-0.38268969709810124,-0.6138978673447055,-1.075838351422699,-1.714710496911292,1.0,0.0,0.0,0.0,0.0,0.0,0.0,0.0,0.0,0.0,0.0,0.0,0.0,1.0,0.0,0.0,0.0,0.0,1.0,0.0,1.0,0.0,0.0,1.0,0.0,0.0,0.0,0.0,0.0,0.0,0.0,0.0,0.0,1.0,0.0,0.0,1.0,0.0,0.0,0.0,0.0,0.0,1.0,0.0,1.0,0.0,1.0,0.0,0.0,0.0,0.0,1.0,0.0,0.0,0
-1.1923468953654506,0.3304962176555305,-0.5118740474830508,0.009850646208549108,0.10871947129041147,1.3738037617323386,-0.9745370349642715,-0.711151010584904,0.6171696394103273,-1.019118400612531,-1.3617941956209574,-1.8864725846769428,0.325617363360057,1.8009721667494043,-0.2212963746919413,-0.24614296472138883,0.43971015516019635,0.0,0.0,0.0,0.0,1.0,0.0,0.0,0.0,0.0,0.0,0.0,0.0,0.0,0.0,1.0,0.0,0.0,0.0,1.0,0.0,1.0,0.0,0.0,0.0,1.0,0.0,0.0,0.0,0.0,0.0,0.0,0.0,1.0,0.0,0.0,0.0,0.0,0.0,1.0,0.0,1.0,0.0,0.0,0.0,1.0,0.0,1.0,0.0,0.0,0.0,0.0,1.0,0.0,0.0,0
-0.050708115052399395,-0.7763537291258696,0.5871406065190502,-0.41346511389116986,-0.9820732124589395,0.49888765837117444,-1.1328418918041112,-0.9077812871969207,-0.17440931183371247,-1.019118400612531,0.006630118503325768,1.5780920652109374,0.18192038041210587,-0.8842732806732824,-0.2212963746919413,0.5835524219799213,-1.3987055228230105,0.0,0.0,0.0,0.0,1.0,0.0,0.0,0.0,0.0,0.0,0.0,0.0,0.0,0.0,1.0,0.0,0.0,1.0,0.0,1.0,0.0,0.0,0.0,0.0,1.0,0.0,0.0,1.0,0.0,0.0,0.0,0.0,0.0,0.0,0.0,0.0,0.0,1.0,0.0,0.0,1.0,0.0,0.0,1.0,0.0,0.0,1.0,0.0,1.0,0.0,0.0,0.0,0.0,0.0,1
0.09730686746694796,-0.1700995603448151,0.21963114456386534,-0.995459453389766,0.40988340358952174,-0.9967912993099517,0.06852118464123848,0.183925179181243,0.6171696394103273,-1.019118400612531,0.8071070273410997,0.23781550455625436,-0.39286755137969864,0.012497368749011112,-0.8101986136710877,0.5835524219799213,1.4750192691621353,0.0,0.0,0.0,0.0,0.0,0.0,0.0,0.0,0.0,0.0,0.0,1.0,0.0,1.0,0.0,0.0,0.0,0.0,1.0,1.0,0.0,0.0,0.0,1.0,0.0,0.0,0.0,0.0,0.0,0.0,0.0,0.0,0.0,0.0,1.0,0.0,0.0,1.0,0.0,0.0,1.0,0.0,0.0,1.0,0.0,1.0,0.0,0.0,0.0,0.0,0.0,1.0,0.0,0.0,0
-0.03026365796568929,0.03307188284050989,0.28207271779377585,0.4663898480732562,0.9708350832117979,-0.9967912993099517,-1.8749864630011928,-1.5035804158642152,-0.17440931183371247,1.487029062692357,-1.3617941956209574,-0.5461960240222598,0.1100718889381303,1.385519097525517,0.7602073569399693,0.5835524219799213,1.6391323496278727,0.0,0.0,0.0,0.0,0.0,0.0,0.0,0.0,1.0,0.0,0.0,0.0,0.0,0.0,1.0,0.0,0.0,0.0,1.0,0.0,1.0,0.0,0.0,1.0,0.0,0.0,0.0,0.0,0.0,1.0,0.0,0.0,0.0,0.0,0.0,0.0,0.0,1.0,0.0,0.0,1.0,0.0,0.0,1.0,0.0,1.0,0.0,0.0,0.0,1.0,0.0,0.0,0.0,0.0,0
-1.7530141715018528,-2.4575914893214112,1.4756357106933387,-0.38687065090507,1.1013970400975368,1.3738037617323386,-0.41464363892423556,-0.6486076224428358,0.6171696394103273,-1.019118400612531,-1.3617941956209574,1.2255532164261718,0.18192038041210587,-1.1426648237271635,1.1528088495927336,1.4132478086812315,0.9634753055827624,0.0,0.0,0.0,0.0,0.0,0.0,0.0,0.0,0.0,0.0,0.0,1.0,0.0,1.0,0.0,0.0,0.0,0.0,1.0,0.0,1.0,0.0,0.0,1.0,0.0,0.0,0.0,0.0,0.0,0.0,0.0,0.0,1.0,0.0,0.0,0.0,1.0,0.0,0.0,0.0,0.0,0.0,1.0,1.0,0.0,0.0,1.0,0.0,0.0,0.0,0.0,1.0,0.0,0.0,0
0.17705482045911883,-0.010462903108779882,-0.6745490755800451,-0.7552605354707437,0.851255382798665,0.49888765837117444,0.5469502631542804,0.5763573090869416,-0.17440931183371247,0.233955331039913,-1.3617941956209574,0.23781550455625436,1.5470417184176415,-0.34215769034455124,0.5639066106135872,0.5835524219799213,-1.2433218615309827,0.0,0.0,0.0,0.0,0.0,0.0,0.0,0.0,0.0,0.0,0.0,1.0,0.0,0.0,1.0,0.0,0.0,0.0,1.0,0.0,1.0,0.0,0.0,0.0,1.0,0.0,0.0,0.0,0.0,0.0,0.0,0.0,1.0,0.0,0.0,0.0,0.0,1.0,0.0,0.0,0.0,0.0,1.0,1.0,0.0,0.0,1.0,0.0,0.0,0.0,0.0,0.0,1.0,0.0,0
-1.8920329519698194,0.5357330953371909,-0.3678336660157809,-0.8299192253482364,-2.2650268768696926,1.3738037617323386,-1.645635670706417,-1.4395798879862691,0.6171696394103273,0.9669564746953179,0.006630118503325768,0.7940805366324234,-0.5365645343276497,0.022630370437398607,0.5639066106135872,1.4132478086812315,-1.178724159645533,1.0,0.0,0.0,0.0,0.0,0.0,0.0,0.0,0.0,0.0,0.0,0.0,0.0,0.0,1.0,0.0,0.0,0.0,1.0,1.0,0.0,0.0,0.0,0.0,1.0,0.0,0.0,0.0,0.0,0.0,0.0,1.0,0.0,0.0,0.0,0.0,1.0,0.0,0.0,0.0,1.0,0.0,0.0,1.0,0.0,1.0,0.0,0.0,0.0,0.0,0.0,1.0,0.0,0.0,1
-1.9033985865580147,1.2547905177378127,0.5217243173504937,0.009850646208549108,-0.04588164091512093,-0.9967912993099517,-0.2688780911105264,-0.37317258071110315,-0.17440931183371247,-1.019118400612531,-1.3617941956209574,1.2255532164261718,-0.10547358548379637,-0.31175868527938877,0.9565081032663514,-0.24614296472138883,0.336703008910425,0.0,0.0,0.0,0.0,1.0,0.0,0.0,0.0,0.0,0.0,0.0,0.0,0.0,0.0,1.0,0.0,0.0,0.0,1.0,0.0,1.0,0.0,0.0,0.0,1.0,0.0,0.0,0.0,0.0,0.0,0.0,0.0,1.0,0.0,0.0,1.0,0.0,0.0,0.0,0.0,1.0,0.0,0.0,1.0,0.0,1.0,0.0,0.0,0.0,0.0,1.0,0.0,0.0,0.0,0
-1.3502672763706407,-0.055106387305802626,-1.022346642334492,-0.5564627506577629,1.0513602357948983,1.3738037617323386,-0.8146234007259399,-1.1230816248528008,0.6171696394103273,0.233955331039913,-1.3617941956209574,-1.8864725846769428,-0.823958500223552,-0.8133422688545698,1.1528088495927336,-0.24614296472138883,1.4296262894588463,0.0,0.0,0.0,0.0,0.0,0.0,1.0,0.0,0.0,0.0,0.0,0.0,0.0,1.0,0.0,0.0,0.0,0.0,1.0,0.0,1.0,0.0,0.0,0.0,0.0,1.0,0.0,0.0,0.0,1.0,0.0,0.0,0.0,0.0,0.0,0.0,0.0,1.0,0.0,0.0,0.0,0.0,1.0,1.0,0.0,0.0,1.0,0.0,0.0,0.0,0.0,1.0,0.0,0.0,0
0.1400319998190815,-0.5227022112749563,2.171155991779242,0.6302523264503523,0.5073898664580703,1.3738037617323386,-0.3994751644231089,-0.17153032349948721,-0.17440931183371247,0.233955331039913,1.375054432627609,-0.5461960240222598,0.3974658548340326,2.4596172764945914,-0.024995628365559186,0.5835524219799213,-0.0037443388642429496,0.0,0.0,0.0,0.0,0.0,0.0,0.0,0.0,0.0,0.0,1.0,0.0,0.0,1.0,0.0,0.0,0.0,0.0,1.0,1.0,0.0,0.0,0.0,0.0,1.0,0.0,0.0,1.0,0.0,0.0,0.0,0.0,0.0,0.0,0.0,1.0,0.0,0.0,0.0,0.0,0.0,0.0,1.0,1.0,0.0,1.0,0.0,0.0,0.0,0.0,0.0,1.0,0.0,0.0,0
2.2904422242354556,0.1482755656596622,2.1935983031090682,0.7144209434454529,0.5955951912902556,-0.9967912993099517,0.662230029914293,0.4802584471717311,1.1788038433141157,-1.019118400612531,0.8071070273410997,0.23781550455625436,-1.1832009575934297,1.1473935578484107,0.36760586428720504,0.5835524219799213,-1.3498207754502378,0.0,0.0,0.0,0.0,0.0,0.0,0.0,0.0,1.0,0.0,0.0,0.0,0.0,0.0,1.0,0.0,0.0,1.0,0.0,0.0,0.0,1.0,0.0,0.0,0.0,1.0,0.0,0.0,0.0,0.0,0.0,0.0,0.0,1.0,0.0,0.0,1.0,0.0,0.0,0.0,1.0,0.0,0.0,1.0,0.0,1.0,0.0,0.0,0.0,0.0,0.0,1.0,0.0,0.0,0
0.20043691167142003,0.8693653416605741,-0.40232843552956954,1.3646847121989916,0.10871947129041147,0.49888765837117444,-1.1318660120108903,-1.4458607404778059,0.6171696394103273,0.233955331039913,0.006630118503325768,1.8761594147954188,2.121829650209446,0.012497368749011112,-0.2212963746919413,1.4132478086812315,-0.606074261850194,0.0,0.0,0.0,0.0,1.0,0.0,0.0,0.0,0.0,0.0,0.0,0.0,0.0,0.0,1.0,0.0,0.0,0.0,1.0,0.0,0.0,1.0,0.0,0.0,1.0,0.0,0.0,0.0,0.0,0.0,0.0,0.0,0.0,0.0,1.0,0.0,0.0,1.0,0.0,0.0,1.0,0.0,0.0,1.0,0.0,1.0,0.0,0.0,0.0,0.0,0.0,0.0,0.0,1.0,0
1.288753573602931,-0.8081307316052964,1.1748754976163316,1.1766814833872772,-0.4641737345920091,0.49888765837117444,0.06103222031632599,-0.014898769952451386,0.6171696394103273,-1.019118400612531,-1.3617941956209574,1.2255532164261718,-0.10547358548379637,1.1777925629135733,0.5639066106135872,-0.24614296472138883,0.9285576288879247,0.0,0.0,0.0,0.0,0.0,0.0,0.0,0.0,0.0,0.0,0.0,1.0,0.0,1.0,0.0,0.0,0.0,0.0,1.0,0.0,1.0,0.0,0.0,0.0,1.0,0.0,0.0,0.0,0.0,1.0,0.0,0.0,0.0,0.0,0.0,0.0,0.0,1.0,0.0,0.0,1.0,0.0,0.0,1.0,0.0,0.0,1.0,0.0,0.0,0.0,0.0,1.0,0.0,0.0,0
-0.5708777388331997,0.7372385676671598,-1.8950053071585076,2.051050066669346,-0.23159342861585436,-0.9967912993099517,1.6706243933444855,1.4227512806007936,-0.17440931183371247,0.9669564746953179,-1.3617941956209574,1.2255532164261718,0.325617363360057,-1.456787876067176,-0.2212963746919413,0.5835524219799213,0.23544174649539557,0.0,0.0,0.0,0.0,0.0,0.0,0.0,0.0,1.0,0.0,0.0,0.0,0.0,1.0,0.0,0.0,0.0,1.0,0.0,0.0,1.0,0.0,0.0,0.0,1.0,0.0,0.0,0.0,1.0,0.0,0.0,0.0,0.0,0.0,0.0,0.0,0.0,0.0,1.0,0.0,0.0,0.0,1.0,1.0,0.0,1.0,0.0,0.0,0.0,0.0,0.0,0.0,0.0,1.0,0
-0.8214881012626409,1.2415598424812821,-1.1423402837787076,1.000624744818925,1.0252893443250009,-0.9967912993099517,0.8223361500993815,0.717155187136939,0.6171696394103273,-1.019118400612531,-1.3617941956209574,1.2255532164261718,-0.10547358548379637,0.15435939238643606,-0.6138978673447055,1.4132478086812315,-0.49608358026145505,0.0,0.0,0.0,0.0,1.0,0.0,0.0,0.0,0.0,0.0,0.0,0.0,0.0,0.0,1.0,0.0,0.0,0.0,1.0,0.0,1.0,0.0,0.0,0.0,1.0,0.0,0.0,0.0,0.0,1.0,0.0,0.0,0.0,0.0,0.0,0.0,0.0,1.0,0.0,0.0,1.0,0.0,0.0,1.0,0.0,0.0,1.0,0.0,0.0,0.0,0.0,1.0,0.0,0.0,0
-1.1418007264497851,-0.11166027652398555,-0.26968161895469217,-1.3583010865962881,1.2157962486842935,-0.9967912993099517,0.5499850726246206,0.9522521467508893,-0.17440931183371247,0.233955331039913,-1.3617941956209574,0.23781550455625436,-0.10547358548379637,0.09862788310030483,1.1528088495927336,-0.24614296472138883,-0.28832340392717054,0.0,0.0,0.0,0.0,0.0,0.0,0.0,0.0,1.0,0.0,0.0,0.0,0.0,1.0,0.0,0.0,0.0,1.0,0.0,0.0,1.0,0.0,0.0,0.0,1.0,0.0,0.0,0.0,0.0,0.0,0.0,0.0,0.0,0.0,1.0,0.0,0.0,1.0,0.0,0.0,1.0,0.0,0.0,1.0,0.0,1.0,0.0,0.0,1.0,0.0,0.0,0.0,0.0,0.0,0
0.7183155139707383,-2.066455709745591,-0.7645145055021436,0.1987864088803994,1.0252893443250009,-0.9967912993099517,0.4553757387372697,0.49123266161964463,-0.17440931183371247,-1.019118400612531,-1.3617941956209574,-1.8864725846769428,0.4693143463080081,-2.0951669824355883,-0.6138978673447055,-0.24614296472138883,0.39257129162216536,0.0,0.0,0.0,0.0,1.0,0.0,0.0,0.0,0.0,0.0,0.0,0.0,0.0,1.0,0.0,0.0,0.0,0.0,1.0,0.0,1.0,0.0,0.0,0.0,1.0,0.0,0.0,0.0,0.0,0.0,0.0,1.0,0.0,0.0,0.0,0.0,0.0,0.0,1.0,0.0,1.0,0.0,0.0,0.0,1.0,0.0,1.0,0.0,0.0,0.0,0.0,1.0,0.0,0.0,0
0.10415122021371286,-1.4456262680069176,0.819333138724141,-1.088053513244579,1.076716765635603,-0.9967912993099517,-0.1609469240332302,0.022256276395672597,-0.17440931183371247,-1.019118400612531,0.006630118503325768,0.7940805366324234,0.25376887188608144,1.081529046873892,0.7602073569399693,-1.075838351422699,-1.0861923164042129,0.0,0.0,0.0,0.0,0.0,0.0,0.0,0.0,0.0,0.0,0.0,1.0,0.0,0.0,1.0,0.0,0.0,1.0,0.0,0.0,0.0,1.0,0.0,0.0,1.0,0.0,0.0,0.0,0.0,1.0,0.0,0.0,0.0,0.0,0.0,0.0,0.0,1.0,0.0,0.0,1.0,0.0,0.0,1.0,0.0,0.0,1.0,0.0,0.0,0.0,0.0,0.0,0.0,1.0,0
1.2504024784370702,-0.010462903108779882,-1.022346642334492,1.4643757770794976,-0.23159342861585436,0.49888765837117444,-0.03987510591715866,-0.10167000263613814,1.1788038433141157,-1.019118400612531,1.8155886650711848,0.23781550455625436,-0.10547358548379637,-0.03310113884873262,1.1528088495927336,-0.24614296472138883,1.5954852537593254,0.0,0.0,0.0,0.0,0.0,0.0,0.0,0.0,1.0,0.0,0.0,0.0,0.0,0.0,0.0,0.0,1.0,1.0,0.0,1.0,0.0,0.0,0.0,1.0,0.0,0.0,0.0,0.0,0.0,0.0,0.0,1.0,0.0,0.0,0.0,1.0,0.0,0.0,0.0,0.0,1.0,0.0,0.0,1.0,0.0,1.0,0.0,0.0,0.0,1.0,0.0,0.0,0.0,0.0,0
-2.0106491716088715,0.7283623722682261,0.36078461734096456,0.4788960043732394,-0.13408696574730583,0.49888765837117444,0.16063492860364126,0.2494187738199291,-0.17440931183371247,-1.019118400612531,-1.3617941956209574,-0.5461960240222598,1.978132667261495,2.312688752012973,-0.6138978673447055,-0.24614296472138883,1.6426241172973564,0.0,0.0,0.0,0.0,1.0,0.0,0.0,0.0,0.0,0.0,0.0,0.0,0.0,0.0,1.0,0.0,0.0,0.0,1.0,0.0,1.0,0.0,0.0,0.0,1.0,0.0,0.0,0.0,0.0,1.0,0.0,0.0,0.0,0.0,0.0,1.0,0.0,0.0,0.0,0.0,0.0,1.0,0.0,1.0,0.0,0.0,1.0,0.0,0.0,1.0,0.0,0.0,0.0,0.0,0
0.4852845915974245,-0.03436034549937497,1.2142218350920386,-0.06729848207077124,0.5073898664580703,-0.9967912993099517,1.3083623385180294,1.4517252724560055,0.6171696394103273,-1.019118400612531,0.006630118503325768,-0.5461960240222598,-0.17732207695777194,-0.4029557004748762,-0.2212963746919413,-1.075838351422699,0.5235125792278069,0.0,0.0,0.0,0.0,0.0,0.0,1.0,0.0,0.0,0.0,0.0,0.0,0.0,0.0,1.0,0.0,0.0,0.0,1.0,1.0,0.0,0.0,0.0,1.0,0.0,0.0,0.0,0.0,0.0,0.0,1.0,0.0,0.0,0.0,0.0,1.0,0.0,0.0,0.0,0.0,0.0,0.0,1.0,1.0,0.0,0.0,1.0,0.0,1.0,0.0,0.0,0.0,0.0,0.0,0
-1.684129409675717,1.0817651244643471,-1.8950053071585076,-0.3354484878652693,1.2157962486842935,-0.9967912993099517,-0.9309446297196051,-1.1484314502624984,0.6171696394103273,-1.019118400612531,-1.3617941956209574,0.7940805366324234,1.6907387013655926,-1.0768003127526447,0.7602073569399693,1.4132478086812315,-0.8714486047309608,0.0,0.0,0.0,0.0,1.0,0.0,0.0,0.0,0.0,0.0,0.0,0.0,0.0,1.0,0.0,0.0,0.0,0.0,1.0,0.0,1.0,0.0,0.0,0.0,1.0,0.0,0.0,0.0,0.0,0.0,0.0,0.0,0.0,0.0,1.0,1.0,0.0,0.0,0.0,0.0,0.0,0.0,1.0,1.0,0.0,0.0,1.0,1.0,0.0,0.0,0.0,0.0,0.0,0.0,0
-0.14710686451072572,0.5207710754650071,0.9088415055342559,0.21452553862042256,0.4599202078921603,1.3738037617323386,-0.4594233215464258,-0.2567382710113173,-0.17440931183371247,0.9669564746953179,0.8071070273410997,0.7940805366324234,-0.8958069916975275,0.6711424784941984,-0.2212963746919413,0.5835524219799213,1.6915088646701293,0.0,0.0,0.0,0.0,0.0,0.0,0.0,0.0,0.0,1.0,0.0,0.0,0.0,1.0,0.0,0.0,0.0,0.0,1.0,1.0,0.0,0.0,0.0,0.0,1.0,0.0,0.0,0.0,0.0,0.0,0.0,0.0,0.0,0.0,1.0,0.0,0.0,1.0,0.0,0.0,1.0,0.0,0.0,1.0,0.0,1.0,0.0,1.0,0.0,0.0,0.0,0.0,0.0,0.0,0
-1.8475807860027398,-1.657866893869211,-0.2082557620591248,0.009850646208549108,-0.4641737345920091,0.49888765837117444,1.9181908253420634,1.6943090699978935,-0.17440931183371247,0.233955331039913,0.006630118503325768,-1.8864725846769428,0.18192038041210587,-0.01283513547195763,-0.8101986136710877,-0.24614296472138883,0.5898561649479986,0.0,0.0,0.0,0.0,1.0,0.0,0.0,0.0,0.0,0.0,0.0,0.0,0.0,0.0,1.0,0.0,0.0,0.0,1.0,0.0,0.0,1.0,0.0,0.0,1.0,0.0,0.0,0.0,0.0,0.0,0.0,1.0,0.0,0.0,0.0,0.0,0.0,1.0,0.0,0.0,1.0,0.0,0.0,1.0,0.0,0.0,1.0,0.0,1.0,0.0,0.0,0.0,0.0,0.0,0
-0.19247055029715227,-0.7554846150305914,0.945336244218635,0.4788960043732394,0.6367333169865165,-0.9967912993099517,1.9208030843635822,1.8037874904322408,-1.5276224669815408,-1.019118400612531,-1.3617941956209574,0.7940805366324234,2.121829650209446,0.33168692193321725,-0.8101986136710877,0.5835524219799213,0.09227927204656083,0.0,0.0,1.0,0.0,0.0,0.0,0.0,0.0,0.0,0.0,0.0,0.0,0.0,0.0,1.0,0.0,0.0,1.0,0.0,0.0,1.0,0.0,0.0,1.0,0.0,0.0,0.0,0.0,0.0,0.0,0.0,0.0,0.0,1.0,0.0,0.0,1.0,0.0,0.0,0.0,0.0,0.0,1.0,0.0,1.0,0.0,1.0,0.0,1.0,0.0,0.0,0.0,0.0,0.0,0
-0.46945734838134484,-0.29316848772825016,-0.7187283569105664,0.16665078158300348,-0.13408696574730583,-0.9967912993099517,1.3511015085134566,1.3982559456360557,1.6144411763273727,1.8904287018766261,0.006630118503325768,1.2255532164261718,-1.6142919064372832,0.275955412647086,0.17130511796082293,-0.24614296472138883,-0.6794013829093531,0.0,0.0,0.0,0.0,0.0,0.0,0.0,0.0,1.0,0.0,0.0,0.0,0.0,0.0,1.0,0.0,0.0,1.0,0.0,1.0,0.0,0.0,1.0,0.0,0.0,0.0,0.0,0.0,0.0,1.0,0.0,0.0,0.0,0.0,0.0,0.0,1.0,0.0,0.0,0.0,1.0,0.0,0.0,1.0,0.0,1.0,0.0,0.0,0.0,0.0,0.0,1.0,0.0,0.0,0
-0.07149404019414463,-0.8957979796715306,-0.30155624115829577,1.7456259841721928,1.1717186114282805,0.49888765837117444,-0.48131996383010195,-0.5184193856143636,0.6171696394103273,0.233955331039913,0.006630118503325768,1.5780920652109374,-0.823958500223552,0.0327633721257861,1.938011834898262,-1.075838351422699,-0.8330391603666393,0.0,0.0,0.0,0.0,1.0,0.0,0.0,0.0,0.0,0.0,0.0,0.0,0.0,1.0,0.0,0.0,0.0,0.0,1.0,0.0,0.0,1.0,0.0,0.0,1.0,0.0,0.0,0.0,0.0,0.0,0.0,0.0,0.0,1.0,0.0,0.0,1.0,0.0,0.0,0.0,1.0,0.0,0.0,1.0,0.0,1.0,0.0,0.0,0.0,1.0,0.0,0.0,0.0,0.0,0
1.457678790980283,0.8938268798175634,0.17621372729782228,1.3472011321867396,-0.7755637979526826,-0.9967912993099517,1.2330117775291995,1.3240048027450566,-0.17440931183371247,0.233955331039913,0.006630118503325768,0.7940805366324234,0.18192038041210587,0.21515740251676105,-0.4175971210183234,1.4132478086812315,0.7784116191001224,0.0,0.0,0.0,0.0,1.0,0.0,0.0,0.0,0.0,0.0,0.0,0.0,0.0,0.0,1.0,0.0,0.0,0.0,1.0,0.0,0.0,1.0,0.0,0.0,1.0,0.0,0.0,1.0,0.0,0.0,0.0,0.0,0.0,0.0,0.0,0.0,0.0,1.0,0.0,0.0,0.0,0.0,1.0,1.0,0.0,1.0,0.0,0.0,0.0,0.0,0.0,1.0,0.0,0.0,0
1.570495609167954,-0.7246394836094867,0.5711024236657201,1.9474858457724993,-0.34059638025356326,1.3738037617323386,-1.8457033311579059,-1.8016311391466722,1.6144411763273727,0.9669564746953179,0.006630118503325768,0.23781550455625436,1.978132667261495,0.7268739877803296,-0.024995628365559186,-0.24614296472138883,-0.4629117874013592,0.0,0.0,0.0,0.0,0.0,1.0,0.0,0.0,0.0,0.0,0.0,0.0,0.0,0.0,1.0,0.0,0.0,1.0,0.0,0.0,0.0,1.0,0.0,0.0,1.0,0.0,0.0,0.0,0.0,0.0,0.0,0.0,0.0,1.0,0.0,0.0,0.0,1.0,0.0,0.0,1.0,0.0,0.0,1.0,0.0,1.0,0.0,0.0,0.0,0.0,0.0,1.0,0.0,0.0,1
0.2336817154620033,-0.8296399791249797,-0.7645145055021436,0.23005339848663117,1.8464489172097729,2.8694827194134644,-2.3746172445021854,-2.664148193855041,-0.17440931183371247,1.487029062692357,1.375054432627609,1.2255532164261718,-0.10547358548379637,-1.2895933482087822,-0.6138978673447055,-0.24614296472138883,0.6981009627019956,0.0,0.0,0.0,0.0,0.0,0.0,0.0,0.0,1.0,0.0,0.0,0.0,0.0,1.0,0.0,0.0,0.0,0.0,1.0,0.0,0.0,1.0,0.0,0.0,0.0,1.0,0.0,0.0,0.0,0.0,1.0,0.0,0.0,0.0,0.0,0.0,0.0,1.0,0.0,0.0,0.0,0.0,1.0,1.0,0.0,0.0,1.0,0.0,0.0,0.0,0.0,1.0,0.0,0.0,0
1.1455679532591252,1.4302426124412213,-1.022346642334492,0.3883732220473554,0.35698583829276287,0.49888765837117444,0.7421188051971891,0.4886297074112761,1.1788038433141157,0.233955331039913,0.006630118503325768,1.8761594147954188,-1.1832009575934297,1.7756396625284354,1.7417110885718798,1.4132478086812315,0.36638303410103706,0.0,0.0,0.0,0.0,0.0,0.0,0.0,0.0,0.0,1.0,0.0,0.0,0.0,0.0,1.0,0.0,0.0,1.0,0.0,0.0,0.0,1.0,0.0,0.0,1.0,0.0,0.0,1.0,0.0,0.0,0.0,0.0,0.0,0.0,0.0,0.0,1.0,0.0,0.0,0.0,0.0,0.0,1.0,1.0,0.0,0.0,1.0,0.0,0.0,0.0,0.0,1.0,0.0,0.0,0
0.026709776129070564,0.20315745364536417,2.6386348366645214,0.9014089829064915,-0.23159342861585436,-0.9967912993099517,0.8462024707549647,0.8473400483081857,-0.17440931183371247,-1.019118400612531,-1.3617941956209574,0.23781550455625436,0.9004052951518615,0.6356769725848421,0.5639066106135872,-0.24614296472138883,-1.2642724675478854,0.0,0.0,0.0,0.0,1.0,0.0,0.0,0.0,0.0,0.0,0.0,0.0,0.0,0.0,1.0,0.0,0.0,1.0,0.0,0.0,1.0,0.0,0.0,0.0,0.0,1.0,0.0,0.0,0.0,0.0,0.0,1.0,0.0,0.0,0.0,0.0,0.0,1.0,0.0,0.0,1.0,0.0,0.0,0.0,1.0,0.0,1.0,0.0,0.0,0.0,0.0,1.0,0.0,0.0,0
0.345382313416837,0.6039154871210628,0.3797170091197587,1.5707656786198418,-2.2650268768696926,-0.9967912993099517,-1.0568594592958152,-0.8042379376903301,-0.17440931183371247,0.9669564746953179,0.006630118503325768,0.23781550455625436,-1.6861403979112588,-0.7221452536590823,-0.2212963746919413,0.5835524219799213,-0.19753744452059238,0.0,0.0,0.0,0.0,1.0,0.0,0.0,0.0,0.0,0.0,0.0,0.0,0.0,1.0,0.0,0.0,0.0,0.0,1.0,0.0,0.0,1.0,0.0,1.0,0.0,0.0,0.0,0.0,0.0,0.0,0.0,1.0,0.0,0.0,0.0,0.0,1.0,0.0,0.0,0.0,0.0,0.0,1.0,1.0,0.0,0.0,1.0,0.0,0.0,0.0,0.0,1.0,0.0,0.0,0
0.2192462622119632,-0.8845968091956891,-1.022346642334492,-0.3105699335114892,1.0252893443250009,-0.9967912993099517,-1.5030133047124814,-1.257775153012692,-0.17440931183371247,-1.019118400612531,0.006630118503325768,0.23781550455625436,2.3373751246313725,-0.9450712908036073,2.134312581224644,-1.075838351422699,1.5046992943527473,0.0,0.0,0.0,0.0,0.0,0.0,0.0,0.0,0.0,0.0,0.0,1.0,0.0,0.0,1.0,0.0,0.0,1.0,0.0,1.0,0.0,0.0,0.0,0.0,1.0,0.0,0.0,0.0,0.0,0.0,0.0,0.0,1.0,0.0,0.0,0.0,1.0,0.0,0.0,0.0,0.0,0.0,1.0,1.0,0.0,0.0,1.0,0.0,0.0,0.0,1.0,0.0,0.0,0.0,0
0.7389777761398987,0.07232032397798911,0.7085821840954115,-1.990547322782121,0.9129752784408443,-0.9967912993099517,2.220518893220641,2.2934263435033966,-1.5276224669815408,-1.019118400612531,0.8071070273410997,0.23781550455625436,-0.4647160428536742,1.020731036743567,-0.6138978673447055,0.5835524219799213,-0.19055390918162485,0.0,0.0,0.0,0.0,1.0,0.0,0.0,0.0,0.0,0.0,0.0,0.0,0.0,1.0,0.0,0.0,0.0,0.0,1.0,1.0,0.0,0.0,0.0,0.0,1.0,0.0,0.0,0.0,0.0,0.0,0.0,1.0,0.0,0.0,0.0,0.0,1.0,0.0,0.0,0.0,1.0,0.0,0.0,1.0,0.0,1.0,0.0,0.0,0.0,0.0,0.0,1.0,0.0,0.0,0
-0.010149630849987278,-0.14795591331319904,-0.9128010303810109,0.0645131704451016,0.10871947129041147,-0.9967912993099517,-0.1627393067631433,-0.02638117129556721,-1.5276224669815408,0.233955331039913,0.006630118503325768,-1.8864725846769428,0.9004052951518615,-0.8944062823616699,-1.5954015989766162,-0.24614296472138883,-1.3044277957469488,0.0,0.0,0.0,0.0,0.0,1.0,0.0,0.0,0.0,0.0,0.0,0.0,0.0,1.0,0.0,0.0,0.0,1.0,0.0,0.0,0.0,1.0,0.0,1.0,0.0,0.0,0.0,0.0,0.0,1.0,0.0,0.0,0.0,0.0,0.0,0.0,0.0,1.0,0.0,0.0,1.0,0.0,0.0,1.0,0.0,1.0,0.0,0.0,1.0,0.0,0.0,0.0,0.0,0.0,0
0.3015093385504869,-1.8599958843857192,-0.6745490755800451,-1.4869678123246417,-0.34059638025356326,0.49888765837117444,1.6777314557212506,1.4865863716746404,-0.17440931183371247,0.233955331039913,0.006630118503325768,0.23781550455625436,-0.6084130258016253,-0.40802220131906997,0.5639066106135872,0.5835524219799213,0.352415963423102,0.0,0.0,0.0,0.0,0.0,0.0,0.0,0.0,0.0,1.0,0.0,0.0,0.0,0.0,1.0,0.0,0.0,0.0,1.0,0.0,0.0,1.0,0.0,0.0,1.0,0.0,0.0,0.0,0.0,0.0,0.0,0.0,0.0,1.0,0.0,1.0,0.0,0.0,0.0,0.0,1.0,0.0,0.0,1.0,0.0,0.0,1.0,0.0,0.0,0.0,0.0,1.0,0.0,0.0,0
0.5788294425742151,-0.23055429777572273,-1.1423402837787076,-0.6851294763861162,-0.04588164091512093,0.49888765837117444,1.3129828544465174,1.2446278433822784,0.6171696394103273,-1.019118400612531,-1.3617941956209574,-1.8864725846769428,1.0441022780998126,1.8364376726587606,-0.024995628365559186,1.4132478086812315,-0.6759096152398694,0.0,0.0,0.0,0.0,0.0,0.0,0.0,0.0,0.0,0.0,0.0,0.0,1.0,0.0,1.0,0.0,0.0,0.0,1.0,0.0,1.0,0.0,0.0,0.0,1.0,0.0,0.0,0.0,0.0,0.0,0.0,0.0,0.0,1.0,0.0,0.0,1.0,0.0,0.0,0.0,1.0,0.0,0.0,1.0,0.0,0.0,1.0,0.0,0.0,1.0,0.0,0.0,0.0,0.0,0
0.49861300105241535,-0.8514164124999,-1.7854596952050261,1.5313811704125928,-0.34059638025356326,1.3738037617323386,-0.824002845973206,-0.9254426619881962,1.6144411763273727,0.233955331039913,0.8071070273410997,-0.5461960240222598,0.03822339746415475,-1.3554578591833009,1.7417110885718798,-1.075838351422699,-1.3812466844755917,0.0,0.0,0.0,0.0,0.0,0.0,0.0,0.0,0.0,0.0,1.0,0.0,0.0,0.0,1.0,0.0,0.0,1.0,0.0,1.0,0.0,0.0,0.0,0.0,0.0,1.0,0.0,0.0,0.0,0.0,0.0,0.0,0.0,0.0,1.0,0.0,0.0,0.0,1.0,0.0,1.0,0.0,0.0,1.0,0.0,1.0,0.0,0.0,0.0,0.0,0.0,1.0,0.0,0.0,0
0.5710365032869812,-1.4923739288327833,0.8964376581255955,-1.0408302956165845,-1.6235500446643159,0.49888765837117444,-1.61193306034049,-1.2594456738599253,-0.17440931183371247,0.233955331039913,1.8155886650711848,0.23781550455625436,-0.10547358548379637,0.007430867904817363,-0.024995628365559186,-0.24614296472138883,0.1917946506268484,0.0,0.0,0.0,0.0,0.0,1.0,0.0,0.0,0.0,0.0,0.0,0.0,0.0,1.0,0.0,0.0,0.0,0.0,1.0,1.0,0.0,0.0,0.0,0.0,1.0,0.0,0.0,1.0,0.0,0.0,0.0,0.0,0.0,0.0,0.0,0.0,0.0,1.0,0.0,0.0,0.0,0.0,1.0,1.0,0.0,0.0,1.0,0.0,1.0,0.0,0.0,0.0,0.0,0.0,0
0.2839116297314292,-1.1492442946056465,-0.9663827477070894,-0.06729848207077124,0.5073898664580703,-0.9967912993099517,-0.6899503490243696,-0.8078275545267912,-0.17440931183371247,0.233955331039913,-1.3617941956209574,0.23781550455625436,-0.6802615172756009,0.19489139913998604,1.938011834898262,1.4132478086812315,0.4414560389949382,0.0,0.0,0.0,0.0,1.0,0.0,0.0,0.0,0.0,0.0,0.0,0.0,0.0,0.0,1.0,0.0,0.0,0.0,1.0,0.0,1.0,0.0,0.0,0.0,1.0,0.0,0.0,1.0,0.0,0.0,0.0,0.0,0.0,0.0,0.0,0.0,1.0,0.0,0.0,0.0,0.0,0.0,1.0,1.0,0.0,0.0,1.0,0.0,0.0,0.0,0.0,1.0,0.0,0.0,0
-1.773416732330767,-0.39994196241038116,1.2238692411356764,-1.3583010865962881,-0.4641737345920091,0.49888765837117444,-1.4613581655051944,-1.1902765342881665,-1.5276224669815408,-1.019118400612531,0.8071070273410997,1.5780920652109374,0.25376887188608144,-0.0938991489790576,-1.9880030916293803,1.4132478086812315,-1.2782395382258205,0.0,0.0,0.0,0.0,0.0,0.0,1.0,0.0,0.0,0.0,0.0,0.0,0.0,1.0,0.0,0.0,0.0,0.0,1.0,1.0,0.0,0.0,0.0,0.0,1.0,0.0,0.0,0.0,0.0,0.0,0.0,0.0,0.0,1.0,0.0,0.0,1.0,0.0,0.0,0.0,0.0,0.0,1.0,1.0,0.0,0.0,1.0,0.0,1.0,0.0,0.0,0.0,0.0,0.0,0
0.577274753630356,-1.4766524601204656,-1.022346642334492,1.2619240365797506,0.24115292617423648,0.49888765837117444,-0.06503463642419198,-0.1431662705389192,-0.17440931183371247,0.233955331039913,0.8071070273410997,0.23781550455625436,0.25376887188608144,1.000465033366792,0.5639066106135872,0.5835524219799213,0.2982935645461035,0.0,0.0,0.0,0.0,1.0,0.0,0.0,0.0,0.0,0.0,0.0,0.0,0.0,0.0,1.0,0.0,0.0,0.0,1.0,1.0,0.0,0.0,0.0,0.0,1.0,0.0,0.0,0.0,0.0,0.0,0.0,0.0,0.0,1.0,0.0,0.0,1.0,0.0,0.0,0.0,1.0,0.0,0.0,0.0,1.0,1.0,0.0,0.0,0.0,1.0,0.0,0.0,0.0,0.0,0
1.5521518888756218,0.8528659447748546,-0.3678336660157809,1.05479957588179,0.1773030976133672,-0.9967912993099517,-2.5276810318326706,-2.795259091751533,-0.17440931183371247,0.233955331039913,-1.3617941956209574,-0.5461960240222598,-0.5365645343276497,-2.333292522112694,0.7602073569399693,-1.075838351422699,-0.2551516110670747,0.0,0.0,0.0,0.0,0.0,0.0,0.0,0.0,1.0,0.0,0.0,0.0,0.0,1.0,0.0,0.0,0.0,0.0,1.0,0.0,1.0,0.0,1.0,0.0,0.0,0.0,0.0,0.0,0.0,0.0,0.0,0.0,0.0,0.0,1.0,1.0,0.0,0.0,0.0,0.0,0.0,0.0,1.0,1.0,0.0,1.0,0.0,0.0,1.0,0.0,0.0,0.0,0.0,0.0,0
0.3092513749499967,0.17897736303157552,0.8712572121924061,1.0992976846150428,0.5525429895349099,0.49888765837117444,-0.4301705391114323,-0.37047030461716546,-1.5276224669815408,0.233955331039913,0.006630118503325768,-0.5461960240222598,1.6907387013655926,-0.8792067798290886,0.36760586428720504,-0.24614296472138883,0.876181113845668,0.0,0.0,0.0,0.0,0.0,0.0,0.0,0.0,0.0,0.0,0.0,1.0,0.0,0.0,1.0,0.0,0.0,1.0,0.0,1.0,0.0,0.0,0.0,1.0,0.0,0.0,0.0,0.0,0.0,1.0,0.0,0.0,0.0,0.0,0.0,0.0,0.0,1.0,0.0,0.0,1.0,0.0,0.0,1.0,0.0,0.0,1.0,0.0,0.0,0.0,0.0,0.0,1.0,0.0,0
-1.836711473789104,-1.4610707272239762,-0.17863132870856746,1.469670102983615,0.1773030976133672,0.49888765837117444,-0.8387846182972227,-0.5860092365942807,1.9703827945581553,0.233955331039913,-1.3617941956209574,-0.5461960240222598,-0.6084130258016253,2.2569572427268416,0.36760586428720504,-0.24614296472138883,1.6426241172973564,0.0,0.0,0.0,0.0,0.0,0.0,0.0,0.0,0.0,0.0,1.0,0.0,0.0,0.0,1.0,0.0,0.0,1.0,0.0,0.0,1.0,0.0,0.0,1.0,0.0,0.0,0.0,0.0,1.0,0.0,0.0,0.0,0.0,0.0,0.0,1.0,0.0,0.0,0.0,0.0,0.0,0.0,1.0,1.0,0.0,0.0,1.0,0.0,0.0,0.0,0.0,1.0,0.0,0.0,0
-0.3200704807283546,-1.6929263410295272,0.10814415932187205,-0.6190081550798886,-2.2650268768696926,0.49888765837117444,0.8123162993939741,0.7261538056011994,0.6171696394103273,-1.019118400612531,0.8071070273410997,0.7940805366324234,-0.10547358548379637,-0.6360147393077886,0.17130511796082293,0.5835524219799213,-1.4353690833525903,0.0,0.0,0.0,0.0,1.0,0.0,0.0,0.0,0.0,0.0,0.0,0.0,0.0,0.0,1.0,0.0,0.0,0.0,1.0,0.0,0.0,1.0,0.0,0.0,0.0,1.0,0.0,0.0,0.0,0.0,0.0,1.0,0.0,0.0,0.0,0.0,0.0,1.0,0.0,0.0,0.0,0.0,1.0,1.0,0.0,1.0,0.0,0.0,0.0,1.0,0.0,0.0,0.0,0.0,0
0.6556486757485213,1.1495416581165665,0.21963114456386534,-0.21608411822142587,-0.9820732124589395,1.3738037617323386,1.4022621258370291,1.2432910403911412,-1.5276224669815408,-1.019118400612531,-1.3617941956209574,0.7940805366324234,-1.2550494490674053,-1.6594479098349257,-0.2212963746919413,-1.075838351422699,-0.9308086551121849,0.0,0.0,0.0,0.0,0.0,0.0,0.0,0.0,1.0,0.0,0.0,0.0,0.0,0.0,1.0,0.0,0.0,0.0,1.0,0.0,1.0,0.0,0.0,0.0,1.0,0.0,0.0,0.0,0.0,0.0,0.0,0.0,0.0,0.0,1.0,1.0,0.0,0.0,0.0,0.0,1.0,0.0,0.0,1.0,0.0,1.0,0.0,0.0,1.0,0.0,0.0,0.0,0.0,0.0,1
0.7753267796991922,1.5231417073641729,-1.2749871003535849,1.4375344756862194,0.5525429895349099,1.3738037617323386,0.3951104176205392,0.5789268840925313,-0.17440931183371247,-1.019118400612531,2.1755313414653825,0.23781550455625436,-1.1113524661194543,1.4361841059674543,-0.024995628365559186,-1.9055337381240092,1.6775417939921942,0.0,0.0,0.0,0.0,0.0,0.0,0.0,0.0,0.0,0.0,0.0,1.0,0.0,0.0,1.0,0.0,0.0,0.0,1.0,1.0,0.0,0.0,0.0,0.0,0.0,1.0,0.0,1.0,0.0,0.0,0.0,0.0,0.0,0.0,0.0,0.0,0.0,0.0,0.0,1.0,1.0,0.0,0.0,1.0,0.0,0.0,1.0,0.0,0.0,0.0,0.0,0.0,0.0,1.0,1
0.7099535899864882,-1.0239793097825503,-0.04014236555699533,-1.3583010865962881,0.35698583829276287,0.49888765837117444,-1.0466844021911248,-1.276252027704325,1.1788038433141157,-1.019118400612531,0.8071070273410997,0.23781550455625436,0.18192038041210587,0.012497368749011112,0.5639066106135872,0.5835524219799213,0.6736585890156092,0.0,0.0,0.0,0.0,1.0,0.0,0.0,0.0,0.0,0.0,0.0,0.0,0.0,1.0,0.0,0.0,0.0,1.0,0.0,1.0,0.0,0.0,0.0,0.0,1.0,0.0,0.0,0.0,0.0,1.0,0.0,0.0,0.0,0.0,0.0,0.0,1.0,0.0,0.0,0.0,1.0,0.0,0.0,1.0,0.0,1.0,0.0,0.0,0.0,0.0,1.0,0.0,0.0,0.0,0
-0.651719681505409,-0.40843110411183897,-0.7187283569105664,0.18283018085863695,-0.606833320537397,-0.9967912993099517,1.7121331270824822,1.870842424633077,0.6171696394103273,0.9669564746953179,0.006630118503325768,-1.8864725846769428,-1.0395039746454786,0.39248493206354224,0.7602073569399693,0.5835524219799213,-0.281339868588203,0.0,0.0,0.0,0.0,0.0,1.0,0.0,0.0,0.0,0.0,0.0,0.0,0.0,1.0,0.0,0.0,0.0,0.0,1.0,1.0,0.0,0.0,0.0,0.0,1.0,0.0,0.0,1.0,0.0,0.0,0.0,0.0,0.0,0.0,0.0,1.0,0.0,0.0,0.0,0.0,1.0,0.0,0.0,1.0,0.0,1.0,0.0,0.0,0.0,0.0,0.0,1.0,0.0,0.0,0
-1.763173642921847,-0.5687152779766215,-0.6745490755800451,-1.088053513244579,0.5073898664580703,-0.9967912993099517,-1.625188281620212,-1.7442137238461843,1.1788038433141157,0.9669564746953179,-1.3617941956209574,0.23781550455625436,-0.32101905990572305,-0.7322782553474698,1.1528088495927336,-0.24614296472138883,1.172981365751789,0.0,0.0,1.0,0.0,0.0,0.0,0.0,0.0,0.0,0.0,0.0,0.0,0.0,1.0,0.0,0.0,0.0,1.0,0.0,0.0,1.0,0.0,0.0,0.0,1.0,0.0,0.0,0.0,0.0,0.0,0.0,0.0,0.0,0.0,1.0,0.0,1.0,0.0,0.0,0.0,1.0,0.0,0.0,1.0,0.0,1.0,0.0,0.0,1.0,0.0,0.0,0.0,0.0,0.0,0
-0.03534337251878917,0.12959304121718368,1.123897670211499,-1.990547322782121,0.5073898664580703,-0.9967912993099517,1.3563401173801093,1.3432892625828479,-0.17440931183371247,0.233955331039913,0.8071070273410997,0.7940805366324234,-0.39286755137969864,1.5577801262281044,0.7602073569399693,-0.24614296472138883,-0.8801780239046701,0.0,0.0,0.0,0.0,0.0,0.0,0.0,0.0,0.0,0.0,0.0,1.0,0.0,0.0,1.0,0.0,0.0,1.0,0.0,0.0,0.0,1.0,0.0,0.0,1.0,0.0,0.0,0.0,0.0,0.0,1.0,0.0,0.0,0.0,0.0,0.0,1.0,0.0,0.0,0.0,0.0,0.0,1.0,1.0,0.0,0.0,1.0,0.0,0.0,0.0,1.0,0.0,0.0,0.0,0
-0.9473050835418564,-1.20196879251576,-1.7854596952050261,0.4788960043732394,1.076716765635603,-0.9967912993099517,-0.6122259982787301,-0.3203154933138484,-1.5276224669815408,0.233955331039913,0.006630118503325768,0.23781550455625436,-0.32101905990572305,-0.5346847224239137,-0.4175971210183234,-1.9055337381240092,1.3056685371921721,0.0,0.0,0.0,0.0,1.0,0.0,0.0,0.0,0.0,0.0,0.0,0.0,0.0,1.0,0.0,0.0,0.0,1.0,0.0,0.0,0.0,1.0,0.0,0.0,1.0,0.0,0.0,0.0,0.0,0.0,0.0,1.0,0.0,0.0,0.0,0.0,0.0,1.0,0.0,0.0,1.0,0.0,0.0,1.0,0.0,0.0,1.0,0.0,0.0,0.0,0.0,0.0,0.0,1.0,0
-0.33941587031765974,-2.6001744437263192,-1.7854596952050261,-1.889891849183104,-1.6235500446643159,0.49888765837117444,1.0921161887007909,0.8079220772616877,-0.17440931183371247,-1.019118400612531,-1.3617941956209574,0.23781550455625436,-0.10547358548379637,1.1119280519390544,-0.4175971210183234,-1.075838351422699,-0.6951143374220301,0.0,0.0,0.0,0.0,0.0,0.0,0.0,0.0,1.0,0.0,0.0,0.0,0.0,1.0,0.0,0.0,0.0,0.0,1.0,0.0,1.0,0.0,0.0,0.0,1.0,0.0,0.0,0.0,0.0,0.0,0.0,0.0,0.0,0.0,1.0,0.0,1.0,0.0,0.0,0.0,1.0,0.0,0.0,1.0,0.0,1.0,0.0,0.0,0.0,1.0,0.0,0.0,0.0,0.0,0
0.026709776129070564,-0.1700995603448151,2.106101946988996,-1.4869678123246417,0.882629758379613,-0.9967912993099517,1.3459699810058745,1.4226548482457153,1.1788038433141157,0.9669564746953179,-1.3617941956209574,-0.5461960240222598,0.8285568036778859,0.012497368749011112,0.7602073569399693,-0.24614296472138883,1.295193234183721,0.0,0.0,0.0,0.0,1.0,0.0,0.0,0.0,0.0,0.0,0.0,0.0,0.0,1.0,0.0,0.0,0.0,1.0,0.0,0.0,1.0,0.0,0.0,0.0,1.0,0.0,0.0,0.0,0.0,1.0,0.0,0.0,0.0,0.0,0.0,1.0,0.0,0.0,0.0,0.0,1.0,0.0,0.0,0.0,1.0,1.0,0.0,0.0,0.0,0.0,0.0,1.0,0.0,0.0,0
0.026709776129070564,-0.38308601574506745,-0.861406942324963,0.009850646208549108,1.2370720234956316,-0.9967912993099517,0.6795074549902442,0.9570977393461205,0.6171696394103273,0.9669564746953179,-1.3617941956209574,0.23781550455625436,0.03822339746415475,0.053029375502561094,-1.7917023453029983,-0.24614296472138883,-0.6916225697525464,0.0,1.0,0.0,0.0,0.0,0.0,0.0,0.0,0.0,0.0,0.0,0.0,0.0,0.0,1.0,0.0,0.0,1.0,0.0,0.0,1.0,0.0,0.0,1.0,0.0,0.0,0.0,0.0,0.0,0.0,0.0,1.0,0.0,0.0,0.0,0.0,1.0,0.0,0.0,0.0,0.0,0.0,1.0,1.0,0.0,1.0,0.0,0.0,0.0,1.0,0.0,0.0,0.0,0.0,0
0.14444522549943387,-0.23055429777572273,0.6940273361154479,0.6302523264503523,0.24115292617423648,2.4760676934617014,-1.6353772539148452,-1.8546963819264588,-0.17440931183371247,1.8904287018766261,1.8155886650711848,0.23781550455625436,0.4693143463080081,-0.13949765657680133,-0.6138978673447055,-0.24614296472138883,-0.03517024788959691,0.0,0.0,0.0,0.0,0.0,0.0,0.0,0.0,1.0,0.0,0.0,0.0,0.0,1.0,0.0,0.0,0.0,1.0,0.0,0.0,0.0,1.0,0.0,0.0,1.0,0.0,0.0,0.0,1.0,0.0,0.0,0.0,0.0,0.0,0.0,0.0,1.0,0.0,0.0,0.0,0.0,0.0,1.0,1.0,0.0,1.0,0.0,0.0,0.0,1.0,0.0,0.0,0.0,0.0,0
0.3621376226520215,-0.6159686704147395,0.8455628442893777,1.4957842636207541,0.5955951912902556,1.3738037617323386,0.5894088844203837,0.801180092106814,0.6171696394103273,0.9669564746953179,0.006630118503325768,0.7940805366324234,-0.10547358548379637,-0.40802220131906997,-1.0064993599974699,-0.24614296472138883,-0.04389966706330635,0.0,0.0,0.0,0.0,0.0,1.0,0.0,0.0,0.0,0.0,0.0,0.0,0.0,1.0,0.0,0.0,0.0,0.0,1.0,0.0,0.0,1.0,0.0,0.0,1.0,0.0,0.0,1.0,0.0,0.0,0.0,0.0,0.0,0.0,0.0,0.0,1.0,0.0,0.0,0.0,1.0,0.0,0.0,1.0,0.0,0.0,1.0,0.0,0.0,1.0,0.0,0.0,0.0,0.0,0
-1.7837448276027517,-0.7451424858850405,0.7651750971361643,-1.990547322782121,1.0252893443250009,0.49888765837117444,-0.3938884021677274,-0.5203652665754944,1.1788038433141157,0.233955331039913,0.8071070273410997,-0.5461960240222598,-0.8958069916975275,-2.079967479903007,0.9565081032663514,-1.075838351422699,-1.0634958265525682,0.0,0.0,0.0,0.0,0.0,0.0,0.0,0.0,1.0,0.0,0.0,0.0,0.0,1.0,0.0,0.0,0.0,0.0,1.0,0.0,0.0,1.0,0.0,0.0,1.0,0.0,0.0,0.0,0.0,0.0,0.0,0.0,0.0,1.0,0.0,0.0,1.0,0.0,0.0,0.0,0.0,0.0,1.0,1.0,0.0,1.0,0.0,0.0,1.0,0.0,0.0,0.0,0.0,0.0,0
-1.2860653340427943,0.48023658620085363,0.5048249988082347,0.18283018085863695,-0.606833320537397,-0.9967912993099517,0.7245075629836962,0.9116229527241461,-1.5276224669815408,-1.019118400612531,-1.3617941956209574,-0.5461960240222598,1.1159507695737882,0.6052779675196797,-0.4175971210183234,0.5835524219799213,1.3143979563658816,0.0,0.0,0.0,0.0,0.0,0.0,0.0,0.0,1.0,0.0,0.0,0.0,0.0,1.0,0.0,0.0,0.0,0.0,1.0,0.0,1.0,0.0,0.0,0.0,1.0,0.0,0.0,0.0,0.0,0.0,0.0,0.0,0.0,0.0,1.0,0.0,0.0,1.0,0.0,0.0,1.0,0.0,0.0,1.0,0.0,1.0,0.0,0.0,1.0,0.0,0.0,0.0,0.0,0.0,0
1.0766912025842172,0.0787771440173592,0.21963114456386534,-0.4406853860301315,-0.606833320537397,1.3738037617323386,-0.2480369804917727,-0.0021139017117452704,1.6144411763273727,-1.019118400612531,0.006630118503325768,-0.5461960240222598,0.5411628377819837,0.012497368749011112,0.7602073569399693,1.4132478086812315,-0.8697027208962188,0.0,0.0,0.0,0.0,0.0,0.0,0.0,0.0,0.0,1.0,0.0,0.0,0.0,0.0,1.0,0.0,0.0,0.0,1.0,0.0,0.0,1.0,0.0,0.0,1.0,0.0,0.0,0.0,0.0,0.0,0.0,0.0,0.0,0.0,1.0,1.0,0.0,0.0,0.0,0.0,1.0,0.0,0.0,1.0,0.0,0.0,1.0,0.0,0.0,0.0,1.0,0.0,0.0,0.0,0
-0.9211035191896759,1.5203119070255593,-0.5118740474830508,0.4663898480732562,0.034643511667979465,0.49888765837117444,-1.7108476082021284,-1.4858192476743504,-0.17440931183371247,1.487029062692357,-1.3617941956209574,0.23781550455625436,0.7567083122039103,1.0460635409645358,1.1528088495927336,-0.24614296472138883,-1.5540891841150386,0.0,0.0,0.0,0.0,1.0,0.0,0.0,0.0,0.0,0.0,0.0,0.0,0.0,1.0,0.0,0.0,0.0,0.0,1.0,0.0,1.0,0.0,0.0,0.0,1.0,0.0,0.0,0.0,0.0,0.0,0.0,1.0,0.0,0.0,0.0,0.0,0.0,0.0,1.0,0.0,0.0,0.0,1.0,1.0,0.0,0.0,1.0,0.0,0.0,0.0,1.0,0.0,0.0,0.0,0
0.0950170262731879,-0.5409627714290545,1.2984973269552262,0.8209806641568088,-0.13408696574730583,0.49888765837117444,-1.3447647720614568,-1.0484890515945886,1.1788038433141157,1.487029062692357,1.375054432627609,2.134357097287106,-0.6802615172756009,-0.13443115573260758,-1.0064993599974699,-0.24614296472138883,-1.0495287558746331,0.0,0.0,0.0,0.0,0.0,0.0,0.0,0.0,1.0,0.0,0.0,0.0,0.0,0.0,1.0,0.0,0.0,0.0,1.0,1.0,0.0,0.0,0.0,0.0,1.0,0.0,0.0,0.0,0.0,0.0,0.0,1.0,0.0,0.0,0.0,0.0,1.0,0.0,0.0,0.0,1.0,0.0,0.0,1.0,0.0,0.0,1.0,0.0,0.0,1.0,0.0,0.0,0.0,0.0,0
0.3378624818510154,-0.559415541420451,0.4348636493671937,-1.2425237219686571,0.5525429895349099,-0.9967912993099517,1.0189458091354657,0.9340869883833437,0.6171696394103273,0.9669564746953179,0.8071070273410997,-0.5461960240222598,1.6907387013655926,0.35701942615418597,0.9565081032663514,1.4132478086812315,1.232341416133013,0.0,0.0,0.0,0.0,1.0,0.0,0.0,0.0,0.0,0.0,0.0,0.0,0.0,1.0,0.0,0.0,0.0,0.0,1.0,0.0,0.0,1.0,0.0,0.0,1.0,0.0,0.0,0.0,0.0,0.0,0.0,1.0,0.0,0.0,0.0,0.0,0.0,1.0,0.0,0.0,0.0,0.0,1.0,1.0,0.0,1.0,0.0,0.0,0.0,0.0,0.0,1.0,0.0,0.0,0
2.5147912694854986,-0.7246394836094867,-2.014998948602723,0.009850646208549108,0.9984626704981394,-0.9967912993099517,-0.1889281595461838,-0.43397206135986843,-0.17440931183371247,-1.019118400612531,-1.3617941956209574,0.7940805366324234,1.1159507695737882,0.012497368749011112,1.3491095959191157,0.5835524219799213,-1.5977362799835857,0.0,0.0,0.0,0.0,0.0,0.0,1.0,0.0,0.0,0.0,0.0,0.0,0.0,0.0,1.0,0.0,0.0,0.0,1.0,0.0,1.0,0.0,0.0,0.0,1.0,0.0,0.0,0.0,0.0,0.0,0.0,0.0,0.0,0.0,1.0,0.0,0.0,1.0,0.0,0.0,1.0,0.0,0.0,1.0,0.0,1.0,0.0,0.0,0.0,0.0,0.0,1.0,0.0,0.0,0
0.2839116297314292,-0.8845968091956891,2.5479749884522693,-1.0408302956165845,0.3008804519518133,0.49888765837117444,0.7864027940051089,0.6442638181279424,-1.5276224669815408,0.233955331039913,0.8071070273410997,1.5780920652109374,-1.6861403979112588,-0.7373447561916636,1.7417110885718798,-0.24614296472138883,0.5881102811132567,0.0,0.0,0.0,0.0,0.0,0.0,0.0,0.0,1.0,0.0,0.0,0.0,0.0,1.0,0.0,0.0,0.0,0.0,1.0,0.0,0.0,1.0,0.0,0.0,0.0,1.0,0.0,0.0,0.0,0.0,0.0,0.0,0.0,0.0,1.0,0.0,1.0,0.0,0.0,0.0,1.0,0.0,0.0,1.0,0.0,1.0,0.0,0.0,0.0,0.0,0.0,1.0,0.0,0.0,0
-1.1988119921782388,-0.7246394836094867,-0.7187283569105664,-1.889891849183104,-1.6235500446643159,-0.9967912993099517,-1.145914447168657,-0.7781232497002849,-0.17440931183371247,0.233955331039913,-1.3617941956209574,-1.8864725846769428,-1.7579888893852342,0.012497368749011112,0.9565081032663514,-0.24614296472138883,1.2445626029762062,0.0,1.0,0.0,0.0,0.0,0.0,0.0,0.0,0.0,0.0,0.0,0.0,0.0,0.0,1.0,0.0,0.0,0.0,1.0,0.0,1.0,0.0,0.0,0.0,1.0,0.0,0.0,0.0,0.0,0.0,0.0,0.0,0.0,0.0,1.0,0.0,0.0,1.0,0.0,0.0,1.0,0.0,0.0,1.0,0.0,0.0,1.0,0.0,0.0,0.0,0.0,1.0,0.0,0.0,0
-1.6279757493592042,-0.30115487677216135,0.2407909758967492,-0.8299192253482364,-1.2483101527427733,0.49888765837117444,0.8504341096313012,0.9440979245951782,0.6171696394103273,1.487029062692357,-1.3617941956209574,-0.5461960240222598,-1.0395039746454786,-0.48908621482617,-0.2212963746919413,0.5835524219799213,-0.5676648174858724,1.0,0.0,0.0,0.0,0.0,0.0,0.0,0.0,0.0,0.0,0.0,0.0,0.0,1.0,0.0,0.0,0.0,1.0,0.0,0.0,1.0,0.0,0.0,0.0,1.0,0.0,0.0,0.0,0.0,0.0,0.0,0.0,0.0,0.0,1.0,0.0,0.0,1.0,0.0,0.0,1.0,0.0,0.0,0.0,1.0,1.0,0.0,0.0,0.0,0.0,0.0,1.0,0.0,0.0,0
0.026709776129070564,0.2737588225444337,1.651593246764957,-0.23899195967805917,-0.7755637979526826,0.49888765837117444,0.6927720393873232,0.48388568198263965,-0.17440931183371247,0.233955331039913,-1.3617941956209574,-0.5461960240222598,2.481072107579324,-0.01283513547195763,-0.2212963746919413,-1.9055337381240092,0.08878750437707705,0.0,0.0,0.0,0.0,0.0,0.0,0.0,0.0,0.0,0.0,0.0,0.0,1.0,1.0,0.0,0.0,0.0,1.0,0.0,0.0,1.0,0.0,0.0,0.0,1.0,0.0,0.0,0.0,0.0,0.0,0.0,0.0,0.0,1.0,0.0,0.0,0.0,0.0,1.0,0.0,1.0,0.0,0.0,1.0,0.0,1.0,0.0,0.0,1.0,0.0,0.0,0.0,0.0,0.0,0
0.2377755623696713,0.6969369204376138,0.3983689106828149,-0.360873867183546,0.10871947129041147,-0.9967912993099517,-0.24406541580093824,-0.20760160317255197,-0.17440931183371247,0.233955331039913,0.8071070273410997,0.7940805366324234,-2.0453828552811366,1.5679131279164917,0.17130511796082293,1.4132478086812315,0.6998468465367375,0.0,0.0,0.0,0.0,1.0,0.0,0.0,0.0,0.0,0.0,0.0,0.0,0.0,1.0,0.0,0.0,0.0,0.0,1.0,0.0,0.0,1.0,0.0,0.0,1.0,0.0,0.0,0.0,0.0,0.0,0.0,0.0,0.0,0.0,1.0,0.0,1.0,0.0,0.0,0.0,0.0,0.0,1.0,1.0,0.0,1.0,0.0,0.0,0.0,1.0,0.0,0.0,0.0,0.0,0
0.7885244467261122,-0.4867419898266078,0.4876957505186224,0.028359972134558573,0.034643511667979465,0.49888765837117444,-0.5263101757587076,-0.7424815035311215,1.1788038433141157,-1.019118400612531,0.006630118503325768,-0.5461960240222598,-0.6084130258016253,0.6508764751174234,0.17130511796082293,0.5835524219799213,1.572788763907681,0.0,0.0,0.0,0.0,1.0,0.0,0.0,0.0,0.0,0.0,0.0,0.0,0.0,0.0,1.0,0.0,0.0,0.0,1.0,1.0,0.0,0.0,1.0,0.0,0.0,0.0,0.0,0.0,0.0,0.0,1.0,0.0,0.0,0.0,0.0,0.0,1.0,0.0,0.0,0.0,1.0,0.0,0.0,1.0,0.0,0.0,1.0,1.0,0.0,0.0,0.0,0.0,0.0,0.0,0
-1.5396743033317286,-0.013856943561631216,-0.7645145055021436,0.009850646208549108,-0.13408696574730583,-0.9967912993099517,1.4749053522702245,1.2441582890008815,-0.17440931183371247,0.233955331039913,0.006630118503325768,0.7940805366324234,-0.7521100087495765,-0.2914926819026138,-0.6138978673447055,-0.24614296472138883,1.647861768801582,0.0,0.0,0.0,0.0,0.0,0.0,1.0,0.0,0.0,0.0,0.0,0.0,0.0,1.0,0.0,0.0,0.0,1.0,0.0,1.0,0.0,0.0,0.0,0.0,1.0,0.0,0.0,0.0,0.0,0.0,0.0,1.0,0.0,0.0,0.0,0.0,0.0,1.0,0.0,0.0,1.0,0.0,0.0,1.0,0.0,1.0,0.0,1.0,0.0,0.0,0.0,0.0,0.0,0.0,0
0.29762018433012827,-0.4778660191310653,0.8455628442893777,-0.6851294763861162,0.5955951912902556,0.49888765837117444,0.437255817514169,0.4449068145809412,1.6144411763273727,1.8904287018766261,-1.3617941956209574,-1.8864725846769428,0.3974658548340326,-0.017901636316151378,-0.2212963746919413,1.4132478086812315,-0.7090814080999652,0.0,0.0,1.0,0.0,0.0,0.0,0.0,0.0,0.0,0.0,0.0,0.0,0.0,0.0,1.0,0.0,0.0,0.0,1.0,0.0,1.0,0.0,0.0,0.0,0.0,1.0,0.0,0.0,0.0,0.0,0.0,0.0,0.0,1.0,0.0,0.0,0.0,1.0,0.0,0.0,0.0,0.0,1.0,1.0,0.0,1.0,0.0,0.0,0.0,0.0,0.0,0.0,0.0,1.0,0
1.333606295845664,0.9691106338342954,-0.40232843552956954,-1.4869678123246417,0.10871947129041147,1.3738037617323386,0.6930138936904937,0.8723744242422481,0.6171696394103273,-1.019118400612531,-1.3617941956209574,-1.8864725846769428,0.325617363360057,1.1271275544716357,-0.2212963746919413,-0.24614296472138883,-1.22237125551408,0.0,0.0,0.0,0.0,0.0,0.0,0.0,0.0,0.0,0.0,0.0,1.0,0.0,0.0,1.0,0.0,0.0,0.0,1.0,0.0,1.0,0.0,0.0,0.0,1.0,0.0,0.0,0.0,0.0,1.0,0.0,0.0,0.0,0.0,0.0,0.0,0.0,1.0,0.0,0.0,0.0,0.0,1.0,1.0,0.0,1.0,0.0,0.0,0.0,0.0,0.0,1.0,0.0,0.0,0
-1.4102561580203417,-0.15530609483689803,1.602762404239322,0.5857542177170993,0.851255382798665,2.4760676934617014,-0.58134632477286,-0.25615998684831687,-1.5276224669815408,-1.019118400612531,-1.3617941956209574,0.23781550455625436,-0.39286755137969864,0.11382738563288608,-1.2028001063238518,-1.075838351422699,-1.3498207754502378,0.0,0.0,1.0,0.0,0.0,0.0,0.0,0.0,0.0,0.0,0.0,0.0,0.0,1.0,0.0,0.0,0.0,0.0,1.0,0.0,1.0,0.0,0.0,0.0,1.0,0.0,0.0,0.0,0.0,0.0,0.0,0.0,0.0,0.0,1.0,0.0,0.0,0.0,1.0,0.0,1.0,0.0,0.0,1.0,0.0,1.0,0.0,0.0,1.0,0.0,0.0,0.0,0.0,0.0,0
-0.8262839774777336,-0.3172376392355304,0.4348636493671937,-0.6851294763861162,1.1940198217402864,0.49888765837117444,-0.7920110336465968,-0.5192203308600286,0.6171696394103273,0.9669564746953179,-1.3617941956209574,0.23781550455625436,0.18192038041210587,-0.8842732806732824,0.5639066106135872,-0.24614296472138883,1.1066377800315972,0.0,1.0,0.0,0.0,0.0,0.0,0.0,0.0,0.0,0.0,0.0,0.0,0.0,1.0,0.0,0.0,0.0,1.0,0.0,0.0,1.0,0.0,0.0,0.0,1.0,0.0,0.0,0.0,0.0,0.0,0.0,0.0,0.0,0.0,1.0,1.0,0.0,0.0,0.0,0.0,1.0,0.0,0.0,1.0,0.0,0.0,1.0,0.0,0.0,0.0,0.0,0.0,1.0,0.0,0
-0.33941587031765974,-0.45150459974867746,-0.04014236555699533,-0.4685616310762956,-0.9820732124589395,-0.9967912993099517,-0.6297108980786817,-0.4377653346792251,-0.17440931183371247,0.9669564746953179,0.006630118503325768,-0.5461960240222598,-0.2491705684317475,0.06822887803514234,1.7417110885718798,0.5835524219799213,-0.7684414584811894,0.0,0.0,0.0,0.0,0.0,0.0,0.0,0.0,0.0,0.0,0.0,1.0,0.0,1.0,0.0,0.0,0.0,0.0,1.0,1.0,0.0,0.0,0.0,0.0,1.0,0.0,0.0,0.0,0.0,0.0,0.0,0.0,0.0,1.0,0.0,0.0,1.0,0.0,0.0,0.0,1.0,0.0,0.0,1.0,0.0,1.0,0.0,0.0,0.0,0.0,0.0,1.0,0.0,0.0,0
-0.1498941631846928,-0.2694253245609661,-0.812028836009737,0.21452553862042256,1.1717186114282805,0.49888765837117444,-0.17784568420837263,-0.4522662039090038,-1.5276224669815408,-1.019118400612531,0.006630118503325768,-1.8864725846769428,2.0499811587354704,-2.2116965018520442,-1.0064993599974699,-1.9055337381240092,0.9041152552015382,1.0,0.0,0.0,0.0,0.0,0.0,0.0,0.0,0.0,0.0,0.0,0.0,0.0,1.0,0.0,0.0,0.0,0.0,1.0,0.0,0.0,1.0,0.0,0.0,0.0,1.0,0.0,1.0,0.0,0.0,0.0,0.0,0.0,0.0,0.0,0.0,0.0,1.0,0.0,0.0,0.0,0.0,1.0,1.0,0.0,1.0,0.0,0.0,0.0,0.0,1.0,0.0,0.0,0.0,1
0.5600437524931392,-0.23055429777572273,-0.3678336660157809,-1.7115690801333474,-0.34059638025356326,0.49888765837117444,-2.5529640288492472,-2.621018257025108,-1.5276224669815408,0.9669564746953179,0.8071070273410997,0.23781550455625436,-1.1113524661194543,0.012497368749011112,-1.5954015989766162,-1.9055337381240092,1.2340872999677548,0.0,0.0,0.0,0.0,1.0,0.0,0.0,0.0,0.0,0.0,0.0,0.0,0.0,0.0,1.0,0.0,0.0,0.0,1.0,1.0,0.0,0.0,0.0,0.0,0.0,0.0,1.0,1.0,0.0,0.0,0.0,0.0,0.0,0.0,0.0,1.0,0.0,0.0,0.0,0.0,1.0,0.0,0.0,1.0,0.0,1.0,0.0,0.0,0.0,1.0,0.0,0.0,0.0,0.0,0
-0.3790328495103742,0.17287986731158536,-0.7645145055021436,0.6411144549970303,1.4602567620241207,0.49888765837117444,-0.2770564278761341,-0.40693477738007094,1.1788038433141157,1.487029062692357,-1.3617941956209574,-1.8864725846769428,1.3314962439957148,-0.6664137443729512,-2.3806045842821444,-1.9055337381240092,-1.1996747656624354,0.0,0.0,0.0,0.0,0.0,0.0,1.0,0.0,0.0,0.0,0.0,0.0,0.0,0.0,1.0,0.0,0.0,0.0,1.0,0.0,1.0,0.0,0.0,0.0,1.0,0.0,0.0,1.0,0.0,0.0,0.0,0.0,0.0,0.0,0.0,0.0,0.0,0.0,1.0,0.0,1.0,0.0,0.0,1.0,0.0,1.0,0.0,0.0,0.0,1.0,0.0,0.0,0.0,0.0,0
-1.6371605020264617,0.6134429105170153,-0.6745490755800451,1.2744981624552898,-0.7755637979526826,0.49888765837117444,1.4203888708884695,1.1419424725886738,1.6144411763273727,0.9669564746953179,-1.3617941956209574,0.23781550455625436,-0.6084130258016253,-0.23576117261648255,-0.024995628365559186,1.4132478086812315,-1.266018351382627,0.0,0.0,0.0,0.0,0.0,0.0,0.0,0.0,0.0,0.0,0.0,1.0,0.0,0.0,1.0,0.0,0.0,0.0,1.0,0.0,1.0,0.0,0.0,0.0,1.0,0.0,0.0,0.0,0.0,0.0,0.0,0.0,0.0,0.0,1.0,1.0,0.0,0.0,0.0,0.0,1.0,0.0,0.0,1.0,0.0,0.0,1.0,1.0,0.0,0.0,0.0,0.0,0.0,0.0,0
0.026709776129070564,-1.20196879251576,-0.5905859470302397,-1.4208464910184138,-0.7755637979526826,-0.9967912993099517,-0.7921407696188949,-0.8817384322953765,-1.5276224669815408,-1.019118400612531,-1.3617941956209574,-0.5461960240222598,-0.4647160428536742,-2.333292522112694,-1.5954015989766162,-0.24614296472138883,0.03815687316956234,0.0,0.0,0.0,0.0,0.0,0.0,0.0,0.0,1.0,0.0,0.0,0.0,0.0,0.0,0.0,1.0,0.0,1.0,0.0,0.0,1.0,0.0,0.0,0.0,1.0,0.0,0.0,0.0,0.0,0.0,0.0,1.0,0.0,0.0,0.0,0.0,1.0,0.0,0.0,0.0,0.0,0.0,1.0,1.0,0.0,1.0,0.0,0.0,0.0,0.0,0.0,1.0,0.0,0.0,1
1.5443089458668775,-0.010462903108779882,0.4167485119683675,1.4643757770794976,1.2157962486842935,-0.9967912993099517,-0.6713964992732997,-0.667153949786959,1.9703827945581553,1.8904287018766261,1.8155886650711848,0.23781550455625436,-0.4647160428536742,0.7116744852477483,0.5639066106135872,0.5835524219799213,-1.6361457243479072,0.0,0.0,0.0,0.0,0.0,0.0,0.0,0.0,1.0,0.0,0.0,0.0,0.0,1.0,0.0,0.0,0.0,1.0,0.0,0.0,0.0,1.0,0.0,0.0,1.0,0.0,0.0,1.0,0.0,0.0,0.0,0.0,0.0,0.0,0.0,0.0,0.0,1.0,0.0,0.0,1.0,0.0,0.0,1.0,0.0,1.0,0.0,0.0,0.0,1.0,0.0,0.0,0.0,0.0,0
-0.6559029739743334,0.5943360024662363,1.252375673943774,1.3294492514937846,0.40988340358952174,-0.9967912993099517,-0.9410802362480333,-0.576949545195013,0.6171696394103273,-1.019118400612531,0.8071070273410997,0.23781550455625436,-0.6084130258016253,0.5647459607661297,0.36760586428720504,-0.24614296472138883,1.1904402040992077,0.0,0.0,0.0,0.0,0.0,0.0,0.0,0.0,1.0,0.0,0.0,0.0,0.0,0.0,1.0,0.0,0.0,1.0,0.0,1.0,0.0,0.0,0.0,0.0,1.0,0.0,0.0,0.0,0.0,0.0,1.0,0.0,0.0,0.0,0.0,0.0,0.0,0.0,1.0,0.0,1.0,0.0,0.0,0.0,1.0,1.0,0.0,0.0,1.0,0.0,0.0,0.0,0.0,0.0,0
-1.4813914237829138,-0.010462903108779882,0.2407909758967492,0.3472987940103308,-1.6235500446643159,1.3738037617323386,1.6238005063298329,1.381771013785575,0.6171696394103273,0.233955331039913,0.006630118503325768,0.23781550455625436,-0.39286755137969864,-0.18509616417454508,0.36760586428720504,0.5835524219799213,-0.12595620729617504,0.0,0.0,1.0,0.0,0.0,0.0,0.0,0.0,0.0,0.0,0.0,0.0,0.0,0.0,1.0,0.0,0.0,1.0,0.0,1.0,0.0,0.0,0.0,0.0,0.0,1.0,0.0,0.0,0.0,0.0,1.0,0.0,0.0,0.0,0.0,1.0,0.0,0.0,0.0,0.0,1.0,0.0,0.0,1.0,0.0,0.0,1.0,1.0,0.0,0.0,0.0,0.0,0.0,0.0,0
0.888139864653147,-1.3851741366754624,-0.40232843552956954,0.36115294990839375,-1.6235500446643159,-0.9967912993099517,-1.9367064688269335,-2.0342250405182636,1.9703827945581553,1.8904287018766261,0.006630118503325768,0.7940805366324234,-0.10547358548379637,-0.3370911895003575,0.17130511796082293,-0.24614296472138883,-1.5558350679497803,0.0,0.0,0.0,0.0,0.0,0.0,0.0,0.0,0.0,0.0,0.0,1.0,0.0,1.0,0.0,0.0,0.0,0.0,1.0,0.0,0.0,1.0,0.0,0.0,0.0,1.0,0.0,0.0,0.0,0.0,0.0,1.0,0.0,0.0,0.0,1.0,0.0,0.0,0.0,0.0,1.0,0.0,0.0,0.0,1.0,1.0,0.0,0.0,0.0,1.0,0.0,0.0,0.0,0.0,1
0.9109538546036494,0.6924012287218985,0.6029770458693231,0.9354352062379467,1.1940198217402864,-0.9967912993099517,-0.5863171168607832,-0.40502171282262905,-1.5276224669815408,0.9669564746953179,0.8071070273410997,0.7940805366324234,0.18192038041210587,0.11382738563288608,0.7602073569399693,-0.24614296472138883,0.1097381103939797,0.0,0.0,0.0,0.0,0.0,1.0,0.0,0.0,0.0,0.0,0.0,0.0,0.0,1.0,0.0,0.0,0.0,1.0,0.0,0.0,0.0,1.0,0.0,0.0,1.0,0.0,0.0,0.0,0.0,0.0,1.0,0.0,0.0,0.0,0.0,0.0,1.0,0.0,0.0,0.0,0.0,0.0,1.0,1.0,0.0,0.0,1.0,0.0,0.0,1.0,0.0,0.0,0.0,0.0,0
-0.46226352293073736,-2.1334523695039787,-0.861406942324963,1.6814612099553814,-0.23159342861585436,-0.9967912993099517,1.1688555217317043,0.9201749881727087,-1.5276224669815408,-1.019118400612531,-1.3617941956209574,0.7940805366324234,0.5411628377819837,1.2081915679787356,1.7417110885718798,0.5835524219799213,1.6094523244372605,0.0,0.0,0.0,0.0,0.0,0.0,0.0,0.0,1.0,0.0,0.0,0.0,0.0,1.0,0.0,0.0,0.0,0.0,1.0,0.0,1.0,0.0,0.0,0.0,1.0,0.0,0.0,0.0,0.0,0.0,0.0,1.0,0.0,0.0,0.0,0.0,0.0,1.0,0.0,0.0,0.0,0.0,1.0,1.0,0.0,1.0,0.0,0.0,0.0,0.0,0.0,1.0,0.0,0.0,0
0.01942471139885554,0.5406921923815166,1.2238692411356764,-0.38687065090507,-0.4641737345920091,-0.9967912993099517,-1.3359873790569268,-1.1925857975384075,-0.17440931183371247,0.233955331039913,1.375054432627609,0.23781550455625436,-0.2491705684317475,0.5900784649870984,1.3491095959191157,-1.075838351422699,1.0542612649893406,0.0,0.0,0.0,0.0,0.0,0.0,0.0,0.0,1.0,0.0,0.0,0.0,0.0,0.0,0.0,0.0,1.0,1.0,0.0,1.0,0.0,0.0,0.0,0.0,1.0,0.0,0.0,0.0,0.0,0.0,0.0,1.0,0.0,0.0,0.0,0.0,0.0,1.0,0.0,0.0,1.0,0.0,0.0,1.0,0.0,1.0,0.0,0.0,0.0,0.0,0.0,0.0,0.0,1.0,0
-0.5135160498058761,0.5603894780747607,0.6340645593707459,0.4537470097632065,0.24115292617423648,-0.9967912993099517,1.4710163809682482,1.2471897916903953,0.6171696394103273,1.487029062692357,0.8071070273410997,0.7940805366324234,2.481072107579324,-1.1223988203503885,-0.2212963746919413,0.5835524219799213,0.5776349781048054,0.0,0.0,0.0,0.0,0.0,0.0,0.0,0.0,1.0,0.0,0.0,0.0,0.0,0.0,0.0,1.0,0.0,1.0,0.0,1.0,0.0,0.0,0.0,1.0,0.0,0.0,0.0,0.0,0.0,0.0,0.0,0.0,0.0,0.0,1.0,0.0,0.0,1.0,0.0,0.0,0.0,0.0,1.0,1.0,0.0,1.0,0.0,0.0,0.0,1.0,0.0,0.0,0.0,0.0,0
-0.509784327856316,-0.0412484500236581,0.6644029027648904,-0.5264140952250759,0.40988340358952174,-0.9967912993099517,-0.3920970521896588,-0.7014501359906037,-1.5276224669815408,-1.019118400612531,-1.3617941956209574,0.23781550455625436,0.325617363360057,-0.6410812401519824,-0.4175971210183234,-0.24614296472138883,1.1310801537179835,0.0,1.0,0.0,0.0,0.0,0.0,0.0,0.0,0.0,0.0,0.0,0.0,0.0,0.0,1.0,0.0,0.0,0.0,1.0,0.0,1.0,0.0,0.0,0.0,1.0,0.0,0.0,0.0,0.0,0.0,0.0,0.0,0.0,1.0,0.0,0.0,0.0,1.0,0.0,0.0,1.0,0.0,0.0,1.0,0.0,1.0,0.0,0.0,0.0,0.0,0.0,0.0,0.0,1.0,0
1.0588594759168684,0.38003580185710617,1.7998797716438242,0.21452553862042256,0.24115292617423648,1.9945666160523006,-0.5890353932532025,-0.649479764275331,0.6171696394103273,-1.019118400612531,0.006630118503325768,-0.5461960240222598,1.6188902098916171,1.6793761464887542,0.17130511796082293,0.5835524219799213,0.8168210634644439,0.0,0.0,0.0,0.0,0.0,0.0,0.0,1.0,0.0,0.0,0.0,0.0,0.0,0.0,1.0,0.0,0.0,1.0,0.0,1.0,0.0,0.0,0.0,0.0,1.0,0.0,0.0,0.0,0.0,0.0,0.0,0.0,0.0,1.0,0.0,1.0,0.0,0.0,0.0,0.0,1.0,0.0,0.0,1.0,0.0,0.0,1.0,0.0,0.0,1.0,0.0,0.0,0.0,0.0,1
1.332758813117843,-0.8514164124999,-1.7854596952050261,-0.7919876897299764,0.6367333169865165,-0.9967912993099517,-1.3061197447984725,-0.9632244057280094,0.6171696394103273,0.233955331039913,0.8071070273410997,0.23781550455625436,-0.823958500223552,0.11889388647707982,-0.024995628365559186,-0.24614296472138883,0.1778275799489133,0.0,0.0,0.0,0.0,1.0,0.0,0.0,0.0,0.0,0.0,0.0,0.0,0.0,1.0,0.0,0.0,0.0,0.0,1.0,1.0,0.0,0.0,0.0,0.0,1.0,0.0,0.0,0.0,1.0,0.0,0.0,0.0,0.0,0.0,0.0,0.0,1.0,0.0,0.0,0.0,0.0,0.0,1.0,1.0,0.0,0.0,1.0,0.0,1.0,0.0,0.0,0.0,0.0,0.0,0
-1.111221096177324,-0.007075420938833421,0.30221683279231626,-0.7919876897299764,1.4766369320190795,1.3738037617323386,0.6889455745143452,0.3877387569285548,0.6171696394103273,0.9669564746953179,0.006630118503325768,1.2255532164261718,-1.3987464320153564,-1.5783838963278258,-0.6138978673447055,0.5835524219799213,-0.4314858783760052,0.0,0.0,0.0,0.0,1.0,0.0,0.0,0.0,0.0,0.0,0.0,0.0,0.0,1.0,0.0,0.0,0.0,0.0,1.0,1.0,0.0,0.0,0.0,0.0,1.0,0.0,0.0,1.0,0.0,0.0,0.0,0.0,0.0,0.0,0.0,1.0,0.0,0.0,0.0,0.0,1.0,0.0,0.0,0.0,1.0,0.0,1.0,0.0,0.0,0.0,0.0,1.0,0.0,0.0,1
0.8796281574501937,-2.2031114827406597,0.4167485119683675,1.0085210771228408,0.8187799298187437,0.49888765837117444,-0.03132029862911264,0.17479271366263338,-1.5276224669815408,0.233955331039913,-1.3617941956209574,-0.5461960240222598,0.3974658548340326,-0.6005492333984325,0.17130511796082293,-0.24614296472138883,-1.007627543840828,0.0,0.0,0.0,0.0,0.0,0.0,0.0,0.0,0.0,0.0,0.0,0.0,1.0,0.0,1.0,0.0,0.0,1.0,0.0,0.0,1.0,0.0,0.0,0.0,1.0,0.0,0.0,1.0,0.0,0.0,0.0,0.0,0.0,0.0,0.0,0.0,1.0,0.0,0.0,0.0,1.0,0.0,0.0,1.0,0.0,1.0,0.0,1.0,0.0,0.0,0.0,0.0,0.0,0.0,0
0.026709776129070564,1.5231417073641729,-1.5045263537512816,0.009850646208549108,-0.34059638025356326,-0.9967912993099517,-1.887559396404245,-1.7034534095112888,-0.17440931183371247,-1.019118400612531,-1.3617941956209574,-1.8864725846769428,-0.6084130258016253,-0.509352218202945,-0.6138978673447055,-1.9055337381240092,-1.0111193115103116,0.0,0.0,0.0,0.0,0.0,0.0,0.0,0.0,0.0,1.0,0.0,0.0,0.0,0.0,1.0,0.0,0.0,0.0,1.0,0.0,1.0,0.0,0.0,0.0,1.0,0.0,0.0,0.0,0.0,0.0,0.0,0.0,0.0,0.0,1.0,1.0,0.0,0.0,0.0,0.0,1.0,0.0,0.0,1.0,0.0,0.0,1.0,0.0,0.0,1.0,0.0,0.0,0.0,0.0,0
1.3595960436136023,-0.6352325225897583,-0.861406942324963,-0.49712624757440144,1.1013970400975368,1.9945666160523006,-0.382579026884632,-0.635090915076084,-1.5276224669815408,-1.019118400612531,0.006630118503325768,0.23781550455625436,0.1100718889381303,-2.176230995942688,0.7602073569399693,1.4132478086812315,1.695000632339613,0.0,0.0,0.0,1.0,0.0,0.0,0.0,0.0,0.0,0.0,0.0,0.0,0.0,1.0,0.0,0.0,0.0,0.0,1.0,1.0,0.0,0.0,0.0,0.0,1.0,0.0,0.0,0.0,0.0,0.0,0.0,0.0,0.0,0.0,1.0,0.0,0.0,1.0,0.0,0.0,0.0,0.0,1.0,1.0,0.0,0.0,1.0,1.0,0.0,0.0,0.0,0.0,0.0,0.0,0
0.500269060295732,-0.3416418553368552,-1.3469484189652163,1.1209208971880174,0.4599202078921603,-0.9967912993099517,-0.6207693792934379,-0.5194492494338305,0.6171696394103273,1.487029062692357,0.006630118503325768,1.2255532164261718,-1.3987464320153564,0.7471399911571046,-0.2212963746919413,0.5835524219799213,0.9006234875320545,0.0,0.0,0.0,0.0,0.0,0.0,0.0,0.0,1.0,0.0,0.0,0.0,0.0,0.0,1.0,0.0,0.0,0.0,1.0,0.0,0.0,1.0,0.0,0.0,1.0,0.0,0.0,0.0,0.0,0.0,1.0,0.0,0.0,0.0,0.0,0.0,0.0,1.0,0.0,0.0,0.0,0.0,1.0,1.0,0.0,0.0,1.0,0.0,0.0,0.0,0.0,0.0,0.0,1.0,0
0.7417070060444525,0.07232032397798911,0.6340645593707459,-0.41346511389116986,1.6534500411134356,0.49888765837117444,0.15973907827103884,0.0686152753145193,1.1788038433141157,-1.019118400612531,0.8071070273410997,-0.5461960240222598,-1.1832009575934297,-0.8184087696987636,-0.024995628365559186,1.4132478086812315,-0.7736791099854151,0.0,0.0,0.0,0.0,0.0,0.0,0.0,0.0,1.0,0.0,0.0,0.0,0.0,1.0,0.0,0.0,0.0,0.0,1.0,1.0,0.0,0.0,0.0,0.0,1.0,0.0,0.0,0.0,0.0,0.0,0.0,0.0,0.0,0.0,1.0,1.0,0.0,0.0,0.0,0.0,1.0,0.0,0.0,1.0,0.0,1.0,0.0,0.0,0.0,0.0,0.0,1.0,0.0,0.0,0
0.9971346772050109,-0.5780646107171127,0.7085821840954115,0.0821747072596201,1.0252893443250009,0.49888765837117444,0.6864215693484644,1.0981810245950556,-0.17440931183371247,-1.019118400612531,-1.3617941956209574,1.2255532164261718,-0.17732207695777194,-0.21549516923970755,1.7417110885718798,0.5835524219799213,-0.3075281261093313,0.0,0.0,0.0,0.0,1.0,0.0,0.0,0.0,0.0,0.0,0.0,0.0,0.0,1.0,0.0,0.0,0.0,1.0,0.0,0.0,1.0,0.0,0.0,1.0,0.0,0.0,0.0,1.0,0.0,0.0,0.0,0.0,0.0,0.0,0.0,0.0,0.0,1.0,0.0,0.0,1.0,0.0,0.0,1.0,0.0,1.0,0.0,0.0,0.0,0.0,1.0,0.0,0.0,0.0,0
0.28784379204750704,-0.007075420938833421,0.6029770458693231,1.047213921219288,-0.7755637979526826,1.3738037617323386,-0.11276381673766796,-0.11716543589382807,1.6144411763273727,-1.019118400612531,-1.3617941956209574,0.23781550455625436,-0.4647160428536742,-1.0008028000897384,0.7602073569399693,0.5835524219799213,-0.6340084032060641,0.0,0.0,0.0,0.0,1.0,0.0,0.0,0.0,0.0,0.0,0.0,0.0,0.0,0.0,1.0,0.0,0.0,0.0,1.0,0.0,1.0,0.0,0.0,0.0,1.0,0.0,0.0,0.0,0.0,1.0,0.0,0.0,0.0,0.0,0.0,0.0,0.0,1.0,0.0,0.0,0.0,0.0,1.0,1.0,0.0,1.0,0.0,0.0,0.0,0.0,1.0,0.0,0.0,0.0,0
1.6386313060004465,-0.6449444150648397,-0.30155624115829577,0.5276109155552591,-0.4641737345920091,1.3738037617323386,0.18970007100384953,0.4295990060599688,-0.17440931183371247,-1.019118400612531,0.006630118503325768,1.2255532164261718,-0.6802615172756009,0.012497368749011112,0.36760586428720504,-0.24614296472138883,-1.0722252457262778,0.0,0.0,0.0,0.0,0.0,0.0,0.0,0.0,0.0,0.0,0.0,1.0,0.0,0.0,1.0,0.0,0.0,1.0,0.0,0.0,0.0,1.0,0.0,0.0,1.0,0.0,0.0,0.0,0.0,0.0,0.0,0.0,0.0,1.0,0.0,0.0,1.0,0.0,0.0,0.0,0.0,0.0,1.0,1.0,0.0,1.0,0.0,0.0,0.0,0.0,0.0,1.0,0.0,0.0,1
-0.8554539457369755,0.2563732459189752,-0.7187283569105664,-0.4406853860301315,0.24115292617423648,-0.9967912993099517,-1.3228242276475997,-0.9618479407022058,-1.5276224669815408,0.9669564746953179,0.006630118503325768,0.23781550455625436,-0.6802615172756009,-0.11416515235583259,3.312117059182937,1.4132478086812315,-1.7374069867629367,0.0,0.0,0.0,0.0,0.0,0.0,0.0,1.0,0.0,0.0,0.0,0.0,0.0,0.0,1.0,0.0,0.0,1.0,0.0,0.0,0.0,1.0,0.0,0.0,0.0,1.0,0.0,0.0,0.0,1.0,0.0,0.0,0.0,0.0,0.0,0.0,1.0,0.0,0.0,0.0,1.0,0.0,0.0,1.0,0.0,0.0,1.0,0.0,0.0,0.0,0.0,0.0,0.0,1.0,0
-0.3656865732125495,0.197143625830587,-0.4377950154568216,-1.4208464910184138,-2.2650268768696926,-0.9967912993099517,0.7070232826033295,0.8318081172062054,-0.17440931183371247,-1.019118400612531,1.375054432627609,-0.5461960240222598,-0.9676554831715031,-0.387756197942295,0.5639066106135872,-0.24614296472138883,0.12370518107191479,0.0,0.0,0.0,0.0,0.0,0.0,0.0,0.0,0.0,0.0,0.0,0.0,1.0,1.0,0.0,0.0,0.0,1.0,0.0,0.0,0.0,1.0,0.0,0.0,1.0,0.0,0.0,0.0,0.0,0.0,0.0,0.0,0.0,1.0,0.0,0.0,0.0,1.0,0.0,0.0,1.0,0.0,0.0,1.0,0.0,0.0,1.0,0.0,0.0,0.0,0.0,1.0,0.0,0.0,1
0.8054748065902811,-0.010462903108779882,2.077158595790905,-0.8299192253482364,-1.6235500446643159,0.49888765837117444,-3.977073067189727,-4.316907097266452,2.271327144715815,0.233955331039913,1.375054432627609,-0.5461960240222598,0.3974658548340326,-0.47895321313778244,0.36760586428720504,-1.075838351422699,-0.8871615592436377,0.0,0.0,0.0,0.0,0.0,1.0,0.0,0.0,0.0,0.0,0.0,0.0,0.0,1.0,0.0,0.0,0.0,0.0,1.0,0.0,0.0,1.0,0.0,0.0,1.0,0.0,0.0,0.0,0.0,0.0,0.0,0.0,0.0,0.0,1.0,0.0,1.0,0.0,0.0,0.0,1.0,0.0,0.0,1.0,0.0,1.0,0.0,0.0,0.0,0.0,0.0,0.0,0.0,1.0,1
0.980369336048938,-1.919421613353293,-0.30155624115829577,-0.4406853860301315,-0.4641737345920091,-0.9967912993099517,-1.9433823557944223,-2.0121913038894736,1.1788038433141157,-1.019118400612531,0.006630118503325768,0.23781550455625436,-0.4647160428536742,-0.7272117545032761,-0.4175971210183234,-0.24614296472138883,-0.2376927727196558,0.0,0.0,0.0,0.0,0.0,0.0,0.0,0.0,0.0,0.0,0.0,1.0,0.0,0.0,1.0,0.0,0.0,1.0,0.0,1.0,0.0,0.0,0.0,0.0,1.0,0.0,0.0,0.0,0.0,0.0,0.0,0.0,0.0,0.0,1.0,0.0,0.0,1.0,0.0,0.0,1.0,0.0,0.0,1.0,0.0,1.0,0.0,0.0,0.0,0.0,0.0,1.0,0.0,0.0,0
1.1247011210325342,0.3023570428953587,-0.1496879775104765,-0.08741739249307227,-2.2650268768696926,1.3738037617323386,-0.4468904095987282,-0.5207089145195912,1.1788038433141157,-1.019118400612531,0.8071070273410997,0.23781550455625436,1.1159507695737882,-0.09896564982325134,1.3491095959191157,0.5835524219799213,0.015460383317917806,0.0,0.0,0.0,0.0,0.0,0.0,0.0,0.0,1.0,0.0,0.0,0.0,0.0,0.0,1.0,0.0,0.0,0.0,1.0,1.0,0.0,0.0,0.0,0.0,1.0,0.0,0.0,0.0,0.0,0.0,0.0,0.0,0.0,1.0,0.0,1.0,0.0,0.0,0.0,0.0,1.0,0.0,0.0,1.0,0.0,1.0,0.0,0.0,1.0,0.0,0.0,0.0,0.0,0.0,0
0.15322500327205887,-0.32533468945784066,1.7246944299434797,2.015353292981356,0.9984626704981394,0.49888765837117444,-0.4057851592610432,-0.1561087102112224,-0.17440931183371247,-1.019118400612531,-1.3617941956209574,-1.8864725846769428,-1.6142919064372832,-1.2389283397668447,0.17130511796082293,-0.24614296472138883,0.3035312160503291,0.0,0.0,0.0,0.0,0.0,0.0,1.0,0.0,0.0,0.0,0.0,0.0,0.0,0.0,1.0,0.0,0.0,0.0,1.0,0.0,1.0,0.0,0.0,0.0,1.0,0.0,0.0,1.0,0.0,0.0,0.0,0.0,0.0,0.0,0.0,0.0,0.0,1.0,0.0,0.0,1.0,0.0,0.0,1.0,0.0,0.0,1.0,1.0,0.0,0.0,0.0,0.0,0.0,0.0,0
0.962233811669776,-0.6843391231896676,-1.6846875008337523,-1.7972977893282913,0.3008804519518133,0.49888765837117444,-0.15337423853929366,-0.05686520869426475,-0.17440931183371247,1.8904287018766261,-1.3617941956209574,0.7940805366324234,-0.2491705684317475,0.5039479506358047,-0.6138978673447055,0.5835524219799213,-0.7387614332905773,0.0,0.0,0.0,0.0,0.0,0.0,0.0,0.0,1.0,0.0,0.0,0.0,0.0,0.0,1.0,0.0,0.0,0.0,1.0,0.0,1.0,0.0,0.0,0.0,1.0,0.0,0.0,0.0,1.0,0.0,0.0,0.0,0.0,0.0,0.0,1.0,0.0,0.0,0.0,0.0,0.0,0.0,1.0,1.0,0.0,1.0,0.0,1.0,0.0,0.0,0.0,0.0,0.0,0.0,0
-1.4572250656695969,-0.010462903108779882,-0.23859410545326964,-0.5564627506577629,-1.6235500446643159,2.4760676934617014,0.4822643338616134,0.6719805785275296,-1.5276224669815408,-1.019118400612531,-1.3617941956209574,0.23781550455625436,0.5411628377819837,-0.2914926819026138,-0.2212963746919413,-1.9055337381240092,-0.6130577971891614,0.0,0.0,0.0,0.0,0.0,0.0,0.0,1.0,0.0,0.0,0.0,0.0,0.0,0.0,0.0,0.0,1.0,0.0,1.0,0.0,1.0,0.0,0.0,0.0,1.0,0.0,0.0,0.0,0.0,0.0,0.0,0.0,0.0,0.0,1.0,0.0,1.0,0.0,0.0,0.0,1.0,0.0,0.0,1.0,0.0,1.0,0.0,0.0,0.0,1.0,0.0,0.0,0.0,0.0,1
0.8759623865002366,-2.2511377494603435,0.36078461734096456,1.3413140548966762,0.034643511667979465,0.49888765837117444,0.6758427757527108,0.9427346501307597,-0.17440931183371247,1.487029062692357,-1.3617941956209574,-0.5461960240222598,-1.1832009575934297,-0.6056157342426262,0.17130511796082293,-0.24614296472138883,-0.014219641872694271,0.0,0.0,0.0,0.0,1.0,0.0,0.0,0.0,0.0,0.0,0.0,0.0,0.0,1.0,0.0,0.0,0.0,1.0,0.0,0.0,1.0,0.0,0.0,0.0,1.0,0.0,0.0,0.0,0.0,0.0,0.0,0.0,0.0,1.0,0.0,1.0,0.0,0.0,0.0,0.0,1.0,0.0,0.0,1.0,0.0,0.0,1.0,0.0,1.0,0.0,0.0,0.0,0.0,0.0,0
1.6642249341229902,-0.3416418553368552,-0.17863132870856746,0.0645131704451016,0.4599202078921603,0.49888765837117444,-1.4098327274552858,-1.705938259050808,1.1788038433141157,0.9669564746953179,-1.3617941956209574,1.8761594147954188,-1.9016858723331853,1.0156645358993732,-0.4175971210183234,1.4132478086812315,-1.2904607250690137,0.0,0.0,0.0,1.0,0.0,0.0,0.0,0.0,0.0,0.0,0.0,0.0,0.0,1.0,0.0,0.0,0.0,0.0,1.0,0.0,1.0,0.0,0.0,0.0,1.0,0.0,0.0,0.0,0.0,0.0,0.0,1.0,0.0,0.0,0.0,0.0,0.0,1.0,0.0,0.0,1.0,0.0,0.0,1.0,0.0,1.0,0.0,0.0,0.0,1.0,0.0,0.0,0.0,0.0,0
-0.4515501568782871,-1.5242462588974666,-1.5913870217345818,1.2035852120324444,-0.13408696574730583,1.3738037617323386,1.0436311047647908,0.9260574702551297,-0.17440931183371247,0.233955331039913,0.006630118503325768,1.5780920652109374,0.6848598207299348,1.603378633825848,-0.024995628365559186,-1.075838351422699,0.8884023006888613,0.0,0.0,0.0,0.0,1.0,0.0,0.0,0.0,0.0,0.0,0.0,0.0,0.0,0.0,1.0,0.0,0.0,0.0,1.0,0.0,0.0,1.0,0.0,0.0,1.0,0.0,0.0,0.0,0.0,0.0,0.0,0.0,1.0,0.0,0.0,0.0,0.0,1.0,0.0,0.0,1.0,0.0,0.0,0.0,1.0,1.0,0.0,0.0,0.0,0.0,0.0,0.0,0.0,1.0,0
0.4304959553077192,0.3746000304649803,0.4348636493671937,0.6302523264503523,-0.04588164091512093,0.49888765837117444,-0.7038338550611863,-0.9129546682324206,1.1788038433141157,-1.019118400612531,0.006630118503325768,-1.8864725846769428,-0.823958500223552,-0.5346847224239137,0.5639066106135872,0.5835524219799213,-0.4646576712361011,0.0,0.0,0.0,0.0,1.0,0.0,0.0,0.0,0.0,0.0,0.0,0.0,0.0,0.0,1.0,0.0,0.0,1.0,0.0,0.0,0.0,1.0,0.0,1.0,0.0,0.0,0.0,0.0,0.0,0.0,0.0,0.0,0.0,0.0,1.0,0.0,0.0,1.0,0.0,0.0,1.0,0.0,0.0,1.0,0.0,0.0,1.0,0.0,0.0,0.0,0.0,1.0,0.0,0.0,0
0.7911472682189314,0.5895265587564679,-1.8950053071585076,2.0980176078257826,0.750196303495788,-0.9967912993099517,1.2408970071413603,1.0932049829056032,0.6171696394103273,0.9669564746953179,0.006630118503325768,-0.5461960240222598,-0.32101905990572305,0.6407434734290359,1.7417110885718798,-1.075838351422699,-0.557189514477421,0.0,0.0,0.0,0.0,1.0,0.0,0.0,0.0,0.0,0.0,0.0,0.0,0.0,0.0,1.0,0.0,0.0,1.0,0.0,0.0,0.0,1.0,0.0,0.0,1.0,0.0,0.0,0.0,0.0,1.0,0.0,0.0,0.0,0.0,0.0,0.0,1.0,0.0,0.0,0.0,0.0,0.0,1.0,1.0,0.0,1.0,0.0,0.0,0.0,0.0,1.0,0.0,0.0,0.0,0
-0.14155092520421708,1.8800636338584904,0.6340645593707459,1.280734340311765,0.750196303495788,1.3738037617323386,-0.42925274464990737,-0.45336207329096057,-0.17440931183371247,0.9669564746953179,1.8155886650711848,0.23781550455625436,1.6907387013655926,-2.333292522112694,-0.6138978673447055,1.4132478086812315,0.09227927204656083,0.0,0.0,0.0,0.0,1.0,0.0,0.0,0.0,0.0,0.0,0.0,0.0,0.0,1.0,0.0,0.0,0.0,0.0,1.0,1.0,0.0,0.0,0.0,0.0,1.0,0.0,0.0,1.0,0.0,0.0,0.0,0.0,0.0,0.0,0.0,0.0,0.0,0.0,0.0,1.0,1.0,0.0,0.0,1.0,0.0,1.0,0.0,0.0,0.0,0.0,0.0,1.0,0.0,0.0,0
-0.8359315322840053,0.8320209008776115,1.787656565648506,0.009850646208549108,-0.7755637979526826,-0.9967912993099517,-0.7946078801874041,-0.9279824498997076,-0.17440931183371247,-1.019118400612531,-1.3617941956209574,0.23781550455625436,-0.6802615172756009,0.6964749827151672,1.1528088495927336,0.5835524219799213,1.5675511124034553,0.0,0.0,0.0,0.0,0.0,0.0,0.0,0.0,0.0,0.0,1.0,0.0,0.0,0.0,1.0,0.0,0.0,0.0,1.0,0.0,1.0,0.0,0.0,0.0,1.0,0.0,0.0,0.0,0.0,0.0,0.0,0.0,0.0,1.0,0.0,1.0,0.0,0.0,0.0,0.0,0.0,0.0,1.0,1.0,0.0,0.0,1.0,0.0,1.0,0.0,0.0,0.0,0.0,0.0,0
-0.048134115504615174,-1.7287012632682843,-0.5905859470302397,-1.1372868238037945,0.5073898664580703,-0.9967912993099517,0.7303694490113887,0.4270738340551045,-0.17440931183371247,-1.019118400612531,0.006630118503325768,-0.5461960240222598,1.2596477525217393,-0.8741402789848948,-0.4175971210183234,0.5835524219799213,-0.5798860043290657,0.0,0.0,0.0,0.0,1.0,0.0,0.0,0.0,0.0,0.0,0.0,0.0,0.0,0.0,1.0,0.0,0.0,0.0,1.0,1.0,0.0,0.0,0.0,0.0,1.0,0.0,0.0,0.0,0.0,1.0,0.0,0.0,0.0,0.0,0.0,0.0,0.0,1.0,0.0,0.0,1.0,0.0,0.0,1.0,0.0,0.0,1.0,0.0,0.0,0.0,0.0,1.0,0.0,0.0,0
0.4802494060194729,-0.8188523675385739,0.538399797270396,0.009850646208549108,0.40988340358952174,0.49888765837117444,-0.2316766902645502,-0.355384047635959,1.1788038433141157,-1.019118400612531,-1.3617941956209574,0.23781550455625436,-0.2491705684317475,0.4482164413496735,-0.4175971210183234,0.5835524219799213,-1.267764235217369,0.0,0.0,0.0,0.0,0.0,1.0,0.0,0.0,0.0,0.0,0.0,0.0,0.0,0.0,0.0,0.0,1.0,0.0,1.0,0.0,1.0,0.0,0.0,0.0,1.0,0.0,0.0,0.0,0.0,0.0,0.0,1.0,0.0,0.0,0.0,0.0,0.0,1.0,0.0,0.0,1.0,0.0,0.0,1.0,0.0,1.0,0.0,1.0,0.0,0.0,0.0,0.0,0.0,0.0,0
0.06485922557375612,-1.657866893869211,-1.2069175323776347,0.24537558528076236,1.2370720234956316,-0.9967912993099517,-0.6944423773331858,-0.37317258071110315,-1.5276224669815408,0.233955331039913,0.8071070273410997,0.7940805366324234,-1.1113524661194543,0.41781743628451096,-0.2212963746919413,-0.24614296472138883,0.3279735897367156,0.0,0.0,0.0,0.0,0.0,0.0,0.0,0.0,0.0,0.0,0.0,1.0,0.0,1.0,0.0,0.0,0.0,0.0,1.0,1.0,0.0,0.0,0.0,0.0,0.0,1.0,0.0,0.0,0.0,0.0,0.0,1.0,0.0,0.0,0.0,0.0,0.0,1.0,0.0,0.0,0.0,0.0,1.0,1.0,0.0,0.0,1.0,0.0,0.0,0.0,0.0,0.0,1.0,0.0,0
-0.050708115052399395,0.14207015325809563,0.9088415055342559,-1.6317575612867619,-2.2650268768696926,0.49888765837117444,1.1225632546106834,1.3365027161274978,0.6171696394103273,-1.019118400612531,1.8155886650711848,-0.5461960240222598,-1.1832009575934297,-0.8133422688545698,-1.0064993599974699,-0.24614296472138883,-0.5170341862783577,0.0,0.0,0.0,0.0,1.0,0.0,0.0,0.0,0.0,0.0,0.0,0.0,0.0,1.0,0.0,0.0,0.0,0.0,1.0,0.0,0.0,1.0,0.0,0.0,1.0,0.0,0.0,0.0,0.0,0.0,0.0,0.0,0.0,0.0,1.0,0.0,1.0,0.0,0.0,0.0,1.0,0.0,0.0,1.0,0.0,1.0,0.0,0.0,1.0,0.0,0.0,0.0,0.0,0.0,1
0.5741595371409205,-0.7974742692308516,0.3983689106828149,1.7905165905140876,-1.6235500446643159,-0.9967912993099517,0.5772876496912828,0.6030699394214176,0.6171696394103273,1.487029062692357,1.375054432627609,0.23781550455625436,-1.5424434149633075,-0.8184087696987636,-0.8101986136710877,1.4132478086812315,-0.2534057272323328,1.0,0.0,0.0,0.0,0.0,0.0,0.0,0.0,0.0,0.0,0.0,0.0,0.0,0.0,1.0,0.0,0.0,0.0,1.0,0.0,0.0,1.0,0.0,0.0,0.0,1.0,0.0,0.0,0.0,0.0,0.0,1.0,0.0,0.0,0.0,0.0,1.0,0.0,0.0,0.0,0.0,0.0,1.0,1.0,0.0,1.0,0.0,0.0,0.0,0.0,0.0,1.0,0.0,0.0,0
0.9971346772050109,-2.998733276993484,0.30221683279231626,-0.360873867183546,0.7851232955110645,0.49888765837117444,0.4378862632594833,0.2347401291275028,-1.5276224669815408,0.233955331039913,0.006630118503325768,-0.5461960240222598,2.265526633157397,-1.1173323195061948,-0.4175971210183234,0.5835524219799213,1.4994616428485217,0.0,0.0,0.0,0.0,1.0,0.0,0.0,0.0,0.0,0.0,0.0,0.0,0.0,1.0,0.0,0.0,0.0,0.0,1.0,0.0,0.0,1.0,0.0,1.0,0.0,0.0,0.0,0.0,0.0,0.0,0.0,1.0,0.0,0.0,0.0,1.0,0.0,0.0,0.0,0.0,1.0,0.0,0.0,1.0,0.0,0.0,1.0,1.0,0.0,0.0,0.0,0.0,0.0,0.0,0
1.113629627299858,-0.27730403642930584,-0.7187283569105664,1.2035852120324444,-1.6235500446643159,-0.9967912993099517,-0.020791858381826723,0.03266268671413854,-0.17440931183371247,0.9669564746953179,0.8071070273410997,0.23781550455625436,-1.1832009575934297,-2.166097994254301,-0.2212963746919413,-0.24614296472138883,0.5950938164522243,0.0,0.0,0.0,1.0,0.0,0.0,0.0,0.0,0.0,0.0,0.0,0.0,0.0,1.0,0.0,0.0,0.0,1.0,0.0,1.0,0.0,0.0,0.0,0.0,1.0,0.0,0.0,0.0,0.0,0.0,0.0,1.0,0.0,0.0,0.0,0.0,0.0,1.0,0.0,0.0,0.0,0.0,1.0,1.0,0.0,0.0,1.0,0.0,0.0,0.0,0.0,1.0,0.0,0.0,0
1.5725948983995641,-1.048326471856237,-1.6846875008337523,-0.360873867183546,-0.23159342861585436,-0.9967912993099517,0.5089543107715708,0.46048511797567776,-0.17440931183371247,0.233955331039913,0.006630118503325768,-0.5461960240222598,0.25376887188608144,1.8364376726587606,-0.2212963746919413,-1.075838351422699,-0.07357969225391843,0.0,0.0,0.0,0.0,0.0,0.0,0.0,1.0,0.0,0.0,0.0,0.0,0.0,1.0,0.0,0.0,0.0,0.0,1.0,1.0,0.0,0.0,0.0,0.0,1.0,0.0,0.0,0.0,0.0,0.0,0.0,0.0,0.0,1.0,0.0,0.0,1.0,0.0,0.0,0.0,0.0,0.0,1.0,1.0,0.0,1.0,0.0,0.0,0.0,1.0,0.0,0.0,0.0,0.0,0
0.48360845890270154,-1.0980593077348306,-0.812028836009737,0.7144209434454529,-0.9820732124589395,1.9945666160523006,-0.37813808771061397,-0.11435234891226077,1.1788038433141157,0.233955331039913,-1.3617941956209574,-0.5461960240222598,-0.4647160428536742,-0.5954827325542387,0.36760586428720504,-1.075838351422699,-1.2642724675478854,0.0,0.0,0.0,0.0,0.0,1.0,0.0,0.0,0.0,0.0,0.0,0.0,0.0,0.0,1.0,0.0,0.0,1.0,0.0,0.0,1.0,0.0,0.0,0.0,1.0,0.0,0.0,0.0,0.0,1.0,0.0,0.0,0.0,0.0,0.0,1.0,0.0,0.0,0.0,0.0,0.0,0.0,1.0,1.0,0.0,0.0,1.0,0.0,0.0,0.0,0.0,1.0,0.0,0.0,1
1.1406313012577034,-0.010462903108779882,-1.7854596952050261,0.9766071030529583,-0.7755637979526826,-0.9967912993099517,-0.20808090524965425,-0.39422598974751305,-0.17440931183371247,1.487029062692357,0.006630118503325768,0.23781550455625436,1.475193226943666,0.8130045021316233,0.36760586428720504,0.5835524219799213,-1.7496281736061299,0.0,1.0,0.0,0.0,0.0,0.0,0.0,0.0,0.0,0.0,0.0,0.0,0.0,1.0,0.0,0.0,0.0,0.0,1.0,1.0,0.0,0.0,0.0,0.0,1.0,0.0,0.0,0.0,0.0,0.0,0.0,1.0,0.0,0.0,0.0,0.0,1.0,0.0,0.0,0.0,1.0,0.0,0.0,1.0,0.0,1.0,0.0,0.0,0.0,0.0,0.0,0.0,0.0,1.0,1
0.6497920609982691,0.4751032358458517,0.3220437044155789,-0.21608411822142587,0.35698583829276287,0.49888765837117444,0.5191409066065941,0.4008377836771923,-1.5276224669815408,1.487029062692357,0.006630118503325768,1.2255532164261718,1.6907387013655926,-0.5904162317100449,0.17130511796082293,0.5835524219799213,1.6094523244372605,0.0,0.0,0.0,0.0,0.0,0.0,0.0,0.0,0.0,0.0,1.0,0.0,0.0,1.0,0.0,0.0,0.0,1.0,0.0,1.0,0.0,0.0,0.0,0.0,1.0,0.0,0.0,0.0,0.0,1.0,0.0,0.0,0.0,0.0,0.0,1.0,0.0,0.0,0.0,0.0,1.0,0.0,0.0,1.0,0.0,0.0,1.0,0.0,0.0,0.0,0.0,1.0,0.0,0.0,0
0.3435066109702728,-0.1333473605730854,2.139049106808052,0.5970402408052938,0.1773030976133672,0.49888765837117444,0.2813217173871398,0.4350048484379417,-0.17440931183371247,0.233955331039913,0.006630118503325768,0.23781550455625436,-1.2550494490674053,1.1879255646019606,-1.2028001063238518,-0.24614296472138883,-0.2761022170839773,0.0,0.0,0.0,0.0,0.0,0.0,0.0,0.0,1.0,0.0,0.0,0.0,0.0,0.0,1.0,0.0,0.0,0.0,1.0,0.0,0.0,1.0,0.0,0.0,1.0,0.0,0.0,0.0,0.0,0.0,0.0,1.0,0.0,0.0,0.0,1.0,0.0,0.0,0.0,0.0,1.0,0.0,0.0,1.0,0.0,0.0,1.0,0.0,0.0,0.0,0.0,1.0,0.0,0.0,0
0.44960283683037994,1.1070413024536503,1.2802509158658446,-0.14996279691519795,-0.13408696574730583,0.49888765837117444,0.833347579640081,1.1532938398881158,1.1788038433141157,-1.019118400612531,0.8071070273410997,1.2255532164261718,-1.1832009575934297,-0.13443115573260758,-0.4175971210183234,1.4132478086812315,-1.1350770637769856,0.0,0.0,0.0,0.0,1.0,0.0,0.0,0.0,0.0,0.0,0.0,0.0,0.0,1.0,0.0,0.0,0.0,1.0,0.0,1.0,0.0,0.0,0.0,0.0,1.0,0.0,0.0,0.0,0.0,0.0,0.0,0.0,0.0,1.0,0.0,0.0,0.0,0.0,1.0,0.0,1.0,0.0,0.0,1.0,0.0,1.0,0.0,0.0,1.0,0.0,0.0,0.0,0.0,0.0,0
0.07188386325133365,-0.5318087157117974,-1.5913870217345818,-0.1715860094881732,0.9708350832117979,0.49888765837117444,-0.5740330177432064,-0.7154389694054978,-0.17440931183371247,0.233955331039913,2.1755313414653825,0.7940805366324234,-1.0395039746454786,0.21515740251676105,-0.2212963746919413,1.4132478086812315,1.0856871740146945,0.0,0.0,0.0,0.0,1.0,0.0,0.0,0.0,0.0,0.0,0.0,0.0,0.0,1.0,0.0,0.0,0.0,0.0,1.0,0.0,0.0,1.0,0.0,0.0,1.0,0.0,0.0,0.0,1.0,0.0,0.0,0.0,0.0,0.0,0.0,0.0,1.0,0.0,0.0,0.0,1.0,0.0,0.0,1.0,0.0,1.0,0.0,0.0,0.0,0.0,0.0,0.0,1.0,0.0,0
0.026709776129070564,0.38545477073906953,0.5048249988082347,1.0163638745589476,-0.34059638025356326,0.49888765837117444,-0.6428123075083164,-0.9014492861406217,-0.17440931183371247,0.233955331039913,0.8071070273410997,1.2255532164261718,-0.8958069916975275,0.053029375502561094,-2.1843038379557624,0.5835524219799213,-1.6117033506615208,0.0,0.0,0.0,0.0,0.0,0.0,1.0,0.0,0.0,0.0,0.0,0.0,0.0,0.0,1.0,0.0,0.0,0.0,1.0,1.0,0.0,0.0,0.0,0.0,1.0,0.0,0.0,0.0,0.0,0.0,0.0,0.0,0.0,0.0,1.0,1.0,0.0,0.0,0.0,0.0,0.0,0.0,1.0,1.0,0.0,1.0,0.0,0.0,1.0,0.0,0.0,0.0,0.0,0.0,0
1.2825903502789784,-0.010462903108779882,1.7117151363475491,2.0669187406179654,0.5525429895349099,-0.9967912993099517,0.5791146780550765,0.979166028283603,0.6171696394103273,0.233955331039913,0.006630118503325768,-0.5461960240222598,-0.17732207695777194,-0.2813596802142263,1.3491095959191157,-0.24614296472138883,-1.3236325179291095,0.0,0.0,0.0,0.0,0.0,0.0,1.0,0.0,0.0,0.0,0.0,0.0,0.0,0.0,1.0,0.0,0.0,1.0,0.0,0.0,0.0,1.0,0.0,0.0,1.0,0.0,0.0,0.0,0.0,0.0,0.0,0.0,0.0,1.0,0.0,0.0,1.0,0.0,0.0,0.0,1.0,0.0,0.0,1.0,0.0,1.0,0.0,0.0,0.0,1.0,0.0,0.0,0.0,0.0,0
0.31694554683097526,-0.215244046087788,1.385961677677559,-1.990547322782121,-1.2483101527427733,-0.9967912993099517,-0.6895867174023025,-0.5872053071051132,0.6171696394103273,-1.019118400612531,0.006630118503325768,-0.5461960240222598,-0.03362509400982082,-0.03816763969292637,-1.2028001063238518,-1.9055337381240092,-0.017711409542178046,0.0,0.0,0.0,0.0,1.0,0.0,0.0,0.0,0.0,0.0,0.0,0.0,0.0,1.0,0.0,0.0,0.0,0.0,1.0,1.0,0.0,0.0,0.0,0.0,1.0,0.0,0.0,0.0,0.0,0.0,0.0,1.0,0.0,0.0,0.0,0.0,0.0,1.0,0.0,0.0,1.0,0.0,0.0,1.0,0.0,1.0,0.0,0.0,1.0,0.0,0.0,0.0,0.0,0.0,1
0.2898052240338302,0.8066752017792618,0.80601047124687,0.16665078158300348,0.10871947129041147,-0.9967912993099517,-0.027724552096440366,-0.2540414806188585,-0.17440931183371247,-1.019118400612531,0.8071070273410997,-0.5461960240222598,-0.5365645343276497,1.6084451346700417,0.17130511796082293,-0.24614296472138883,1.1939319717686914,0.0,0.0,0.0,0.0,0.0,0.0,0.0,0.0,1.0,0.0,0.0,0.0,0.0,1.0,0.0,0.0,0.0,0.0,1.0,1.0,0.0,0.0,0.0,0.0,0.0,0.0,1.0,0.0,0.0,0.0,0.0,1.0,0.0,0.0,0.0,0.0,1.0,0.0,0.0,0.0,1.0,0.0,0.0,1.0,0.0,1.0,0.0,0.0,0.0,1.0,0.0,0.0,0.0,0.0,0
0.026709776129070564,-0.013856943561631216,0.01125172249905238,0.09957064696796633,0.034643511667979465,-0.9967912993099517,0.6273212110282117,0.8355879456597132,-1.5276224669815408,0.233955331039913,-1.3617941956209574,-0.5461960240222598,0.7567083122039103,1.9631001937636041,-0.4175971210183234,-0.24614296472138883,-0.2761022170839773,0.0,0.0,0.0,0.0,1.0,0.0,0.0,0.0,0.0,0.0,0.0,0.0,0.0,0.0,1.0,0.0,0.0,0.0,1.0,0.0,1.0,0.0,0.0,0.0,1.0,0.0,0.0,0.0,0.0,0.0,1.0,0.0,0.0,0.0,0.0,0.0,0.0,1.0,0.0,0.0,0.0,0.0,1.0,1.0,0.0,1.0,0.0,0.0,0.0,0.0,0.0,0.0,0.0,1.0,0
0.1597694267894871,-1.3557122345226607,-0.3678336660157809,-0.02808088940971111,0.3008804519518133,-0.9967912993099517,1.144580107977921,0.923742829432249,-0.17440931183371247,-1.019118400612531,-1.3617941956209574,0.23781550455625436,-1.5424434149633075,-0.7829432637894074,1.938011834898262,-1.9055337381240092,0.10450045888975404,0.0,0.0,0.0,0.0,0.0,0.0,0.0,0.0,0.0,0.0,0.0,1.0,0.0,1.0,0.0,0.0,0.0,0.0,1.0,0.0,1.0,0.0,0.0,0.0,1.0,0.0,0.0,0.0,0.0,0.0,0.0,1.0,0.0,0.0,0.0,1.0,0.0,0.0,0.0,0.0,0.0,0.0,1.0,1.0,0.0,1.0,0.0,0.0,0.0,0.0,1.0,0.0,0.0,0.0,0
1.2896315477752966,-0.9298374134609421,0.7229706873135391,0.3332767048622299,1.1488666986634468,-0.9967912993099517,0.9337737967988226,1.1608275899073284,-1.5276224669815408,1.8904287018766261,0.006630118503325768,0.23781550455625436,-0.39286755137969864,-1.0616008102200636,-1.0064993599974699,-1.075838351422699,-1.1211099930990505,0.0,0.0,0.0,0.0,0.0,1.0,0.0,0.0,0.0,0.0,0.0,0.0,0.0,1.0,0.0,0.0,0.0,0.0,1.0,1.0,0.0,0.0,0.0,0.0,1.0,0.0,0.0,0.0,0.0,0.0,1.0,0.0,0.0,0.0,0.0,0.0,0.0,1.0,0.0,0.0,0.0,0.0,1.0,1.0,0.0,0.0,1.0,0.0,0.0,0.0,0.0,1.0,0.0,0.0,0
0.671613689683607,-1.8599958843857192,0.28207271779377585,0.7737574465288144,-0.9820732124589395,0.49888765837117444,1.250979604547529,1.0921679288248631,0.6171696394103273,0.233955331039913,0.8071070273410997,0.23781550455625436,0.325617363360057,0.6964749827151672,0.7602073569399693,-0.24614296472138883,-0.24642219189336523,0.0,0.0,0.0,0.0,1.0,0.0,0.0,0.0,0.0,0.0,0.0,0.0,0.0,1.0,0.0,0.0,0.0,0.0,1.0,1.0,0.0,0.0,0.0,0.0,1.0,0.0,0.0,0.0,0.0,1.0,0.0,0.0,0.0,0.0,0.0,0.0,1.0,0.0,0.0,0.0,1.0,0.0,0.0,0.0,1.0,1.0,0.0,0.0,1.0,0.0,0.0,0.0,0.0,0.0,1
0.026709776129070564,-0.30115487677216135,0.28207271779377585,-0.2623626169803747,-0.4641737345920091,-0.9967912993099517,-1.8942901646268937,-1.8342762075229806,1.1788038433141157,0.233955331039913,-1.3617941956209574,-0.5461960240222598,1.3314962439957148,1.6540436422677856,-1.0064993599974699,0.5835524219799213,0.02069803482214347,0.0,0.0,0.0,0.0,0.0,0.0,0.0,0.0,0.0,0.0,0.0,0.0,1.0,1.0,0.0,0.0,0.0,0.0,1.0,0.0,1.0,0.0,0.0,0.0,1.0,0.0,0.0,0.0,0.0,1.0,0.0,0.0,0.0,0.0,0.0,0.0,0.0,1.0,0.0,0.0,0.0,0.0,1.0,1.0,0.0,0.0,1.0,0.0,0.0,0.0,1.0,0.0,0.0,0.0,0
-1.4179622404601584,0.3962427142438668,-0.26968161895469217,-0.008959657523465534,0.9984626704981394,0.49888765837117444,-0.7362354475451742,-0.8681623561020959,-0.17440931183371247,0.233955331039913,0.8071070273410997,0.7940805366324234,-1.326897940541381,0.8231375038200108,-0.2212963746919413,1.4132478086812315,-1.6309080728436816,0.0,0.0,0.0,0.0,0.0,0.0,1.0,0.0,0.0,0.0,0.0,0.0,0.0,1.0,0.0,0.0,0.0,0.0,1.0,0.0,0.0,1.0,0.0,1.0,0.0,0.0,0.0,1.0,0.0,0.0,0.0,0.0,0.0,0.0,0.0,0.0,0.0,1.0,0.0,0.0,1.0,0.0,0.0,1.0,0.0,1.0,0.0,0.0,1.0,0.0,0.0,0.0,0.0,0.0,0
0.2192462622119632,0.8151645490247699,-2.014998948602723,1.3646847121989916,-0.23159342861585436,0.49888765837117444,-1.5715466282470345,-1.2074123389931843,-1.5276224669815408,0.233955331039913,0.006630118503325768,-1.8864725846769428,-0.32101905990572305,0.012497368749011112,-0.2212963746919413,-1.075838351422699,-1.3149030987554,0.0,0.0,1.0,0.0,0.0,0.0,0.0,0.0,0.0,0.0,0.0,0.0,0.0,0.0,1.0,0.0,0.0,1.0,0.0,0.0,0.0,1.0,0.0,0.0,1.0,0.0,0.0,0.0,0.0,0.0,0.0,1.0,0.0,0.0,0.0,0.0,1.0,0.0,0.0,0.0,1.0,0.0,0.0,1.0,0.0,1.0,0.0,0.0,0.0,0.0,0.0,1.0,0.0,0.0,0
-0.8505445573678087,0.8857108993623819,-0.812028836009737,0.5035098731771052,0.5073898664580703,-0.9967912993099517,-0.1716474659157101,0.04252324260220336,-0.17440931183371247,0.233955331039913,0.006630118503325768,0.23781550455625436,2.481072107579324,0.43808343966128593,-0.8101986136710877,-0.24614296472138883,-1.330616053268077,0.0,0.0,0.0,0.0,0.0,0.0,0.0,0.0,0.0,0.0,0.0,1.0,0.0,0.0,0.0,0.0,1.0,0.0,1.0,1.0,0.0,0.0,0.0,0.0,1.0,0.0,0.0,0.0,0.0,0.0,0.0,0.0,0.0,1.0,0.0,0.0,1.0,0.0,0.0,0.0,0.0,0.0,1.0,1.0,0.0,1.0,0.0,0.0,0.0,0.0,0.0,1.0,0.0,0.0,0
-1.763173642921847,-0.9184173403285021,1.4110584620944115,0.3748431474487516,-0.7755637979526826,1.9945666160523006,0.5633819971129569,0.9820416707297407,-1.5276224669815408,0.233955331039913,1.375054432627609,0.7940805366324234,-0.39286755137969864,-1.7810439300955758,1.1528088495927336,1.4132478086812315,-1.608211582992037,0.0,0.0,0.0,0.0,1.0,0.0,0.0,0.0,0.0,0.0,0.0,0.0,0.0,0.0,1.0,0.0,0.0,0.0,1.0,1.0,0.0,0.0,0.0,0.0,1.0,0.0,0.0,1.0,0.0,0.0,0.0,0.0,0.0,0.0,0.0,1.0,0.0,0.0,0.0,0.0,1.0,0.0,0.0,1.0,0.0,0.0,1.0,0.0,0.0,0.0,0.0,1.0,0.0,0.0,0
0.9530659739856004,-0.5409627714290545,-0.33425886755361933,-0.3354484878652693,-0.7755637979526826,-0.9967912993099517,-0.5036469745726884,-0.6701827719113806,-1.5276224669815408,-1.019118400612531,0.8071070273410997,0.23781550455625436,-0.823958500223552,-0.017901636316151378,-0.8101986136710877,-0.24614296472138883,-1.5279009265939103,0.0,0.0,0.0,0.0,0.0,1.0,0.0,0.0,0.0,0.0,0.0,0.0,0.0,1.0,0.0,0.0,0.0,0.0,1.0,1.0,0.0,0.0,0.0,0.0,1.0,0.0,0.0,0.0,0.0,0.0,0.0,0.0,0.0,1.0,0.0,0.0,1.0,0.0,0.0,0.0,1.0,0.0,0.0,1.0,0.0,1.0,0.0,0.0,0.0,0.0,0.0,1.0,0.0,0.0,1
0.16844213322952012,-0.1333473605730854,0.341563170268023,-1.7115690801333474,0.6367333169865165,-0.9967912993099517,0.32697417346871727,0.6015308691993376,0.6171696394103273,1.487029062692357,1.375054432627609,-1.8864725846769428,-0.823958500223552,1.8009721667494043,1.1528088495927336,-1.075838351422699,1.2899555826794953,0.0,0.0,0.0,0.0,0.0,0.0,0.0,0.0,1.0,0.0,0.0,0.0,0.0,1.0,0.0,0.0,0.0,0.0,1.0,1.0,0.0,0.0,0.0,0.0,1.0,0.0,0.0,0.0,0.0,0.0,0.0,1.0,0.0,0.0,0.0,0.0,1.0,0.0,0.0,0.0,0.0,0.0,1.0,0.0,1.0,1.0,0.0,0.0,0.0,0.0,0.0,1.0,0.0,0.0,0
-0.6351257244965816,0.11070927211051848,-1.1423402837787076,-0.2623626169803747,-0.34059638025356326,-0.9967912993099517,0.28791984444727414,0.24484247491935734,-0.17440931183371247,1.8904287018766261,-1.3617941956209574,-1.8864725846769428,-0.10547358548379637,0.3519529253099922,2.5269140738774083,-0.24614296472138883,0.2040158374700416,0.0,1.0,0.0,0.0,0.0,0.0,0.0,0.0,0.0,0.0,0.0,0.0,0.0,0.0,1.0,0.0,0.0,0.0,1.0,0.0,1.0,0.0,0.0,0.0,1.0,0.0,0.0,0.0,0.0,0.0,0.0,1.0,0.0,0.0,0.0,0.0,0.0,1.0,0.0,0.0,0.0,0.0,1.0,1.0,0.0,1.0,0.0,0.0,0.0,1.0,0.0,0.0,0.0,0.0,0
0.06485922557375612,0.3746000304649803,0.7925453126452172,-0.41346511389116986,-1.2483101527427733,-0.9967912993099517,-0.5342689518533376,-0.5127105158831113,-1.5276224669815408,0.233955331039913,-1.3617941956209574,-0.5461960240222598,1.0441022780998126,0.1594258932306298,-1.2028001063238518,-0.24614296472138883,1.1520307597348862,0.0,0.0,0.0,0.0,0.0,0.0,0.0,1.0,0.0,0.0,0.0,0.0,0.0,1.0,0.0,0.0,0.0,0.0,1.0,0.0,1.0,0.0,0.0,0.0,1.0,0.0,0.0,1.0,0.0,0.0,0.0,0.0,0.0,0.0,0.0,0.0,1.0,0.0,0.0,0.0,0.0,0.0,1.0,1.0,0.0,1.0,0.0,0.0,0.0,0.0,0.0,1.0,0.0,0.0,1
-0.4803266605949807,-0.010462903108779882,-1.0809144268831403,-0.7196636286789051,-0.23159342861585436,1.9945666160523006,1.3796295095736129,1.484056308391897,-1.5276224669815408,-1.019118400612531,-1.3617941956209574,0.7940805366324234,-0.9676554831715031,0.012497368749011112,-0.024995628365559186,-1.075838351422699,-1.1839618111497585,0.0,0.0,0.0,0.0,1.0,0.0,0.0,0.0,0.0,0.0,0.0,0.0,0.0,1.0,0.0,0.0,0.0,0.0,1.0,0.0,1.0,0.0,0.0,0.0,0.0,1.0,0.0,0.0,0.0,0.0,0.0,1.0,0.0,0.0,0.0,0.0,1.0,0.0,0.0,0.0,1.0,0.0,0.0,1.0,0.0,1.0,0.0,0.0,0.0,0.0,0.0,0.0,0.0,1.0,0
-0.07674522240563383,-1.2563282898898174,0.9211243378682687,-1.3583010865962881,-1.6235500446643159,0.49888765837117444,0.07553574467660332,0.21036072871897987,-1.5276224669815408,-1.019118400612531,0.006630118503325768,-0.5461960240222598,-0.17732207695777194,0.5546129590777422,0.17130511796082293,-1.075838351422699,-1.1472982506201788,0.0,0.0,0.0,0.0,0.0,0.0,0.0,0.0,0.0,0.0,0.0,1.0,0.0,1.0,0.0,0.0,0.0,0.0,1.0,0.0,0.0,1.0,0.0,0.0,1.0,0.0,0.0,1.0,0.0,0.0,0.0,0.0,0.0,0.0,0.0,1.0,0.0,0.0,0.0,0.0,0.0,0.0,1.0,1.0,0.0,1.0,0.0,0.0,1.0,0.0,0.0,0.0,0.0,0.0,1
-1.703424809172922,-0.2694253245609661,-0.5506149604084367,1.1491371299488564,-0.606833320537397,0.49888765837117444,-0.27457066037193256,-0.5923590973827995,-0.17440931183371247,0.233955331039913,0.006630118503325768,-0.5461960240222598,1.5470417184176415,0.6610094768058109,-0.6138978673447055,0.5835524219799213,-0.6811472667440951,0.0,0.0,0.0,0.0,1.0,0.0,0.0,0.0,0.0,0.0,0.0,0.0,0.0,0.0,1.0,0.0,0.0,0.0,1.0,1.0,0.0,0.0,0.0,0.0,1.0,0.0,0.0,0.0,0.0,0.0,0.0,1.0,0.0,0.0,0.0,0.0,0.0,1.0,0.0,0.0,0.0,0.0,1.0,1.0,0.0,0.0,1.0,0.0,0.0,0.0,0.0,0.0,0.0,1.0,0
0.7700082744352159,0.5701557450925141,-1.423273625232452,-0.7919876897299764,1.076716765635603,0.49888765837117444,0.1199258441427487,-0.15358353094172128,-0.17440931183371247,-1.019118400612531,0.8071070273410997,-1.8864725846769428,-0.2491705684317475,-0.1040321506674451,0.9565081032663514,0.5835524219799213,-0.41402704002858637,0.0,0.0,0.0,0.0,0.0,0.0,1.0,0.0,0.0,0.0,0.0,0.0,0.0,0.0,1.0,0.0,0.0,0.0,1.0,1.0,0.0,0.0,0.0,0.0,0.0,1.0,0.0,1.0,0.0,0.0,0.0,0.0,0.0,0.0,0.0,1.0,0.0,0.0,0.0,0.0,1.0,0.0,0.0,1.0,0.0,1.0,0.0,0.0,0.0,1.0,0.0,0.0,0.0,0.0,0
-0.7977820828393197,1.1177633755524405,0.06062982881427848,0.6731019729297978,-0.04588164091512093,0.49888765837117444,-1.485430996627725,-1.2203913956967696,-1.5276224669815408,-1.019118400612531,-1.3617941956209574,0.7940805366324234,1.6188902098916171,0.3874184312193485,-0.6138978673447055,-1.075838351422699,-0.4332317622107471,0.0,0.0,0.0,0.0,1.0,0.0,0.0,0.0,0.0,0.0,0.0,0.0,0.0,0.0,1.0,0.0,0.0,0.0,1.0,0.0,1.0,0.0,1.0,0.0,0.0,0.0,0.0,0.0,0.0,0.0,0.0,1.0,0.0,0.0,0.0,0.0,0.0,0.0,1.0,0.0,1.0,0.0,0.0,1.0,0.0,1.0,0.0,0.0,0.0,0.0,0.0,1.0,0.0,0.0,0
-0.0926330339778598,0.03967461456236021,0.8839103873230683,1.1560849477761705,1.5544521106462208,0.49888765837117444,-0.03751571801368083,-0.2536566127957388,-0.17440931183371247,-1.019118400612531,1.8155886650711848,1.2255532164261718,-0.823958500223552,0.027696871281592355,-0.4175971210183234,-0.24614296472138883,-0.8836697915741539,0.0,0.0,0.0,0.0,0.0,0.0,0.0,0.0,0.0,0.0,1.0,0.0,0.0,1.0,0.0,0.0,0.0,0.0,1.0,0.0,0.0,1.0,0.0,0.0,1.0,0.0,0.0,0.0,0.0,0.0,0.0,1.0,0.0,0.0,0.0,0.0,1.0,0.0,0.0,0.0,1.0,0.0,0.0,1.0,0.0,1.0,0.0,0.0,0.0,0.0,0.0,1.0,0.0,0.0,0
-0.3790328495103742,-1.1234650016488363,-0.6745490755800451,-0.3354484878652693,1.9686643059680888,-0.9967912993099517,-0.4963809539335855,-0.45786336662093996,0.6171696394103273,1.487029062692357,0.8071070273410997,-0.5461960240222598,-0.39286755137969864,1.5679131279164917,-0.8101986136710877,0.5835524219799213,0.6823880081893186,0.0,0.0,0.0,0.0,0.0,1.0,0.0,0.0,0.0,0.0,0.0,0.0,0.0,0.0,1.0,0.0,0.0,1.0,0.0,1.0,0.0,0.0,0.0,1.0,0.0,0.0,0.0,0.0,0.0,0.0,0.0,1.0,0.0,0.0,0.0,0.0,0.0,0.0,1.0,0.0,1.0,0.0,0.0,1.0,0.0,1.0,0.0,0.0,0.0,1.0,0.0,0.0,0.0,0.0,0
1.3148270482896576,0.5207710754650071,0.945336244218635,0.783357569599129,-0.23159342861585436,-0.9967912993099517,0.048838268540453256,-0.17362877253934206,-1.5276224669815408,-1.019118400612531,0.006630118503325768,1.5780920652109374,0.25376887188608144,-2.034368972305263,0.7602073569399693,-0.24614296472138883,-1.206658301001403,0.0,0.0,1.0,0.0,0.0,0.0,0.0,0.0,0.0,0.0,0.0,0.0,0.0,1.0,0.0,0.0,0.0,0.0,1.0,1.0,0.0,0.0,0.0,0.0,1.0,0.0,0.0,0.0,0.0,0.0,0.0,0.0,0.0,1.0,0.0,1.0,0.0,0.0,0.0,0.0,1.0,0.0,0.0,1.0,0.0,0.0,1.0,0.0,0.0,0.0,0.0,0.0,1.0,0.0,0
1.5349758370034343,-0.8845968091956891,0.08461113156877503,-0.995459453389766,1.1013970400975368,0.49888765837117444,-0.5038612129734029,-0.28426544805708115,-1.5276224669815408,-1.019118400612531,0.8071070273410997,-0.5461960240222598,0.18192038041210587,-0.4738867122935887,-1.399100852650234,-0.24614296472138883,0.045140408508529885,0.0,0.0,0.0,0.0,0.0,0.0,1.0,0.0,0.0,0.0,0.0,0.0,0.0,1.0,0.0,0.0,0.0,1.0,0.0,0.0,0.0,1.0,0.0,0.0,1.0,0.0,0.0,0.0,0.0,0.0,1.0,0.0,0.0,0.0,0.0,0.0,0.0,0.0,1.0,0.0,1.0,0.0,0.0,1.0,0.0,1.0,0.0,0.0,1.0,0.0,0.0,0.0,0.0,0.0,0
-1.3429679690080567,-0.010462903108779882,0.2616010418910505,0.16665078158300348,-1.6235500446643159,0.49888765837117444,-0.12387491127687682,0.21263185297588352,1.6144411763273727,-1.019118400612531,0.006630118503325768,-0.5461960240222598,-0.2491705684317475,-2.3130265187359194,0.9565081032663514,-0.24614296472138883,-0.5152883024436158,0.0,0.0,0.0,0.0,1.0,0.0,0.0,0.0,0.0,0.0,0.0,0.0,0.0,1.0,0.0,0.0,0.0,0.0,1.0,0.0,0.0,1.0,0.0,0.0,1.0,0.0,0.0,0.0,0.0,0.0,0.0,0.0,0.0,0.0,1.0,0.0,0.0,1.0,0.0,0.0,0.0,0.0,1.0,1.0,0.0,0.0,1.0,0.0,0.0,0.0,0.0,1.0,0.0,0.0,0
1.0037780826835019,-0.5969142007032464,-0.9128010303810109,0.9603137605917264,-0.23159342861585436,-0.9967912993099517,0.06103222031632599,1.3324503826975438,-1.5276224669815408,-1.019118400612531,-1.3617941956209574,1.2255532164261718,-0.6802615172756009,2.4190852697410414,0.17130511796082293,0.5835524219799213,-0.0892926467665954,0.0,0.0,0.0,0.0,0.0,0.0,0.0,0.0,1.0,0.0,0.0,0.0,0.0,1.0,0.0,0.0,0.0,0.0,1.0,0.0,1.0,0.0,0.0,0.0,0.0,1.0,0.0,0.0,1.0,0.0,0.0,0.0,0.0,0.0,0.0,1.0,0.0,0.0,0.0,0.0,1.0,0.0,0.0,1.0,0.0,1.0,0.0,0.0,0.0,1.0,0.0,0.0,0.0,0.0,0
-0.4130384715826958,-1.8406266758931107,1.1445371542221876,-0.6515964562984796,1.1940198217402864,-0.9967912993099517,-0.886782141332793,-1.0420313727825476,1.1788038433141157,1.487029062692357,0.006630118503325768,0.7940805366324234,-0.7521100087495765,0.14929289154224232,-1.9880030916293803,1.4132478086812315,-1.2764936543910785,0.0,0.0,0.0,0.0,0.0,1.0,0.0,0.0,0.0,0.0,0.0,0.0,0.0,0.0,1.0,0.0,0.0,0.0,1.0,0.0,0.0,1.0,0.0,1.0,0.0,0.0,0.0,0.0,1.0,0.0,0.0,0.0,0.0,0.0,0.0,0.0,1.0,0.0,0.0,0.0,0.0,0.0,1.0,1.0,0.0,1.0,0.0,0.0,0.0,0.0,0.0,0.0,0.0,1.0,0
1.7895546622343974,-0.11885953606502324,0.3220437044155789,-0.008959657523465534,-1.2483101527427733,0.49888765837117444,0.8496061683312882,0.6731355454027801,0.6171696394103273,0.233955331039913,-1.3617941956209574,0.23781550455625436,1.3314962439957148,1.785772664216823,0.5639066106135872,-0.24614296472138883,0.5479549529141933,0.0,0.0,0.0,0.0,0.0,0.0,0.0,0.0,0.0,0.0,0.0,1.0,0.0,0.0,1.0,0.0,0.0,0.0,1.0,0.0,1.0,0.0,0.0,0.0,1.0,0.0,0.0,0.0,0.0,0.0,0.0,0.0,0.0,0.0,1.0,1.0,0.0,0.0,0.0,0.0,0.0,0.0,1.0,0.0,1.0,1.0,0.0,0.0,0.0,0.0,0.0,0.0,0.0,1.0,0
0.47519376600929913,0.8193938561039417,-1.2749871003535849,-0.3105699335114892,-0.4641737345920091,-0.9967912993099517,0.4124601574892834,0.09870750564753117,0.6171696394103273,0.9669564746953179,-1.3617941956209574,0.23781550455625436,-0.6084130258016253,0.4127509354403172,1.7417110885718798,-1.075838351422699,1.0629906841630499,0.0,0.0,0.0,0.0,0.0,0.0,0.0,0.0,0.0,0.0,0.0,0.0,1.0,1.0,0.0,0.0,0.0,0.0,1.0,0.0,1.0,0.0,0.0,0.0,1.0,0.0,0.0,0.0,0.0,0.0,0.0,1.0,0.0,0.0,0.0,1.0,0.0,0.0,0.0,0.0,1.0,0.0,0.0,1.0,0.0,0.0,1.0,0.0,0.0,1.0,0.0,0.0,0.0,0.0,0
-1.7429369639109342,-0.3416418553368552,-0.09372408288307414,-1.3583010865962881,0.40988340358952174,1.3738037617323386,-0.8789274641105174,-0.592599231816419,-0.17440931183371247,1.8904287018766261,0.006630118503325768,0.23781550455625436,-0.9676554831715031,0.8383370063525921,0.36760586428720504,-0.24614296472138883,-0.558935398312163,0.0,0.0,0.0,0.0,1.0,0.0,0.0,0.0,0.0,0.0,0.0,0.0,0.0,0.0,1.0,0.0,0.0,0.0,1.0,0.0,0.0,1.0,0.0,0.0,0.0,0.0,1.0,0.0,1.0,0.0,0.0,0.0,0.0,0.0,0.0,0.0,1.0,0.0,0.0,0.0,0.0,0.0,1.0,1.0,0.0,0.0,1.0,0.0,0.0,0.0,0.0,1.0,0.0,0.0,0
-0.8167106353662301,0.4596123757772708,-0.23859410545326964,-1.7972977893282913,-0.04588164091512093,-0.9967912993099517,0.04735347816485441,-0.07020347726661667,1.1788038433141157,-1.019118400612531,1.8155886650711848,-1.8864725846769428,0.3974658548340326,2.388686264675879,-0.4175971210183234,0.5835524219799213,0.004985080309466485,0.0,0.0,0.0,0.0,0.0,0.0,0.0,0.0,0.0,0.0,0.0,0.0,1.0,1.0,0.0,0.0,0.0,0.0,1.0,1.0,0.0,0.0,0.0,0.0,1.0,0.0,0.0,0.0,0.0,0.0,0.0,1.0,0.0,0.0,0.0,1.0,0.0,0.0,0.0,0.0,1.0,0.0,0.0,1.0,0.0,0.0,1.0,1.0,0.0,0.0,0.0,0.0,0.0,0.0,0
0.8462408942683411,1.8190404586111102,0.30221683279231626,0.16665078158300348,-1.6235500446643159,0.49888765837117444,0.27111393406556095,0.624455839872319,1.1788038433141157,0.233955331039913,0.006630118503325768,-1.8864725846769428,-0.10547358548379637,-1.2034628338574884,0.36760586428720504,0.5835524219799213,-1.2904607250690137,0.0,0.0,1.0,0.0,0.0,0.0,0.0,0.0,0.0,0.0,0.0,0.0,0.0,0.0,1.0,0.0,0.0,0.0,1.0,0.0,0.0,1.0,0.0,0.0,1.0,0.0,0.0,0.0,1.0,0.0,0.0,0.0,0.0,0.0,0.0,1.0,0.0,0.0,0.0,0.0,0.0,0.0,1.0,1.0,0.0,1.0,0.0,0.0,1.0,0.0,0.0,0.0,0.0,0.0,0
0.26205981261945815,1.5567477439069726,-1.7854596952050261,2.0284617413563963,0.35698583829276287,0.49888765837117444,-0.34374860725570094,-0.5329009808674477,1.6144411763273727,0.9669564746953179,-1.3617941956209574,0.23781550455625436,1.978132667261495,0.012497368749011112,-1.5954015989766162,0.5835524219799213,1.5972311375940673,0.0,0.0,1.0,0.0,0.0,0.0,0.0,0.0,0.0,0.0,0.0,0.0,0.0,1.0,0.0,0.0,0.0,1.0,0.0,0.0,1.0,0.0,0.0,0.0,1.0,0.0,0.0,0.0,0.0,0.0,1.0,0.0,0.0,0.0,0.0,0.0,0.0,1.0,0.0,0.0,1.0,0.0,0.0,1.0,0.0,1.0,0.0,1.0,0.0,0.0,0.0,0.0,0.0,0.0,0
-1.5655131900366648,-0.32533468945784066,-1.3469484189652163,-0.5264140952250759,-0.7755637979526826,-0.9967912993099517,1.1264485925624743,0.8737558354628189,1.1788038433141157,-1.019118400612531,0.8071070273410997,0.7940805366324234,-1.3987464320153564,0.6762089793383921,0.9565081032663514,-0.24614296472138883,-0.7544743878032543,0.0,0.0,0.0,0.0,0.0,0.0,0.0,1.0,0.0,0.0,0.0,0.0,0.0,0.0,1.0,0.0,0.0,1.0,0.0,1.0,0.0,0.0,0.0,0.0,1.0,0.0,0.0,0.0,0.0,0.0,1.0,0.0,0.0,0.0,0.0,0.0,0.0,1.0,0.0,0.0,0.0,0.0,1.0,1.0,0.0,1.0,0.0,0.0,0.0,0.0,0.0,1.0,0.0,0.0,0
1.4984124452962273,0.21512357107192806,1.0265889727374644,-0.41346511389116986,1.5394037230722963,-0.9967912993099517,0.32110283217984315,0.535794433448573,1.1788038433141157,0.9669564746953179,1.375054432627609,-0.5461960240222598,0.6848598207299348,0.5242139540125796,-0.6138978673447055,0.5835524219799213,1.218374345455078,0.0,0.0,0.0,0.0,0.0,0.0,0.0,0.0,1.0,0.0,0.0,0.0,0.0,1.0,0.0,0.0,0.0,1.0,0.0,0.0,0.0,1.0,0.0,0.0,0.0,1.0,0.0,0.0,0.0,0.0,0.0,0.0,0.0,0.0,1.0,0.0,1.0,0.0,0.0,0.0,1.0,0.0,0.0,0.0,1.0,0.0,1.0,1.0,0.0,0.0,0.0,0.0,0.0,0.0,0
0.885713882719818,-0.4867419898266078,0.8584755762353353,-0.1078924082562966,0.676120343873356,0.49888765837117444,0.26457015103170733,0.027788496289340894,-1.5276224669815408,0.9669564746953179,0.8071070273410997,-1.8864725846769428,-0.6084130258016253,0.46848244472644845,0.36760586428720504,1.4132478086812315,0.8814187653498937,0.0,0.0,0.0,0.0,1.0,0.0,0.0,0.0,0.0,0.0,0.0,0.0,0.0,0.0,1.0,0.0,0.0,0.0,1.0,0.0,0.0,1.0,0.0,0.0,1.0,0.0,0.0,0.0,1.0,0.0,0.0,0.0,0.0,0.0,0.0,0.0,0.0,1.0,0.0,0.0,0.0,0.0,1.0,0.0,1.0,1.0,0.0,0.0,0.0,0.0,0.0,1.0,0.0,0.0,0
0.5973357811662966,1.936802130844663,-0.2082557620591248,-1.1372868238037945,-2.2650268768696926,0.49888765837117444,-0.4020760841799775,-0.4525948822703196,-0.17440931183371247,0.9669564746953179,-1.3617941956209574,0.7940805366324234,0.6130113292559592,0.08342838056772359,0.5639066106135872,1.4132478086812315,0.2406793979996212,0.0,0.0,0.0,0.0,0.0,0.0,0.0,0.0,1.0,0.0,0.0,0.0,0.0,0.0,1.0,0.0,0.0,0.0,1.0,0.0,1.0,0.0,0.0,0.0,1.0,0.0,0.0,0.0,0.0,0.0,0.0,0.0,0.0,1.0,0.0,0.0,1.0,0.0,0.0,0.0,1.0,0.0,0.0,1.0,0.0,1.0,0.0,0.0,0.0,0.0,0.0,1.0,0.0,0.0,0
-0.5399561895134725,1.6695410328327787,-0.23859410545326964,-1.1887089868435954,0.9708350832117979,0.49888765837117444,-2.4903349591918893,-2.146435179731318,-0.17440931183371247,-1.019118400612531,-1.3617941956209574,-0.5461960240222598,0.6848598207299348,1.2841890806416418,-0.8101986136710877,-0.24614296472138883,-0.3529211058126203,0.0,0.0,0.0,0.0,0.0,0.0,0.0,1.0,0.0,0.0,0.0,0.0,0.0,1.0,0.0,0.0,0.0,0.0,1.0,0.0,1.0,0.0,0.0,0.0,1.0,0.0,0.0,0.0,0.0,0.0,0.0,0.0,0.0,0.0,1.0,0.0,0.0,1.0,0.0,0.0,0.0,0.0,1.0,1.0,0.0,1.0,0.0,1.0,0.0,0.0,0.0,0.0,0.0,0.0,0
-0.07411686168696381,-0.010462903108779882,-1.7854596952050261,0.8663515063836271,0.676120343873356,0.49888765837117444,1.0507792093193815,0.9803684471150779,0.6171696394103273,1.487029062692357,0.006630118503325768,0.23781550455625436,-0.6084130258016253,-0.7778767629452136,0.36760586428720504,0.5835524219799213,-1.4912373660643305,0.0,0.0,0.0,0.0,0.0,0.0,0.0,0.0,1.0,0.0,0.0,0.0,0.0,0.0,0.0,0.0,1.0,0.0,1.0,1.0,0.0,0.0,0.0,0.0,1.0,0.0,0.0,1.0,0.0,0.0,0.0,0.0,0.0,0.0,0.0,0.0,1.0,0.0,0.0,0.0,0.0,1.0,0.0,1.0,0.0,0.0,1.0,0.0,1.0,0.0,0.0,0.0,0.0,0.0,0
-0.18097367095927416,-0.010462903108779882,1.4275159556354249,0.9014089829064915,-2.2650268768696926,-0.9967912993099517,0.15925647637643386,0.2949144440296651,-1.5276224669815408,0.233955331039913,0.006630118503325768,-1.8864725846769428,0.3974658548340326,1.061263043497117,-1.7917023453029983,0.5835524219799213,0.2267123273216861,0.0,0.0,0.0,0.0,0.0,1.0,0.0,0.0,0.0,0.0,0.0,0.0,0.0,1.0,0.0,0.0,0.0,0.0,1.0,0.0,0.0,1.0,0.0,0.0,1.0,0.0,0.0,0.0,0.0,0.0,0.0,1.0,0.0,0.0,0.0,0.0,1.0,0.0,0.0,0.0,1.0,0.0,0.0,1.0,0.0,1.0,0.0,0.0,0.0,0.0,0.0,1.0,0.0,0.0,0
0.4802494060194729,-0.28521831661767816,0.7512635707481908,-0.41346511389116986,-0.9820732124589395,0.49888765837117444,0.5904447988985813,0.31222214740566717,-1.5276224669815408,-1.019118400612531,0.8071070273410997,0.23781550455625436,2.481072107579324,0.2100909016725673,-1.0064993599974699,-1.075838351422699,-1.7391528705976784,0.0,0.0,0.0,0.0,0.0,0.0,0.0,1.0,0.0,0.0,0.0,0.0,0.0,1.0,0.0,0.0,0.0,1.0,0.0,1.0,0.0,0.0,0.0,1.0,0.0,0.0,0.0,0.0,0.0,0.0,0.0,0.0,0.0,1.0,0.0,1.0,0.0,0.0,0.0,0.0,0.0,0.0,1.0,0.0,1.0,0.0,1.0,0.0,1.0,0.0,0.0,0.0,0.0,0.0,1
1.4336778117000573,-0.09734984869038334,-1.6846875008337523,-0.6515964562984796,-0.7755637979526826,0.49888765837117444,-0.3723353046209092,-0.19384775424599207,1.6144411763273727,-1.019118400612531,1.375054432627609,-1.8864725846769428,-0.39286755137969864,-0.0938991489790576,-0.2212963746919413,0.5835524219799213,0.429234852151745,0.0,0.0,0.0,0.0,0.0,0.0,0.0,0.0,0.0,0.0,0.0,0.0,1.0,0.0,0.0,0.0,1.0,1.0,0.0,1.0,0.0,0.0,0.0,0.0,1.0,0.0,0.0,0.0,0.0,0.0,0.0,0.0,1.0,0.0,0.0,1.0,0.0,0.0,0.0,0.0,1.0,0.0,0.0,1.0,0.0,1.0,0.0,0.0,0.0,0.0,0.0,0.0,1.0,0.0,1
0.6200883040378514,-0.6064155476133599,-1.0809144268831403,0.6302523264503523,0.1773030976133672,0.49888765837117444,-0.5057907320661084,-0.39190745907984614,1.1788038433141157,0.233955331039913,-1.3617941956209574,1.2255532164261718,1.1159507695737882,-2.277561012826563,0.17130511796082293,0.5835524219799213,-0.249913959562849,0.0,0.0,0.0,0.0,0.0,0.0,0.0,0.0,1.0,0.0,0.0,0.0,0.0,1.0,0.0,0.0,0.0,1.0,0.0,0.0,1.0,0.0,0.0,0.0,1.0,0.0,0.0,0.0,1.0,0.0,0.0,0.0,0.0,0.0,0.0,0.0,1.0,0.0,0.0,0.0,0.0,0.0,1.0,1.0,0.0,0.0,1.0,0.0,1.0,0.0,0.0,0.0,0.0,0.0,0
1.2878749796111189,0.41230116881179724,0.6340645593707459,0.4788960043732394,-0.4641737345920091,0.49888765837117444,0.14087179256049506,0.3912764706409283,-0.17440931183371247,1.8904287018766261,0.8071070273410997,1.8761594147954188,0.9722537866258371,-0.37255669540971376,-0.6138978673447055,-0.24614296472138883,-0.9657263318070226,0.0,0.0,0.0,0.0,0.0,0.0,0.0,0.0,0.0,0.0,0.0,1.0,0.0,0.0,1.0,0.0,0.0,0.0,1.0,1.0,0.0,0.0,0.0,0.0,1.0,0.0,0.0,0.0,0.0,0.0,1.0,0.0,0.0,0.0,0.0,0.0,0.0,0.0,1.0,0.0,1.0,0.0,0.0,1.0,0.0,0.0,1.0,0.0,0.0,0.0,0.0,0.0,0.0,1.0,0
0.8611903633649299,0.9768503838382924,-1.3469484189652163,-1.088053513244579,1.1013970400975368,0.49888765837117444,-0.9238476159967511,-1.060345077542587,-0.17440931183371247,-1.019118400612531,-1.3617941956209574,0.23781550455625436,-1.8298373808592099,-0.2306946717722888,-1.7917023453029983,0.5835524219799213,1.1363178052222092,0.0,0.0,0.0,0.0,0.0,0.0,0.0,1.0,0.0,0.0,0.0,0.0,0.0,1.0,0.0,0.0,0.0,1.0,0.0,0.0,1.0,0.0,0.0,0.0,1.0,0.0,0.0,0.0,0.0,0.0,0.0,1.0,0.0,0.0,0.0,0.0,1.0,0.0,0.0,0.0,0.0,0.0,1.0,1.0,0.0,1.0,0.0,0.0,0.0,0.0,0.0,1.0,0.0,0.0,0
-0.050708115052399395,-0.9184173403285021,-0.7187283569105664,0.009850646208549108,-0.4641737345920091,1.3738037617323386,-2.207188454594868,-2.2571588939421288,-1.5276224669815408,-1.019118400612531,0.8071070273410997,1.5780920652109374,-0.9676554831715031,-1.3909233650926571,0.17130511796082293,0.5835524219799213,1.3824874259208153,0.0,0.0,0.0,0.0,1.0,0.0,0.0,0.0,0.0,0.0,0.0,0.0,0.0,0.0,1.0,0.0,0.0,0.0,1.0,0.0,0.0,1.0,0.0,0.0,1.0,0.0,0.0,0.0,0.0,0.0,0.0,1.0,0.0,0.0,0.0,0.0,1.0,0.0,0.0,0.0,1.0,0.0,0.0,1.0,0.0,0.0,1.0,0.0,0.0,0.0,0.0,1.0,0.0,0.0,0
1.6226157069080065,-1.370381295319137,0.6186167541733134,1.1629912858469191,1.813195443633657,0.49888765837117444,-0.15949750924488995,0.07847970880598001,-0.17440931183371247,0.9669564746953179,0.006630118503325768,0.23781550455625436,0.3974658548340326,0.519147453168386,-0.8101986136710877,-0.24614296472138883,0.9110987905405058,0.0,0.0,0.0,0.0,1.0,0.0,0.0,0.0,0.0,0.0,0.0,0.0,0.0,1.0,0.0,0.0,0.0,0.0,1.0,1.0,0.0,0.0,0.0,0.0,0.0,1.0,0.0,1.0,0.0,0.0,0.0,0.0,0.0,0.0,0.0,0.0,0.0,0.0,1.0,0.0,1.0,0.0,0.0,1.0,0.0,0.0,1.0,0.0,0.0,0.0,0.0,1.0,0.0,0.0,0
-0.6392535171288168,-0.010462903108779882,-0.7187283569105664,-0.49712624757440144,-0.4641737345920091,-0.9967912993099517,-2.0288394578654128,-1.7939726988176035,1.6144411763273727,0.233955331039913,0.006630118503325768,0.23781550455625436,-0.823958500223552,-0.11923165320002634,-0.024995628365559186,-1.075838351422699,1.5797722992466485,0.0,0.0,0.0,0.0,0.0,0.0,0.0,0.0,0.0,0.0,1.0,0.0,0.0,0.0,1.0,0.0,0.0,0.0,1.0,1.0,0.0,0.0,0.0,0.0,1.0,0.0,0.0,0.0,0.0,0.0,0.0,0.0,1.0,0.0,0.0,1.0,0.0,0.0,0.0,0.0,1.0,0.0,0.0,1.0,0.0,1.0,0.0,0.0,0.0,0.0,0.0,1.0,0.0,0.0,1
-0.756216976448318,-0.010462903108779882,0.6186167541733134,-1.557098871409269,0.4599202078921603,-0.9967912993099517,-0.6009859152255149,-0.8207367560977141,-1.5276224669815408,-1.019118400612531,0.006630118503325768,0.23781550455625436,-0.6802615172756009,0.35701942615418597,0.5639066106135872,0.5835524219799213,1.3370944462175263,0.0,0.0,0.0,0.0,1.0,0.0,0.0,0.0,0.0,0.0,0.0,0.0,0.0,1.0,0.0,0.0,0.0,1.0,0.0,1.0,0.0,0.0,0.0,1.0,0.0,0.0,0.0,0.0,1.0,0.0,0.0,0.0,0.0,0.0,0.0,0.0,0.0,1.0,0.0,0.0,1.0,0.0,0.0,1.0,0.0,1.0,0.0,0.0,1.0,0.0,0.0,0.0,0.0,0.0,1
0.8041790976364762,0.7679560429622059,-1.6846875008337523,0.40174687609391885,1.1254361954173302,0.49888765837117444,1.0040323460688192,0.7501439371843934,-0.17440931183371247,-1.019118400612531,-1.3617941956209574,1.2255532164261718,-0.7521100087495765,0.2202239033609548,0.9565081032663514,0.5835524219799213,-1.098413503247406,0.0,0.0,0.0,0.0,0.0,0.0,0.0,0.0,0.0,0.0,0.0,1.0,0.0,0.0,1.0,0.0,0.0,1.0,0.0,0.0,1.0,0.0,0.0,0.0,1.0,0.0,0.0,0.0,0.0,0.0,0.0,0.0,0.0,0.0,1.0,0.0,0.0,1.0,0.0,0.0,1.0,0.0,0.0,1.0,0.0,0.0,1.0,0.0,1.0,0.0,0.0,0.0,0.0,0.0,0
0.41109115153478865,1.258082643223371,-1.7854596952050261,0.5970402408052938,-0.4641737345920091,0.49888765837117444,0.7068795191110107,0.7252918265942631,-0.17440931183371247,-1.019118400612531,0.8071070273410997,0.7940805366324234,-1.3987464320153564,0.24048990673772977,0.17130511796082293,1.4132478086812315,1.572788763907681,0.0,0.0,0.0,0.0,0.0,1.0,0.0,0.0,0.0,0.0,0.0,0.0,0.0,1.0,0.0,0.0,0.0,0.0,1.0,0.0,0.0,1.0,0.0,0.0,1.0,0.0,0.0,0.0,0.0,0.0,0.0,0.0,0.0,0.0,1.0,1.0,0.0,0.0,0.0,0.0,1.0,0.0,0.0,1.0,0.0,0.0,1.0,1.0,0.0,0.0,0.0,0.0,0.0,0.0,0
-0.487625967957565,-0.8734667532266382,0.28207271779377585,0.5628463762604666,-2.2650268768696926,0.49888765837117444,0.36516099947054914,0.6712976878440253,-0.17440931183371247,0.233955331039913,-1.3617941956209574,1.2255532164261718,-0.6802615172756009,0.2100909016725673,1.7417110885718798,0.5835524219799213,-0.6287707517018385,0.0,0.0,0.0,0.0,0.0,0.0,0.0,0.0,0.0,0.0,0.0,1.0,0.0,1.0,0.0,0.0,0.0,0.0,1.0,0.0,1.0,0.0,0.0,0.0,1.0,0.0,0.0,0.0,0.0,0.0,0.0,1.0,0.0,0.0,0.0,0.0,1.0,0.0,0.0,0.0,1.0,0.0,0.0,1.0,0.0,0.0,1.0,0.0,1.0,0.0,0.0,0.0,0.0,0.0,0
0.17705482045911883,-1.6929263410295272,-1.8950053071585076,0.848416136406307,-0.606833320537397,0.49888765837117444,-1.6056830598594203,-1.435823722169938,-0.17440931183371247,0.9669564746953179,0.006630118503325768,-0.5461960240222598,-0.823958500223552,-1.8671744444468694,-0.6138978673447055,0.5835524219799213,0.4781195995245178,0.0,0.0,0.0,0.0,0.0,0.0,0.0,1.0,0.0,0.0,0.0,0.0,0.0,0.0,1.0,0.0,0.0,1.0,0.0,0.0,0.0,1.0,0.0,1.0,0.0,0.0,0.0,0.0,0.0,0.0,0.0,0.0,0.0,0.0,1.0,1.0,0.0,0.0,0.0,0.0,1.0,0.0,0.0,1.0,0.0,1.0,0.0,1.0,0.0,0.0,0.0,0.0,0.0,0.0,1
-1.1605157909690165,-1.4456262680069176,-1.5045263537512816,-1.7972977893282913,1.1488666986634468,1.3738037617323386,-1.3222705650032527,-0.94300837476994,1.6144411763273727,0.233955331039913,0.006630118503325768,-0.5461960240222598,0.4693143463080081,-0.2813596802142263,-0.8101986136710877,-0.24614296472138883,0.7557151292484778,0.0,0.0,0.0,0.0,1.0,0.0,0.0,0.0,0.0,0.0,0.0,0.0,0.0,1.0,0.0,0.0,0.0,1.0,0.0,1.0,0.0,0.0,0.0,1.0,0.0,0.0,0.0,0.0,0.0,1.0,0.0,0.0,0.0,0.0,0.0,0.0,0.0,0.0,0.0,1.0,1.0,0.0,0.0,1.0,0.0,0.0,1.0,0.0,0.0,0.0,0.0,1.0,0.0,0.0,0
-1.1795165926810338,0.45441818742847273,0.2616010418910505,-0.49712624757440144,0.750196303495788,-0.9967912993099517,-0.5128868738046175,-0.45819325036078884,-0.17440931183371247,1.487029062692357,0.006630118503325768,-0.5461960240222598,-0.10547358548379637,0.7420734903129108,1.3491095959191157,1.4132478086812315,0.02593568632636913,0.0,0.0,0.0,0.0,1.0,0.0,0.0,0.0,0.0,0.0,0.0,0.0,0.0,0.0,1.0,0.0,0.0,0.0,1.0,0.0,0.0,1.0,0.0,0.0,0.0,1.0,0.0,0.0,0.0,0.0,0.0,1.0,0.0,0.0,0.0,1.0,0.0,0.0,0.0,0.0,1.0,0.0,0.0,1.0,0.0,0.0,1.0,0.0,0.0,0.0,0.0,1.0,0.0,0.0,0
-0.3264855894569593,-0.3172376392355304,-1.0809144268831403,1.7784454389914839,1.4602567620241207,1.3738037617323386,-1.147885160224905,-1.350306966270477,0.6171696394103273,-1.019118400612531,-1.3617941956209574,-0.5461960240222598,0.3974658548340326,0.9042015173271108,0.17130511796082293,0.5835524219799213,-0.915095700599508,0.0,0.0,0.0,0.0,0.0,0.0,0.0,0.0,1.0,0.0,0.0,0.0,0.0,1.0,0.0,0.0,0.0,0.0,1.0,0.0,1.0,0.0,0.0,0.0,1.0,0.0,0.0,0.0,0.0,0.0,0.0,0.0,0.0,1.0,0.0,0.0,1.0,0.0,0.0,0.0,1.0,0.0,0.0,1.0,0.0,0.0,1.0,0.0,0.0,1.0,0.0,0.0,0.0,0.0,0
-1.825936269355596,0.5107249792238646,-1.423273625232452,1.9716949724453132,-0.9820732124589395,-0.9967912993099517,-0.6429297995564361,-0.701192286555689,-1.5276224669815408,-1.019118400612531,0.006630118503325768,1.8761594147954188,-0.5365645343276497,0.38235193037515475,-0.8101986136710877,-1.9055337381240092,0.43621838749071257,0.0,0.0,0.0,0.0,0.0,1.0,0.0,0.0,0.0,0.0,0.0,0.0,0.0,0.0,1.0,0.0,0.0,0.0,1.0,0.0,0.0,1.0,0.0,0.0,1.0,0.0,0.0,0.0,0.0,0.0,0.0,1.0,0.0,0.0,0.0,0.0,0.0,1.0,0.0,0.0,0.0,0.0,1.0,1.0,0.0,1.0,0.0,0.0,0.0,0.0,0.0,1.0,0.0,0.0,1
-1.96183788266428,-0.9762765033140219,0.7512635707481908,-1.990547322782121,0.7138992809643273,-0.9967912993099517,0.5269384125683393,0.7263565535971389,0.6171696394103273,0.233955331039913,0.8071070273410997,0.7940805366324234,-0.4647160428536742,0.5546129590777422,0.17130511796082293,-1.9055337381240092,-0.40180585318539314,0.0,0.0,0.0,0.0,1.0,0.0,0.0,0.0,0.0,0.0,0.0,0.0,0.0,0.0,1.0,0.0,0.0,0.0,1.0,1.0,0.0,0.0,0.0,0.0,1.0,0.0,0.0,0.0,0.0,0.0,0.0,1.0,0.0,0.0,0.0,0.0,0.0,0.0,1.0,0.0,1.0,0.0,0.0,1.0,0.0,0.0,1.0,0.0,0.0,0.0,0.0,1.0,0.0,0.0,0
-1.5227416837952426,0.006409428651264982,-0.5905859470302397,0.9437876482336673,0.35698583829276287,0.49888765837117444,-0.4177766995372969,-0.29263103390626083,1.1788038433141157,0.9669564746953179,0.006630118503325768,0.23781550455625436,1.0441022780998126,1.1727260620693793,-1.399100852650234,-1.075838351422699,1.4139133349461692,0.0,0.0,0.0,0.0,1.0,0.0,0.0,0.0,0.0,0.0,0.0,0.0,0.0,1.0,0.0,0.0,0.0,1.0,0.0,1.0,0.0,0.0,0.0,0.0,1.0,0.0,0.0,0.0,0.0,0.0,0.0,0.0,0.0,1.0,0.0,0.0,1.0,0.0,0.0,0.0,0.0,0.0,1.0,1.0,0.0,1.0,0.0,1.0,0.0,0.0,0.0,0.0,0.0,0.0,0
0.2130080118685882,0.7014609074314978,1.1848279631061271,0.6082172184872848,-0.34059638025356326,-0.9967912993099517,0.5510484695048615,0.28615277833412195,0.6171696394103273,0.233955331039913,0.006630118503325768,-0.5461960240222598,-0.2491705684317475,2.0289647047381227,0.36760586428720504,0.5835524219799213,0.9110987905405058,0.0,0.0,0.0,0.0,1.0,0.0,0.0,0.0,0.0,0.0,0.0,0.0,0.0,1.0,0.0,0.0,0.0,0.0,1.0,0.0,0.0,1.0,0.0,0.0,1.0,0.0,0.0,0.0,0.0,0.0,0.0,1.0,0.0,0.0,0.0,0.0,0.0,1.0,0.0,0.0,0.0,0.0,1.0,0.0,1.0,0.0,1.0,0.0,1.0,0.0,0.0,0.0,0.0,0.0,0
-0.16110620602441025,1.1495416581165665,1.8358530854592339,0.009850646208549108,-0.13408696574730583,-0.9967912993099517,1.0766023035124301,1.1387334499119128,1.1788038433141157,0.9669564746953179,0.8071070273410997,-0.5461960240222598,0.25376887188608144,-2.216763002696238,-1.5954015989766162,1.4132478086812315,0.7400021747358009,0.0,0.0,0.0,0.0,1.0,0.0,0.0,0.0,0.0,0.0,0.0,0.0,0.0,1.0,0.0,0.0,0.0,1.0,0.0,1.0,0.0,0.0,0.0,0.0,0.0,1.0,0.0,0.0,0.0,0.0,0.0,0.0,0.0,0.0,1.0,0.0,0.0,1.0,0.0,0.0,0.0,0.0,1.0,1.0,0.0,0.0,1.0,0.0,0.0,0.0,0.0,1.0,0.0,0.0,0
1.1247011210325342,0.21512357107192806,1.3253804906077922,1.047213921219288,0.40988340358952174,0.49888765837117444,0.47439908496874733,0.17239183725943477,-0.17440931183371247,-1.019118400612531,-1.3617941956209574,1.2255532164261718,0.5411628377819837,0.5748789624545172,-1.0064993599974699,0.5835524219799213,0.13941813558459176,0.0,0.0,0.0,0.0,1.0,0.0,0.0,0.0,0.0,0.0,0.0,0.0,0.0,1.0,0.0,0.0,0.0,0.0,1.0,0.0,1.0,0.0,0.0,0.0,1.0,0.0,0.0,0.0,0.0,0.0,0.0,0.0,0.0,1.0,0.0,1.0,0.0,0.0,0.0,0.0,1.0,0.0,0.0,1.0,0.0,0.0,1.0,0.0,0.0,0.0,0.0,0.0,0.0,1.0,0
0.5248490891250776,-0.6064155476133599,1.5593449869732792,0.009850646208549108,0.10871947129041147,-0.9967912993099517,-0.6523590042817525,-0.34564697752607054,1.1788038433141157,-1.019118400612531,0.006630118503325768,1.8761594147954188,-0.10547358548379637,0.5039479506358047,0.5639066106135872,1.4132478086812315,-1.4667949923779442,0.0,0.0,0.0,0.0,1.0,0.0,0.0,0.0,0.0,0.0,0.0,0.0,0.0,0.0,1.0,0.0,0.0,0.0,1.0,1.0,0.0,0.0,0.0,0.0,1.0,0.0,0.0,0.0,0.0,0.0,0.0,1.0,0.0,0.0,0.0,1.0,0.0,0.0,0.0,0.0,0.0,0.0,1.0,0.0,1.0,0.0,1.0,0.0,0.0,1.0,0.0,0.0,0.0,0.0,0
1.3139666760896718,-0.14795591331319904,1.0488723921218375,-0.5564627506577629,1.1013970400975368,-0.9967912993099517,-0.8444157970580323,-0.45621501454784946,1.6144411763273727,-1.019118400612531,1.375054432627609,0.23781550455625436,-0.8958069916975275,0.5951449658312922,0.36760586428720504,1.4132478086812315,1.0507694973198567,0.0,0.0,0.0,0.0,0.0,0.0,0.0,0.0,1.0,0.0,0.0,0.0,0.0,0.0,1.0,0.0,0.0,0.0,1.0,1.0,0.0,0.0,0.0,0.0,1.0,0.0,0.0,0.0,0.0,0.0,0.0,0.0,0.0,0.0,1.0,0.0,0.0,1.0,0.0,0.0,0.0,0.0,1.0,1.0,0.0,1.0,0.0,0.0,1.0,0.0,0.0,0.0,0.0,0.0,0
-1.7837448276027517,-0.010462903108779882,-0.4742897541412007,0.028359972134558573,0.6367333169865165,-0.9967912993099517,0.3555685678929847,0.11429092260950664,0.6171696394103273,-1.019118400612531,-1.3617941956209574,-1.8864725846769428,-0.6802615172756009,2.0238982038939293,1.1528088495927336,-1.9055337381240092,0.7347645232315752,0.0,0.0,0.0,0.0,0.0,0.0,0.0,0.0,1.0,0.0,0.0,0.0,0.0,0.0,1.0,0.0,0.0,0.0,1.0,0.0,1.0,0.0,0.0,0.0,1.0,0.0,0.0,0.0,0.0,0.0,0.0,1.0,0.0,0.0,0.0,0.0,0.0,1.0,0.0,0.0,1.0,0.0,0.0,1.0,0.0,1.0,0.0,0.0,0.0,0.0,0.0,1.0,0.0,0.0,0
0.345382313416837,-1.4923739288327833,0.9211243378682687,1.6770543162796923,0.750196303495788,-0.9967912993099517,0.949640958312075,0.7812629711026998,1.1788038433141157,-1.019118400612531,1.375054432627609,-0.5461960240222598,-0.39286755137969864,0.9903320316784046,-2.1843038379557624,1.4132478086812315,-0.12071855579194937,0.0,0.0,0.0,0.0,0.0,0.0,0.0,0.0,1.0,0.0,0.0,0.0,0.0,1.0,0.0,0.0,0.0,0.0,1.0,1.0,0.0,0.0,0.0,0.0,1.0,0.0,0.0,0.0,0.0,0.0,1.0,0.0,0.0,0.0,0.0,0.0,1.0,0.0,0.0,0.0,1.0,0.0,0.0,1.0,0.0,1.0,0.0,0.0,0.0,1.0,0.0,0.0,0.0,0.0,0
-0.3823919023936031,1.0671562673822041,1.7937830026922843,0.6731019729297978,-0.606833320537397,-0.9967912993099517,0.06103222031632599,-0.0316971608148942,-1.5276224669815408,0.9669564746953179,-1.3617941956209574,-0.5461960240222598,-0.10547358548379637,1.7908391650610167,-0.6138978673447055,-0.24614296472138883,0.6684209375113835,0.0,0.0,0.0,0.0,0.0,0.0,0.0,0.0,1.0,0.0,0.0,0.0,0.0,1.0,0.0,0.0,0.0,0.0,1.0,0.0,1.0,0.0,0.0,0.0,1.0,0.0,0.0,0.0,0.0,0.0,0.0,0.0,0.0,0.0,1.0,0.0,0.0,1.0,0.0,0.0,1.0,0.0,0.0,1.0,0.0,1.0,0.0,0.0,0.0,1.0,0.0,0.0,0.0,0.0,0
-1.3649955942738061,-0.9298374134609421,0.4348636493671937,0.26049747630937714,0.034643511667979465,-0.9967912993099517,-2.1075808657084694,-1.9389286772783478,-0.17440931183371247,-1.019118400612531,-1.3617941956209574,-0.5461960240222598,-1.1113524661194543,-0.8690737781407011,0.9565081032663514,-1.075838351422699,-1.6291621890089396,0.0,0.0,0.0,0.0,1.0,0.0,0.0,0.0,0.0,0.0,0.0,0.0,0.0,1.0,0.0,0.0,0.0,0.0,1.0,0.0,1.0,0.0,0.0,0.0,0.0,0.0,1.0,0.0,1.0,0.0,0.0,0.0,0.0,0.0,0.0,0.0,0.0,1.0,0.0,0.0,1.0,0.0,0.0,1.0,0.0,1.0,0.0,0.0,1.0,0.0,0.0,0.0,0.0,0.0,0
-1.3213234523609132,1.0671562673822041,-0.4742897541412007,0.1987864088803994,0.1773030976133672,-0.9967912993099517,0.1202797014105555,0.31321854808608846,1.1788038433141157,1.487029062692357,-1.3617941956209574,-1.8864725846769428,0.6130113292559592,-0.44348770722842623,-0.4175971210183234,0.5835524219799213,-0.558935398312163,0.0,0.0,0.0,0.0,0.0,0.0,0.0,0.0,0.0,0.0,0.0,1.0,0.0,0.0,1.0,0.0,0.0,0.0,1.0,0.0,1.0,0.0,0.0,0.0,1.0,0.0,0.0,1.0,0.0,0.0,0.0,0.0,0.0,0.0,0.0,1.0,0.0,0.0,0.0,0.0,1.0,0.0,0.0,1.0,0.0,0.0,1.0,1.0,0.0,0.0,0.0,0.0,0.0,0.0,0
0.6409551362644418,-1.6405966406428363,0.7085821840954115,-0.8691368180092968,-1.6235500446643159,1.3738037617323386,-0.31380518364594256,-0.06398713273934514,0.6171696394103273,1.487029062692357,1.375054432627609,-0.5461960240222598,0.9004052951518615,-1.0160023026223197,2.5269140738774083,-0.24614296472138883,-1.7129646130765501,0.0,0.0,0.0,0.0,1.0,0.0,0.0,0.0,0.0,0.0,0.0,0.0,0.0,0.0,1.0,0.0,0.0,1.0,0.0,1.0,0.0,0.0,0.0,0.0,1.0,0.0,0.0,0.0,0.0,0.0,0.0,0.0,0.0,0.0,1.0,0.0,1.0,0.0,0.0,0.0,1.0,0.0,0.0,0.0,1.0,1.0,0.0,0.0,0.0,0.0,1.0,0.0,0.0,0.0,1
0.4322451169979251,-0.010462903108779882,-1.8950053071585076,1.2363581741486824,-0.34059638025356326,1.3738037617323386,0.626714792050757,0.5099727269844251,0.6171696394103273,-1.019118400612531,0.006630118503325768,-1.8864725846769428,-1.1113524661194543,0.012497368749011112,0.9565081032663514,0.5835524219799213,-0.4314858783760052,0.0,0.0,0.0,0.0,1.0,0.0,0.0,0.0,0.0,0.0,0.0,0.0,0.0,0.0,1.0,0.0,0.0,1.0,0.0,1.0,0.0,0.0,0.0,1.0,0.0,0.0,0.0,0.0,0.0,0.0,1.0,0.0,0.0,0.0,0.0,0.0,0.0,0.0,1.0,0.0,1.0,0.0,0.0,1.0,0.0,1.0,0.0,0.0,0.0,0.0,0.0,1.0,0.0,0.0,0
0.6512588005171444,2.8385579799510094,-1.6846875008337523,0.18283018085863695,-2.2650268768696926,-0.9967912993099517,0.9077899884600246,1.0478819543140354,0.6171696394103273,0.233955331039913,0.8071070273410997,0.7940805366324234,0.1100718889381303,-0.9197387865826385,-0.8101986136710877,-0.24614296472138883,-0.3529211058126203,0.0,0.0,0.0,0.0,0.0,0.0,0.0,1.0,0.0,0.0,0.0,0.0,0.0,1.0,0.0,0.0,0.0,1.0,0.0,1.0,0.0,0.0,0.0,1.0,0.0,0.0,0.0,0.0,0.0,0.0,1.0,0.0,0.0,0.0,0.0,0.0,1.0,0.0,0.0,0.0,0.0,0.0,1.0,1.0,0.0,1.0,0.0,0.0,0.0,1.0,0.0,0.0,0.0,0.0,0
-0.8802956554978584,1.0598059317694295,-0.23859410545326964,-1.557098871409269,-0.7755637979526826,-0.9967912993099517,0.06103222031632599,-1.407328933640839,1.1788038433141157,1.487029062692357,-1.3617941956209574,-0.5461960240222598,-0.823958500223552,0.012497368749011112,-1.2028001063238518,-1.075838351422699,0.9722047247564718,1.0,0.0,0.0,0.0,0.0,0.0,0.0,0.0,0.0,0.0,0.0,0.0,0.0,0.0,1.0,0.0,0.0,1.0,0.0,0.0,1.0,0.0,0.0,0.0,1.0,0.0,0.0,0.0,0.0,0.0,0.0,0.0,0.0,0.0,1.0,0.0,0.0,1.0,0.0,0.0,0.0,0.0,1.0,1.0,0.0,0.0,1.0,0.0,0.0,0.0,0.0,1.0,0.0,0.0,0
-1.1542461135391708,-0.2694253245609661,-1.423273625232452,0.3332767048622299,1.3553761131697037,-0.9967912993099517,0.7427272702435507,0.995829469712636,-1.5276224669815408,1.487029062692357,0.006630118503325768,0.23781550455625436,-1.7579888893852342,-0.45868720976100746,-0.8101986136710877,1.4132478086812315,1.2061531586118848,0.0,0.0,0.0,0.0,0.0,0.0,1.0,0.0,0.0,0.0,0.0,0.0,0.0,1.0,0.0,0.0,0.0,0.0,1.0,0.0,0.0,1.0,0.0,0.0,1.0,0.0,0.0,0.0,0.0,0.0,0.0,0.0,0.0,0.0,1.0,1.0,0.0,0.0,0.0,0.0,1.0,0.0,0.0,1.0,0.0,0.0,1.0,0.0,0.0,0.0,0.0,1.0,0.0,0.0,0
-0.002689898199462345,-0.010462903108779882,1.685348092467773,0.13359687029942127,1.1488666986634468,-0.9967912993099517,0.922105407850145,0.8783056586742714,-0.17440931183371247,1.8904287018766261,-1.3617941956209574,0.23781550455625436,0.325617363360057,-0.7880097646336011,-0.4175971210183234,0.5835524219799213,-0.06834204074969276,0.0,0.0,0.0,0.0,0.0,1.0,0.0,0.0,0.0,0.0,0.0,0.0,0.0,0.0,1.0,0.0,0.0,1.0,0.0,0.0,1.0,0.0,0.0,0.0,1.0,0.0,0.0,0.0,0.0,0.0,0.0,0.0,0.0,1.0,0.0,0.0,0.0,1.0,0.0,0.0,1.0,0.0,0.0,1.0,0.0,1.0,0.0,0.0,1.0,0.0,0.0,0.0,0.0,0.0,0
-0.9686709016461909,-0.30115487677216135,0.538399797270396,1.30534820911563,0.882629758379613,0.49888765837117444,0.8444539945246647,0.546606632297205,1.6144411763273727,-1.019118400612531,0.006630118503325768,0.7940805366324234,-0.823958500223552,0.7420734903129108,0.9565081032663514,1.4132478086812315,1.693254748504871,0.0,0.0,0.0,0.0,0.0,0.0,0.0,1.0,0.0,0.0,0.0,0.0,0.0,0.0,1.0,0.0,0.0,0.0,1.0,0.0,0.0,1.0,0.0,0.0,0.0,1.0,0.0,0.0,1.0,0.0,0.0,0.0,0.0,0.0,0.0,0.0,1.0,0.0,0.0,0.0,1.0,0.0,0.0,1.0,0.0,0.0,1.0,0.0,0.0,0.0,0.0,1.0,0.0,0.0,0
-0.06887673462861957,-1.7287012632682843,-1.2749871003535849,0.9926741417640965,-0.606833320537397,1.3738037617323386,0.26379842043112994,-0.0316971608148942,0.6171696394103273,0.233955331039913,0.8071070273410997,-0.5461960240222598,-0.6802615172756009,0.3012879168680548,0.7602073569399693,-1.075838351422699,-0.1696033031647222,0.0,0.0,0.0,0.0,0.0,1.0,0.0,0.0,0.0,0.0,0.0,0.0,0.0,0.0,1.0,0.0,0.0,0.0,1.0,1.0,0.0,0.0,0.0,0.0,1.0,0.0,0.0,0.0,0.0,0.0,0.0,1.0,0.0,0.0,0.0,0.0,0.0,1.0,0.0,0.0,1.0,0.0,0.0,1.0,0.0,1.0,0.0,0.0,1.0,0.0,0.0,0.0,0.0,0.0,1
0.6365130315922836,0.25053952709147226,-0.5118740474830508,-1.6317575612867619,0.5073898664580703,-0.9967912993099517,1.93318160178138,2.0179350503770452,-0.17440931183371247,0.233955331039913,0.006630118503325768,0.7940805366324234,-0.6802615172756009,1.6489771414235919,-0.024995628365559186,-1.075838351422699,1.43311805712833,0.0,0.0,0.0,0.0,1.0,0.0,0.0,0.0,0.0,0.0,0.0,0.0,0.0,0.0,1.0,0.0,0.0,0.0,1.0,1.0,0.0,0.0,0.0,0.0,1.0,0.0,0.0,1.0,0.0,0.0,0.0,0.0,0.0,0.0,0.0,0.0,1.0,0.0,0.0,0.0,1.0,0.0,0.0,1.0,0.0,0.0,1.0,0.0,0.0,0.0,0.0,0.0,1.0,0.0,0
-0.7791371148217102,-0.4867419898266078,-0.5905859470302397,1.6502544723448325,0.9423572841571898,-0.9967912993099517,-0.7283802908726912,-1.0654077679333653,-1.5276224669815408,-1.019118400612531,0.8071070273410997,1.2255532164261718,-0.9676554831715031,-0.07869964644647635,1.938011834898262,-1.9055337381240092,-0.7003519889262558,0.0,0.0,0.0,0.0,0.0,0.0,0.0,0.0,1.0,0.0,0.0,0.0,0.0,1.0,0.0,0.0,0.0,1.0,0.0,0.0,0.0,1.0,0.0,0.0,0.0,0.0,1.0,1.0,0.0,0.0,0.0,0.0,0.0,0.0,0.0,0.0,0.0,1.0,0.0,0.0,1.0,0.0,0.0,1.0,0.0,1.0,0.0,0.0,0.0,0.0,0.0,1.0,0.0,0.0,1
0.0071873626761003425,1.1978572477345284,-0.812028836009737,-0.38687065090507,0.24115292617423648,0.49888765837117444,-0.08566424311430623,0.1935780091141319,-0.17440931183371247,0.9669564746953179,-1.3617941956209574,-0.5461960240222598,-1.5424434149633075,-0.3573571928771325,0.9565081032663514,0.5835524219799213,1.075211871006243,0.0,0.0,0.0,0.0,0.0,0.0,0.0,0.0,0.0,0.0,0.0,1.0,0.0,0.0,1.0,0.0,0.0,1.0,0.0,0.0,1.0,0.0,0.0,1.0,0.0,0.0,0.0,0.0,0.0,0.0,0.0,1.0,0.0,0.0,0.0,0.0,0.0,1.0,0.0,0.0,1.0,0.0,0.0,1.0,0.0,1.0,0.0,0.0,0.0,1.0,0.0,0.0,0.0,0.0,0
0.026709776129070564,-0.010462903108779882,-1.1423402837787076,-1.0408302956165845,1.1717186114282805,1.3738037617323386,-2.0080342276200183,-1.73455466735212,-0.17440931183371247,-1.019118400612531,0.8071070273410997,-0.5461960240222598,2.121829650209446,1.1119280519390544,1.1528088495927336,-1.9055337381240092,1.3510615168954614,0.0,0.0,0.0,1.0,0.0,0.0,0.0,0.0,0.0,0.0,0.0,0.0,0.0,0.0,1.0,0.0,0.0,1.0,0.0,0.0,0.0,1.0,0.0,0.0,1.0,0.0,0.0,0.0,0.0,0.0,1.0,0.0,0.0,0.0,0.0,0.0,1.0,0.0,0.0,0.0,1.0,0.0,0.0,1.0,0.0,0.0,1.0,0.0,0.0,0.0,0.0,0.0,0.0,1.0,0
0.38231464781809504,-1.3267372880728174,1.2334432821649801,0.009850646208549108,0.5073898664580703,-0.9967912993099517,0.7541951747904722,0.4741739468815856,1.1788038433141157,0.9669564746953179,0.8071070273410997,-1.8864725846769428,1.978132667261495,-0.5346847224239137,1.938011834898262,0.5835524219799213,-1.5540891841150386,0.0,0.0,0.0,0.0,1.0,0.0,0.0,0.0,0.0,0.0,0.0,0.0,0.0,0.0,1.0,0.0,0.0,1.0,0.0,0.0,0.0,1.0,0.0,0.0,1.0,0.0,0.0,1.0,0.0,0.0,0.0,0.0,0.0,0.0,0.0,0.0,0.0,1.0,0.0,0.0,1.0,0.0,0.0,1.0,0.0,0.0,1.0,0.0,0.0,0.0,0.0,1.0,0.0,0.0,0
-0.4479994316802311,-1.657866893869211,0.21963114456386534,-0.49712624757440144,0.750196303495788,-0.9967912993099517,-0.5156915351854843,-0.5022615597155673,-1.5276224669815408,-1.019118400612531,-1.3617941956209574,0.23781550455625436,0.5411628377819837,-1.2794603465203946,-0.4175971210183234,0.5835524219799213,0.8115834119602182,0.0,0.0,0.0,0.0,0.0,0.0,0.0,0.0,0.0,0.0,1.0,0.0,0.0,0.0,1.0,0.0,0.0,0.0,1.0,0.0,1.0,0.0,0.0,0.0,1.0,0.0,0.0,0.0,0.0,0.0,0.0,0.0,0.0,0.0,1.0,0.0,0.0,1.0,0.0,0.0,0.0,0.0,1.0,1.0,0.0,0.0,1.0,0.0,1.0,0.0,0.0,0.0,0.0,0.0,0
-0.5906012631774405,0.5357330953371909,2.1756765723206737,1.2233601925604765,0.034643511667979465,0.49888765837117444,-0.6498781144680476,-0.29767244120542813,0.6171696394103273,-1.019118400612531,1.375054432627609,0.23781550455625436,0.7567083122039103,-0.03310113884873262,0.9565081032663514,0.5835524219799213,1.2812261635057858,0.0,0.0,0.0,0.0,1.0,0.0,0.0,0.0,0.0,0.0,0.0,0.0,0.0,0.0,0.0,0.0,1.0,0.0,1.0,0.0,0.0,1.0,0.0,0.0,1.0,0.0,0.0,0.0,0.0,1.0,0.0,0.0,0.0,0.0,0.0,0.0,1.0,0.0,0.0,0.0,0.0,0.0,1.0,1.0,0.0,1.0,0.0,0.0,0.0,0.0,0.0,1.0,0.0,0.0,0
1.4676075753941968,0.5307599303127071,0.6186167541733134,0.13359687029942127,-0.7755637979526826,-0.9967912993099517,0.638345654773507,0.37707624258322914,-1.5276224669815408,-1.019118400612531,0.8071070273410997,-0.5461960240222598,-0.39286755137969864,0.012497368749011112,-1.0064993599974699,-1.075838351422699,0.06783689836017441,0.0,0.0,0.0,0.0,1.0,0.0,0.0,0.0,0.0,0.0,0.0,0.0,0.0,0.0,0.0,0.0,1.0,1.0,0.0,1.0,0.0,0.0,0.0,0.0,1.0,0.0,0.0,0.0,0.0,0.0,0.0,1.0,0.0,0.0,0.0,0.0,1.0,0.0,0.0,0.0,0.0,0.0,1.0,1.0,0.0,1.0,0.0,0.0,0.0,0.0,0.0,0.0,0.0,1.0,0
0.532935721460701,0.03967461456236021,0.7371966050948634,-0.5873127973181029,1.3175971760787326,0.49888765837117444,-1.2556777146909606,-0.9239506372136309,1.1788038433141157,-1.019118400612531,0.006630118503325768,1.2255532164261718,-0.823958500223552,0.11889388647707982,-0.6138978673447055,0.5835524219799213,0.02593568632636913,0.0,0.0,0.0,0.0,1.0,0.0,0.0,0.0,0.0,0.0,0.0,0.0,0.0,0.0,1.0,0.0,0.0,1.0,0.0,0.0,0.0,1.0,0.0,1.0,0.0,0.0,0.0,0.0,0.0,1.0,0.0,0.0,0.0,0.0,0.0,0.0,0.0,1.0,0.0,0.0,0.0,0.0,1.0,1.0,0.0,0.0,1.0,0.0,0.0,0.0,0.0,1.0,0.0,0.0,0
-0.8954422319624177,-0.6645311137230925,-1.2069175323776347,1.1629912858469191,-0.7755637979526826,0.49888765837117444,-0.8279836255528134,-0.7099836510446683,-1.5276224669815408,0.233955331039913,0.8071070273410997,0.23781550455625436,-1.1832009575934297,1.2740560789532545,-1.399100852650234,-0.24614296472138883,-0.019457293376919933,1.0,0.0,0.0,0.0,0.0,0.0,0.0,0.0,0.0,0.0,0.0,0.0,0.0,0.0,1.0,0.0,0.0,0.0,1.0,1.0,0.0,0.0,0.0,0.0,1.0,0.0,0.0,0.0,0.0,1.0,0.0,0.0,0.0,0.0,0.0,0.0,1.0,0.0,0.0,0.0,0.0,0.0,1.0,1.0,0.0,0.0,1.0,0.0,0.0,1.0,0.0,0.0,0.0,0.0,0
-0.5866314724503326,2.2657048040352725,0.6340645593707459,-0.008959657523465534,-0.13408696574730583,1.3738037617323386,-0.9037329426231054,-0.7827394288592356,1.1788038433141157,-1.019118400612531,0.8071070273410997,1.2255532164261718,0.18192038041210587,0.38235193037515475,0.17130511796082293,-1.9055337381240092,-1.4755244115516537,0.0,0.0,0.0,0.0,0.0,1.0,0.0,0.0,0.0,0.0,0.0,0.0,0.0,1.0,0.0,0.0,0.0,0.0,1.0,1.0,0.0,0.0,0.0,0.0,1.0,0.0,0.0,0.0,0.0,0.0,0.0,0.0,0.0,0.0,1.0,0.0,1.0,0.0,0.0,0.0,1.0,0.0,0.0,1.0,0.0,1.0,0.0,1.0,0.0,0.0,0.0,0.0,0.0,0.0,1
0.6260860425749479,0.16676108958371333,0.341563170268023,-1.2989645835129267,0.24115292617423648,0.49888765837117444,0.5200635512578111,0.528716633587311,-1.5276224669815408,0.233955331039913,-1.3617941956209574,0.23781550455625436,1.7625871928395682,1.3095215848626107,-0.024995628365559186,1.4132478086812315,-1.533138578098136,0.0,0.0,0.0,0.0,0.0,0.0,0.0,0.0,0.0,0.0,0.0,1.0,0.0,1.0,0.0,0.0,0.0,0.0,1.0,0.0,1.0,0.0,0.0,0.0,1.0,0.0,0.0,0.0,0.0,0.0,0.0,0.0,0.0,0.0,1.0,0.0,0.0,1.0,0.0,0.0,1.0,0.0,0.0,1.0,0.0,0.0,1.0,0.0,0.0,1.0,0.0,0.0,0.0,0.0,0
1.445348997621263,0.8816387755665085,-0.014183088588680292,-0.7919876897299764,0.24115292617423648,-0.9967912993099517,0.31825161580370104,0.7033771179129652,-0.17440931183371247,-1.019118400612531,-1.3617941956209574,-0.5461960240222598,-0.39286755137969864,0.48874844810322343,-1.2028001063238518,0.5835524219799213,1.4086756834419436,0.0,0.0,0.0,0.0,0.0,0.0,0.0,0.0,0.0,0.0,0.0,1.0,0.0,1.0,0.0,0.0,0.0,1.0,0.0,0.0,1.0,0.0,0.0,0.0,1.0,0.0,0.0,0.0,0.0,0.0,0.0,0.0,0.0,0.0,1.0,0.0,1.0,0.0,0.0,0.0,1.0,0.0,0.0,1.0,0.0,1.0,0.0,0.0,0.0,0.0,0.0,1.0,0.0,0.0,0
-0.7699183442414623,1.4332214737161926,-0.812028836009737,-0.2623626169803747,0.10871947129041147,0.49888765837117444,0.9979226481022607,0.8353519799050371,-0.17440931183371247,0.9669564746953179,2.1755313414653825,-1.8864725846769428,0.1100718889381303,-1.4365218726904008,-0.024995628365559186,-0.24614296472138883,1.6373864657931307,0.0,0.0,0.0,0.0,1.0,0.0,0.0,0.0,0.0,0.0,0.0,0.0,0.0,0.0,1.0,0.0,0.0,0.0,1.0,1.0,0.0,0.0,1.0,0.0,0.0,0.0,0.0,0.0,0.0,0.0,0.0,1.0,0.0,0.0,0.0,1.0,0.0,0.0,0.0,0.0,1.0,0.0,0.0,1.0,0.0,1.0,0.0,0.0,1.0,0.0,0.0,0.0,0.0,0.0,0
-0.4027388679336954,-0.7246394836094867,-0.4742897541412007,2.4744689061356606,0.40988340358952174,0.49888765837117444,0.49097400213727965,0.2266099227846789,-1.5276224669815408,1.487029062692357,0.8071070273410997,0.7940805366324234,-0.8958069916975275,0.519147453168386,0.5639066106135872,-0.24614296472138883,-1.714710496911292,0.0,0.0,0.0,0.0,0.0,0.0,1.0,0.0,0.0,0.0,0.0,0.0,0.0,0.0,1.0,0.0,0.0,0.0,1.0,0.0,0.0,1.0,0.0,0.0,1.0,0.0,0.0,0.0,0.0,0.0,0.0,0.0,0.0,0.0,1.0,0.0,0.0,0.0,1.0,0.0,1.0,0.0,0.0,1.0,0.0,1.0,0.0,0.0,0.0,0.0,0.0,1.0,0.0,0.0,1
-1.9381318642409586,-0.3416418553368552,-1.022346642334492,1.6945820484337355,0.10871947129041147,1.3738037617323386,0.31172309797431985,0.5577391150621995,-0.17440931183371247,-1.019118400612531,0.006630118503325768,-0.5461960240222598,2.481072107579324,0.37221892868676726,-1.0064993599974699,0.5835524219799213,0.8080916442907344,0.0,0.0,0.0,0.0,0.0,0.0,0.0,0.0,1.0,0.0,0.0,0.0,0.0,0.0,1.0,0.0,0.0,0.0,1.0,0.0,0.0,1.0,0.0,0.0,1.0,0.0,0.0,0.0,0.0,0.0,0.0,0.0,0.0,1.0,0.0,0.0,1.0,0.0,0.0,0.0,1.0,0.0,0.0,1.0,0.0,0.0,1.0,0.0,0.0,0.0,0.0,0.0,0.0,1.0,0
0.577274753630356,0.961336561862648,0.2616010418910505,0.3883732220473554,0.1773030976133672,0.49888765837117444,0.5321682207252255,0.29592218261816783,0.6171696394103273,0.9669564746953179,0.006630118503325768,-1.8864725846769428,0.7567083122039103,-0.5296182215797199,0.9565081032663514,0.5835524219799213,0.5392255337404839,0.0,0.0,0.0,0.0,0.0,0.0,0.0,0.0,1.0,0.0,0.0,0.0,0.0,0.0,1.0,0.0,0.0,0.0,1.0,1.0,0.0,0.0,0.0,0.0,1.0,0.0,0.0,0.0,0.0,0.0,0.0,0.0,0.0,0.0,1.0,0.0,0.0,0.0,1.0,0.0,0.0,0.0,1.0,1.0,0.0,1.0,0.0,0.0,0.0,0.0,0.0,1.0,0.0,0.0,0
0.8599514102136134,-1.4000928653533102,0.7085821840954115,1.3234709012844135,-1.2483101527427733,-0.9967912993099517,0.0734202069688702,0.40190343348532215,1.1788038433141157,0.233955331039913,0.006630118503325768,0.7940805366324234,0.03822339746415475,1.4868491144093918,-0.8101986136710877,-0.24614296472138883,0.9495082349048273,0.0,0.0,0.0,0.0,1.0,0.0,0.0,0.0,0.0,0.0,0.0,0.0,0.0,0.0,1.0,0.0,0.0,0.0,1.0,0.0,0.0,1.0,0.0,0.0,1.0,0.0,0.0,0.0,0.0,0.0,0.0,1.0,0.0,0.0,0.0,0.0,1.0,0.0,0.0,0.0,1.0,0.0,0.0,1.0,0.0,0.0,1.0,0.0,1.0,0.0,0.0,0.0,0.0,0.0,0
1.1435956416930588,-1.20196879251576,1.63783376196018,-0.38687065090507,-0.7755637979526826,-0.9967912993099517,-0.9224322201037655,-1.2575896521851295,-0.17440931183371247,0.233955331039913,1.375054432627609,0.23781550455625436,0.3974658548340326,-0.9805367967129636,-0.8101986136710877,-0.24614296472138883,0.7766657352653805,0.0,0.0,0.0,0.0,1.0,0.0,0.0,0.0,0.0,0.0,0.0,0.0,0.0,0.0,1.0,0.0,0.0,1.0,0.0,0.0,0.0,1.0,0.0,0.0,1.0,0.0,0.0,0.0,0.0,0.0,0.0,0.0,0.0,1.0,0.0,0.0,1.0,0.0,0.0,0.0,1.0,0.0,0.0,1.0,0.0,1.0,0.0,0.0,0.0,0.0,0.0,0.0,1.0,0.0,0
0.7224755011456194,0.34716544305596403,1.3517015955217306,0.009850646208549108,0.9708350832117979,-0.9967912993099517,0.3749316981411311,0.7018328074705248,-0.17440931183371247,1.8904287018766261,-1.3617941956209574,-1.8864725846769428,-0.4647160428536742,0.012497368749011112,-0.2212963746919413,0.5835524219799213,-1.7408987544324204,0.0,0.0,0.0,0.0,0.0,0.0,0.0,0.0,0.0,0.0,1.0,0.0,0.0,1.0,0.0,0.0,0.0,0.0,1.0,0.0,1.0,0.0,0.0,0.0,1.0,0.0,0.0,1.0,0.0,0.0,0.0,0.0,0.0,0.0,0.0,0.0,0.0,1.0,0.0,0.0,0.0,0.0,1.0,1.0,0.0,1.0,0.0,0.0,0.0,1.0,0.0,0.0,0.0,0.0,0
1.9656100118260167,-0.40843110411183897,-0.4742897541412007,-0.9097307441948221,-1.6235500446643159,-0.9967912993099517,1.71699108638359,1.7386584169891883,-0.17440931183371247,-1.019118400612531,0.8071070273410997,-0.5461960240222598,1.6907387013655926,-0.6258817376194011,0.5639066106135872,-1.9055337381240092,-1.100159387082148,0.0,0.0,0.0,0.0,1.0,0.0,0.0,0.0,0.0,0.0,0.0,0.0,0.0,1.0,0.0,0.0,0.0,1.0,0.0,1.0,0.0,0.0,0.0,0.0,1.0,0.0,0.0,0.0,0.0,1.0,0.0,0.0,0.0,0.0,0.0,0.0,0.0,0.0,1.0,0.0,1.0,0.0,0.0,0.0,1.0,1.0,0.0,0.0,0.0,1.0,0.0,0.0,0.0,0.0,1
0.9085719814599218,0.25053952709147226,-0.23859410545326964,-1.3583010865962881,-0.23159342861585436,-0.9967912993099517,-0.2058821555062475,0.11171731610238145,0.6171696394103273,-1.019118400612531,-1.3617941956209574,-0.5461960240222598,0.4693143463080081,0.620477470052261,-0.6138978673447055,-0.24614296472138883,0.752223361578994,0.0,0.0,0.0,0.0,0.0,0.0,0.0,1.0,0.0,0.0,0.0,0.0,0.0,0.0,1.0,0.0,0.0,0.0,1.0,0.0,1.0,0.0,0.0,0.0,1.0,0.0,0.0,0.0,0.0,0.0,0.0,1.0,0.0,0.0,0.0,0.0,0.0,1.0,0.0,0.0,1.0,0.0,0.0,1.0,0.0,1.0,0.0,0.0,0.0,0.0,0.0,1.0,0.0,0.0,0
1.4645609928747068,0.9535278621650197,0.9808028241458874,-0.49712624757440144,-0.23159342861585436,-0.9967912993099517,-0.5329577661021625,-0.3903286558248912,-0.17440931183371247,-1.019118400612531,0.8071070273410997,0.7940805366324234,-0.10547358548379637,0.2506229084261173,-0.4175971210183234,-0.24614296472138883,0.3751124532747465,0.0,0.0,0.0,0.0,1.0,0.0,0.0,0.0,0.0,0.0,0.0,0.0,0.0,0.0,1.0,0.0,0.0,1.0,0.0,1.0,0.0,0.0,0.0,0.0,1.0,0.0,0.0,1.0,0.0,0.0,0.0,0.0,0.0,0.0,0.0,1.0,0.0,0.0,0.0,0.0,1.0,0.0,0.0,1.0,0.0,0.0,1.0,0.0,0.0,0.0,0.0,1.0,0.0,0.0,0
-1.926446066291812,-1.4610707272239762,-0.9663827477070894,-0.8299192253482364,-2.2650268768696926,0.49888765837117444,0.2975115273358665,0.18565852965651145,-0.17440931183371247,-1.019118400612531,0.006630118503325768,-0.5461960240222598,1.7625871928395682,0.9498000249248545,-1.2028001063238518,0.5835524219799213,0.413521897639068,0.0,0.0,0.0,0.0,1.0,0.0,0.0,0.0,0.0,0.0,0.0,0.0,0.0,1.0,0.0,0.0,0.0,0.0,1.0,0.0,0.0,1.0,0.0,0.0,1.0,0.0,0.0,0.0,0.0,1.0,0.0,0.0,0.0,0.0,0.0,0.0,0.0,1.0,0.0,0.0,0.0,0.0,1.0,1.0,0.0,1.0,0.0,0.0,0.0,0.0,0.0,0.0,0.0,1.0,0
1.050378841139801,0.5006209817596989,-0.7187283569105664,2.233928998327403,1.7428738723029134,-0.9967912993099517,-0.6674502568271533,-0.5685341070681387,0.6171696394103273,1.487029062692357,0.8071070273410997,-1.8864725846769428,-1.1113524661194543,0.4836819472590297,-2.3806045842821444,-1.9055337381240092,-0.24816807572810712,0.0,0.0,0.0,0.0,0.0,0.0,0.0,0.0,1.0,0.0,0.0,0.0,0.0,0.0,1.0,0.0,0.0,0.0,1.0,1.0,0.0,0.0,0.0,0.0,1.0,0.0,0.0,0.0,0.0,0.0,0.0,1.0,0.0,0.0,0.0,0.0,0.0,0.0,1.0,0.0,1.0,0.0,0.0,1.0,0.0,0.0,1.0,0.0,0.0,0.0,0.0,1.0,0.0,0.0,0
0.6200883040378514,1.078124307332348,-0.9663827477070894,-0.360873867183546,0.35698583829276287,1.3738037617323386,-1.1912300859426408,-1.3556375189401166,0.6171696394103273,-1.019118400612531,0.006630118503325768,-0.5461960240222598,2.0499811587354704,-1.0160023026223197,0.5639066106135872,1.4132478086812315,-0.33895403513468525,1.0,0.0,0.0,0.0,0.0,0.0,0.0,0.0,0.0,0.0,0.0,0.0,0.0,0.0,1.0,0.0,0.0,1.0,0.0,1.0,0.0,0.0,0.0,0.0,1.0,0.0,0.0,0.0,0.0,0.0,0.0,0.0,1.0,0.0,0.0,0.0,0.0,1.0,0.0,0.0,0.0,0.0,1.0,1.0,0.0,0.0,1.0,0.0,1.0,0.0,0.0,0.0,0.0,0.0,0
0.19410342045677806,1.2448768842593785,-0.17863132870856746,0.74446959887814,-0.04588164091512093,0.49888765837117444,0.7674188557755469,0.6821875114127373,-0.17440931183371247,-1.019118400612531,-1.3617941956209574,0.7940805366324234,-1.2550494490674053,-0.028034638004538873,-0.6138978673447055,0.5835524219799213,-1.1071429224211156,0.0,0.0,0.0,0.0,1.0,0.0,0.0,0.0,0.0,0.0,0.0,0.0,0.0,1.0,0.0,0.0,0.0,0.0,1.0,0.0,1.0,0.0,0.0,0.0,1.0,0.0,0.0,1.0,0.0,0.0,0.0,0.0,0.0,0.0,0.0,0.0,0.0,0.0,1.0,0.0,1.0,0.0,0.0,1.0,0.0,0.0,1.0,0.0,0.0,0.0,0.0,1.0,0.0,0.0,1
-0.17811596973186308,-1.5242462588974666,-0.6745490755800451,0.5394757189581508,0.9423572841571898,-0.9967912993099517,-0.2343612305987251,-0.4776720538255118,1.1788038433141157,0.9669564746953179,0.006630118503325768,0.23781550455625436,0.9722537866258371,1.0511300418087295,0.17130511796082293,1.4132478086812315,-0.8382768118708649,0.0,0.0,0.0,0.0,0.0,0.0,0.0,0.0,0.0,1.0,0.0,0.0,0.0,0.0,1.0,0.0,0.0,0.0,1.0,0.0,0.0,1.0,0.0,0.0,1.0,0.0,0.0,0.0,0.0,0.0,0.0,0.0,0.0,0.0,1.0,0.0,1.0,0.0,0.0,0.0,1.0,0.0,0.0,1.0,0.0,1.0,0.0,0.0,0.0,0.0,0.0,0.0,0.0,1.0,0
1.0641306754010984,-1.4000928653533102,0.8325162992670202,1.2492117307308206,1.0252893443250009,0.49888765837117444,0.6632663672563505,0.7341924069290607,0.6171696394103273,0.233955331039913,0.006630118503325768,-0.5461960240222598,-0.8958069916975275,-0.0938991489790576,2.134312581224644,-0.24614296472138883,-0.7247943626126422,0.0,0.0,0.0,0.0,0.0,0.0,0.0,1.0,0.0,0.0,0.0,0.0,0.0,1.0,0.0,0.0,0.0,1.0,0.0,1.0,0.0,0.0,0.0,0.0,1.0,0.0,0.0,0.0,1.0,0.0,0.0,0.0,0.0,0.0,0.0,0.0,0.0,1.0,0.0,0.0,1.0,0.0,0.0,1.0,0.0,1.0,0.0,0.0,0.0,0.0,0.0,1.0,0.0,0.0,0
-1.2053108494407347,-0.7974742692308516,0.36078461734096456,0.26049747630937714,-1.2483101527427733,0.49888765837117444,-0.9339353833663061,-0.9141396168156481,-0.17440931183371247,1.487029062692357,0.8071070273410997,1.2255532164261718,-0.823958500223552,0.012497368749011112,0.17130511796082293,-0.24614296472138883,-1.5715480224624574,0.0,0.0,1.0,0.0,0.0,0.0,0.0,0.0,0.0,0.0,0.0,0.0,0.0,1.0,0.0,0.0,0.0,0.0,1.0,1.0,0.0,0.0,0.0,0.0,0.0,1.0,0.0,1.0,0.0,0.0,0.0,0.0,0.0,0.0,0.0,0.0,1.0,0.0,0.0,0.0,1.0,0.0,0.0,1.0,0.0,1.0,0.0,0.0,0.0,0.0,0.0,0.0,0.0,1.0,1
-0.11685164697068863,-0.587464071479782,0.13124536394326805,0.9354352062379467,0.5525429895349099,-0.9967912993099517,0.8854412580115717,1.1004447353799116,-0.17440931183371247,0.233955331039913,0.006630118503325768,-0.5461960240222598,2.4092236161053484,0.3874184312193485,0.17130511796082293,1.4132478086812315,-0.5519518629731954,0.0,0.0,0.0,0.0,0.0,0.0,0.0,1.0,0.0,0.0,0.0,0.0,0.0,0.0,1.0,0.0,0.0,1.0,0.0,0.0,0.0,1.0,0.0,0.0,1.0,0.0,0.0,0.0,1.0,0.0,0.0,0.0,0.0,0.0,0.0,0.0,0.0,0.0,1.0,0.0,0.0,0.0,1.0,1.0,0.0,1.0,0.0,0.0,0.0,0.0,0.0,1.0,0.0,0.0,0
-1.357609647742562,-0.20006634661654144,-1.7854596952050261,-1.0408302956165845,0.034643511667979465,1.3738037617323386,-0.8534427082467055,-1.0330361934910788,0.6171696394103273,0.233955331039913,0.006630118503325768,0.7940805366324234,1.1877992610477637,0.10876088478869232,-0.4175971210183234,0.5835524219799213,-1.039053452866182,0.0,0.0,0.0,0.0,1.0,0.0,0.0,0.0,0.0,0.0,0.0,0.0,0.0,0.0,1.0,0.0,0.0,1.0,0.0,0.0,0.0,1.0,0.0,1.0,0.0,0.0,0.0,0.0,0.0,0.0,0.0,0.0,0.0,1.0,0.0,0.0,1.0,0.0,0.0,0.0,0.0,0.0,1.0,1.0,0.0,1.0,0.0,0.0,0.0,1.0,0.0,0.0,0.0,0.0,1
0.16411333464712435,-0.2537733369488883,0.6186167541733134,-0.4406853860301315,0.9708350832117979,-0.9967912993099517,-0.7554846903824698,-0.48347496202596435,-1.5276224669815408,0.9669564746953179,0.006630118503325768,0.23781550455625436,0.3974658548340326,1.5273811211629418,0.7602073569399693,0.5835524219799213,-1.7199481484155177,0.0,0.0,0.0,0.0,1.0,0.0,0.0,0.0,0.0,0.0,0.0,0.0,0.0,1.0,0.0,0.0,0.0,0.0,1.0,0.0,0.0,1.0,0.0,0.0,0.0,1.0,0.0,0.0,0.0,0.0,0.0,0.0,0.0,0.0,1.0,0.0,0.0,1.0,0.0,0.0,0.0,0.0,1.0,1.0,0.0,0.0,1.0,0.0,0.0,0.0,0.0,1.0,0.0,0.0,0
-0.4803266605949807,-0.391493730422379,1.2429450655922822,-0.9518011328537236,0.24115292617423648,0.49888765837117444,-1.7710365382797002,-1.7431941031582077,-1.5276224669815408,-1.019118400612531,-1.3617941956209574,1.2255532164261718,0.3974658548340326,-1.2997263498971696,-0.6138978673447055,-1.075838351422699,-0.897636862252089,0.0,0.0,0.0,0.0,1.0,0.0,0.0,0.0,0.0,0.0,0.0,0.0,0.0,0.0,1.0,0.0,0.0,1.0,0.0,0.0,1.0,0.0,0.0,1.0,0.0,0.0,0.0,0.0,1.0,0.0,0.0,0.0,0.0,0.0,0.0,0.0,1.0,0.0,0.0,0.0,1.0,0.0,0.0,1.0,0.0,0.0,1.0,0.0,1.0,0.0,0.0,0.0,0.0,0.0,1
0.11547548704316786,0.8857108993623819,0.6644029027648904,0.4663898480732562,0.35698583829276287,-0.9967912993099517,-2.261988072363374,-2.145440377959182,-0.17440931183371247,0.233955331039913,0.8071070273410997,0.23781550455625436,0.03822339746415475,3.17399389552591,1.1528088495927336,0.5835524219799213,1.2044072747771428,0.0,0.0,0.0,0.0,1.0,0.0,0.0,0.0,0.0,0.0,0.0,0.0,0.0,0.0,0.0,1.0,0.0,1.0,0.0,0.0,0.0,1.0,1.0,0.0,0.0,0.0,0.0,0.0,0.0,0.0,0.0,1.0,0.0,0.0,0.0,0.0,1.0,0.0,0.0,0.0,1.0,0.0,0.0,1.0,0.0,1.0,0.0,0.0,1.0,0.0,0.0,0.0,0.0,0.0,0
1.8926439611577737,0.6229188354674351,-0.17863132870856746,0.3047120883641238,1.1013970400975368,0.49888765837117444,-0.47910537106655743,-0.7213056310329147,1.1788038433141157,-1.019118400612531,0.8071070273410997,1.8761594147954188,1.1159507695737882,0.23542340589353603,-1.2028001063238518,1.4132478086812315,-0.7160649434389328,0.0,0.0,0.0,0.0,0.0,0.0,0.0,0.0,0.0,0.0,0.0,1.0,0.0,0.0,1.0,0.0,0.0,1.0,0.0,0.0,0.0,1.0,0.0,0.0,1.0,0.0,0.0,0.0,0.0,0.0,0.0,0.0,0.0,0.0,1.0,0.0,0.0,1.0,0.0,0.0,0.0,0.0,1.0,1.0,0.0,0.0,1.0,0.0,0.0,0.0,0.0,0.0,0.0,1.0,0
-1.1923468953654506,-0.5780646107171127,1.3689481710867764,0.79287867841506,-0.04588164091512093,-0.9967912993099517,-3.00715003338076,-2.7816304311843867,1.1788038433141157,0.233955331039913,0.006630118503325768,0.7940805366324234,0.18192038041210587,0.4026179337519297,-1.0064993599974699,-1.075838351422699,1.5361252033781012,0.0,0.0,0.0,0.0,0.0,0.0,0.0,0.0,0.0,1.0,0.0,0.0,0.0,0.0,1.0,0.0,0.0,0.0,1.0,0.0,0.0,1.0,0.0,0.0,1.0,0.0,0.0,0.0,0.0,0.0,0.0,1.0,0.0,0.0,0.0,0.0,1.0,0.0,0.0,0.0,1.0,0.0,0.0,1.0,0.0,0.0,1.0,0.0,0.0,1.0,0.0,0.0,0.0,0.0,0
1.3842409744448771,-0.19252649056962298,-1.5045263537512816,-0.7552605354707437,0.35698583829276287,1.3738037617323386,0.4248223489808092,0.6478960670331932,-1.5276224669815408,0.9669564746953179,0.006630118503325768,0.7940805366324234,0.7567083122039103,0.7522064920012983,0.9565081032663514,1.4132478086812315,-0.1696033031647222,0.0,0.0,0.0,0.0,0.0,0.0,0.0,0.0,1.0,0.0,0.0,0.0,0.0,1.0,0.0,0.0,0.0,0.0,1.0,0.0,0.0,1.0,0.0,0.0,1.0,0.0,0.0,0.0,0.0,0.0,0.0,0.0,0.0,0.0,1.0,0.0,0.0,1.0,0.0,0.0,0.0,0.0,1.0,1.0,0.0,1.0,0.0,0.0,0.0,1.0,0.0,0.0,0.0,0.0,0
1.1267035805759158,0.44398341225533783,-0.9663827477070894,0.009850646208549108,0.851255382798665,0.49888765837117444,-0.524571395052194,-0.5873249656262537,-0.17440931183371247,-1.019118400612531,-1.3617941956209574,0.23781550455625436,-0.39286755137969864,0.7218074869361358,-0.2212963746919413,-0.24614296472138883,1.1415554567264348,0.0,0.0,0.0,0.0,1.0,0.0,0.0,0.0,0.0,0.0,0.0,0.0,0.0,0.0,1.0,0.0,0.0,0.0,1.0,0.0,1.0,0.0,0.0,0.0,1.0,0.0,0.0,1.0,0.0,0.0,0.0,0.0,0.0,0.0,0.0,0.0,1.0,0.0,0.0,0.0,0.0,0.0,1.0,1.0,0.0,0.0,1.0,0.0,0.0,0.0,0.0,1.0,0.0,0.0,0
0.6290741072461744,1.7877133752671086,-0.9128010303810109,1.716124722962966,0.3008804519518133,0.49888765837117444,-1.2109787346351757,-1.1417105438853492,-0.17440931183371247,1.8904287018766261,0.006630118503325768,-1.8864725846769428,-0.32101905990572305,-0.2408276734606763,-1.5954015989766162,1.4132478086812315,0.05037806001275554,0.0,0.0,0.0,0.0,1.0,0.0,0.0,0.0,0.0,0.0,0.0,0.0,0.0,1.0,0.0,0.0,0.0,0.0,1.0,1.0,0.0,0.0,0.0,1.0,0.0,0.0,0.0,0.0,0.0,0.0,0.0,0.0,0.0,0.0,1.0,0.0,0.0,1.0,0.0,0.0,0.0,0.0,1.0,1.0,0.0,0.0,1.0,0.0,1.0,0.0,0.0,0.0,0.0,0.0,0
0.3472551931348008,-0.010462903108779882,0.6029770458693231,0.42803910310420346,-0.7755637979526826,0.49888765837117444,-0.35641920076651873,-0.08736516426883513,0.6171696394103273,1.487029062692357,0.006630118503325768,0.23781550455625436,0.3974658548340326,-1.5581178929510509,1.7417110885718798,-1.9055337381240092,-0.19404567685110863,0.0,0.0,0.0,0.0,0.0,0.0,1.0,0.0,0.0,0.0,0.0,0.0,0.0,1.0,0.0,0.0,0.0,1.0,0.0,0.0,0.0,1.0,0.0,0.0,1.0,0.0,0.0,1.0,0.0,0.0,0.0,0.0,0.0,0.0,0.0,0.0,0.0,1.0,0.0,0.0,1.0,0.0,0.0,0.0,1.0,1.0,0.0,0.0,1.0,0.0,0.0,0.0,0.0,0.0,1
1.1386511443758192,-0.786882192859712,0.036182840710240624,-0.38687065090507,0.851255382798665,-0.9967912993099517,-0.16864363792746745,-0.20975017554185604,1.6144411763273727,0.233955331039913,0.8071070273410997,1.5780920652109374,-1.1113524661194543,1.1727260620693793,1.7417110885718798,-0.24614296472138883,-1.0093734276755697,0.0,0.0,0.0,0.0,1.0,0.0,0.0,0.0,0.0,0.0,0.0,0.0,0.0,0.0,1.0,0.0,0.0,1.0,0.0,0.0,0.0,1.0,0.0,0.0,1.0,0.0,0.0,0.0,0.0,0.0,1.0,0.0,0.0,0.0,0.0,1.0,0.0,0.0,0.0,0.0,0.0,0.0,1.0,1.0,0.0,1.0,0.0,0.0,0.0,0.0,0.0,1.0,0.0,0.0,0
0.35099251827888656,-1.765221472111011,0.9211243378682687,1.2035852120324444,-0.4641737345920091,-0.9967912993099517,1.2837384849048468,1.6659230268197645,-0.17440931183371247,0.233955331039913,0.006630118503325768,0.23781550455625436,0.3974658548340326,-1.6290489047697634,-0.024995628365559186,1.4132478086812315,-1.3149030987554,0.0,0.0,0.0,0.0,1.0,0.0,0.0,0.0,0.0,0.0,0.0,0.0,0.0,1.0,0.0,0.0,0.0,0.0,1.0,0.0,0.0,1.0,0.0,0.0,1.0,0.0,0.0,0.0,0.0,0.0,0.0,1.0,0.0,0.0,0.0,1.0,0.0,0.0,0.0,0.0,0.0,0.0,1.0,1.0,0.0,1.0,0.0,0.0,0.0,0.0,0.0,1.0,0.0,0.0,0
-0.10872629707853028,-0.6064155476133599,0.8712572121924061,0.5276109155552591,0.5073898664580703,-0.9967912993099517,-1.2952063540366512,-1.265586577800507,0.6171696394103273,-1.019118400612531,0.006630118503325768,1.2255532164261718,-0.03362509400982082,1.1980585662903482,-0.8101986136710877,0.5835524219799213,-1.1350770637769856,0.0,0.0,0.0,0.0,0.0,0.0,0.0,1.0,0.0,0.0,0.0,0.0,0.0,0.0,1.0,0.0,0.0,1.0,0.0,0.0,0.0,1.0,0.0,0.0,1.0,0.0,0.0,0.0,0.0,0.0,0.0,0.0,0.0,0.0,1.0,0.0,0.0,1.0,0.0,0.0,1.0,0.0,0.0,1.0,0.0,0.0,1.0,0.0,0.0,0.0,0.0,1.0,0.0,0.0,0
-0.4444588081322307,-0.20763877093024166,0.538399797270396,1.0085210771228408,-0.9820732124589395,-0.9967912993099517,0.5586828286327253,0.7746968190138419,0.6171696394103273,0.9669564746953179,-1.3617941956209574,-0.5461960240222598,-0.6084130258016253,0.43808343966128593,-1.399100852650234,0.5835524219799213,1.4889863398400704,0.0,0.0,0.0,0.0,1.0,0.0,0.0,0.0,0.0,0.0,0.0,0.0,0.0,0.0,1.0,0.0,0.0,1.0,0.0,0.0,1.0,0.0,0.0,0.0,0.0,1.0,0.0,0.0,0.0,0.0,0.0,0.0,0.0,1.0,0.0,0.0,0.0,1.0,0.0,0.0,0.0,0.0,1.0,1.0,0.0,0.0,1.0,0.0,0.0,1.0,0.0,0.0,0.0,0.0,0
-1.514360989918485,-1.1886382649950342,-0.7645145055021436,-0.41346511389116986,-1.2483101527427733,0.49888765837117444,-1.0553133555320415,-1.3361823402482633,1.1788038433141157,-1.019118400612531,0.006630118503325768,0.7940805366324234,-0.32101905990572305,3.422252436891404,0.17130511796082293,-0.24614296472138883,0.460660761177099,0.0,0.0,0.0,0.0,0.0,0.0,0.0,0.0,0.0,0.0,0.0,1.0,0.0,1.0,0.0,0.0,0.0,0.0,1.0,0.0,0.0,1.0,0.0,0.0,1.0,0.0,0.0,0.0,0.0,0.0,0.0,0.0,1.0,0.0,0.0,0.0,0.0,1.0,0.0,0.0,1.0,0.0,0.0,1.0,0.0,0.0,1.0,1.0,0.0,0.0,0.0,0.0,0.0,0.0,0
0.6802363223590447,-2.2511377494603435,1.1029141790047008,-0.360873867183546,0.40988340358952174,-0.9967912993099517,-0.04871631090283474,0.30208849377690017,0.6171696394103273,1.487029062692357,0.8071070273410997,-1.8864725846769428,2.481072107579324,0.5951449658312922,-0.8101986136710877,-1.075838351422699,0.06783689836017441,0.0,0.0,0.0,0.0,0.0,0.0,1.0,0.0,0.0,0.0,0.0,0.0,0.0,1.0,0.0,0.0,0.0,0.0,1.0,1.0,0.0,0.0,0.0,0.0,1.0,0.0,0.0,0.0,0.0,0.0,0.0,1.0,0.0,0.0,0.0,0.0,0.0,0.0,1.0,0.0,0.0,1.0,0.0,1.0,0.0,1.0,0.0,0.0,0.0,0.0,0.0,0.0,0.0,1.0,0
0.09042466557252438,-1.6065583084154949,0.819333138724141,-0.21608411822142587,0.35698583829276287,-0.9967912993099517,-0.6581636993833738,-0.45742363230586425,-0.17440931183371247,0.233955331039913,1.375054432627609,-1.8864725846769428,0.3974658548340326,0.012497368749011112,-1.399100852650234,0.5835524219799213,-1.700743426233357,0.0,1.0,0.0,0.0,0.0,0.0,0.0,0.0,0.0,0.0,0.0,0.0,0.0,0.0,1.0,0.0,0.0,0.0,1.0,0.0,0.0,1.0,0.0,0.0,1.0,0.0,0.0,0.0,0.0,1.0,0.0,0.0,0.0,0.0,0.0,0.0,1.0,0.0,0.0,0.0,1.0,0.0,0.0,1.0,0.0,0.0,1.0,0.0,0.0,0.0,0.0,1.0,0.0,0.0,0
0.8462408942683411,0.5357330953371909,1.8879562584836913,-0.1287363630087277,1.1254361954173302,-0.9967912993099517,0.34664537478747487,0.15371140193726393,-1.5276224669815408,0.9669564746953179,1.375054432627609,0.23781550455625436,1.0441022780998126,-1.0261353043107073,-0.024995628365559186,-1.075838351422699,-0.21499628286801126,0.0,0.0,0.0,0.0,0.0,0.0,0.0,0.0,0.0,0.0,0.0,0.0,1.0,0.0,1.0,0.0,0.0,1.0,0.0,1.0,0.0,0.0,0.0,0.0,1.0,0.0,0.0,0.0,0.0,0.0,0.0,0.0,1.0,0.0,0.0,0.0,0.0,1.0,0.0,0.0,1.0,0.0,0.0,1.0,0.0,0.0,1.0,1.0,0.0,0.0,0.0,0.0,0.0,0.0,0
-0.9526122486749139,2.6880827130564224,-1.1423402837787076,0.1987864088803994,1.1940198217402864,-0.9967912993099517,-1.2953875969631976,-1.3544513448120123,1.1788038433141157,0.233955331039913,1.8155886650711848,-0.5461960240222598,-1.326897940541381,1.2436570738880919,-1.5954015989766162,0.5835524219799213,-0.9727098671459902,0.0,0.0,0.0,0.0,1.0,0.0,0.0,0.0,0.0,0.0,0.0,0.0,0.0,0.0,1.0,0.0,0.0,1.0,0.0,1.0,0.0,0.0,0.0,0.0,1.0,0.0,0.0,0.0,0.0,0.0,1.0,0.0,0.0,0.0,0.0,0.0,1.0,0.0,0.0,0.0,0.0,0.0,1.0,1.0,0.0,1.0,0.0,0.0,0.0,0.0,0.0,1.0,0.0,0.0,0
-0.6985279737659514,-1.2425795783178417,0.21963114456386534,-1.088053513244579,1.9686643059680888,0.49888765837117444,1.172552987417004,1.1959002430956178,-1.5276224669815408,0.233955331039913,0.8071070273410997,-0.5461960240222598,-0.7521100087495765,0.4988814497916109,-1.399100852650234,0.5835524219799213,-0.3040363584398475,0.0,0.0,1.0,0.0,0.0,0.0,0.0,0.0,0.0,0.0,0.0,0.0,0.0,0.0,1.0,0.0,0.0,0.0,1.0,1.0,0.0,0.0,0.0,1.0,0.0,0.0,0.0,1.0,0.0,0.0,0.0,0.0,0.0,0.0,0.0,1.0,0.0,0.0,0.0,0.0,0.0,0.0,1.0,1.0,0.0,0.0,1.0,0.0,0.0,0.0,0.0,1.0,0.0,0.0,0
1.362910368708808,-0.7763537291258696,0.3220437044155789,-0.4685616310762956,-0.23159342861585436,0.49888765837117444,-0.7268887074175449,-0.41012854644022445,-1.5276224669815408,0.233955331039913,0.006630118503325768,0.23781550455625436,-0.6802615172756009,0.7775389962222671,-0.6138978673447055,0.5835524219799213,-0.33720815129994336,0.0,0.0,0.0,1.0,0.0,0.0,0.0,0.0,0.0,0.0,0.0,0.0,0.0,0.0,1.0,0.0,0.0,1.0,0.0,0.0,0.0,1.0,0.0,0.0,1.0,0.0,0.0,0.0,0.0,0.0,0.0,0.0,0.0,1.0,0.0,0.0,1.0,0.0,0.0,0.0,1.0,0.0,0.0,1.0,0.0,1.0,0.0,0.0,0.0,0.0,0.0,1.0,0.0,0.0,0
1.2413116539559088,-2.513240955579403,-0.40232843552956954,1.0163638745589476,0.034643511667979465,-0.9967912993099517,0.7390727848132977,0.6645575069255737,1.6144411763273727,0.233955331039913,-1.3617941956209574,-0.5461960240222598,-0.6084130258016253,-1.9229059537330007,0.36760586428720504,-1.075838351422699,-0.9011286299215728,0.0,0.0,0.0,0.0,0.0,0.0,0.0,0.0,0.0,0.0,1.0,0.0,0.0,0.0,1.0,0.0,0.0,0.0,1.0,0.0,1.0,0.0,0.0,0.0,1.0,0.0,0.0,0.0,0.0,0.0,0.0,0.0,0.0,0.0,1.0,0.0,1.0,0.0,0.0,0.0,1.0,0.0,0.0,1.0,0.0,1.0,0.0,0.0,0.0,1.0,0.0,0.0,0.0,0.0,1
-0.5630750277712829,-0.010462903108779882,0.9808028241458874,-0.2623626169803747,-0.34059638025356326,0.49888765837117444,0.2420929935738465,0.4944801360087756,0.6171696394103273,0.233955331039913,1.375054432627609,0.23781550455625436,-0.39286755137969864,-0.10909865151163885,-0.4175971210183234,-0.24614296472138883,-0.6375001708755479,0.0,0.0,0.0,0.0,0.0,0.0,0.0,1.0,0.0,0.0,0.0,0.0,0.0,0.0,1.0,0.0,0.0,1.0,0.0,0.0,0.0,1.0,0.0,0.0,0.0,1.0,0.0,0.0,0.0,0.0,0.0,1.0,0.0,0.0,0.0,1.0,0.0,0.0,0.0,0.0,0.0,0.0,1.0,1.0,0.0,1.0,0.0,0.0,0.0,1.0,0.0,0.0,0.0,0.0,0
0.026709776129070564,-1.879581488914484,0.21963114456386534,0.6302523264503523,0.034643511667979465,1.3738037617323386,0.6120869526154566,0.3155409612575233,0.6171696394103273,1.487029062692357,0.8071070273410997,-0.5461960240222598,0.18192038041210587,1.5121816186303605,0.5639066106135872,0.5835524219799213,1.2707508604973345,1.0,0.0,0.0,0.0,0.0,0.0,0.0,0.0,0.0,0.0,0.0,0.0,0.0,0.0,1.0,0.0,0.0,0.0,1.0,0.0,0.0,1.0,0.0,0.0,1.0,0.0,0.0,0.0,0.0,0.0,0.0,0.0,0.0,1.0,0.0,0.0,0.0,1.0,0.0,0.0,0.0,0.0,1.0,1.0,0.0,0.0,1.0,0.0,0.0,0.0,0.0,1.0,0.0,0.0,0
1.4546077756336573,0.9456842248790039,-2.014998948602723,-1.4208464910184138,-2.2650268768696926,-0.9967912993099517,-1.673571277083672,-1.4650720130182524,0.6171696394103273,0.9669564746953179,1.8155886650711848,-0.5461960240222598,-0.8958069916975275,-1.3959898659368508,-1.9880030916293803,-0.24614296472138883,1.3336026785480424,0.0,0.0,0.0,0.0,0.0,0.0,0.0,0.0,0.0,0.0,0.0,1.0,0.0,1.0,0.0,0.0,0.0,1.0,0.0,0.0,0.0,1.0,0.0,0.0,1.0,0.0,0.0,0.0,0.0,0.0,0.0,0.0,0.0,0.0,1.0,0.0,0.0,1.0,0.0,0.0,0.0,1.0,0.0,1.0,0.0,0.0,1.0,0.0,0.0,0.0,0.0,1.0,0.0,0.0,1
0.2295743574839479,0.12332102555738426,0.01125172249905238,0.009850646208549108,1.9095726135680946,-0.9967912993099517,0.8350209760939111,0.8529957929983402,-1.5276224669815408,-1.019118400612531,0.8071070273410997,-1.8864725846769428,-0.6802615172756009,0.6052779675196797,-0.8101986136710877,-0.24614296472138883,0.3576536149273276,0.0,0.0,0.0,0.0,0.0,0.0,0.0,0.0,0.0,0.0,0.0,1.0,0.0,1.0,0.0,0.0,0.0,1.0,0.0,0.0,0.0,1.0,0.0,0.0,1.0,0.0,0.0,0.0,0.0,0.0,0.0,0.0,0.0,1.0,0.0,0.0,0.0,1.0,0.0,0.0,0.0,0.0,1.0,1.0,0.0,0.0,1.0,0.0,0.0,0.0,1.0,0.0,0.0,0.0,0
0.1898631153744528,2.4699228966189564,2.15290958068986,0.44096446875497947,-0.23159342861585436,0.49888765837117444,1.1757852225732883,1.3690732544584303,-1.5276224669815408,-1.019118400612531,-1.3617941956209574,0.23781550455625436,1.2596477525217393,-0.13949765657680133,0.5639066106135872,-0.24614296472138883,-1.5575809517845223,0.0,0.0,0.0,0.0,0.0,0.0,0.0,0.0,1.0,0.0,0.0,0.0,0.0,0.0,1.0,0.0,0.0,0.0,1.0,0.0,1.0,0.0,0.0,0.0,1.0,0.0,0.0,0.0,0.0,0.0,0.0,0.0,0.0,0.0,1.0,0.0,0.0,1.0,0.0,0.0,1.0,0.0,0.0,0.0,1.0,1.0,0.0,0.0,0.0,0.0,0.0,1.0,0.0,0.0,0
1.0015675521952097,-0.20763877093024166,-1.6846875008337523,-0.8691368180092968,0.6367333169865165,-0.9967912993099517,-1.8105845762217385,-2.111023859892583,0.6171696394103273,-1.019118400612531,-1.3617941956209574,0.23781550455625436,-0.4647160428536742,1.3095215848626107,-1.2028001063238518,0.5835524219799213,0.6439785638249971,0.0,0.0,0.0,0.0,0.0,0.0,0.0,0.0,1.0,0.0,0.0,0.0,0.0,1.0,0.0,0.0,0.0,1.0,0.0,0.0,1.0,0.0,0.0,0.0,0.0,1.0,0.0,0.0,0.0,1.0,0.0,0.0,0.0,0.0,0.0,0.0,0.0,1.0,0.0,0.0,0.0,0.0,1.0,0.0,1.0,1.0,0.0,0.0,0.0,0.0,0.0,0.0,0.0,1.0,0
2.267453467538858,-0.11885953606502324,-1.6846875008337523,-0.6190081550798886,0.24115292617423648,0.49888765837117444,0.7104694933399819,0.5852208300710434,-0.17440931183371247,-1.019118400612531,0.8071070273410997,0.23781550455625436,-0.8958069916975275,-0.5802832300216574,-0.4175971210183234,1.4132478086812315,1.3615368199039126,0.0,0.0,0.0,0.0,0.0,0.0,0.0,1.0,0.0,0.0,0.0,0.0,0.0,0.0,0.0,1.0,0.0,0.0,1.0,1.0,0.0,0.0,0.0,0.0,1.0,0.0,0.0,0.0,0.0,0.0,0.0,1.0,0.0,0.0,0.0,0.0,1.0,0.0,0.0,0.0,1.0,0.0,0.0,1.0,0.0,0.0,1.0,0.0,0.0,0.0,0.0,0.0,0.0,1.0,0
-0.7292586298668504,0.4955470607417803,1.081575018517161,0.7245241359695984,1.1013970400975368,1.3738037617323386,0.9066573167283923,0.6071848336490594,-0.17440931183371247,0.233955331039913,-1.3617941956209574,-0.5461960240222598,1.4033447354696904,-1.3605243600274946,-1.0064993599974699,1.4132478086812315,-1.3288701694333351,0.0,0.0,0.0,0.0,0.0,0.0,0.0,0.0,0.0,0.0,1.0,0.0,0.0,0.0,1.0,0.0,0.0,0.0,1.0,0.0,1.0,0.0,0.0,0.0,1.0,0.0,0.0,0.0,0.0,0.0,0.0,0.0,1.0,0.0,0.0,0.0,0.0,1.0,0.0,0.0,0.0,0.0,1.0,1.0,0.0,1.0,0.0,0.0,1.0,0.0,0.0,0.0,0.0,0.0,0
0.6816676374538015,-0.559415541420451,-0.9663827477070894,-1.1887089868435954,0.034643511667979465,1.9945666160523006,-0.20517923342379923,-0.23815031296609943,-1.5276224669815408,1.8904287018766261,-1.3617941956209574,0.23781550455625436,1.9062841757875193,0.519147453168386,-0.024995628365559186,-1.9055337381240092,0.27559707469445893,0.0,0.0,0.0,0.0,1.0,0.0,0.0,0.0,0.0,0.0,0.0,0.0,0.0,1.0,0.0,0.0,0.0,0.0,1.0,0.0,1.0,0.0,0.0,0.0,1.0,0.0,0.0,0.0,0.0,0.0,0.0,1.0,0.0,0.0,0.0,0.0,0.0,0.0,1.0,0.0,1.0,0.0,0.0,1.0,0.0,0.0,1.0,0.0,1.0,0.0,0.0,0.0,0.0,0.0,0
0.768675089157523,1.0150447275607883,-0.30155624115829577,-1.088053513244579,-0.23159342861585436,0.49888765837117444,1.1519431520521342,1.0024443336709405,1.1788038433141157,0.233955331039913,0.006630118503325768,-0.5461960240222598,-0.4647160428536742,-0.7829432637894074,-0.6138978673447055,-0.24614296472138883,-1.6902681232249057,0.0,0.0,0.0,1.0,0.0,0.0,0.0,0.0,0.0,0.0,0.0,0.0,0.0,1.0,0.0,0.0,0.0,0.0,1.0,0.0,0.0,1.0,0.0,0.0,1.0,0.0,0.0,0.0,0.0,0.0,0.0,0.0,0.0,0.0,1.0,0.0,1.0,0.0,0.0,0.0,1.0,0.0,0.0,1.0,0.0,1.0,0.0,0.0,0.0,1.0,0.0,0.0,0.0,0.0,0
0.528090050169472,0.8278219833302185,0.5711024236657201,0.8752159803411669,-0.23159342861585436,0.49888765837117444,0.35023315019775303,0.253912388778917,0.6171696394103273,0.233955331039913,0.006630118503325768,1.5780920652109374,-0.6802615172756009,-1.2389283397668447,0.36760586428720504,0.5835524219799213,1.5623134608992295,0.0,0.0,0.0,0.0,1.0,0.0,0.0,0.0,0.0,0.0,0.0,0.0,0.0,1.0,0.0,0.0,0.0,0.0,1.0,0.0,0.0,1.0,0.0,0.0,1.0,0.0,0.0,0.0,0.0,0.0,0.0,0.0,0.0,0.0,1.0,0.0,0.0,1.0,0.0,0.0,0.0,0.0,1.0,1.0,0.0,1.0,0.0,0.0,0.0,0.0,1.0,0.0,0.0,0.0,0
-1.357609647742562,0.27951591033344186,0.8584755762353353,-0.9518011328537236,-0.606833320537397,-0.9967912993099517,0.7103738717344291,0.9277911545564547,-0.17440931183371247,-1.019118400612531,0.006630118503325768,-0.5461960240222598,-0.4647160428536742,0.8231375038200108,1.1528088495927336,-1.9055337381240092,0.2546464686775563,0.0,0.0,0.0,0.0,0.0,0.0,0.0,0.0,1.0,0.0,0.0,0.0,0.0,0.0,1.0,0.0,0.0,1.0,0.0,0.0,0.0,1.0,0.0,0.0,1.0,0.0,0.0,0.0,0.0,0.0,0.0,1.0,0.0,0.0,0.0,0.0,0.0,1.0,0.0,0.0,1.0,0.0,0.0,1.0,0.0,0.0,1.0,1.0,0.0,0.0,0.0,0.0,0.0,0.0,1
-0.10872629707853028,0.7014609074314978,-0.7187283569105664,1.69022495028522,1.0513602357948983,0.49888765837117444,-0.4653636108742612,-0.41760671733855276,0.6171696394103273,-1.019118400612531,0.006630118503325768,0.7940805366324234,0.7567083122039103,-2.297827016203338,-1.5954015989766162,-1.9055337381240092,0.07132866602965819,0.0,0.0,0.0,0.0,1.0,0.0,0.0,0.0,0.0,0.0,0.0,0.0,0.0,0.0,1.0,0.0,0.0,1.0,0.0,1.0,0.0,0.0,0.0,0.0,1.0,0.0,0.0,0.0,0.0,0.0,0.0,1.0,0.0,0.0,0.0,0.0,0.0,1.0,0.0,0.0,0.0,0.0,1.0,1.0,0.0,1.0,0.0,0.0,0.0,0.0,0.0,1.0,0.0,0.0,0
0.1333826785462256,-1.1107161328161899,-1.2069175323776347,0.6939459276822286,0.676120343873356,-0.9967912993099517,0.18292750791351667,0.35125645238501857,-1.5276224669815408,0.9669564746953179,0.006630118503325768,-0.5461960240222598,0.8285568036778859,0.33168692193321725,0.36760586428720504,-1.075838351422699,1.124096618379016,0.0,0.0,0.0,0.0,0.0,0.0,1.0,0.0,0.0,0.0,0.0,0.0,0.0,0.0,1.0,0.0,0.0,1.0,0.0,0.0,0.0,1.0,0.0,1.0,0.0,0.0,0.0,0.0,0.0,0.0,0.0,0.0,0.0,1.0,0.0,0.0,0.0,1.0,0.0,0.0,1.0,0.0,0.0,1.0,0.0,1.0,0.0,1.0,0.0,0.0,0.0,0.0,0.0,0.0,0
1.0429105818112974,-0.27730403642930584,0.6493251138311443,0.74446959887814,1.076716765635603,0.49888765837117444,1.381498002202947,1.3520669835216335,0.6171696394103273,0.233955331039913,-1.3617941956209574,0.23781550455625436,-0.2491705684317475,0.9852655308342108,1.5454103422454977,0.5835524219799213,-1.3498207754502378,0.0,0.0,0.0,0.0,0.0,0.0,0.0,0.0,1.0,0.0,0.0,0.0,0.0,0.0,1.0,0.0,0.0,0.0,1.0,0.0,1.0,0.0,0.0,0.0,1.0,0.0,0.0,0.0,0.0,0.0,0.0,0.0,0.0,0.0,1.0,0.0,0.0,1.0,0.0,0.0,1.0,0.0,0.0,1.0,0.0,1.0,0.0,0.0,0.0,0.0,0.0,0.0,0.0,1.0,0
0.243891193043238,-1.1622775062750716,-1.5045263537512816,-0.995459453389766,-0.606833320537397,0.49888765837117444,-0.2749386632788236,-0.13024370448004044,-0.17440931183371247,0.9669564746953179,-1.3617941956209574,-1.8864725846769428,1.4033447354696904,-0.8741402789848948,2.3306133275510263,0.5835524219799213,-0.6619425445619344,0.0,0.0,0.0,0.0,1.0,0.0,0.0,0.0,0.0,0.0,0.0,0.0,0.0,1.0,0.0,0.0,0.0,0.0,1.0,0.0,1.0,0.0,0.0,0.0,1.0,0.0,0.0,0.0,0.0,0.0,0.0,0.0,1.0,0.0,0.0,0.0,0.0,1.0,0.0,0.0,0.0,0.0,1.0,1.0,0.0,1.0,0.0,0.0,1.0,0.0,0.0,0.0,0.0,0.0,0
1.0158663116851345,-0.2694253245609661,-0.2082557620591248,-0.995459453389766,-0.606833320537397,-0.9967912993099517,1.1126045167682828,1.4477460838072738,1.1788038433141157,-1.019118400612531,2.1755313414653825,2.134357097287106,-0.10547358548379637,0.4634159438822547,-0.2212963746919413,0.5835524219799213,-1.5052044367422657,0.0,0.0,0.0,0.0,0.0,1.0,0.0,0.0,0.0,0.0,0.0,0.0,0.0,1.0,0.0,0.0,0.0,1.0,0.0,0.0,0.0,1.0,0.0,0.0,0.0,1.0,0.0,0.0,0.0,0.0,0.0,1.0,0.0,0.0,0.0,1.0,0.0,0.0,0.0,0.0,0.0,0.0,1.0,1.0,0.0,1.0,0.0,0.0,0.0,1.0,0.0,0.0,0.0,0.0,1
1.262122136496074,-0.8624069144680748,-1.423273625232452,1.6592569161505715,0.35698583829276287,1.9945666160523006,-0.972195555628959,-1.2430057413740025,0.6171696394103273,-1.019118400612531,-1.3617941956209574,-1.8864725846769428,-0.6084130258016253,0.7066079844035547,-0.2212963746919413,0.5835524219799213,-0.543222443799486,0.0,1.0,0.0,0.0,0.0,0.0,0.0,0.0,0.0,0.0,0.0,0.0,0.0,1.0,0.0,0.0,0.0,1.0,0.0,0.0,1.0,0.0,0.0,0.0,1.0,0.0,0.0,1.0,0.0,0.0,0.0,0.0,0.0,0.0,0.0,0.0,0.0,1.0,0.0,0.0,0.0,1.0,0.0,1.0,0.0,0.0,1.0,0.0,0.0,0.0,1.0,0.0,0.0,0.0,0
-0.3723418208249335,-0.29316848772825016,-0.7645145055021436,-1.1372868238037945,0.851255382798665,-0.9967912993099517,-0.8097585893606611,-0.5386858711369107,-0.17440931183371247,0.9669564746953179,-1.3617941956209574,-1.8864725846769428,-1.3987464320153564,-0.5194852198913325,1.3491095959191157,-0.24614296472138883,1.7264265413649669,0.0,0.0,0.0,0.0,0.0,0.0,1.0,0.0,0.0,0.0,0.0,0.0,0.0,1.0,0.0,0.0,0.0,0.0,1.0,0.0,1.0,0.0,0.0,0.0,1.0,0.0,0.0,1.0,0.0,0.0,0.0,0.0,0.0,0.0,0.0,1.0,0.0,0.0,0.0,0.0,1.0,0.0,0.0,1.0,0.0,1.0,0.0,0.0,0.0,1.0,0.0,0.0,0.0,0.0,0
0.3416280772736584,0.4176214643191637,-1.2749871003535849,-0.9097307441948221,1.4602567620241207,-0.9967912993099517,0.5304988136476201,0.4531703522148939,0.6171696394103273,-1.019118400612531,1.375054432627609,-1.8864725846769428,0.25376887188608144,0.012497368749011112,0.17130511796082293,1.4132478086812315,-0.23245512121543013,0.0,0.0,0.0,0.0,0.0,0.0,0.0,0.0,0.0,0.0,0.0,1.0,0.0,1.0,0.0,0.0,0.0,1.0,0.0,1.0,0.0,0.0,0.0,0.0,1.0,0.0,0.0,0.0,1.0,0.0,0.0,0.0,0.0,0.0,0.0,0.0,0.0,1.0,0.0,0.0,0.0,0.0,1.0,1.0,0.0,1.0,0.0,0.0,0.0,0.0,0.0,1.0,0.0,0.0,0
-1.5311791963693737,0.16062088076685235,1.49902301469743,1.1629912858469191,0.5525429895349099,0.49888765837117444,1.0301603789368794,1.1789169296578461,-0.17440931183371247,-1.019118400612531,0.8071070273410997,0.7940805366324234,0.18192038041210587,-0.06350014391389511,1.1528088495927336,-0.24614296472138883,-0.2778481009187192,0.0,0.0,0.0,0.0,0.0,0.0,0.0,0.0,1.0,0.0,0.0,0.0,0.0,0.0,1.0,0.0,0.0,0.0,1.0,1.0,0.0,0.0,0.0,0.0,1.0,0.0,0.0,0.0,0.0,0.0,0.0,0.0,0.0,0.0,1.0,0.0,1.0,0.0,0.0,0.0,0.0,0.0,1.0,1.0,0.0,0.0,1.0,0.0,0.0,0.0,0.0,1.0,0.0,0.0,0
-0.7072310046011007,1.0671562673822041,0.6493251138311443,1.0992976846150428,1.2157962486842935,0.49888765837117444,-0.4471998846448845,-0.4344051023737749,0.6171696394103273,1.487029062692357,-1.3617941956209574,-0.5461960240222598,-0.17732207695777194,0.8586030097293671,-0.4175971210183234,0.5835524219799213,-0.2359468888849139,0.0,0.0,0.0,0.0,1.0,0.0,0.0,0.0,0.0,0.0,0.0,0.0,0.0,1.0,0.0,0.0,0.0,0.0,1.0,0.0,1.0,0.0,0.0,0.0,1.0,0.0,0.0,0.0,0.0,0.0,0.0,0.0,0.0,1.0,0.0,0.0,0.0,1.0,0.0,0.0,1.0,0.0,0.0,1.0,0.0,1.0,0.0,0.0,0.0,0.0,0.0,1.0,0.0,0.0,0
0.5647668258571357,-0.5318087157117974,-0.014183088588680292,1.749779698476455,-0.9820732124589395,0.49888765837117444,0.2516560273479897,-0.02000976750547725,-0.17440931183371247,-1.019118400612531,0.8071070273410997,-0.5461960240222598,1.9062841757875193,1.3095215848626107,-1.5954015989766162,1.4132478086812315,-1.4353690833525903,0.0,0.0,0.0,0.0,1.0,0.0,0.0,0.0,0.0,0.0,0.0,0.0,0.0,1.0,0.0,0.0,0.0,1.0,0.0,1.0,0.0,0.0,1.0,0.0,0.0,0.0,0.0,0.0,0.0,0.0,0.0,0.0,0.0,1.0,0.0,1.0,0.0,0.0,0.0,0.0,0.0,0.0,1.0,1.0,0.0,1.0,0.0,0.0,0.0,0.0,0.0,1.0,0.0,0.0,0
0.03875757919663737,-0.9880810676600783,0.7512635707481908,0.7144209434454529,-2.2650268768696926,-0.9967912993099517,-0.6557917315428765,-0.34085251875735156,1.9703827945581553,0.233955331039913,-1.3617941956209574,0.23781550455625436,-0.10547358548379637,-1.2186623363900697,0.7602073569399693,0.5835524219799213,-0.2394386565543977,0.0,0.0,0.0,0.0,0.0,0.0,0.0,0.0,0.0,0.0,0.0,0.0,1.0,0.0,1.0,0.0,0.0,0.0,1.0,0.0,1.0,0.0,0.0,0.0,1.0,0.0,0.0,0.0,0.0,1.0,0.0,0.0,0.0,0.0,0.0,0.0,0.0,0.0,1.0,0.0,1.0,0.0,0.0,1.0,0.0,0.0,1.0,0.0,0.0,0.0,0.0,1.0,0.0,0.0,0
1.4414707509872913,-1.765221472111011,2.287851712992826,-1.7115690801333474,1.076716765635603,0.49888765837117444,1.6441199723841595,1.6313455740865694,0.6171696394103273,0.9669564746953179,0.006630118503325768,0.7940805366324234,-1.1113524661194543,1.1372605561600233,1.1528088495927336,-0.24614296472138883,-1.3742631491366242,0.0,0.0,0.0,0.0,0.0,0.0,0.0,0.0,1.0,0.0,0.0,0.0,0.0,1.0,0.0,0.0,0.0,1.0,0.0,0.0,0.0,1.0,0.0,1.0,0.0,0.0,0.0,0.0,0.0,1.0,0.0,0.0,0.0,0.0,0.0,0.0,1.0,0.0,0.0,0.0,0.0,0.0,1.0,1.0,0.0,1.0,0.0,1.0,0.0,0.0,0.0,0.0,0.0,0.0,0
-1.548227796367033,-1.5242462588974666,0.5048249988082347,0.009850646208549108,0.034643511667979465,0.49888765837117444,0.2667545746864541,0.2949144440296651,-1.5276224669815408,0.233955331039913,0.006630118503325768,0.23781550455625436,-0.39286755137969864,-0.3016256835910013,-1.5954015989766162,-1.075838351422699,1.3370944462175263,0.0,0.0,0.0,0.0,0.0,0.0,1.0,0.0,0.0,0.0,0.0,0.0,0.0,1.0,0.0,0.0,0.0,0.0,1.0,0.0,0.0,1.0,0.0,0.0,1.0,0.0,0.0,0.0,0.0,0.0,0.0,1.0,0.0,0.0,0.0,1.0,0.0,0.0,0.0,0.0,0.0,0.0,1.0,1.0,0.0,0.0,1.0,0.0,0.0,0.0,0.0,1.0,0.0,0.0,0
0.026709776129070564,-0.22288245835992115,-0.40232843552956954,1.0846543474305312,-2.2650268768696926,-0.9967912993099517,-0.23122973201874633,0.14179847074674776,-0.17440931183371247,-1.019118400612531,-1.3617941956209574,0.23781550455625436,-0.6084130258016253,-0.9552042924919948,-1.9880030916293803,-1.9055337381240092,-1.206658301001403,0.0,0.0,1.0,0.0,0.0,0.0,0.0,0.0,0.0,0.0,0.0,0.0,0.0,0.0,1.0,0.0,0.0,0.0,1.0,0.0,1.0,0.0,0.0,0.0,1.0,0.0,0.0,0.0,0.0,0.0,0.0,1.0,0.0,0.0,0.0,0.0,0.0,1.0,0.0,0.0,0.0,0.0,1.0,0.0,1.0,1.0,0.0,0.0,1.0,0.0,0.0,0.0,0.0,0.0,1
-1.6371605020264617,0.013113154563659652,0.5217243173504937,0.5512200654243107,0.35698583829276287,0.49888765837117444,0.806406791255787,0.9917445157645663,1.1788038433141157,0.233955331039913,-1.3617941956209574,-1.8864725846769428,0.9004052951518615,-0.9704037950245761,-0.4175971210183234,-0.24614296472138883,0.5147831600540974,0.0,0.0,0.0,0.0,0.0,1.0,0.0,0.0,0.0,0.0,0.0,0.0,0.0,0.0,1.0,0.0,0.0,0.0,1.0,0.0,1.0,0.0,0.0,0.0,1.0,0.0,0.0,0.0,0.0,1.0,0.0,0.0,0.0,0.0,0.0,0.0,0.0,1.0,0.0,0.0,0.0,1.0,0.0,1.0,0.0,0.0,1.0,0.0,0.0,0.0,0.0,1.0,0.0,0.0,0
0.11321886205913069,-2.3513272284257485,-0.5118740474830508,0.046577800467781774,-0.9820732124589395,0.49888765837117444,-1.0562408271943455,-0.7496501517657322,-0.17440931183371247,0.233955331039913,0.006630118503325768,0.7940805366324234,0.18192038041210587,1.426051104279067,-0.024995628365559186,0.5835524219799213,1.232341416133013,0.0,0.0,1.0,0.0,0.0,0.0,0.0,0.0,0.0,0.0,0.0,0.0,0.0,0.0,1.0,0.0,0.0,0.0,1.0,0.0,0.0,1.0,0.0,0.0,1.0,0.0,0.0,0.0,0.0,0.0,0.0,0.0,1.0,0.0,0.0,0.0,0.0,0.0,1.0,0.0,0.0,0.0,1.0,1.0,0.0,0.0,1.0,0.0,0.0,0.0,0.0,1.0,0.0,0.0,0
-1.8920329519698194,0.14207015325809563,-0.9128010303810109,0.27542424071344995,-0.04588164091512093,-0.9967912993099517,0.2129673018141851,0.10305641894410011,-0.17440931183371247,0.9669564746953179,0.006630118503325768,0.23781550455625436,-0.10547358548379637,0.13915988985385483,1.1528088495927336,-0.24614296472138883,1.4820028045011029,0.0,1.0,0.0,0.0,0.0,0.0,0.0,0.0,0.0,0.0,0.0,0.0,0.0,0.0,0.0,0.0,1.0,0.0,1.0,1.0,0.0,0.0,0.0,0.0,1.0,0.0,0.0,0.0,0.0,0.0,0.0,0.0,0.0,1.0,0.0,0.0,0.0,1.0,0.0,0.0,0.0,0.0,1.0,1.0,0.0,1.0,0.0,0.0,1.0,0.0,0.0,0.0,0.0,0.0,0
0.305386377005983,-0.010462903108779882,0.21963114456386534,-1.1887089868435954,1.0252893443250009,0.49888765837117444,-3.287798115053679,-3.5853851244051507,-1.5276224669815408,0.233955331039913,1.375054432627609,-1.8864725846769428,0.18192038041210587,0.3012879168680548,1.3491095959191157,-1.9055337381240092,-1.4807620630558793,0.0,0.0,0.0,0.0,1.0,0.0,0.0,0.0,0.0,0.0,0.0,0.0,0.0,0.0,1.0,0.0,0.0,0.0,1.0,0.0,0.0,1.0,0.0,0.0,0.0,0.0,1.0,0.0,0.0,0.0,0.0,0.0,0.0,0.0,1.0,1.0,0.0,0.0,0.0,0.0,0.0,0.0,1.0,1.0,0.0,0.0,1.0,0.0,0.0,1.0,0.0,0.0,0.0,0.0,0
-1.926446066291812,-0.010462903108779882,-1.423273625232452,0.3883732220473554,1.1254361954173302,0.49888765837117444,0.6483435784242073,0.3785403914623624,-1.5276224669815408,-1.019118400612531,0.8071070273410997,-1.8864725846769428,-0.32101905990572305,0.23035690504934228,-0.6138978673447055,-1.075838351422699,0.2529005848428144,0.0,0.0,0.0,0.0,0.0,1.0,0.0,0.0,0.0,0.0,0.0,0.0,0.0,0.0,1.0,0.0,0.0,0.0,1.0,0.0,0.0,1.0,0.0,0.0,1.0,0.0,0.0,0.0,0.0,0.0,0.0,0.0,0.0,0.0,1.0,0.0,0.0,0.0,1.0,0.0,0.0,0.0,1.0,1.0,0.0,1.0,0.0,0.0,1.0,0.0,0.0,0.0,0.0,0.0,0
1.365390333005449,0.8362097853993976,0.15393030791344917,1.5804058026649646,0.10871947129041147,-0.9967912993099517,-0.6485802309008911,-0.860989847313843,1.6144411763273727,0.9669564746953179,-1.3617941956209574,0.7940805366324234,1.1159507695737882,-1.1375983228829698,-1.2028001063238518,-0.24614296472138883,0.07656631753388385,0.0,0.0,0.0,0.0,0.0,0.0,0.0,0.0,0.0,0.0,0.0,0.0,1.0,0.0,1.0,0.0,0.0,0.0,1.0,0.0,1.0,0.0,0.0,0.0,1.0,0.0,0.0,0.0,0.0,0.0,1.0,0.0,0.0,0.0,0.0,0.0,0.0,1.0,0.0,0.0,0.0,0.0,1.0,1.0,0.0,0.0,1.0,1.0,0.0,0.0,0.0,0.0,0.0,0.0,0
0.6687261516418072,0.191109097042795,1.7182215091133932,-0.360873867183546,0.3008804519518133,0.49888765837117444,-2.032976061635954,-2.287048368727345,-0.17440931183371247,-1.019118400612531,0.8071070273410997,0.7940805366324234,-1.1113524661194543,-0.11923165320002634,0.17130511796082293,1.4132478086812315,-1.4440985025262996,1.0,0.0,0.0,0.0,0.0,0.0,0.0,0.0,0.0,0.0,0.0,0.0,0.0,1.0,0.0,0.0,0.0,0.0,1.0,1.0,0.0,0.0,0.0,0.0,1.0,0.0,0.0,0.0,0.0,0.0,1.0,0.0,0.0,0.0,0.0,1.0,0.0,0.0,0.0,0.0,0.0,0.0,1.0,0.0,1.0,1.0,0.0,1.0,0.0,0.0,0.0,0.0,0.0,0.0,0
-1.3284965462111213,-1.9396864237564904,-0.812028836009737,-1.990547322782121,-0.13408696574730583,0.49888765837117444,-0.050696904237664896,-0.2932232787123228,-0.17440931183371247,0.233955331039913,0.006630118503325768,-1.8864725846769428,1.475193226943666,-0.3522906920329388,-0.8101986136710877,-1.9055337381240092,-0.3843470148379743,0.0,0.0,0.0,0.0,0.0,0.0,0.0,1.0,0.0,0.0,0.0,0.0,0.0,0.0,1.0,0.0,0.0,0.0,1.0,1.0,0.0,0.0,0.0,0.0,0.0,1.0,0.0,0.0,0.0,0.0,0.0,0.0,1.0,0.0,0.0,0.0,1.0,0.0,0.0,0.0,1.0,0.0,0.0,1.0,0.0,1.0,0.0,0.0,1.0,0.0,0.0,0.0,0.0,0.0,0
-0.9632949609425201,-0.7974742692308516,0.80601047124687,0.857418580212046,-1.6235500446643159,1.3738037617323386,0.01757316615903619,0.027148104270291955,-0.17440931183371247,1.487029062692357,0.006630118503325768,0.7940805366324234,0.3974658548340326,-0.3370911895003575,-1.399100852650234,0.5835524219799213,-1.2014206494971773,0.0,0.0,0.0,0.0,1.0,0.0,0.0,0.0,0.0,0.0,0.0,0.0,0.0,0.0,1.0,0.0,0.0,1.0,0.0,0.0,0.0,1.0,0.0,0.0,1.0,0.0,0.0,0.0,0.0,0.0,0.0,1.0,0.0,0.0,0.0,0.0,0.0,0.0,0.0,1.0,1.0,0.0,0.0,1.0,0.0,0.0,1.0,0.0,0.0,0.0,0.0,1.0,0.0,0.0,1
-0.9211035191896759,0.43874264058121853,-0.0666481935771456,-1.1372868238037945,-0.4641737345920091,1.3738037617323386,0.6242866699162777,0.4470377313534103,0.6171696394103273,1.487029062692357,0.006630118503325768,-1.8864725846769428,-0.823958500223552,-0.3978891996306825,0.7602073569399693,1.4132478086812315,0.2581382363470401,0.0,0.0,0.0,0.0,0.0,0.0,0.0,0.0,0.0,0.0,0.0,1.0,0.0,0.0,1.0,0.0,0.0,0.0,1.0,0.0,0.0,1.0,0.0,0.0,1.0,0.0,0.0,0.0,0.0,0.0,1.0,0.0,0.0,0.0,0.0,0.0,1.0,0.0,0.0,0.0,1.0,0.0,0.0,1.0,0.0,1.0,0.0,0.0,1.0,0.0,0.0,0.0,0.0,0.0,0
-0.6985279737659514,-2.3513272284257485,0.3797170091197587,-1.7972977893282913,1.2157962486842935,-0.9967912993099517,-1.1951252254756048,-0.812257143416183,-0.17440931183371247,0.233955331039913,1.8155886650711848,0.7940805366324234,0.4693143463080081,0.01756386959320486,-0.024995628365559186,-1.075838351422699,-1.1053970385863736,0.0,0.0,1.0,0.0,0.0,0.0,0.0,0.0,0.0,0.0,0.0,0.0,0.0,1.0,0.0,0.0,0.0,0.0,1.0,0.0,0.0,1.0,0.0,0.0,1.0,0.0,0.0,0.0,0.0,0.0,0.0,0.0,0.0,1.0,0.0,1.0,0.0,0.0,0.0,0.0,0.0,0.0,1.0,1.0,0.0,1.0,0.0,0.0,1.0,0.0,0.0,0.0,0.0,0.0,0
0.43921728278335753,0.4955470607417803,0.5871406065190502,0.6411144549970303,-0.13408696574730583,-0.9967912993099517,-0.11259859918737312,0.014848711444188976,-0.17440931183371247,0.233955331039913,-1.3617941956209574,0.7940805366324234,-0.17732207695777194,1.9175016861658605,0.17130511796082293,1.4132478086812315,-1.22237125551408,0.0,0.0,0.0,0.0,0.0,0.0,0.0,1.0,0.0,0.0,0.0,0.0,0.0,1.0,0.0,0.0,0.0,0.0,1.0,0.0,1.0,0.0,0.0,1.0,0.0,0.0,0.0,0.0,0.0,0.0,0.0,0.0,1.0,0.0,0.0,0.0,0.0,1.0,0.0,0.0,1.0,0.0,0.0,1.0,0.0,1.0,0.0,0.0,0.0,1.0,0.0,0.0,0.0,0.0,0
-1.5396743033317286,-0.06207665304712374,-0.04014236555699533,-0.49712624757440144,0.9129752784408443,-0.9967912993099517,-0.7572584150274364,-0.7048061412055651,0.6171696394103273,-1.019118400612531,0.8071070273410997,-0.5461960240222598,-1.3987464320153564,2.125228220777804,-0.6138978673447055,0.5835524219799213,1.0420400781461474,0.0,0.0,1.0,0.0,0.0,0.0,0.0,0.0,0.0,0.0,0.0,0.0,0.0,0.0,1.0,0.0,0.0,0.0,1.0,1.0,0.0,0.0,0.0,0.0,1.0,0.0,0.0,0.0,0.0,0.0,0.0,0.0,0.0,1.0,0.0,0.0,0.0,1.0,0.0,0.0,1.0,0.0,0.0,0.0,1.0,1.0,0.0,0.0,0.0,0.0,0.0,1.0,0.0,0.0,0
0.15322500327205887,0.0916198755463181,-1.423273625232452,-0.1715860094881732,-2.2650268768696926,-0.9967912993099517,0.3929275704129637,0.2880441528116543,-1.5276224669815408,1.8904287018766261,1.375054432627609,-1.8864725846769428,0.4693143463080081,0.6812754801825859,0.17130511796082293,0.5835524219799213,0.11846752956768913,0.0,0.0,0.0,0.0,0.0,0.0,0.0,0.0,0.0,0.0,0.0,1.0,0.0,1.0,0.0,0.0,0.0,0.0,1.0,1.0,0.0,0.0,0.0,0.0,1.0,0.0,0.0,0.0,0.0,0.0,0.0,1.0,0.0,0.0,0.0,0.0,1.0,0.0,0.0,0.0,1.0,0.0,0.0,1.0,0.0,1.0,0.0,0.0,0.0,0.0,0.0,1.0,0.0,0.0,0
-0.437407637215033,-2.0019254496683048,-1.5045263537512816,2.1041383003632235,-0.606833320537397,-0.9967912993099517,0.3233922889152336,0.41171008200873627,1.1788038433141157,-1.019118400612531,0.006630118503325768,0.7940805366324234,-1.1113524661194543,0.40768443459612347,0.5639066106135872,-1.075838351422699,0.27385119085971704,0.0,0.0,0.0,0.0,1.0,0.0,0.0,0.0,0.0,0.0,0.0,0.0,0.0,0.0,1.0,0.0,0.0,0.0,1.0,0.0,0.0,1.0,0.0,0.0,1.0,0.0,0.0,0.0,0.0,0.0,0.0,0.0,0.0,1.0,0.0,1.0,0.0,0.0,0.0,0.0,0.0,0.0,1.0,1.0,0.0,1.0,0.0,0.0,0.0,0.0,0.0,1.0,0.0,0.0,0
1.6259693288179908,0.5157552234921008,-0.26968161895469217,1.0163638745589476,0.9423572841571898,0.49888765837117444,-0.16239773592730086,0.22478168980728366,1.1788038433141157,1.487029062692357,0.8071070273410997,0.23781550455625436,-0.39286755137969864,1.0967285494064731,0.36760586428720504,-1.075838351422699,-0.6654343122314181,0.0,0.0,0.0,0.0,1.0,0.0,0.0,0.0,0.0,0.0,0.0,0.0,0.0,1.0,0.0,0.0,0.0,0.0,1.0,1.0,0.0,0.0,0.0,0.0,1.0,0.0,0.0,0.0,0.0,0.0,0.0,1.0,0.0,0.0,0.0,0.0,1.0,0.0,0.0,0.0,1.0,0.0,0.0,0.0,1.0,0.0,1.0,0.0,0.0,0.0,0.0,0.0,1.0,0.0,0
0.3359754028879196,-0.7451424858850405,0.3797170091197587,-0.3354484878652693,-0.606833320537397,-0.9967912993099517,0.7614224902513959,0.7716983854110759,0.6171696394103273,0.233955331039913,0.006630118503325768,-0.5461960240222598,1.3314962439957148,-1.451721375222982,0.17130511796082293,1.4132478086812315,0.30178533221558723,0.0,0.0,0.0,0.0,1.0,0.0,0.0,0.0,0.0,0.0,0.0,0.0,0.0,0.0,1.0,0.0,0.0,0.0,1.0,1.0,0.0,0.0,0.0,0.0,1.0,0.0,0.0,0.0,0.0,0.0,0.0,0.0,0.0,0.0,1.0,1.0,0.0,0.0,0.0,0.0,1.0,0.0,0.0,1.0,0.0,1.0,0.0,0.0,0.0,0.0,0.0,0.0,0.0,1.0,0
0.27005039119440655,0.7059732499580685,1.5593449869732792,0.5394757189581508,-1.6235500446643159,1.3738037617323386,1.0547019499619903,1.2424594653523084,0.6171696394103273,0.9669564746953179,0.006630118503325768,-1.8864725846769428,-0.03362509400982082,-1.775977429251382,2.9195155665301726,-0.24614296472138883,0.7400021747358009,0.0,0.0,0.0,0.0,0.0,0.0,0.0,0.0,1.0,0.0,0.0,0.0,0.0,1.0,0.0,0.0,0.0,0.0,1.0,0.0,0.0,1.0,0.0,0.0,1.0,0.0,0.0,0.0,0.0,1.0,0.0,0.0,0.0,0.0,0.0,1.0,0.0,0.0,0.0,0.0,1.0,0.0,0.0,0.0,1.0,0.0,1.0,0.0,0.0,0.0,0.0,1.0,0.0,0.0,0
-0.06105768270316153,0.5357330953371909,1.2334432821649801,-1.7115690801333474,-0.23159342861585436,-0.9967912993099517,-0.5621824046810381,-0.29995146638756126,-1.5276224669815408,-1.019118400612531,1.375054432627609,-0.5461960240222598,-0.4647160428536742,0.6762089793383921,-0.4175971210183234,-0.24614296472138883,1.232341416133013,0.0,0.0,0.0,0.0,0.0,1.0,0.0,0.0,0.0,0.0,0.0,0.0,0.0,0.0,1.0,0.0,0.0,0.0,1.0,1.0,0.0,0.0,0.0,0.0,1.0,0.0,0.0,0.0,0.0,0.0,0.0,0.0,0.0,1.0,0.0,0.0,1.0,0.0,0.0,0.0,0.0,0.0,1.0,1.0,0.0,1.0,0.0,0.0,0.0,0.0,0.0,1.0,0.0,0.0,0
-1.0464792575934259,1.3194863050129804,0.538399797270396,-0.008959657523465534,1.076716765635603,-0.9967912993099517,0.18088978223331953,0.2640264335370004,-1.5276224669815408,-1.019118400612531,0.006630118503325768,-1.8864725846769428,-1.1832009575934297,-1.9077064512004194,-0.6138978673447055,0.5835524219799213,-1.2276089070183056,0.0,0.0,0.0,0.0,0.0,0.0,0.0,0.0,0.0,1.0,0.0,0.0,0.0,0.0,1.0,0.0,0.0,0.0,1.0,1.0,0.0,0.0,0.0,0.0,1.0,0.0,0.0,0.0,0.0,0.0,1.0,0.0,0.0,0.0,0.0,0.0,1.0,0.0,0.0,0.0,1.0,0.0,0.0,1.0,0.0,1.0,0.0,0.0,0.0,0.0,0.0,1.0,0.0,0.0,0
0.8234744971336813,1.4975075435559764,0.06062982881427848,1.2035852120324444,0.750196303495788,0.49888765837117444,0.5996846244357997,0.4377006200838957,0.6171696394103273,0.233955331039913,-1.3617941956209574,0.23781550455625436,-0.2491705684317475,-0.990669798401351,0.36760586428720504,0.5835524219799213,-0.39482231784642563,0.0,0.0,0.0,0.0,0.0,0.0,0.0,0.0,1.0,0.0,0.0,0.0,0.0,0.0,1.0,0.0,0.0,0.0,1.0,0.0,1.0,0.0,0.0,0.0,1.0,0.0,0.0,0.0,0.0,0.0,0.0,0.0,0.0,1.0,0.0,0.0,0.0,1.0,0.0,0.0,0.0,0.0,1.0,1.0,0.0,1.0,0.0,0.0,1.0,0.0,0.0,0.0,0.0,0.0,0
-1.6008213265746607,1.3352939649766278,1.3164830660983111,0.4149676850334555,0.9129752784408443,0.49888765837117444,0.2227826932190058,-0.033945398519756,-1.5276224669815408,1.487029062692357,-1.3617941956209574,-1.8864725846769428,-0.6802615172756009,0.336753422777411,0.9565081032663514,0.5835524219799213,0.7819033867696061,0.0,0.0,0.0,1.0,0.0,0.0,0.0,0.0,0.0,0.0,0.0,0.0,0.0,0.0,0.0,0.0,1.0,0.0,1.0,0.0,1.0,0.0,0.0,1.0,0.0,0.0,0.0,1.0,0.0,0.0,0.0,0.0,0.0,0.0,0.0,0.0,0.0,1.0,0.0,0.0,1.0,0.0,0.0,1.0,0.0,0.0,1.0,0.0,0.0,1.0,0.0,0.0,0.0,0.0,0
-1.2653801763467714,-0.7554846150305914,-0.33425886755361933,1.833730070363682,-0.4641737345920091,1.3738037617323386,1.7419642310528913,1.559958530448433,-1.5276224669815408,-1.019118400612531,0.006630118503325768,0.7940805366324234,-0.10547358548379637,-0.5701502283332699,2.3306133275510263,-0.24614296472138883,-1.2799854220605622,0.0,0.0,0.0,0.0,0.0,0.0,0.0,0.0,0.0,0.0,0.0,1.0,0.0,1.0,0.0,0.0,0.0,1.0,0.0,1.0,0.0,0.0,0.0,0.0,1.0,0.0,0.0,0.0,0.0,1.0,0.0,0.0,0.0,0.0,0.0,0.0,1.0,0.0,0.0,0.0,0.0,0.0,1.0,0.0,1.0,1.0,0.0,0.0,0.0,0.0,0.0,0.0,0.0,1.0,0
-1.8696084112684892,0.6924012287218985,0.7651750971361643,-0.9518011328537236,0.034643511667979465,0.49888765837117444,1.3782803029477861,1.2747020544908925,-0.17440931183371247,-1.019118400612531,0.8071070273410997,-0.5461960240222598,0.5411628377819837,0.012497368749011112,0.36760586428720504,0.5835524219799213,-0.8120885543497366,0.0,0.0,0.0,0.0,0.0,0.0,0.0,0.0,1.0,0.0,0.0,0.0,0.0,0.0,1.0,0.0,0.0,0.0,1.0,1.0,0.0,0.0,0.0,1.0,0.0,0.0,0.0,0.0,0.0,0.0,0.0,0.0,0.0,1.0,0.0,0.0,0.0,0.0,0.0,1.0,1.0,0.0,0.0,1.0,0.0,1.0,0.0,0.0,0.0,0.0,0.0,1.0,0.0,0.0,0
-0.7745191936133857,-0.010462903108779882,0.36078461734096456,0.5394757189581508,-0.606833320537397,0.49888765837117444,0.06103222031632599,-0.6838872048167093,-1.5276224669815408,0.233955331039913,0.006630118503325768,0.23781550455625436,0.5411628377819837,0.20502440082837353,-0.024995628365559186,-1.075838351422699,1.0123600529555352,0.0,0.0,0.0,0.0,1.0,0.0,0.0,0.0,0.0,0.0,0.0,0.0,0.0,0.0,1.0,0.0,0.0,0.0,1.0,1.0,0.0,0.0,0.0,0.0,0.0,0.0,1.0,0.0,0.0,0.0,0.0,1.0,0.0,0.0,0.0,0.0,0.0,1.0,0.0,0.0,1.0,0.0,0.0,1.0,0.0,1.0,0.0,0.0,0.0,0.0,0.0,0.0,0.0,1.0,1
2.042228163657127,-0.7974742692308516,0.4167485119683675,0.0645131704451016,1.2370720234956316,-0.9967912993099517,-0.0020242884807509607,-0.023233524300151236,-1.5276224669815408,0.233955331039913,-1.3617941956209574,-1.8864725846769428,0.8285568036778859,-0.2104286683955138,0.5639066106135872,-1.9055337381240092,0.11497576189820535,0.0,0.0,0.0,0.0,0.0,0.0,0.0,0.0,0.0,0.0,0.0,1.0,0.0,0.0,1.0,0.0,0.0,0.0,1.0,0.0,1.0,0.0,0.0,1.0,0.0,0.0,0.0,0.0,1.0,0.0,0.0,0.0,0.0,0.0,0.0,1.0,0.0,0.0,0.0,0.0,1.0,0.0,0.0,1.0,0.0,1.0,0.0,0.0,1.0,0.0,0.0,0.0,0.0,0.0,0
-0.3723418208249335,0.921940525744382,0.6493251138311443,-0.49712624757440144,-0.4641737345920091,0.49888765837117444,-2.178562283233957,-2.4703446789481207,-0.17440931183371247,0.233955331039913,0.006630118503325768,0.23781550455625436,-0.6084130258016253,0.09356138225611109,2.9195155665301726,-0.24614296472138883,1.2986850018532046,0.0,0.0,0.0,0.0,0.0,0.0,0.0,1.0,0.0,0.0,0.0,0.0,0.0,1.0,0.0,0.0,0.0,0.0,1.0,1.0,0.0,0.0,0.0,0.0,0.0,1.0,0.0,0.0,0.0,0.0,0.0,1.0,0.0,0.0,0.0,0.0,1.0,0.0,0.0,0.0,0.0,0.0,1.0,1.0,0.0,1.0,0.0,0.0,0.0,0.0,1.0,0.0,0.0,0.0,0
-0.8119514389824876,-1.5404023886067397,2.052520229662917,-2.100802919451452,-2.2650268768696926,0.49888765837117444,-0.8876113389747464,-1.1129231990751467,0.6171696394103273,-1.019118400612531,0.8071070273410997,-1.8864725846769428,-0.5365645343276497,0.8687360114177546,0.7602073569399693,1.4132478086812315,0.630011493147062,0.0,1.0,0.0,0.0,0.0,0.0,0.0,0.0,0.0,0.0,0.0,0.0,0.0,1.0,0.0,0.0,0.0,1.0,0.0,0.0,0.0,1.0,0.0,0.0,1.0,0.0,0.0,0.0,0.0,0.0,0.0,0.0,0.0,0.0,1.0,0.0,0.0,0.0,1.0,0.0,0.0,0.0,1.0,1.0,0.0,1.0,0.0,0.0,0.0,0.0,0.0,1.0,0.0,0.0,0
1.7293917480597802,0.03967461456236021,-0.1496879775104765,-1.7972977893282913,0.034643511667979465,1.3738037617323386,-0.07386429787161358,0.07351660954133794,-0.17440931183371247,1.8904287018766261,0.006630118503325768,0.23781550455625436,-0.4647160428536742,-0.017901636316151378,-0.024995628365559186,-1.075838351422699,0.5811267457742891,0.0,0.0,0.0,0.0,0.0,0.0,0.0,0.0,0.0,0.0,0.0,0.0,1.0,0.0,1.0,0.0,0.0,0.0,1.0,0.0,0.0,1.0,0.0,1.0,0.0,0.0,0.0,0.0,0.0,0.0,0.0,0.0,0.0,0.0,1.0,0.0,1.0,0.0,0.0,0.0,0.0,0.0,1.0,1.0,0.0,0.0,1.0,0.0,0.0,0.0,0.0,1.0,0.0,0.0,1
1.043980223766024,-0.4778660191310653,1.5295452447972444,1.128039739289868,0.7851232955110645,-0.9967912993099517,0.6745702679890861,0.41444719717633643,0.6171696394103273,-1.019118400612531,-1.3617941956209574,-0.5461960240222598,-0.4647160428536742,0.39248493206354224,0.17130511796082293,0.5835524219799213,-0.6933684535872883,0.0,1.0,0.0,0.0,0.0,0.0,0.0,0.0,0.0,0.0,0.0,0.0,0.0,1.0,0.0,0.0,0.0,0.0,1.0,0.0,1.0,0.0,0.0,0.0,1.0,0.0,0.0,0.0,0.0,0.0,0.0,0.0,0.0,1.0,0.0,0.0,1.0,0.0,0.0,0.0,1.0,0.0,0.0,1.0,0.0,0.0,1.0,0.0,0.0,0.0,0.0,1.0,0.0,0.0,0
-1.4025974979265483,1.2080395916711668,0.3983689106828149,0.89274371249521,0.5073898664580703,0.49888765837117444,-0.14583946242078688,-0.1580053349396607,-0.17440931183371247,-1.019118400612531,0.8071070273410997,-0.5461960240222598,-0.8958069916975275,0.23035690504934228,0.9565081032663514,0.5835524219799213,-0.4594200197318754,0.0,0.0,0.0,0.0,0.0,0.0,0.0,0.0,0.0,1.0,0.0,0.0,0.0,1.0,0.0,0.0,0.0,0.0,1.0,1.0,0.0,0.0,0.0,0.0,1.0,0.0,0.0,0.0,0.0,0.0,0.0,1.0,0.0,0.0,0.0,0.0,0.0,0.0,1.0,0.0,0.0,0.0,1.0,1.0,0.0,0.0,1.0,0.0,0.0,0.0,0.0,1.0,0.0,0.0,0
0.04593067304684582,1.078124307332348,-1.6846875008337523,1.4801866135104376,1.4093013914478887,0.49888765837117444,-0.2571024290962468,-0.05154544892296643,-0.17440931183371247,0.9669564746953179,0.006630118503325768,0.23781550455625436,-1.1113524661194543,-0.266160177681645,0.9565081032663514,-0.24614296472138883,0.24940881717333066,0.0,0.0,0.0,0.0,1.0,0.0,0.0,0.0,0.0,0.0,0.0,0.0,0.0,0.0,1.0,0.0,0.0,0.0,1.0,1.0,0.0,0.0,0.0,0.0,1.0,0.0,0.0,0.0,0.0,0.0,0.0,0.0,0.0,1.0,0.0,0.0,0.0,1.0,0.0,0.0,0.0,0.0,1.0,1.0,0.0,0.0,1.0,0.0,0.0,0.0,1.0,0.0,0.0,0.0,0
0.026709776129070564,0.5847038844622116,1.3774836636322496,-1.889891849183104,1.7669130276227067,1.3738037617323386,-0.24118357322761017,-0.32827498481687367,-1.5276224669815408,1.487029062692357,1.8155886650711848,0.23781550455625436,1.1159507695737882,2.130294721621998,-0.2212963746919413,-0.24614296472138883,-1.7688328957882906,0.0,0.0,0.0,0.0,0.0,0.0,0.0,0.0,1.0,0.0,0.0,0.0,0.0,1.0,0.0,0.0,0.0,0.0,1.0,0.0,0.0,1.0,0.0,0.0,1.0,0.0,0.0,1.0,0.0,0.0,0.0,0.0,0.0,0.0,0.0,0.0,1.0,0.0,0.0,0.0,0.0,0.0,1.0,1.0,0.0,1.0,0.0,0.0,0.0,0.0,1.0,0.0,0.0,0.0,0
0.15541030381197535,-0.6064155476133599,-0.9663827477070894,-1.1887089868435954,0.40988340358952174,0.49888765837117444,0.6778960952978047,0.48192447573979086,1.1788038433141157,-1.019118400612531,0.006630118503325768,0.23781550455625436,0.4693143463080081,-0.8640072772965073,-1.0064993599974699,-1.9055337381240092,0.5933479326174824,0.0,0.0,0.0,0.0,0.0,0.0,0.0,1.0,0.0,0.0,0.0,0.0,0.0,0.0,1.0,0.0,0.0,1.0,0.0,1.0,0.0,0.0,0.0,0.0,1.0,0.0,0.0,0.0,0.0,0.0,0.0,0.0,0.0,0.0,1.0,0.0,1.0,0.0,0.0,0.0,1.0,0.0,0.0,1.0,0.0,0.0,1.0,0.0,0.0,0.0,1.0,0.0,0.0,0.0,0
-0.8262839774777336,0.77663450541247,2.0069183715390815,-0.23899195967805917,0.4599202078921603,0.49888765837117444,-3.381218596488893,-3.6611843594824807,0.6171696394103273,1.487029062692357,0.006630118503325768,0.7940805366324234,-0.10547358548379637,0.6508764751174234,-0.8101986136710877,-0.24614296472138883,-1.608211582992037,0.0,0.0,0.0,0.0,0.0,0.0,0.0,1.0,0.0,0.0,0.0,0.0,0.0,0.0,1.0,0.0,0.0,1.0,0.0,0.0,0.0,1.0,0.0,0.0,1.0,0.0,0.0,1.0,0.0,0.0,0.0,0.0,0.0,0.0,0.0,0.0,1.0,0.0,0.0,0.0,0.0,0.0,1.0,1.0,0.0,1.0,0.0,0.0,0.0,0.0,0.0,1.0,0.0,0.0,0
0.25804520159716543,0.7852702176958163,-1.3469484189652163,-1.4208464910184138,0.9129752784408443,-0.9967912993099517,0.15704832357739387,0.3691583264171803,0.6171696394103273,0.233955331039913,0.006630118503325768,-1.8864725846769428,2.481072107579324,-1.5530513921068572,-0.4175971210183234,1.4132478086812315,-1.49996678523804,0.0,0.0,0.0,0.0,0.0,0.0,0.0,0.0,1.0,0.0,0.0,0.0,0.0,1.0,0.0,0.0,0.0,1.0,0.0,0.0,0.0,1.0,0.0,0.0,1.0,0.0,0.0,1.0,0.0,0.0,0.0,0.0,0.0,0.0,0.0,0.0,1.0,0.0,0.0,0.0,1.0,0.0,0.0,1.0,0.0,0.0,1.0,1.0,0.0,0.0,0.0,0.0,0.0,0.0,0
0.04115320715043491,0.21512357107192806,-0.1496879775104765,-1.088053513244579,-1.6235500446643159,0.49888765837117444,0.8152177808538933,0.947742010036708,1.1788038433141157,0.9669564746953179,0.8071070273410997,-0.5461960240222598,-0.5365645343276497,-0.8792067798290886,0.7602073569399693,-1.9055337381240092,-1.391721987484043,0.0,0.0,0.0,0.0,0.0,0.0,0.0,0.0,0.0,0.0,0.0,0.0,1.0,0.0,0.0,1.0,0.0,0.0,1.0,1.0,0.0,0.0,0.0,0.0,1.0,0.0,0.0,0.0,0.0,1.0,0.0,0.0,0.0,0.0,0.0,0.0,0.0,1.0,0.0,0.0,1.0,0.0,0.0,1.0,0.0,1.0,0.0,0.0,0.0,0.0,1.0,0.0,0.0,0.0,1
0.7335012949695577,-0.8514164124999,0.2407909758967492,0.4149676850334555,0.35698583829276287,0.49888765837117444,-0.4798432066618373,-0.6120548142839018,1.1788038433141157,0.233955331039913,0.006630118503325768,-0.5461960240222598,-1.0395039746454786,0.9903320316784046,-0.6138978673447055,-0.24614296472138883,0.9634753055827624,0.0,0.0,0.0,0.0,0.0,0.0,1.0,0.0,0.0,0.0,0.0,0.0,0.0,0.0,1.0,0.0,0.0,0.0,1.0,1.0,0.0,0.0,0.0,0.0,1.0,0.0,0.0,0.0,0.0,1.0,0.0,0.0,0.0,0.0,0.0,1.0,0.0,0.0,0.0,0.0,1.0,0.0,0.0,0.0,1.0,0.0,1.0,0.0,0.0,0.0,0.0,0.0,0.0,1.0,0
0.7376109134679434,0.1482755656596622,-1.3469484189652163,-1.088053513244579,0.10871947129041147,0.49888765837117444,0.37833353218927707,0.5590401805106365,0.6171696394103273,1.8904287018766261,0.006630118503325768,0.7940805366324234,0.1100718889381303,0.09862788310030483,-1.9880030916293803,-0.24614296472138883,-0.26911868174500975,0.0,0.0,0.0,0.0,1.0,0.0,0.0,0.0,0.0,0.0,0.0,0.0,0.0,1.0,0.0,0.0,0.0,1.0,0.0,0.0,0.0,1.0,0.0,1.0,0.0,0.0,0.0,0.0,0.0,0.0,0.0,0.0,0.0,1.0,0.0,1.0,0.0,0.0,0.0,0.0,0.0,0.0,1.0,1.0,0.0,1.0,0.0,0.0,1.0,0.0,0.0,0.0,0.0,0.0,0
0.7512124514501239,-0.1700995603448151,0.13124536394326805,1.3875925536556248,0.5525429895349099,-0.9967912993099517,0.810035829981739,0.5010131999951715,0.6171696394103273,0.233955331039913,-1.3617941956209574,0.23781550455625436,-0.9676554831715031,0.07329537887933608,-1.0064993599974699,-1.9055337381240092,-1.68503047172068,0.0,0.0,1.0,0.0,0.0,0.0,0.0,0.0,0.0,0.0,0.0,0.0,0.0,1.0,0.0,0.0,0.0,0.0,1.0,0.0,1.0,0.0,0.0,0.0,0.0,1.0,0.0,0.0,0.0,0.0,0.0,0.0,0.0,0.0,1.0,1.0,0.0,0.0,0.0,0.0,0.0,0.0,1.0,1.0,0.0,0.0,1.0,0.0,0.0,0.0,1.0,0.0,0.0,0.0,0
-1.314191465291363,0.4853549490878735,0.13124536394326805,-0.2623626169803747,0.034643511667979465,1.3738037617323386,0.5523766599527484,0.34163977845511145,-0.17440931183371247,-1.019118400612531,-1.3617941956209574,-1.8864725846769428,-0.10547358548379637,-1.3858568642484634,-0.6138978673447055,1.4132478086812315,-0.4629117874013592,0.0,0.0,0.0,0.0,1.0,0.0,0.0,0.0,0.0,0.0,0.0,0.0,0.0,1.0,0.0,0.0,0.0,1.0,0.0,0.0,1.0,0.0,0.0,1.0,0.0,0.0,0.0,0.0,0.0,0.0,0.0,1.0,0.0,0.0,0.0,0.0,1.0,0.0,0.0,0.0,1.0,0.0,0.0,0.0,1.0,0.0,1.0,1.0,0.0,0.0,0.0,0.0,0.0,0.0,0
0.6394761957009572,-1.4456262680069176,-2.014998948602723,0.046577800467781774,0.034643511667979465,0.49888765837117444,0.3426217706176073,0.5185897943489953,1.1788038433141157,-1.019118400612531,-1.3617941956209574,0.23781550455625436,0.6130113292559592,0.4026179337519297,-0.024995628365559186,-1.9055337381240092,-0.5030671156004226,0.0,0.0,0.0,0.0,0.0,0.0,0.0,0.0,1.0,0.0,0.0,0.0,0.0,1.0,0.0,0.0,0.0,1.0,0.0,0.0,1.0,0.0,0.0,0.0,0.0,1.0,0.0,0.0,0.0,1.0,0.0,0.0,0.0,0.0,0.0,0.0,1.0,0.0,0.0,0.0,1.0,0.0,0.0,1.0,0.0,1.0,0.0,1.0,0.0,0.0,0.0,0.0,0.0,0.0,0
0.7183155139707383,-0.2615818627405554,0.36078461734096456,-0.6190081550798886,-0.606833320537397,0.49888765837117444,0.29933459635143533,0.7060502337194678,1.9703827945581553,-1.019118400612531,0.8071070273410997,-0.5461960240222598,0.4693143463080081,0.5394134565451609,0.7602073569399693,0.5835524219799213,0.1883028829573646,0.0,0.0,0.0,0.0,0.0,0.0,0.0,0.0,1.0,0.0,0.0,0.0,0.0,0.0,1.0,0.0,0.0,0.0,1.0,0.0,0.0,1.0,0.0,0.0,1.0,0.0,0.0,0.0,0.0,0.0,0.0,1.0,0.0,0.0,0.0,1.0,0.0,0.0,0.0,0.0,1.0,0.0,0.0,1.0,0.0,1.0,0.0,0.0,0.0,0.0,1.0,0.0,0.0,0.0,0
-0.09530083422282584,-0.9880810676600783,-0.014183088588680292,-1.7115690801333474,-2.2650268768696926,-0.9967912993099517,0.7997082139014036,0.7189387801894257,-0.17440931183371247,0.233955331039913,-1.3617941956209574,1.5780920652109374,-0.32101905990572305,-0.45868720976100746,-0.6138978673447055,1.4132478086812315,-0.1835703738426573,0.0,0.0,0.0,0.0,1.0,0.0,0.0,0.0,0.0,0.0,0.0,0.0,0.0,1.0,0.0,0.0,0.0,0.0,1.0,0.0,1.0,0.0,1.0,0.0,0.0,0.0,0.0,0.0,0.0,0.0,0.0,1.0,0.0,0.0,0.0,0.0,1.0,0.0,0.0,0.0,1.0,0.0,0.0,1.0,0.0,1.0,0.0,0.0,0.0,1.0,0.0,0.0,0.0,0.0,0
-0.9159287577311636,-0.9880810676600783,0.6793022521365594,0.6939459276822286,0.10871947129041147,0.49888765837117444,0.8818617688224087,1.0374964577264432,-0.17440931183371247,-1.019118400612531,-1.3617941956209574,-1.8864725846769428,0.6130113292559592,1.724974654086498,-0.6138978673447055,1.4132478086812315,1.3737580067471058,0.0,0.0,0.0,0.0,0.0,0.0,0.0,1.0,0.0,0.0,0.0,0.0,0.0,1.0,0.0,0.0,0.0,0.0,1.0,0.0,1.0,0.0,0.0,0.0,1.0,0.0,0.0,0.0,0.0,0.0,0.0,0.0,0.0,1.0,0.0,0.0,1.0,0.0,0.0,0.0,1.0,0.0,0.0,1.0,0.0,0.0,1.0,0.0,0.0,0.0,0.0,1.0,0.0,0.0,0
-1.2053108494407347,0.7938635989237894,-0.014183088588680292,-0.6190081550798886,0.5525429895349099,0.49888765837117444,-0.014509964300117452,0.23920732549819593,1.6144411763273727,1.487029062692357,0.006630118503325768,0.7940805366324234,-0.39286755137969864,0.058095876346754845,-0.8101986136710877,-0.24614296472138883,-1.580277441636167,0.0,0.0,0.0,0.0,0.0,0.0,1.0,0.0,0.0,0.0,0.0,0.0,0.0,0.0,1.0,0.0,0.0,0.0,1.0,1.0,0.0,0.0,0.0,0.0,1.0,0.0,0.0,0.0,0.0,0.0,0.0,1.0,0.0,0.0,0.0,1.0,0.0,0.0,0.0,0.0,1.0,0.0,0.0,0.0,1.0,1.0,0.0,0.0,0.0,0.0,0.0,1.0,0.0,0.0,0
-0.8903728630887771,-0.45150459974867746,1.4912754189973283,-0.41346511389116986,0.4599202078921603,0.49888765837117444,0.9659882413556137,0.9893565768523894,-1.5276224669815408,0.233955331039913,0.8071070273410997,1.5780920652109374,1.7625871928395682,0.5951449658312922,-0.4175971210183234,-1.9055337381240092,0.09751692355078649,0.0,0.0,0.0,0.0,0.0,0.0,1.0,0.0,0.0,0.0,0.0,0.0,0.0,1.0,0.0,0.0,0.0,0.0,1.0,1.0,0.0,0.0,0.0,0.0,1.0,0.0,0.0,0.0,0.0,0.0,0.0,0.0,0.0,0.0,1.0,0.0,0.0,1.0,0.0,0.0,0.0,0.0,1.0,1.0,0.0,0.0,1.0,0.0,1.0,0.0,0.0,0.0,0.0,0.0,0
-0.07674522240563383,-0.6352325225897583,-0.861406942324963,1.6411814204156026,-0.23159342861585436,0.49888765837117444,-0.4331316895912379,-0.5788523932490887,-1.5276224669815408,0.233955331039913,0.006630118503325768,0.7940805366324234,0.8285568036778859,0.012497368749011112,0.36760586428720504,-0.24614296472138883,0.6160444224691269,0.0,0.0,0.0,0.0,0.0,0.0,0.0,0.0,1.0,0.0,0.0,0.0,0.0,1.0,0.0,0.0,0.0,1.0,0.0,0.0,0.0,1.0,0.0,0.0,1.0,0.0,0.0,0.0,0.0,0.0,1.0,0.0,0.0,0.0,0.0,0.0,1.0,0.0,0.0,0.0,1.0,0.0,0.0,1.0,0.0,1.0,0.0,0.0,0.0,0.0,0.0,1.0,0.0,0.0,0
-1.7329406986203086,-0.37471843159459833,-1.2749871003535849,-0.9518011328537236,-0.7755637979526826,1.3738037617323386,0.423492343965872,0.2374638797841586,-0.17440931183371247,-1.019118400612531,0.8071070273410997,-1.8864725846769428,-1.3987464320153564,0.9801990299900171,-0.024995628365559186,-1.075838351422699,-0.7195567111084166,0.0,0.0,0.0,0.0,1.0,0.0,0.0,0.0,0.0,0.0,0.0,0.0,0.0,0.0,1.0,0.0,0.0,1.0,0.0,0.0,0.0,1.0,0.0,0.0,1.0,0.0,0.0,0.0,0.0,0.0,0.0,0.0,0.0,0.0,1.0,0.0,1.0,0.0,0.0,0.0,0.0,0.0,1.0,0.0,1.0,0.0,1.0,0.0,0.0,0.0,0.0,1.0,0.0,0.0,0
-0.46226352293073736,1.9545773605248196,-0.0666481935771456,0.619287237804736,0.5073898664580703,-0.9967912993099517,-0.2874118204498705,-0.5202507344202408,0.6171696394103273,0.233955331039913,-1.3617941956209574,1.2255532164261718,-1.8298373808592099,-0.9450712908036073,-0.024995628365559186,-1.075838351422699,0.8342799018118627,0.0,0.0,0.0,0.0,0.0,0.0,0.0,0.0,1.0,0.0,0.0,0.0,0.0,0.0,1.0,0.0,0.0,0.0,1.0,0.0,1.0,0.0,0.0,0.0,0.0,0.0,1.0,0.0,0.0,0.0,0.0,1.0,0.0,0.0,0.0,0.0,0.0,1.0,0.0,0.0,0.0,0.0,1.0,1.0,0.0,1.0,0.0,1.0,0.0,0.0,0.0,0.0,0.0,0.0,0
0.5881170105860486,1.1213228765359669,-0.9663827477070894,0.009850646208549108,0.8187799298187437,1.3738037617323386,0.693304067564861,0.5361962515214556,0.6171696394103273,0.9669564746953179,-1.3617941956209574,-0.5461960240222598,-0.10547358548379637,-0.44855420807262,1.5454103422454977,1.4132478086812315,0.9495082349048273,0.0,0.0,0.0,0.0,1.0,0.0,0.0,0.0,0.0,0.0,0.0,0.0,0.0,1.0,0.0,0.0,0.0,0.0,1.0,0.0,1.0,0.0,0.0,1.0,0.0,0.0,0.0,0.0,0.0,0.0,1.0,0.0,0.0,0.0,0.0,0.0,1.0,0.0,0.0,0.0,1.0,0.0,0.0,1.0,0.0,1.0,0.0,0.0,0.0,0.0,0.0,1.0,0.0,0.0,0
-0.24255300437522487,-1.6405966406428363,0.06062982881427848,0.009850646208549108,-0.7755637979526826,1.3738037617323386,-1.206529728562285,-1.0884826452848944,-0.17440931183371247,0.233955331039913,0.006630118503325768,0.23781550455625436,-0.32101905990572305,-1.7709109284071882,0.9565081032663514,0.5835524219799213,-0.7527285039685124,0.0,0.0,0.0,0.0,0.0,0.0,0.0,1.0,0.0,0.0,0.0,0.0,0.0,1.0,0.0,0.0,0.0,1.0,0.0,0.0,0.0,1.0,0.0,0.0,0.0,1.0,0.0,0.0,0.0,0.0,0.0,1.0,0.0,0.0,0.0,0.0,0.0,0.0,1.0,0.0,1.0,0.0,0.0,1.0,0.0,0.0,1.0,0.0,0.0,0.0,0.0,1.0,0.0,0.0,1
-0.0846637751287804,0.7679560429622059,-0.014183088588680292,-0.3105699335114892,1.3553761131697037,0.49888765837117444,0.17469175092878875,0.1616509907349579,0.6171696394103273,-1.019118400612531,-1.3617941956209574,0.7940805366324234,-1.3987464320153564,0.8687360114177546,-1.9880030916293803,-0.24614296472138883,-1.0669875942220521,0.0,0.0,0.0,0.0,1.0,0.0,0.0,0.0,0.0,0.0,0.0,0.0,0.0,0.0,1.0,0.0,0.0,0.0,1.0,0.0,1.0,0.0,0.0,0.0,1.0,0.0,0.0,0.0,0.0,0.0,0.0,0.0,0.0,0.0,1.0,1.0,0.0,0.0,0.0,0.0,1.0,0.0,0.0,1.0,0.0,1.0,0.0,0.0,0.0,1.0,0.0,0.0,0.0,0.0,0
-0.7028718816235886,-1.175408338595238,0.17621372729782228,0.9014089829064915,-0.34059638025356326,0.49888765837117444,0.060001408890477705,0.24699365437126342,0.6171696394103273,-1.019118400612531,-1.3617941956209574,0.7940805366324234,-0.39286755137969864,-0.5296182215797199,0.36760586428720504,1.4132478086812315,-0.8941450945826053,0.0,0.0,0.0,0.0,0.0,0.0,0.0,0.0,0.0,0.0,0.0,1.0,0.0,1.0,0.0,0.0,0.0,0.0,1.0,0.0,1.0,0.0,0.0,0.0,0.0,0.0,1.0,1.0,0.0,0.0,0.0,0.0,0.0,0.0,0.0,0.0,1.0,0.0,0.0,0.0,0.0,0.0,1.0,1.0,0.0,0.0,1.0,0.0,0.0,0.0,0.0,0.0,0.0,1.0,0
-1.166817213736339,0.22107613944461554,1.4912754189973283,-0.41346511389116986,-0.9820732124589395,-0.9967912993099517,1.1320952870201373,0.8476209919191428,-1.5276224669815408,0.233955331039913,0.8071070273410997,-0.5461960240222598,0.1100718889381303,-2.333292522112694,1.3491095959191157,0.5835524219799213,-0.7789167614896407,0.0,0.0,0.0,0.0,1.0,0.0,0.0,0.0,0.0,0.0,0.0,0.0,0.0,0.0,1.0,0.0,0.0,0.0,1.0,0.0,0.0,1.0,0.0,0.0,0.0,1.0,0.0,1.0,0.0,0.0,0.0,0.0,0.0,0.0,0.0,0.0,0.0,1.0,0.0,0.0,0.0,1.0,0.0,0.0,1.0,0.0,1.0,0.0,0.0,0.0,1.0,0.0,0.0,0.0,1
1.9943369868887924,1.8309418310305117,-1.5045263537512816,1.5111744000281597,-0.7755637979526826,-0.9967912993099517,-0.7342366001309721,-0.6318843183834176,-0.17440931183371247,0.233955331039913,1.375054432627609,-0.5461960240222598,-0.17732207695777194,0.012497368749011112,-1.0064993599974699,-0.24614296472138883,-0.2237257020417207,0.0,0.0,0.0,0.0,0.0,0.0,0.0,0.0,1.0,0.0,0.0,0.0,0.0,1.0,0.0,0.0,0.0,0.0,1.0,1.0,0.0,0.0,0.0,0.0,1.0,0.0,0.0,0.0,0.0,0.0,0.0,0.0,0.0,1.0,0.0,0.0,1.0,0.0,0.0,0.0,1.0,0.0,0.0,0.0,1.0,0.0,1.0,0.0,0.0,0.0,0.0,1.0,0.0,0.0,0
-1.703424809172922,-0.8957979796715306,-2.014998948602723,0.8116889821470744,-0.606833320537397,0.49888765837117444,-0.14457326239517032,-0.3888565753301347,-0.17440931183371247,-1.019118400612531,0.006630118503325768,-0.5461960240222598,-0.10547358548379637,0.38235193037515475,-0.024995628365559186,1.4132478086812315,-0.960488680302797,0.0,0.0,0.0,0.0,0.0,0.0,1.0,0.0,0.0,0.0,0.0,0.0,0.0,1.0,0.0,0.0,0.0,1.0,0.0,0.0,0.0,1.0,0.0,0.0,0.0,1.0,0.0,0.0,1.0,0.0,0.0,0.0,0.0,0.0,0.0,0.0,0.0,1.0,0.0,0.0,0.0,1.0,0.0,1.0,0.0,0.0,1.0,0.0,0.0,0.0,0.0,0.0,1.0,0.0,0
0.4322451169979251,1.3131231132312289,0.2616010418910505,1.216806020971981,0.40988340358952174,-0.9967912993099517,0.4126932492674706,0.2984721520815035,-0.17440931183371247,1.487029062692357,1.8155886650711848,-0.5461960240222598,1.5470417184176415,-0.9197387865826385,1.7417110885718798,-0.24614296472138883,1.4226427541198787,0.0,0.0,0.0,0.0,0.0,0.0,0.0,0.0,1.0,0.0,0.0,0.0,0.0,1.0,0.0,0.0,0.0,1.0,0.0,1.0,0.0,0.0,0.0,0.0,1.0,0.0,0.0,0.0,0.0,0.0,0.0,0.0,0.0,1.0,0.0,1.0,0.0,0.0,0.0,0.0,1.0,0.0,0.0,1.0,0.0,1.0,0.0,0.0,0.0,1.0,0.0,0.0,0.0,0.0,0
-0.11685164697068863,-0.8404943833576585,-0.9128010303810109,-0.7196636286789051,0.10871947129041147,0.49888765837117444,0.4028721806659035,0.4700441904100609,-1.5276224669815408,-1.019118400612531,0.006630118503325768,1.5780920652109374,-0.2491705684317475,0.08849488141191733,-0.2212963746919413,1.4132478086812315,0.8534846239940235,0.0,0.0,0.0,0.0,0.0,0.0,0.0,1.0,0.0,0.0,0.0,0.0,0.0,1.0,0.0,0.0,0.0,0.0,1.0,0.0,0.0,1.0,0.0,0.0,0.0,0.0,1.0,0.0,0.0,0.0,0.0,1.0,0.0,0.0,0.0,0.0,0.0,0.0,0.0,1.0,0.0,0.0,1.0,1.0,0.0,1.0,0.0,0.0,0.0,0.0,0.0,0.0,1.0,0.0,1
0.1597694267894871,-0.4778660191310653,1.252375673943774,-0.7919876897299764,-0.34059638025356326,1.3738037617323386,1.2568439352455558,1.5388326461227888,-0.17440931183371247,-1.019118400612531,0.8071070273410997,-0.5461960240222598,0.25376887188608144,-0.23576117261648255,-0.4175971210183234,-1.9055337381240092,0.1079922265592378,0.0,0.0,0.0,0.0,0.0,0.0,0.0,1.0,0.0,0.0,0.0,0.0,0.0,0.0,1.0,0.0,0.0,0.0,1.0,1.0,0.0,0.0,0.0,0.0,1.0,0.0,0.0,0.0,0.0,0.0,0.0,1.0,0.0,0.0,0.0,0.0,1.0,0.0,0.0,0.0,0.0,0.0,1.0,1.0,0.0,1.0,0.0,0.0,0.0,0.0,0.0,1.0,0.0,0.0,0
-1.8585458643152812,0.7059732499580685,-0.014183088588680292,1.3932493286970977,-0.23159342861585436,-0.9967912993099517,-2.021774480066593,-2.363094238956556,-1.5276224669815408,0.233955331039913,-1.3617941956209574,-1.8864725846769428,-0.17732207695777194,0.4938149489474172,-0.024995628365559186,-0.24614296472138883,0.48859490253296917,0.0,0.0,0.0,0.0,0.0,0.0,1.0,0.0,0.0,0.0,0.0,0.0,0.0,0.0,1.0,0.0,0.0,1.0,0.0,0.0,1.0,0.0,0.0,0.0,1.0,0.0,0.0,0.0,0.0,0.0,0.0,0.0,0.0,1.0,0.0,0.0,0.0,0.0,1.0,0.0,0.0,0.0,1.0,1.0,0.0,1.0,0.0,0.0,0.0,0.0,0.0,0.0,0.0,1.0,0
-1.1294785630380875,0.9652279071089886,0.470330229294446,-0.8299192253482364,1.7669130276227067,-0.9967912993099517,1.6261440972144199,1.5395772997941837,0.6171696394103273,0.233955331039913,-1.3617941956209574,1.2255532164261718,-0.823958500223552,1.4868491144093918,1.1528088495927336,-1.075838351422699,-1.5523433002802967,0.0,0.0,0.0,0.0,0.0,0.0,0.0,1.0,0.0,0.0,0.0,0.0,0.0,1.0,0.0,0.0,0.0,1.0,0.0,0.0,1.0,0.0,1.0,0.0,0.0,0.0,0.0,0.0,0.0,0.0,0.0,1.0,0.0,0.0,0.0,1.0,0.0,0.0,0.0,0.0,1.0,0.0,0.0,1.0,0.0,1.0,0.0,0.0,0.0,0.0,0.0,1.0,0.0,0.0,0
0.03395244451027179,-0.010462903108779882,-0.4377950154568216,0.27542424071344995,0.5525429895349099,-0.9967912993099517,1.2788305485056344,1.0422858458826048,-0.17440931183371247,-1.019118400612531,0.006630118503325768,0.23781550455625436,1.1877992610477637,-0.043234140537120117,-0.4175971210183234,0.5835524219799213,-1.671063401042745,0.0,0.0,0.0,0.0,1.0,0.0,0.0,0.0,0.0,0.0,0.0,0.0,0.0,0.0,1.0,0.0,0.0,0.0,1.0,1.0,0.0,0.0,0.0,0.0,1.0,0.0,0.0,1.0,0.0,0.0,0.0,0.0,0.0,0.0,0.0,0.0,0.0,1.0,0.0,0.0,1.0,0.0,0.0,1.0,0.0,1.0,0.0,0.0,1.0,0.0,0.0,0.0,0.0,0.0,0
-0.9367581701000397,2.0492445047827803,0.9572697963927906,0.3047120883641238,0.35698583829276287,0.49888765837117444,1.150873102325789,1.021575839985417,0.6171696394103273,-1.019118400612531,0.8071070273410997,-0.5461960240222598,0.6848598207299348,-0.6360147393077886,0.7602073569399693,0.5835524219799213,-1.145552366785437,0.0,0.0,0.0,0.0,0.0,0.0,0.0,0.0,0.0,0.0,1.0,0.0,0.0,1.0,0.0,0.0,0.0,0.0,1.0,1.0,0.0,0.0,0.0,0.0,1.0,0.0,0.0,0.0,0.0,0.0,1.0,0.0,0.0,0.0,0.0,0.0,0.0,0.0,1.0,0.0,0.0,0.0,1.0,1.0,0.0,1.0,0.0,0.0,1.0,0.0,0.0,0.0,0.0,0.0,0
-1.3799003034093147,-0.010462903108779882,-1.1423402837787076,0.8209806641568088,-1.6235500446643159,-0.9967912993099517,-0.6004146859948987,-0.6312684353068502,0.6171696394103273,0.9669564746953179,1.375054432627609,0.7940805366324234,1.7625871928395682,-0.4029557004748762,0.7602073569399693,-1.075838351422699,-0.0369161317243388,0.0,0.0,0.0,1.0,0.0,0.0,0.0,0.0,0.0,0.0,0.0,0.0,0.0,1.0,0.0,0.0,0.0,0.0,1.0,0.0,0.0,1.0,0.0,0.0,1.0,0.0,0.0,0.0,0.0,0.0,0.0,0.0,0.0,0.0,1.0,1.0,0.0,0.0,0.0,0.0,0.0,0.0,1.0,1.0,0.0,1.0,0.0,1.0,0.0,0.0,0.0,0.0,0.0,0.0,1
0.024286156399702347,-1.5242462588974666,1.1342597067150662,0.009850646208549108,0.7851232955110645,-0.9967912993099517,0.3128442854897599,0.4819839432025196,-0.17440931183371247,0.9669564746953179,0.8071070273410997,0.23781550455625436,-0.823958500223552,0.9751325291458233,-1.0064993599974699,0.5835524219799213,-1.4283855480136227,0.0,0.0,0.0,0.0,0.0,1.0,0.0,0.0,0.0,0.0,0.0,0.0,0.0,0.0,1.0,0.0,0.0,1.0,0.0,0.0,0.0,1.0,0.0,0.0,1.0,0.0,0.0,0.0,0.0,1.0,0.0,0.0,0.0,0.0,0.0,0.0,1.0,0.0,0.0,0.0,1.0,0.0,0.0,1.0,0.0,1.0,0.0,0.0,0.0,0.0,0.0,1.0,0.0,0.0,0
0.5616201027199925,0.12959304121718368,0.9808028241458874,-0.7552605354707437,-0.9820732124589395,-0.9967912993099517,0.4017574202215493,0.28547672011092534,-0.17440931183371247,-1.019118400612531,-1.3617941956209574,1.5780920652109374,0.3974658548340326,0.4634159438822547,-1.2028001063238518,0.5835524219799213,-0.00898199036846861,0.0,0.0,0.0,0.0,0.0,0.0,0.0,0.0,1.0,0.0,0.0,0.0,0.0,0.0,0.0,1.0,0.0,1.0,0.0,0.0,1.0,0.0,0.0,0.0,0.0,1.0,0.0,0.0,0.0,1.0,0.0,0.0,0.0,0.0,0.0,0.0,1.0,0.0,0.0,0.0,1.0,0.0,0.0,1.0,0.0,1.0,0.0,0.0,0.0,1.0,0.0,0.0,0.0,0.0,1
-0.32970558695237473,-0.9645508945740003,0.4348636493671937,-0.9518011328537236,0.24115292617423648,-0.9967912993099517,-1.34008957453444,-1.2424546538299988,0.6171696394103273,1.487029062692357,0.006630118503325768,0.23781550455625436,0.6848598207299348,0.7167409860919421,0.17130511796082293,-0.24614296472138883,1.5535840417255202,0.0,0.0,0.0,0.0,0.0,0.0,0.0,0.0,0.0,0.0,0.0,1.0,0.0,0.0,0.0,1.0,0.0,1.0,0.0,0.0,0.0,1.0,0.0,0.0,1.0,0.0,0.0,0.0,0.0,0.0,0.0,1.0,0.0,0.0,0.0,0.0,0.0,1.0,0.0,0.0,1.0,0.0,0.0,1.0,0.0,1.0,0.0,0.0,0.0,0.0,0.0,1.0,0.0,0.0,0
0.05543093549845617,0.5357330953371909,0.8455628442893777,0.6835708967851126,-2.2650268768696926,1.3738037617323386,1.6398717120738344,1.6080036670178068,-0.17440931183371247,-1.019118400612531,-1.3617941956209574,0.7940805366324234,-0.8958069916975275,-0.49415271567036373,-0.4175971210183234,1.4132478086812315,1.665320607149001,0.0,0.0,0.0,0.0,1.0,0.0,0.0,0.0,0.0,0.0,0.0,0.0,0.0,0.0,1.0,0.0,0.0,0.0,1.0,0.0,1.0,0.0,1.0,0.0,0.0,0.0,0.0,0.0,0.0,0.0,0.0,0.0,0.0,0.0,1.0,0.0,0.0,1.0,0.0,0.0,0.0,0.0,1.0,1.0,0.0,1.0,0.0,0.0,0.0,0.0,0.0,1.0,0.0,0.0,1
0.9157039685294717,0.0980061316601558,-0.7645145055021436,-0.6190081550798886,0.882629758379613,1.3738037617323386,0.8039376318726699,0.7338898294647342,0.6171696394103273,0.233955331039913,1.375054432627609,0.23781550455625436,0.8285568036778859,-0.6512142418403699,-1.7917023453029983,0.5835524219799213,-1.1507900182896627,0.0,0.0,0.0,0.0,0.0,0.0,0.0,0.0,0.0,0.0,0.0,1.0,0.0,0.0,1.0,0.0,0.0,0.0,1.0,0.0,0.0,1.0,0.0,1.0,0.0,0.0,0.0,0.0,0.0,1.0,0.0,0.0,0.0,0.0,0.0,0.0,0.0,0.0,1.0,0.0,1.0,0.0,0.0,1.0,0.0,1.0,0.0,0.0,0.0,0.0,0.0,1.0,0.0,0.0,0
2.2444396356798753,-2.0019254496683048,1.49902301469743,0.009850646208549108,1.0513602357948983,0.49888765837117444,0.671776769075543,0.6369195989450769,-0.17440931183371247,1.487029062692357,-1.3617941956209574,-0.5461960240222598,0.3974658548340326,-0.2509606751490638,0.5639066106135872,-0.24614296472138883,-0.49259181259197127,0.0,0.0,0.0,0.0,1.0,0.0,0.0,0.0,0.0,0.0,0.0,0.0,0.0,0.0,1.0,0.0,0.0,0.0,1.0,0.0,1.0,0.0,0.0,0.0,1.0,0.0,0.0,0.0,0.0,0.0,0.0,0.0,0.0,1.0,0.0,0.0,1.0,0.0,0.0,0.0,1.0,0.0,0.0,1.0,0.0,0.0,1.0,0.0,1.0,0.0,0.0,0.0,0.0,0.0,0
-0.8505445573678087,0.3304962176555305,-0.0666481935771456,-0.38687065090507,1.5981825502074212,1.9945666160523006,-0.8331744290693054,-0.6297913271793076,-0.17440931183371247,0.233955331039913,0.006630118503325768,1.2255532164261718,-0.6084130258016253,-0.4738867122935887,-0.4175971210183234,1.4132478086812315,-0.9360463066164105,0.0,0.0,0.0,0.0,0.0,0.0,0.0,0.0,0.0,0.0,1.0,0.0,0.0,0.0,0.0,0.0,1.0,0.0,1.0,1.0,0.0,0.0,0.0,0.0,1.0,0.0,0.0,0.0,0.0,0.0,0.0,0.0,1.0,0.0,0.0,0.0,0.0,1.0,0.0,0.0,0.0,0.0,1.0,0.0,1.0,1.0,0.0,0.0,0.0,0.0,0.0,1.0,0.0,0.0,0
-0.7381800181615846,1.1773133994979539,-0.09372408288307414,-0.4406853860301315,-0.606833320537397,0.49888765837117444,1.0221751644096433,0.7288886380115213,-0.17440931183371247,0.233955331039913,-1.3617941956209574,0.7940805366324234,-0.2491705684317475,1.2892555814858357,0.5639066106135872,-1.9055337381240092,-1.3393454724417864,0.0,0.0,0.0,0.0,0.0,0.0,0.0,0.0,0.0,0.0,0.0,1.0,0.0,0.0,1.0,0.0,0.0,0.0,1.0,0.0,1.0,0.0,0.0,0.0,1.0,0.0,0.0,0.0,0.0,0.0,1.0,0.0,0.0,0.0,0.0,0.0,0.0,1.0,0.0,0.0,0.0,0.0,1.0,0.0,1.0,1.0,0.0,0.0,0.0,0.0,0.0,1.0,0.0,0.0,0
1.780713552324608,1.3940957832986687,-0.7187283569105664,0.009850646208549108,-0.13408696574730583,0.49888765837117444,0.5504636941968944,0.6933111091558901,-1.5276224669815408,-1.019118400612531,1.375054432627609,0.23781550455625436,-1.0395039746454786,0.012497368749011112,0.5639066106135872,-1.9055337381240092,-1.300936028077465,0.0,0.0,0.0,0.0,0.0,0.0,0.0,0.0,1.0,0.0,0.0,0.0,0.0,0.0,1.0,0.0,0.0,0.0,1.0,0.0,0.0,1.0,0.0,0.0,1.0,0.0,0.0,0.0,0.0,0.0,0.0,1.0,0.0,0.0,0.0,0.0,0.0,1.0,0.0,0.0,0.0,0.0,1.0,1.0,0.0,1.0,0.0,0.0,0.0,0.0,0.0,0.0,0.0,1.0,0
-0.06105768270316153,1.7308789631917028,-0.5905859470302397,1.229877439042729,0.4599202078921603,1.3738037617323386,0.7255965742547209,0.9604066089380116,-1.5276224669815408,0.233955331039913,-1.3617941956209574,-0.5461960240222598,-1.1113524661194543,0.4634159438822547,1.5454103422454977,-0.24614296472138883,-0.20801274752904372,0.0,0.0,0.0,0.0,1.0,0.0,0.0,0.0,0.0,0.0,0.0,0.0,0.0,0.0,1.0,0.0,0.0,0.0,1.0,0.0,1.0,0.0,0.0,1.0,0.0,0.0,0.0,0.0,0.0,1.0,0.0,0.0,0.0,0.0,0.0,0.0,1.0,0.0,0.0,0.0,1.0,0.0,0.0,1.0,0.0,1.0,0.0,0.0,0.0,0.0,0.0,1.0,0.0,0.0,0
-0.42690522604701253,0.191109097042795,0.1981095892439705,0.7144209434454529,-0.34059638025356326,0.49888765837117444,0.815752827889187,0.7192443302244377,-1.5276224669815408,-1.019118400612531,0.006630118503325768,0.23781550455625436,-0.17732207695777194,0.037829872969979854,-0.6138978673447055,1.4132478086812315,-1.0565122912136007,0.0,0.0,0.0,0.0,1.0,0.0,0.0,0.0,0.0,0.0,0.0,0.0,0.0,0.0,1.0,0.0,0.0,0.0,1.0,0.0,0.0,1.0,0.0,0.0,1.0,0.0,0.0,0.0,0.0,0.0,0.0,0.0,0.0,0.0,1.0,1.0,0.0,0.0,0.0,0.0,1.0,0.0,0.0,1.0,0.0,1.0,0.0,0.0,0.0,0.0,0.0,0.0,0.0,1.0,0
-1.3357112234463253,-0.32533468945784066,0.80601047124687,-0.21608411822142587,0.10871947129041147,-0.9967912993099517,-1.9647201544946282,-1.9311289524448412,-0.17440931183371247,-1.019118400612531,0.006630118503325768,-0.5461960240222598,-0.6084130258016253,-1.0565343093758697,0.36760586428720504,-0.24614296472138883,-0.5152883024436158,0.0,0.0,0.0,0.0,0.0,0.0,0.0,1.0,0.0,0.0,0.0,0.0,0.0,1.0,0.0,0.0,0.0,0.0,1.0,1.0,0.0,0.0,0.0,0.0,1.0,0.0,0.0,0.0,0.0,0.0,0.0,0.0,0.0,0.0,1.0,0.0,0.0,1.0,0.0,0.0,0.0,0.0,1.0,1.0,0.0,0.0,1.0,0.0,0.0,0.0,0.0,0.0,0.0,1.0,0
1.5182899841615967,0.9179517883245061,1.1947023692395942,0.7345398538677542,0.882629758379613,-0.9967912993099517,1.9039365156958388,1.8139753765257922,-0.17440931183371247,0.233955331039913,0.006630118503325768,0.23781550455625436,-0.39286755137969864,-2.333292522112694,0.7602073569399693,0.5835524219799213,-0.3284787321262339,0.0,0.0,0.0,0.0,1.0,0.0,0.0,0.0,0.0,0.0,0.0,0.0,0.0,1.0,0.0,0.0,0.0,0.0,1.0,0.0,0.0,1.0,0.0,0.0,1.0,0.0,0.0,0.0,0.0,1.0,0.0,0.0,0.0,0.0,0.0,1.0,0.0,0.0,0.0,0.0,0.0,0.0,1.0,1.0,0.0,1.0,0.0,0.0,0.0,0.0,0.0,1.0,0.0,0.0,0
-1.0464792575934259,-0.11166027652398555,-0.17863132870856746,-1.557098871409269,1.426600127716441,1.3738037617323386,-0.4709081516171652,-0.6358318547999259,-1.5276224669815408,-1.019118400612531,0.8071070273410997,0.7940805366324234,0.6130113292559592,1.1372605561600233,-0.4175971210183234,1.4132478086812315,1.1869484364297238,0.0,0.0,0.0,0.0,0.0,0.0,0.0,1.0,0.0,0.0,0.0,0.0,0.0,0.0,1.0,0.0,0.0,0.0,1.0,1.0,0.0,0.0,0.0,0.0,1.0,0.0,0.0,0.0,0.0,0.0,0.0,1.0,0.0,0.0,0.0,1.0,0.0,0.0,0.0,0.0,1.0,0.0,0.0,1.0,0.0,0.0,1.0,0.0,0.0,0.0,0.0,1.0,0.0,0.0,0
0.026709776129070564,0.7149632403116966,2.037502393600828,0.9185471954909348,0.3008804519518133,0.49888765837117444,0.08092057730306186,0.03775994500095251,1.9703827945581553,-1.019118400612531,0.006630118503325768,0.23781550455625436,0.9722537866258371,-0.8082757680103761,1.1528088495927336,-1.9055337381240092,0.9564917702437948,0.0,0.0,0.0,0.0,0.0,0.0,0.0,1.0,0.0,0.0,0.0,0.0,0.0,0.0,1.0,0.0,0.0,0.0,1.0,0.0,0.0,1.0,0.0,0.0,1.0,0.0,0.0,0.0,0.0,0.0,0.0,0.0,0.0,0.0,1.0,0.0,1.0,0.0,0.0,0.0,0.0,0.0,1.0,1.0,0.0,0.0,1.0,0.0,0.0,0.0,0.0,1.0,0.0,0.0,0
1.9341143551860955,1.3971366493143047,-1.2749871003535849,-0.995459453389766,0.034643511667979465,1.3738037617323386,2.0256772631348388,2.2058594942852783,0.6171696394103273,0.233955331039913,0.006630118503325768,-0.5461960240222598,-0.32101905990572305,1.3753860958371293,0.36760586428720504,0.5835524219799213,1.4243886379546205,0.0,0.0,0.0,0.0,0.0,1.0,0.0,0.0,0.0,0.0,0.0,0.0,0.0,0.0,1.0,0.0,0.0,1.0,0.0,1.0,0.0,0.0,0.0,0.0,1.0,0.0,0.0,0.0,0.0,0.0,0.0,1.0,0.0,0.0,0.0,0.0,1.0,0.0,0.0,0.0,0.0,0.0,1.0,1.0,0.0,0.0,1.0,0.0,0.0,0.0,1.0,0.0,0.0,0.0,0
0.026709776129070564,0.16062088076685235,0.9808028241458874,-0.1715860094881732,1.0513602357948983,-0.9967912993099517,-0.8259919197154222,-1.0721294318115595,-0.17440931183371247,-1.019118400612531,1.375054432627609,1.2255532164261718,-0.10547358548379637,1.1929920654461545,0.17130511796082293,0.5835524219799213,-0.4279941107065215,0.0,0.0,0.0,0.0,0.0,0.0,1.0,0.0,0.0,0.0,0.0,0.0,0.0,0.0,1.0,0.0,0.0,0.0,1.0,1.0,0.0,0.0,0.0,0.0,0.0,1.0,0.0,0.0,0.0,0.0,0.0,0.0,0.0,1.0,0.0,1.0,0.0,0.0,0.0,0.0,1.0,0.0,0.0,1.0,0.0,1.0,0.0,0.0,0.0,1.0,0.0,0.0,0.0,0.0,0
-0.8310984064516422,-0.010462903108779882,0.7651750971361643,0.16665078158300348,0.676120343873356,-0.9967912993099517,-0.5702217038739922,-0.21658962284825226,-0.17440931183371247,0.9669564746953179,0.006630118503325768,-1.8864725846769428,0.7567083122039103,0.9801990299900171,0.17130511796082293,-1.9055337381240092,0.9949012146081163,0.0,0.0,0.0,0.0,0.0,0.0,0.0,0.0,0.0,0.0,0.0,0.0,1.0,0.0,1.0,0.0,0.0,1.0,0.0,1.0,0.0,0.0,0.0,0.0,0.0,1.0,0.0,0.0,0.0,0.0,0.0,0.0,0.0,0.0,1.0,0.0,0.0,1.0,0.0,0.0,1.0,0.0,0.0,1.0,0.0,0.0,1.0,0.0,0.0,0.0,0.0,0.0,1.0,0.0,1
-1.4813914237829138,1.450989121898824,-0.30155624115829577,-0.5873127973181029,0.3008804519518133,-0.9967912993099517,-1.064458410288412,-0.8384023220332305,-0.17440931183371247,0.9669564746953179,0.006630118503325768,0.7940805366324234,-0.10547358548379637,0.04796287465836735,-0.024995628365559186,-0.24614296472138883,-1.6658257495385194,0.0,0.0,0.0,0.0,1.0,0.0,0.0,0.0,0.0,0.0,0.0,0.0,0.0,1.0,0.0,0.0,0.0,1.0,0.0,1.0,0.0,0.0,0.0,0.0,1.0,0.0,0.0,0.0,0.0,0.0,1.0,0.0,0.0,0.0,0.0,1.0,0.0,0.0,0.0,0.0,1.0,0.0,0.0,1.0,0.0,0.0,1.0,0.0,1.0,0.0,0.0,0.0,0.0,0.0,0
0.44960283683037994,-0.010462903108779882,0.341563170268023,-1.088053513244579,0.4599202078921603,0.49888765837117444,0.06103222031632599,-0.25481150698126803,-1.5276224669815408,0.9669564746953179,-1.3617941956209574,0.7940805366324234,0.1100718889381303,-1.1983963330132947,-1.2028001063238518,1.4132478086812315,0.4082842461348424,0.0,0.0,0.0,0.0,1.0,0.0,0.0,0.0,0.0,0.0,0.0,0.0,0.0,0.0,1.0,0.0,0.0,1.0,0.0,0.0,1.0,0.0,0.0,1.0,0.0,0.0,0.0,0.0,0.0,1.0,0.0,0.0,0.0,0.0,0.0,0.0,0.0,1.0,0.0,0.0,1.0,0.0,0.0,1.0,0.0,0.0,1.0,0.0,0.0,0.0,0.0,1.0,0.0,0.0,0
0.026709776129070564,-0.7451424858850405,-1.1423402837787076,0.3190825612494924,-0.606833320537397,0.49888765837117444,-1.1441102241336158,-0.779886614326592,-0.17440931183371247,-1.019118400612531,-1.3617941956209574,-0.5461960240222598,-0.2491705684317475,0.7826054970664609,-0.024995628365559186,1.4132478086812315,1.6530994203058078,0.0,1.0,0.0,0.0,0.0,0.0,0.0,0.0,0.0,0.0,0.0,0.0,0.0,0.0,1.0,0.0,0.0,0.0,1.0,0.0,1.0,0.0,0.0,0.0,1.0,0.0,0.0,0.0,0.0,0.0,0.0,0.0,0.0,0.0,1.0,0.0,0.0,0.0,1.0,0.0,1.0,0.0,0.0,1.0,0.0,0.0,1.0,0.0,0.0,0.0,0.0,1.0,0.0,0.0,0
1.5371358520166694,-1.4923739288327833,0.7925453126452172,-0.1287363630087277,-1.2483101527427733,0.49888765837117444,1.0197635299186503,0.821603288301946,-0.17440931183371247,-1.019118400612531,-1.3617941956209574,-1.8864725846769428,-0.10547358548379637,1.7503071583074667,0.9565081032663514,1.4132478086812315,0.9477623510700854,0.0,0.0,0.0,0.0,0.0,0.0,0.0,0.0,0.0,0.0,0.0,1.0,0.0,1.0,0.0,0.0,0.0,1.0,0.0,0.0,1.0,0.0,0.0,0.0,1.0,0.0,0.0,0.0,0.0,1.0,0.0,0.0,0.0,0.0,0.0,0.0,0.0,0.0,1.0,0.0,1.0,0.0,0.0,1.0,0.0,1.0,0.0,0.0,0.0,0.0,0.0,0.0,1.0,0.0,1
-1.548227796367033,-1.3124274442971189,0.6644029027648904,-1.088053513244579,-0.4641737345920091,-0.9967912993099517,0.09602586666173567,-0.032695969518031505,1.6144411763273727,-1.019118400612531,0.8071070273410997,0.7940805366324234,-0.6802615172756009,-1.3503913583391072,-0.024995628365559186,-1.075838351422699,1.0071224014513096,0.0,0.0,0.0,0.0,0.0,1.0,0.0,0.0,0.0,0.0,0.0,0.0,0.0,1.0,0.0,0.0,0.0,0.0,1.0,1.0,0.0,0.0,0.0,0.0,1.0,0.0,0.0,0.0,0.0,0.0,0.0,0.0,0.0,0.0,1.0,0.0,1.0,0.0,0.0,0.0,0.0,0.0,1.0,0.0,1.0,1.0,0.0,0.0,0.0,0.0,0.0,1.0,0.0,0.0,0
-1.825936269355596,-0.215244046087788,-1.7854596952050261,1.3761953364316357,-0.4641737345920091,-0.9967912993099517,1.322754606160619,1.1486095898457163,-1.5276224669815408,-1.019118400612531,0.8071070273410997,-0.5461960240222598,0.3974658548340326,0.1796918966074048,-1.2028001063238518,0.5835524219799213,0.6684209375113835,0.0,0.0,0.0,0.0,1.0,0.0,0.0,0.0,0.0,0.0,0.0,0.0,0.0,1.0,0.0,0.0,0.0,0.0,1.0,1.0,0.0,0.0,0.0,0.0,1.0,0.0,0.0,0.0,0.0,0.0,1.0,0.0,0.0,0.0,0.0,0.0,1.0,0.0,0.0,0.0,0.0,0.0,1.0,1.0,0.0,1.0,0.0,0.0,0.0,0.0,0.0,0.0,1.0,0.0,0
-1.825936269355596,-1.415139642362385,-0.04014236555699533,0.3883732220473554,0.034643511667979465,-0.9967912993099517,1.1736780305707815,0.9675657875790468,0.6171696394103273,1.487029062692357,0.006630118503325768,0.7940805366324234,0.5411628377819837,0.6711424784941984,-0.2212963746919413,-0.24614296472138883,-0.17484095466894786,0.0,0.0,0.0,0.0,1.0,0.0,0.0,0.0,0.0,0.0,0.0,0.0,0.0,1.0,0.0,0.0,0.0,0.0,1.0,1.0,0.0,0.0,0.0,0.0,1.0,0.0,0.0,0.0,0.0,0.0,0.0,0.0,1.0,0.0,0.0,1.0,0.0,0.0,0.0,0.0,0.0,0.0,1.0,1.0,0.0,0.0,1.0,0.0,0.0,0.0,1.0,0.0,0.0,0.0,0
2.1570906738239,-1.415139642362385,-1.022346642334492,-0.6515964562984796,0.750196303495788,1.3738037617323386,-0.4619216390963375,-0.2125572057680045,-0.17440931183371247,-1.019118400612531,-1.3617941956209574,-0.5461960240222598,-0.823958500223552,-0.9248052874268323,-1.5954015989766162,-0.24614296472138883,0.23893351416487932,0.0,0.0,1.0,0.0,0.0,0.0,0.0,0.0,0.0,0.0,0.0,0.0,0.0,0.0,1.0,0.0,0.0,1.0,0.0,0.0,1.0,0.0,0.0,0.0,1.0,0.0,0.0,0.0,0.0,0.0,0.0,0.0,1.0,0.0,0.0,0.0,1.0,0.0,0.0,0.0,1.0,0.0,0.0,1.0,0.0,1.0,0.0,0.0,1.0,0.0,0.0,0.0,0.0,0.0,0
2.019977938851833,1.2080395916711668,0.5217243173504937,0.009850646208549108,-0.606833320537397,1.3738037617323386,1.2612935528914717,1.2039323125105021,0.6171696394103273,0.233955331039913,-1.3617941956209574,-0.5461960240222598,1.9062841757875193,0.012497368749011112,0.36760586428720504,1.4132478086812315,-1.4126725935009457,0.0,0.0,0.0,0.0,1.0,0.0,0.0,0.0,0.0,0.0,0.0,0.0,0.0,0.0,1.0,0.0,0.0,0.0,1.0,0.0,1.0,0.0,0.0,0.0,1.0,0.0,0.0,0.0,0.0,0.0,0.0,0.0,0.0,0.0,1.0,0.0,0.0,1.0,0.0,0.0,1.0,0.0,0.0,1.0,0.0,0.0,1.0,1.0,0.0,0.0,0.0,0.0,0.0,0.0,0
0.3639854750148299,-0.8188523675385739,0.7371966050948634,-0.49712624757440144,0.7138992809643273,-0.9967912993099517,-1.45691228399701,-1.2054390925733827,1.6144411763273727,-1.019118400612531,0.8071070273410997,0.23781550455625436,-0.823958500223552,-0.32189168696777626,0.36760586428720504,-0.24614296472138883,1.1450472243959187,0.0,0.0,0.0,0.0,0.0,0.0,0.0,0.0,1.0,0.0,0.0,0.0,0.0,1.0,0.0,0.0,0.0,0.0,1.0,1.0,0.0,0.0,0.0,0.0,0.0,1.0,0.0,0.0,0.0,0.0,0.0,0.0,0.0,1.0,0.0,0.0,1.0,0.0,0.0,0.0,0.0,0.0,1.0,1.0,0.0,1.0,0.0,0.0,0.0,0.0,0.0,1.0,0.0,0.0,0
-0.4986558333982459,-1.048326471856237,-0.23859410545326964,-1.6317575612867619,-0.606833320537397,-0.9967912993099517,2.1096871208560763,1.8918941111097811,0.6171696394103273,-1.019118400612531,0.006630118503325768,0.7940805366324234,0.25376887188608144,-2.1356989891891383,-0.2212963746919413,-0.24614296472138883,0.6387409123207715,0.0,0.0,0.0,0.0,0.0,0.0,1.0,0.0,0.0,0.0,0.0,0.0,0.0,0.0,1.0,0.0,0.0,1.0,0.0,1.0,0.0,0.0,0.0,1.0,0.0,0.0,0.0,0.0,1.0,0.0,0.0,0.0,0.0,0.0,0.0,0.0,1.0,0.0,0.0,0.0,1.0,0.0,0.0,1.0,0.0,0.0,1.0,0.0,0.0,0.0,0.0,1.0,0.0,0.0,1
-1.425716336184359,0.6229188354674351,-0.5506149604084367,-1.088053513244579,-0.34059638025356326,-0.9967912993099517,1.269296250319929,1.3290709112531294,-0.17440931183371247,-1.019118400612531,0.006630118503325768,0.7940805366324234,1.1159507695737882,-0.8640072772965073,0.36760586428720504,-0.24614296472138883,-0.557189514477421,0.0,0.0,0.0,0.0,0.0,0.0,1.0,0.0,0.0,0.0,0.0,0.0,0.0,0.0,1.0,0.0,0.0,1.0,0.0,1.0,0.0,0.0,0.0,0.0,1.0,0.0,0.0,0.0,0.0,0.0,0.0,0.0,0.0,1.0,0.0,0.0,1.0,0.0,0.0,0.0,1.0,0.0,0.0,1.0,0.0,1.0,0.0,1.0,0.0,0.0,0.0,0.0,0.0,0.0,0
0.9380226774914876,-0.5136427666545259,-1.5045263537512816,0.6939459276822286,-0.34059638025356326,1.3738037617323386,-0.28361273528274317,-0.015227996730220822,-1.5276224669815408,0.233955331039913,1.8155886650711848,-0.5461960240222598,-0.9676554831715031,0.5647459607661297,-0.4175971210183234,-0.24614296472138883,-1.267764235217369,0.0,0.0,0.0,0.0,0.0,0.0,0.0,0.0,0.0,0.0,0.0,1.0,0.0,1.0,0.0,0.0,0.0,0.0,1.0,1.0,0.0,0.0,0.0,0.0,1.0,0.0,0.0,0.0,0.0,0.0,0.0,1.0,0.0,0.0,0.0,0.0,0.0,1.0,0.0,0.0,1.0,0.0,0.0,1.0,0.0,1.0,0.0,0.0,1.0,0.0,0.0,0.0,0.0,0.0,0
-0.0926330339778598,-1.1234650016488363,-1.8950053071585076,0.8301983080730838,0.5525429895349099,-0.9967912993099517,0.06103222031632599,-1.100821500715414,1.1788038433141157,-1.019118400612531,-1.3617941956209574,0.23781550455625436,-0.32101905990572305,0.1796918966074048,0.36760586428720504,-0.24614296472138883,0.1656063931057201,0.0,0.0,0.0,0.0,0.0,1.0,0.0,0.0,0.0,0.0,0.0,0.0,0.0,1.0,0.0,0.0,0.0,0.0,1.0,0.0,1.0,0.0,0.0,1.0,0.0,0.0,0.0,0.0,0.0,0.0,0.0,1.0,0.0,0.0,0.0,0.0,0.0,0.0,1.0,0.0,1.0,0.0,0.0,1.0,0.0,0.0,1.0,0.0,0.0,0.0,0.0,1.0,0.0,0.0,0
-1.3502672763706407,-2.3005168546659025,1.4275159556354249,0.21452553862042256,0.8187799298187437,1.3738037617323386,-1.6876183401402556,-1.5033625689986658,-0.17440931183371247,1.487029062692357,1.375054432627609,0.23781550455625436,-1.1113524661194543,-1.1882633313249071,-1.399100852650234,-0.24614296472138883,-0.8435144633750905,0.0,0.0,0.0,0.0,0.0,0.0,0.0,0.0,0.0,0.0,0.0,1.0,0.0,0.0,1.0,0.0,0.0,0.0,1.0,1.0,0.0,0.0,0.0,0.0,0.0,1.0,0.0,0.0,0.0,0.0,0.0,1.0,0.0,0.0,0.0,0.0,1.0,0.0,0.0,0.0,0.0,0.0,1.0,1.0,0.0,1.0,0.0,0.0,0.0,0.0,0.0,1.0,0.0,0.0,1
0.71553444390235,1.5815361461650495,-0.5905859470302397,-1.7972977893282913,0.5955951912902556,0.49888765837117444,-0.9363608298353956,-0.8794190824221517,-0.17440931183371247,-1.019118400612531,-1.3617941956209574,1.2255532164261718,-0.10547358548379637,-1.193329832169101,-0.8101986136710877,0.5835524219799213,-0.9343004227816687,0.0,0.0,0.0,0.0,0.0,1.0,0.0,0.0,0.0,0.0,0.0,0.0,0.0,0.0,1.0,0.0,0.0,0.0,1.0,0.0,1.0,0.0,0.0,0.0,1.0,0.0,0.0,0.0,0.0,0.0,0.0,0.0,0.0,1.0,0.0,0.0,1.0,0.0,0.0,0.0,1.0,0.0,0.0,0.0,1.0,1.0,0.0,0.0,0.0,0.0,0.0,0.0,0.0,1.0,0
-0.8072103729146198,0.03307188284050989,0.8839103873230683,-1.990547322782121,-0.13408696574730583,-0.9967912993099517,0.7015024992381437,0.795086785766811,0.6171696394103273,-1.019118400612531,1.375054432627609,0.7940805366324234,0.25376887188608144,0.5495464582335484,-2.3806045842821444,-0.24614296472138883,1.0280730074682123,0.0,0.0,0.0,1.0,0.0,0.0,0.0,0.0,0.0,0.0,0.0,0.0,0.0,1.0,0.0,0.0,0.0,0.0,1.0,0.0,0.0,1.0,0.0,0.0,1.0,0.0,0.0,0.0,0.0,0.0,0.0,0.0,0.0,1.0,0.0,0.0,1.0,0.0,0.0,0.0,0.0,0.0,1.0,1.0,0.0,1.0,0.0,0.0,0.0,0.0,0.0,0.0,0.0,1.0,0
0.026709776129070564,2.2358328044740574,1.0707682540679861,0.7345398538677542,0.35698583829276287,0.49888765837117444,-0.6971196824858396,-0.8985130792666561,0.6171696394103273,-1.019118400612531,0.8071070273410997,-0.5461960240222598,1.1159507695737882,1.3044550840184168,1.5454103422454977,1.4132478086812315,-0.9465216096248619,0.0,0.0,0.0,0.0,0.0,0.0,0.0,0.0,1.0,0.0,0.0,0.0,0.0,0.0,1.0,0.0,0.0,1.0,0.0,0.0,0.0,1.0,0.0,0.0,1.0,0.0,0.0,0.0,0.0,0.0,0.0,0.0,0.0,0.0,1.0,0.0,1.0,0.0,0.0,0.0,1.0,0.0,0.0,1.0,0.0,1.0,0.0,0.0,0.0,0.0,0.0,1.0,0.0,0.0,0
0.45304551769158086,0.013113154563659652,1.3943829821745093,-1.990547322782121,-2.2650268768696926,-0.9967912993099517,-0.29140655605485266,-0.15511617813498357,-1.5276224669815408,-1.019118400612531,-1.3617941956209574,0.7940805366324234,2.481072107579324,-0.2813596802142263,-0.024995628365559186,-1.9055337381240092,0.429234852151745,0.0,0.0,0.0,0.0,0.0,0.0,0.0,0.0,0.0,0.0,0.0,1.0,0.0,1.0,0.0,0.0,0.0,1.0,0.0,0.0,1.0,0.0,0.0,0.0,1.0,0.0,0.0,0.0,0.0,0.0,0.0,1.0,0.0,0.0,0.0,0.0,1.0,0.0,0.0,0.0,0.0,0.0,1.0,0.0,1.0,1.0,0.0,0.0,0.0,0.0,1.0,0.0,0.0,0.0,1
-1.7131858657808847,-1.5082376623384133,-0.9663827477070894,1.0623358122479027,-0.9820732124589395,0.49888765837117444,-0.3760701251022491,-0.2314035876531568,-1.5276224669815408,0.9669564746953179,0.006630118503325768,-0.5461960240222598,-1.6861403979112588,0.037829872969979854,0.17130511796082293,0.5835524219799213,0.1621146254362363,0.0,0.0,0.0,0.0,0.0,0.0,0.0,0.0,1.0,0.0,0.0,0.0,0.0,1.0,0.0,0.0,0.0,0.0,1.0,0.0,0.0,1.0,0.0,0.0,0.0,1.0,0.0,1.0,0.0,0.0,0.0,0.0,0.0,0.0,0.0,1.0,0.0,0.0,0.0,0.0,1.0,0.0,0.0,1.0,0.0,1.0,0.0,0.0,1.0,0.0,0.0,0.0,0.0,0.0,0
-1.9148689750150247,1.8638421534453762,0.80601047124687,0.5512200654243107,0.4599202078921603,-0.9967912993099517,0.6130053693316474,0.5527508801399008,-0.17440931183371247,0.9669564746953179,0.006630118503325768,0.23781550455625436,-0.7521100087495765,-0.46882021144939495,-0.8101986136710877,0.5835524219799213,-1.0931758517431804,0.0,0.0,0.0,0.0,0.0,0.0,1.0,0.0,0.0,0.0,0.0,0.0,0.0,1.0,0.0,0.0,0.0,1.0,0.0,0.0,0.0,1.0,0.0,0.0,1.0,0.0,0.0,0.0,0.0,1.0,0.0,0.0,0.0,0.0,0.0,0.0,0.0,1.0,0.0,0.0,1.0,0.0,0.0,1.0,0.0,1.0,0.0,0.0,0.0,1.0,0.0,0.0,0.0,0.0,0
-1.1172772070948969,-0.36639059669924817,0.9211243378682687,-0.6851294763861162,1.2157962486842935,-0.9967912993099517,0.8518275084525058,0.7650415292293244,-0.17440931183371247,-1.019118400612531,-1.3617941956209574,0.23781550455625436,-1.1832009575934297,0.012497368749011112,0.17130511796082293,1.4132478086812315,0.9634753055827624,0.0,0.0,0.0,0.0,0.0,1.0,0.0,0.0,0.0,0.0,0.0,0.0,0.0,0.0,1.0,0.0,0.0,1.0,0.0,0.0,1.0,0.0,0.0,0.0,1.0,0.0,0.0,0.0,0.0,0.0,0.0,1.0,0.0,0.0,0.0,0.0,0.0,0.0,1.0,0.0,1.0,0.0,0.0,1.0,0.0,1.0,0.0,0.0,0.0,0.0,0.0,1.0,0.0,0.0,0
0.2025409330309096,-1.4923739288327833,0.06062982881427848,0.7144209434454529,-0.7755637979526826,0.49888765837117444,-2.1591326001482614,-1.8334650452352987,0.6171696394103273,0.233955331039913,-1.3617941956209574,1.2255532164261718,-0.6802615172756009,0.3012879168680548,-0.6138978673447055,1.4132478086812315,0.46764429651606654,0.0,0.0,0.0,0.0,1.0,0.0,0.0,0.0,0.0,0.0,0.0,0.0,0.0,0.0,1.0,0.0,0.0,1.0,0.0,0.0,1.0,0.0,0.0,0.0,1.0,0.0,0.0,1.0,0.0,0.0,0.0,0.0,0.0,0.0,0.0,1.0,0.0,0.0,0.0,0.0,1.0,0.0,0.0,1.0,0.0,1.0,0.0,0.0,1.0,0.0,0.0,0.0,0.0,0.0,0
2.3412306443357,-0.7451424858850405,-0.33425886755361933,0.23005339848663117,0.9708350832117979,0.49888765837117444,1.4651784965354628,1.1716235182083263,0.6171696394103273,1.8904287018766261,-1.3617941956209574,1.2255532164261718,-0.6802615172756009,2.3228217537013602,2.134312581224644,-1.9055337381240092,-1.0495287558746331,0.0,0.0,0.0,1.0,0.0,0.0,0.0,0.0,0.0,0.0,0.0,0.0,0.0,1.0,0.0,0.0,0.0,0.0,1.0,0.0,1.0,0.0,0.0,1.0,0.0,0.0,0.0,0.0,0.0,1.0,0.0,0.0,0.0,0.0,0.0,0.0,0.0,0.0,1.0,0.0,0.0,0.0,1.0,1.0,0.0,1.0,0.0,0.0,0.0,0.0,0.0,1.0,0.0,0.0,0
-0.3459317403731256,0.9574365597489356,0.4167485119683675,-1.889891849183104,-1.6235500446643159,1.3738037617323386,-0.1781044980481788,0.07305049206054702,1.1788038433141157,0.9669564746953179,0.006630118503325768,-0.5461960240222598,-0.8958069916975275,-0.43335470554003874,1.1528088495927336,-0.24614296472138883,-0.557189514477421,0.0,0.0,0.0,0.0,0.0,0.0,0.0,0.0,0.0,0.0,0.0,1.0,0.0,0.0,1.0,0.0,0.0,0.0,1.0,1.0,0.0,0.0,0.0,0.0,1.0,0.0,0.0,0.0,0.0,0.0,0.0,0.0,0.0,1.0,0.0,0.0,1.0,0.0,0.0,0.0,1.0,0.0,0.0,1.0,0.0,0.0,1.0,0.0,0.0,1.0,0.0,0.0,0.0,0.0,0
0.026709776129070564,-1.783770891040523,1.0152975936596758,-0.5564627506577629,1.4602567620241207,-0.9967912993099517,0.42736343633114277,0.5084538905596191,-0.17440931183371247,-1.019118400612531,0.006630118503325768,-0.5461960240222598,-0.8958069916975275,0.23035690504934228,1.938011834898262,0.5835524219799213,-0.2376927727196558,0.0,0.0,0.0,0.0,0.0,0.0,0.0,0.0,0.0,0.0,1.0,0.0,0.0,0.0,1.0,0.0,0.0,0.0,1.0,0.0,0.0,1.0,0.0,0.0,1.0,0.0,0.0,1.0,0.0,0.0,0.0,0.0,0.0,0.0,0.0,0.0,0.0,1.0,0.0,0.0,1.0,0.0,0.0,1.0,0.0,0.0,1.0,0.0,0.0,1.0,0.0,0.0,0.0,0.0,0
-1.087287121285243,-0.7974742692308516,0.01125172249905238,0.009850646208549108,0.1773030976133672,-0.9967912993099517,0.7082207779976161,0.8109462998863108,-0.17440931183371247,-1.019118400612531,-1.3617941956209574,0.7940805366324234,2.481072107579324,0.012497368749011112,1.7417110885718798,-1.9055337381240092,-1.1717406243065653,0.0,0.0,0.0,0.0,1.0,0.0,0.0,0.0,0.0,0.0,0.0,0.0,0.0,0.0,1.0,0.0,0.0,0.0,1.0,0.0,1.0,0.0,0.0,0.0,0.0,1.0,0.0,0.0,0.0,0.0,1.0,0.0,0.0,0.0,0.0,0.0,1.0,0.0,0.0,0.0,1.0,0.0,0.0,1.0,0.0,0.0,1.0,0.0,0.0,0.0,0.0,1.0,0.0,0.0,0
1.0081873993869566,-0.3091778152502319,0.5711024236657201,0.9185471954909348,0.1773030976133672,-0.9967912993099517,-1.9089321683346627,-1.5735665856200463,-1.5276224669815408,-1.019118400612531,-1.3617941956209574,0.23781550455625436,-1.7579888893852342,-0.61068223508682,-0.8101986136710877,1.4132478086812315,-1.7286775675892272,0.0,0.0,0.0,0.0,0.0,0.0,1.0,0.0,0.0,0.0,0.0,0.0,0.0,0.0,1.0,0.0,0.0,1.0,0.0,0.0,1.0,0.0,0.0,0.0,1.0,0.0,0.0,0.0,1.0,0.0,0.0,0.0,0.0,0.0,0.0,1.0,0.0,0.0,0.0,0.0,0.0,0.0,1.0,1.0,0.0,0.0,1.0,0.0,0.0,0.0,1.0,0.0,0.0,0.0,0
0.11997649859563897,1.8190404586111102,-1.5045263537512816,-0.2862151773060534,-0.9820732124589395,-0.9967912993099517,-1.6794082962725811,-1.7282331367697463,0.6171696394103273,1.487029062692357,0.8071070273410997,-1.8864725846769428,1.4033447354696904,-0.14963065826518884,1.7417110885718798,-1.075838351422699,-1.358550194623947,0.0,0.0,0.0,0.0,0.0,0.0,0.0,0.0,0.0,0.0,0.0,1.0,0.0,1.0,0.0,0.0,0.0,1.0,0.0,0.0,0.0,1.0,0.0,0.0,1.0,0.0,0.0,0.0,0.0,0.0,0.0,0.0,0.0,0.0,1.0,1.0,0.0,0.0,0.0,0.0,1.0,0.0,0.0,1.0,0.0,1.0,0.0,0.0,0.0,0.0,0.0,1.0,0.0,0.0,1
1.2540202959199866,-0.5136427666545259,0.341563170268023,-0.1715860094881732,-0.34059638025356326,0.49888765837117444,-0.7281315909577688,-1.0161531281893823,0.6171696394103273,1.8904287018766261,0.006630118503325768,2.134357097287106,0.1100718889381303,0.40768443459612347,-1.7917023453029983,-1.9055337381240092,1.4558145469799746,0.0,0.0,0.0,0.0,0.0,0.0,0.0,0.0,1.0,0.0,0.0,0.0,0.0,1.0,0.0,0.0,0.0,0.0,1.0,1.0,0.0,0.0,0.0,0.0,1.0,0.0,0.0,0.0,0.0,0.0,0.0,0.0,1.0,0.0,0.0,0.0,0.0,0.0,1.0,0.0,1.0,0.0,0.0,1.0,0.0,1.0,0.0,0.0,0.0,0.0,0.0,1.0,0.0,0.0,0
-0.4986558333982459,-1.1886382649950342,-1.3469484189652163,-0.7919876897299764,-0.13408696574730583,0.49888765837117444,0.03129878499999031,0.1938652187820918,0.6171696394103273,-1.019118400612531,1.375054432627609,0.23781550455625436,-0.8958069916975275,-0.7626772604126324,0.5639066106135872,0.5835524219799213,0.5811267457742891,0.0,0.0,0.0,0.0,1.0,0.0,0.0,0.0,0.0,0.0,0.0,0.0,0.0,0.0,1.0,0.0,0.0,0.0,1.0,0.0,0.0,1.0,0.0,0.0,1.0,0.0,0.0,1.0,0.0,0.0,0.0,0.0,0.0,0.0,0.0,0.0,1.0,0.0,0.0,0.0,1.0,0.0,0.0,1.0,0.0,1.0,0.0,0.0,1.0,0.0,0.0,0.0,0.0,0.0,0
0.06485922557375612,-0.46903476159018276,1.081575018517161,-1.2989645835129267,-0.4641737345920091,1.3738037617323386,0.5688021090383317,0.7130194474023136,-0.17440931183371247,-1.019118400612531,-1.3617941956209574,0.23781550455625436,-0.17732207695777194,-0.2408276734606763,-0.2212963746919413,1.4132478086812315,0.8918940683583451,0.0,0.0,0.0,0.0,0.0,0.0,0.0,0.0,0.0,0.0,1.0,0.0,0.0,0.0,1.0,0.0,0.0,1.0,0.0,0.0,1.0,0.0,0.0,0.0,1.0,0.0,0.0,0.0,0.0,0.0,0.0,1.0,0.0,0.0,0.0,0.0,1.0,0.0,0.0,0.0,1.0,0.0,0.0,1.0,0.0,0.0,1.0,0.0,1.0,0.0,0.0,0.0,0.0,0.0,0
-0.9849394775896638,-0.17754337105799656,-0.04014236555699533,-1.557098871409269,0.3008804519518133,0.49888765837117444,-0.6715162440429776,-0.30422138513425134,0.6171696394103273,-1.019118400612531,0.006630118503325768,-1.8864725846769428,0.18192038041210587,-1.6442484073023445,0.9565081032663514,-0.24614296472138883,1.2358331838024967,0.0,1.0,0.0,0.0,0.0,0.0,0.0,0.0,0.0,0.0,0.0,0.0,0.0,0.0,1.0,0.0,0.0,0.0,1.0,0.0,0.0,1.0,1.0,0.0,0.0,0.0,0.0,0.0,0.0,0.0,1.0,0.0,0.0,0.0,0.0,0.0,0.0,0.0,1.0,0.0,1.0,0.0,0.0,1.0,0.0,0.0,1.0,0.0,0.0,0.0,0.0,1.0,0.0,0.0,0
0.026709776129070564,0.7809576789853742,-0.30155624115829577,1.3234709012844135,0.24115292617423648,-0.9967912993099517,-0.47489609227843527,-0.6873325898344419,1.1788038433141157,-1.019118400612531,-1.3617941956209574,0.23781550455625436,-0.03362509400982082,-0.8842732806732824,0.36760586428720504,0.5835524219799213,0.10450045888975404,0.0,0.0,0.0,0.0,1.0,0.0,0.0,0.0,0.0,0.0,0.0,0.0,0.0,1.0,0.0,0.0,0.0,1.0,0.0,0.0,1.0,0.0,0.0,0.0,1.0,0.0,0.0,0.0,0.0,0.0,0.0,0.0,0.0,0.0,1.0,0.0,1.0,0.0,0.0,0.0,1.0,0.0,0.0,1.0,0.0,1.0,0.0,0.0,0.0,0.0,0.0,1.0,0.0,0.0,0
0.026709776129070564,1.350960359624968,0.3983689106828149,-0.5873127973181029,0.1773030976133672,-0.9967912993099517,0.4786993849159498,0.3191833563387172,1.1788038433141157,1.487029062692357,0.006630118503325768,0.23781550455625436,1.3314962439957148,-0.5752167291774637,-0.8101986136710877,1.4132478086812315,-1.452827921700009,0.0,0.0,0.0,0.0,1.0,0.0,0.0,0.0,0.0,0.0,0.0,0.0,0.0,0.0,1.0,0.0,0.0,1.0,0.0,1.0,0.0,0.0,0.0,1.0,0.0,0.0,0.0,0.0,0.0,0.0,0.0,0.0,0.0,0.0,1.0,0.0,1.0,0.0,0.0,0.0,0.0,0.0,1.0,1.0,0.0,0.0,1.0,0.0,1.0,0.0,0.0,0.0,0.0,0.0,0
-1.0069671028554135,-1.2425795783178417,-0.861406942324963,0.7640769867668564,0.6367333169865165,0.49888765837117444,0.06103222031632599,-0.12838118083402095,-1.5276224669815408,0.233955331039913,-1.3617941956209574,-0.5461960240222598,0.25376887188608144,-0.47895321313778244,-0.024995628365559186,-1.9055337381240092,-1.1228558769337924,0.0,0.0,0.0,0.0,0.0,0.0,1.0,0.0,0.0,0.0,0.0,0.0,0.0,0.0,1.0,0.0,0.0,1.0,0.0,0.0,1.0,0.0,0.0,0.0,1.0,0.0,0.0,0.0,0.0,0.0,0.0,0.0,0.0,0.0,1.0,0.0,0.0,1.0,0.0,0.0,0.0,0.0,1.0,1.0,0.0,1.0,0.0,0.0,1.0,0.0,0.0,0.0,0.0,0.0,0
1.9777864970989885,-0.3416418553368552,0.28207271779377585,0.009850646208549108,-0.606833320537397,1.3738037617323386,-1.5702406569011655,-1.6577153457951728,-1.5276224669815408,-1.019118400612531,0.8071070273410997,-1.8864725846769428,0.6130113292559592,0.2860884143354735,0.5639066106135872,-0.24614296472138883,1.0891789416841782,0.0,0.0,0.0,0.0,0.0,0.0,0.0,0.0,1.0,0.0,0.0,0.0,0.0,0.0,1.0,0.0,0.0,0.0,1.0,0.0,0.0,1.0,1.0,0.0,0.0,0.0,0.0,0.0,0.0,0.0,0.0,1.0,0.0,0.0,0.0,0.0,1.0,0.0,0.0,0.0,1.0,0.0,0.0,1.0,0.0,1.0,0.0,0.0,0.0,0.0,0.0,1.0,0.0,0.0,1
-1.836711473789104,-0.559415541420451,-0.9663827477070894,-0.4406853860301315,0.1773030976133672,-0.9967912993099517,-0.17138975991701827,-0.2856401649660746,1.1788038433141157,0.233955331039913,-1.3617941956209574,0.7940805366324234,-0.9676554831715031,-1.5581178929510509,0.5639066106135872,0.5835524219799213,1.185202552594982,0.0,1.0,0.0,0.0,0.0,0.0,0.0,0.0,0.0,0.0,0.0,0.0,0.0,0.0,1.0,0.0,0.0,1.0,0.0,0.0,1.0,0.0,0.0,0.0,1.0,0.0,0.0,0.0,0.0,0.0,0.0,0.0,0.0,1.0,0.0,0.0,0.0,0.0,1.0,0.0,0.0,0.0,1.0,1.0,0.0,0.0,1.0,0.0,0.0,1.0,0.0,0.0,0.0,0.0,0
0.903794515563511,2.023929001608317,1.2334432821649801,0.8301983080730838,1.4093013914478887,1.3738037617323386,-0.6491700392401469,-0.5846946386647383,-1.5276224669815408,-1.019118400612531,0.006630118503325768,-0.5461960240222598,0.18192038041210587,-1.4010563667810447,-0.4175971210183234,-1.9055337381240092,1.434863940963072,0.0,0.0,1.0,0.0,0.0,0.0,0.0,0.0,0.0,0.0,0.0,0.0,0.0,1.0,0.0,0.0,0.0,1.0,0.0,0.0,0.0,1.0,0.0,0.0,1.0,0.0,0.0,0.0,0.0,0.0,0.0,0.0,0.0,0.0,1.0,0.0,1.0,0.0,0.0,0.0,1.0,0.0,0.0,1.0,0.0,1.0,0.0,0.0,0.0,0.0,0.0,1.0,0.0,0.0,0
0.026709776129070564,-0.5318087157117974,-0.5905859470302397,1.6135273180855998,-2.2650268768696926,-0.9967912993099517,-2.2616436091780545,-2.406511026006856,-0.17440931183371247,-1.019118400612531,-1.3617941956209574,-1.8864725846769428,0.18192038041210587,0.8586030097293671,-0.2212963746919413,1.4132478086812315,1.1310801537179835,0.0,0.0,0.0,0.0,0.0,0.0,1.0,0.0,0.0,0.0,0.0,0.0,0.0,0.0,1.0,0.0,0.0,0.0,1.0,0.0,1.0,0.0,0.0,0.0,1.0,0.0,0.0,0.0,0.0,0.0,0.0,0.0,0.0,0.0,1.0,0.0,0.0,1.0,0.0,0.0,0.0,1.0,0.0,1.0,0.0,0.0,1.0,0.0,0.0,0.0,0.0,1.0,0.0,0.0,0
0.586573887836935,-0.8404943833576585,0.5217243173504937,-1.3583010865962881,-0.606833320537397,-0.9967912993099517,-0.1297955462748732,-0.39654804110086955,-0.17440931183371247,-1.019118400612531,1.375054432627609,0.23781550455625436,1.9062841757875193,0.28102191349127975,1.3491095959191157,0.5835524219799213,1.522158132700166,0.0,0.0,0.0,0.0,0.0,0.0,0.0,0.0,0.0,0.0,0.0,1.0,0.0,1.0,0.0,0.0,0.0,0.0,1.0,1.0,0.0,0.0,0.0,0.0,1.0,0.0,0.0,0.0,0.0,0.0,1.0,0.0,0.0,0.0,0.0,0.0,0.0,1.0,0.0,0.0,0.0,0.0,1.0,0.0,1.0,0.0,1.0,0.0,1.0,0.0,0.0,0.0,0.0,0.0,0
-1.9860042407775969,-0.7043735018715832,0.8455628442893777,1.4749403088683233,0.9129752784408443,-0.9967912993099517,1.0786626145272233,1.0391083574590667,1.6144411763273727,0.233955331039913,0.006630118503325768,-0.5461960240222598,-1.0395039746454786,-0.6917462485939199,0.17130511796082293,0.5835524219799213,-1.0896840840736965,0.0,0.0,0.0,0.0,0.0,0.0,0.0,0.0,1.0,0.0,0.0,0.0,0.0,0.0,1.0,0.0,0.0,1.0,0.0,1.0,0.0,0.0,0.0,0.0,1.0,0.0,0.0,1.0,0.0,0.0,0.0,0.0,0.0,0.0,0.0,0.0,0.0,1.0,0.0,0.0,0.0,0.0,1.0,1.0,0.0,0.0,1.0,0.0,0.0,1.0,0.0,0.0,0.0,0.0,0
-1.5742467580723138,-0.434147998123634,-1.423273625232452,1.077262576651975,-0.9820732124589395,0.49888765837117444,-1.2491600756665837,-1.0402602815846698,-0.17440931183371247,-1.019118400612531,0.006630118503325768,-1.8864725846769428,0.25376887188608144,-0.43335470554003874,0.36760586428720504,-0.24614296472138883,-1.578531557801425,0.0,0.0,0.0,0.0,0.0,0.0,0.0,0.0,0.0,0.0,0.0,1.0,0.0,0.0,1.0,0.0,0.0,0.0,1.0,1.0,0.0,0.0,0.0,0.0,1.0,0.0,0.0,0.0,1.0,0.0,0.0,0.0,0.0,0.0,0.0,0.0,0.0,1.0,0.0,0.0,1.0,0.0,0.0,1.0,0.0,1.0,0.0,0.0,0.0,0.0,0.0,1.0,0.0,0.0,0
-0.6351257244965816,1.350960359624968,-0.23859410545326964,-0.1078924082562966,-1.6235500446643159,0.49888765837117444,0.6924817629153969,0.6998228694720623,1.1788038433141157,0.9669564746953179,-1.3617941956209574,-0.5461960240222598,-0.03362509400982082,-0.1242981540442201,-0.8101986136710877,-1.9055337381240092,1.6286570466194212,0.0,0.0,0.0,0.0,0.0,0.0,0.0,0.0,1.0,0.0,0.0,0.0,0.0,0.0,1.0,0.0,0.0,0.0,1.0,0.0,1.0,0.0,0.0,0.0,1.0,0.0,0.0,0.0,0.0,0.0,0.0,0.0,0.0,1.0,0.0,1.0,0.0,0.0,0.0,0.0,1.0,0.0,0.0,1.0,0.0,1.0,0.0,0.0,0.0,0.0,0.0,1.0,0.0,0.0,0
-0.00021322407321538187,-0.10449046068525794,0.1981095892439705,-0.08741739249307227,-0.606833320537397,-0.9967912993099517,1.0939701192700777,1.266286602602667,0.6171696394103273,-1.019118400612531,1.8155886650711848,0.23781550455625436,-0.39286755137969864,0.6255439708964546,-0.6138978673447055,1.4132478086812315,-0.2638810302407841,0.0,0.0,0.0,0.0,0.0,0.0,0.0,0.0,1.0,0.0,0.0,0.0,0.0,0.0,0.0,0.0,1.0,0.0,1.0,0.0,0.0,1.0,0.0,1.0,0.0,0.0,0.0,0.0,0.0,0.0,0.0,0.0,0.0,1.0,0.0,0.0,0.0,1.0,0.0,0.0,0.0,0.0,1.0,0.0,1.0,0.0,1.0,0.0,0.0,0.0,1.0,0.0,0.0,0.0,1
-2.0106491716088715,-0.06907474316358417,-0.5506149604084367,-1.557098871409269,0.5955951912902556,0.49888765837117444,0.8136114976035649,0.9009443369512896,-0.17440931183371247,1.487029062692357,0.006630118503325768,0.23781550455625436,-0.7521100087495765,1.8719031785681166,-0.6138978673447055,-1.075838351422699,-0.7509826201337706,0.0,0.0,0.0,0.0,0.0,0.0,0.0,0.0,1.0,0.0,0.0,0.0,0.0,1.0,0.0,0.0,0.0,0.0,1.0,1.0,0.0,0.0,0.0,0.0,1.0,0.0,0.0,0.0,1.0,0.0,0.0,0.0,0.0,0.0,0.0,0.0,0.0,0.0,1.0,0.0,0.0,0.0,1.0,1.0,0.0,0.0,1.0,0.0,1.0,0.0,0.0,0.0,0.0,0.0,0
-1.5655131900366648,-0.391493730422379,-1.8950053071585076,0.009850646208549108,-0.606833320537397,0.49888765837117444,0.4786436155370719,0.18580288688027013,-1.5276224669815408,-1.019118400612531,0.8071070273410997,0.7940805366324234,0.18192038041210587,-0.6309482384635949,0.5639066106135872,1.4132478086812315,0.46415252884658276,1.0,0.0,0.0,0.0,0.0,0.0,0.0,0.0,0.0,0.0,0.0,0.0,0.0,0.0,0.0,0.0,1.0,1.0,0.0,1.0,0.0,0.0,0.0,0.0,1.0,0.0,0.0,0.0,0.0,0.0,1.0,0.0,0.0,0.0,0.0,1.0,0.0,0.0,0.0,0.0,1.0,0.0,0.0,0.0,1.0,1.0,0.0,0.0,0.0,0.0,1.0,0.0,0.0,0.0,0
-0.6898853811324102,-1.4000928653533102,-1.3469484189652163,-1.088053513244579,0.40988340358952174,0.49888765837117444,0.12656448088470942,0.46042480853313744,-0.17440931183371247,0.9669564746953179,0.8071070273410997,-1.8864725846769428,0.1100718889381303,0.11889388647707982,-0.024995628365559186,-0.24614296472138883,-1.746136405936646,0.0,0.0,0.0,1.0,0.0,0.0,0.0,0.0,0.0,0.0,0.0,0.0,0.0,1.0,0.0,0.0,0.0,1.0,0.0,1.0,0.0,0.0,0.0,0.0,1.0,0.0,0.0,1.0,0.0,0.0,0.0,0.0,0.0,0.0,0.0,0.0,0.0,1.0,0.0,0.0,0.0,0.0,1.0,1.0,0.0,1.0,0.0,0.0,0.0,0.0,0.0,0.0,0.0,1.0,0
0.643907755295204,-0.8957979796715306,1.2238692411356764,0.24537558528076236,1.1488666986634468,0.49888765837117444,-0.006636545047092611,-0.06509230520784147,-1.5276224669815408,0.233955331039913,-1.3617941956209574,0.23781550455625436,-1.6142919064372832,-0.9045392840500573,-0.4175971210183234,0.5835524219799213,1.2044072747771428,0.0,0.0,0.0,0.0,1.0,0.0,0.0,0.0,0.0,0.0,0.0,0.0,0.0,1.0,0.0,0.0,0.0,0.0,1.0,0.0,1.0,0.0,0.0,1.0,0.0,0.0,0.0,0.0,0.0,0.0,0.0,1.0,0.0,0.0,0.0,1.0,0.0,0.0,0.0,0.0,0.0,0.0,1.0,1.0,0.0,1.0,0.0,0.0,0.0,0.0,1.0,0.0,0.0,0.0,0
0.2150909049702029,1.679914218685319,0.6029770458693231,0.6302523264503523,-0.23159342861585436,1.3738037617323386,0.900981136971537,0.6008707931875906,-0.17440931183371247,0.233955331039913,-1.3617941956209574,0.23781550455625436,-0.6084130258016253,-1.0869333144410323,0.7602073569399693,-0.24614296472138883,1.2899555826794953,0.0,0.0,1.0,0.0,0.0,0.0,0.0,0.0,0.0,0.0,0.0,0.0,0.0,0.0,1.0,0.0,0.0,0.0,1.0,0.0,1.0,0.0,0.0,0.0,1.0,0.0,0.0,0.0,0.0,0.0,0.0,0.0,0.0,0.0,1.0,0.0,0.0,1.0,0.0,0.0,0.0,0.0,1.0,1.0,0.0,0.0,1.0,0.0,0.0,0.0,0.0,1.0,0.0,0.0,0
-0.2916048051260948,-0.34985267652474944,-1.6846875008337523,-0.02808088940971111,1.2157962486842935,-0.9967912993099517,1.1280071692610243,1.1534088457972556,1.1788038433141157,1.487029062692357,0.8071070273410997,0.23781550455625436,-0.7521100087495765,2.125228220777804,0.36760586428720504,1.4132478086812315,-0.17134918699946408,0.0,0.0,0.0,0.0,0.0,0.0,0.0,0.0,0.0,0.0,0.0,1.0,0.0,0.0,1.0,0.0,0.0,0.0,1.0,1.0,0.0,0.0,0.0,1.0,0.0,0.0,0.0,0.0,0.0,0.0,0.0,0.0,0.0,1.0,0.0,0.0,0.0,0.0,0.0,1.0,0.0,0.0,1.0,1.0,0.0,1.0,0.0,0.0,0.0,0.0,0.0,1.0,0.0,0.0,0
-1.2250135565304194,-0.27730403642930584,0.30221683279231626,-0.8299192253482364,-0.7755637979526826,0.49888765837117444,0.753962955106037,1.0571363150314774,0.6171696394103273,-1.019118400612531,0.006630118503325768,-0.5461960240222598,0.5411628377819837,1.9175016861658605,-1.5954015989766162,-0.24614296472138883,1.5762805315771646,0.0,0.0,0.0,0.0,0.0,0.0,0.0,0.0,0.0,0.0,0.0,1.0,0.0,1.0,0.0,0.0,0.0,1.0,0.0,0.0,0.0,1.0,0.0,0.0,1.0,0.0,0.0,1.0,0.0,0.0,0.0,0.0,0.0,0.0,0.0,0.0,1.0,0.0,0.0,0.0,1.0,0.0,0.0,1.0,0.0,0.0,1.0,0.0,0.0,1.0,0.0,0.0,0.0,0.0,1
-0.7516831705681803,-0.32533468945784066,-1.0809144268831403,0.009850646208549108,1.298113183907778,0.49888765837117444,0.2030874810695001,0.3299274122370313,-0.17440931183371247,0.233955331039913,0.8071070273410997,-0.5461960240222598,-0.6802615172756009,2.2417577401942603,-1.0064993599974699,0.5835524219799213,-1.7042351939028408,0.0,1.0,0.0,0.0,0.0,0.0,0.0,0.0,0.0,0.0,0.0,0.0,0.0,0.0,1.0,0.0,0.0,0.0,1.0,1.0,0.0,0.0,0.0,0.0,1.0,0.0,0.0,1.0,0.0,0.0,0.0,0.0,0.0,0.0,0.0,0.0,0.0,1.0,0.0,0.0,0.0,0.0,1.0,1.0,0.0,1.0,0.0,0.0,0.0,0.0,1.0,0.0,0.0,0.0,0
-0.26377568275455093,-0.4602477689714164,-0.1496879775104765,0.5628463762604666,-0.34059638025356326,0.49888765837117444,0.2343067395969617,0.12055541713465458,-0.17440931183371247,0.9669564746953179,2.1755313414653825,-0.5461960240222598,-1.7579888893852342,-0.2002956667071263,-0.024995628365559186,1.4132478086812315,0.5828726296090311,0.0,0.0,0.0,0.0,0.0,1.0,0.0,0.0,0.0,0.0,0.0,0.0,0.0,0.0,1.0,0.0,0.0,0.0,1.0,0.0,0.0,1.0,0.0,0.0,1.0,0.0,0.0,0.0,0.0,0.0,1.0,0.0,0.0,0.0,0.0,0.0,0.0,0.0,1.0,0.0,1.0,0.0,0.0,0.0,1.0,1.0,0.0,0.0,0.0,0.0,0.0,1.0,0.0,0.0,1
-0.24255300437522487,-0.23825985818868722,-0.04014236555699533,0.4912684024270363,-0.4641737345920091,0.49888765837117444,-0.14094938142551336,0.06611967937892306,-0.17440931183371247,0.9669564746953179,1.375054432627609,0.7940805366324234,1.1159507695737882,-0.42322170385165125,-0.6138978673447055,0.5835524219799213,0.9530000025743111,0.0,0.0,0.0,0.0,0.0,0.0,1.0,0.0,0.0,0.0,0.0,0.0,0.0,1.0,0.0,0.0,0.0,0.0,1.0,1.0,0.0,0.0,0.0,0.0,1.0,0.0,0.0,0.0,0.0,0.0,0.0,0.0,0.0,0.0,1.0,0.0,1.0,0.0,0.0,0.0,0.0,0.0,1.0,1.0,0.0,1.0,0.0,0.0,0.0,0.0,0.0,1.0,0.0,0.0,0
-0.21873355311787196,-1.415139642362385,1.0707682540679861,-0.7919876897299764,0.3008804519518133,0.49888765837117444,0.7822604980264058,0.51591671370532,0.6171696394103273,-1.019118400612531,-1.3617941956209574,0.7940805366324234,0.8285568036778859,-0.3168251861235825,-0.4175971210183234,-0.24614296472138883,-0.9395380742858943,0.0,0.0,0.0,0.0,0.0,0.0,0.0,0.0,0.0,0.0,1.0,0.0,0.0,1.0,0.0,0.0,0.0,0.0,1.0,0.0,1.0,0.0,0.0,0.0,0.0,1.0,0.0,0.0,0.0,0.0,0.0,1.0,0.0,0.0,0.0,1.0,0.0,0.0,0.0,0.0,0.0,0.0,1.0,1.0,0.0,0.0,1.0,0.0,1.0,0.0,0.0,0.0,0.0,0.0,0
-0.9686709016461909,-1.765221472111011,-0.014183088588680292,-0.02808088940971111,-0.4641737345920091,-0.9967912993099517,0.06103222031632599,-0.26854439727691864,-1.5276224669815408,0.233955331039913,-1.3617941956209574,-0.5461960240222598,-1.1832009575934297,0.012497368749011112,-2.3806045842821444,-1.075838351422699,-0.08580087909711163,0.0,0.0,0.0,0.0,0.0,0.0,0.0,0.0,1.0,0.0,0.0,0.0,0.0,0.0,1.0,0.0,0.0,0.0,1.0,0.0,1.0,0.0,0.0,0.0,1.0,0.0,0.0,0.0,0.0,0.0,0.0,0.0,1.0,0.0,0.0,0.0,0.0,1.0,0.0,0.0,1.0,0.0,0.0,1.0,0.0,0.0,1.0,0.0,0.0,1.0,0.0,0.0,0.0,0.0,0
-1.5227416837952426,1.0150447275607883,0.2616010418910505,1.30534820911563,-1.6235500446643159,-0.9967912993099517,-0.31635665566209015,-0.02000976750547725,-0.17440931183371247,-1.019118400612531,0.8071070273410997,0.7940805366324234,2.481072107579324,1.9580336929194104,0.17130511796082293,0.5835524219799213,-0.7265402464473841,0.0,0.0,0.0,0.0,0.0,0.0,0.0,1.0,0.0,0.0,0.0,0.0,0.0,0.0,1.0,0.0,0.0,0.0,1.0,0.0,0.0,1.0,0.0,0.0,0.0,1.0,0.0,0.0,0.0,0.0,0.0,1.0,0.0,0.0,0.0,0.0,0.0,0.0,1.0,0.0,0.0,0.0,1.0,1.0,0.0,1.0,0.0,0.0,1.0,0.0,0.0,0.0,0.0,0.0,1
0.31117938205552287,-1.5082376623384133,-0.6745490755800451,-1.2425237219686571,1.1940198217402864,0.49888765837117444,1.5618486753370628,1.6772591106219341,-1.5276224669815408,0.233955331039913,-1.3617941956209574,-0.5461960240222598,1.9062841757875193,-0.6562807426845636,1.3491095959191157,-1.9055337381240092,-0.04564555089804823,0.0,1.0,0.0,0.0,0.0,0.0,0.0,0.0,0.0,0.0,0.0,0.0,0.0,1.0,0.0,0.0,0.0,1.0,0.0,0.0,1.0,0.0,0.0,0.0,1.0,0.0,0.0,0.0,0.0,0.0,0.0,0.0,1.0,0.0,0.0,1.0,0.0,0.0,0.0,0.0,0.0,0.0,1.0,1.0,0.0,1.0,0.0,1.0,0.0,0.0,0.0,0.0,0.0,0.0,0
0.8989986393484178,1.8404050959476088,-1.3469484189652163,-1.889891849183104,1.1254361954173302,-0.9967912993099517,-0.036101858507236045,-0.30920144577934616,0.6171696394103273,0.9669564746953179,0.8071070273410997,0.23781550455625436,-0.5365645343276497,-1.1882633313249071,-0.4175971210183234,-1.075838351422699,1.696746516174355,0.0,0.0,0.0,0.0,0.0,0.0,0.0,0.0,0.0,0.0,1.0,0.0,0.0,1.0,0.0,0.0,0.0,0.0,1.0,1.0,0.0,0.0,1.0,0.0,0.0,0.0,0.0,0.0,0.0,0.0,0.0,0.0,0.0,1.0,0.0,1.0,0.0,0.0,0.0,0.0,1.0,0.0,0.0,1.0,0.0,0.0,1.0,0.0,1.0,0.0,0.0,0.0,0.0,0.0,0
1.5878824292250626,1.687654025640468,-0.7645145055021436,0.009850646208549108,1.3737025624196817,1.3738037617323386,-0.2868552574403173,-0.5933198614575299,-0.17440931183371247,1.487029062692357,-1.3617941956209574,0.23781550455625436,-1.5424434149633075,1.344987090771967,-0.2212963746919413,-0.24614296472138883,-1.360296078458689,0.0,0.0,0.0,0.0,0.0,1.0,0.0,0.0,0.0,0.0,0.0,0.0,0.0,1.0,0.0,0.0,0.0,1.0,0.0,0.0,1.0,0.0,0.0,0.0,1.0,0.0,0.0,0.0,0.0,0.0,0.0,0.0,0.0,1.0,0.0,0.0,0.0,1.0,0.0,0.0,1.0,0.0,0.0,1.0,0.0,0.0,1.0,0.0,0.0,0.0,1.0,0.0,0.0,0.0,0
0.25401759828354986,1.2147951123605096,0.7651750971361643,-1.889891849183104,0.8187799298187437,-0.9967912993099517,0.3417668942773893,0.4510479700974564,-1.5276224669815408,-1.019118400612531,0.006630118503325768,1.5780920652109374,-0.10547358548379637,-1.0210688034665136,-0.2212963746919413,-1.9055337381240092,0.8080916442907344,0.0,0.0,0.0,0.0,1.0,0.0,0.0,0.0,0.0,0.0,0.0,0.0,0.0,0.0,1.0,0.0,0.0,0.0,1.0,0.0,0.0,1.0,0.0,0.0,1.0,0.0,0.0,1.0,0.0,0.0,0.0,0.0,0.0,0.0,0.0,0.0,0.0,1.0,0.0,0.0,1.0,0.0,0.0,1.0,0.0,1.0,0.0,0.0,1.0,0.0,0.0,0.0,0.0,0.0,0
1.5464528367290284,0.687853771560939,0.036182840710240624,-1.889891849183104,1.298113183907778,1.3738037617323386,0.23463470505741119,-0.017534570995261727,0.6171696394103273,0.233955331039913,1.375054432627609,0.23781550455625436,-1.8298373808592099,0.058095876346754845,-0.024995628365559186,0.5835524219799213,1.4191509864503948,0.0,0.0,0.0,0.0,1.0,0.0,0.0,0.0,0.0,0.0,0.0,0.0,0.0,0.0,1.0,0.0,0.0,0.0,1.0,0.0,0.0,1.0,0.0,0.0,1.0,0.0,0.0,0.0,0.0,0.0,0.0,0.0,0.0,1.0,0.0,1.0,0.0,0.0,0.0,0.0,0.0,0.0,1.0,1.0,0.0,1.0,0.0,1.0,0.0,0.0,0.0,0.0,0.0,0.0,0
1.5313674600548832,-0.7554846150305914,-0.5118740474830508,1.1698566365067877,0.6367333169865165,1.3738037617323386,0.17291618679711593,-0.0924648715721672,0.6171696394103273,-1.019118400612531,-1.3617941956209574,2.134357097287106,0.6130113292559592,-1.5023863836649196,0.5639066106135872,1.4132478086812315,-0.4891000449224875,0.0,0.0,0.0,0.0,1.0,0.0,0.0,0.0,0.0,0.0,0.0,0.0,0.0,0.0,1.0,0.0,0.0,0.0,1.0,0.0,1.0,0.0,0.0,0.0,1.0,0.0,0.0,0.0,0.0,0.0,0.0,0.0,0.0,1.0,0.0,1.0,0.0,0.0,0.0,0.0,0.0,0.0,1.0,1.0,0.0,1.0,0.0,0.0,0.0,0.0,0.0,1.0,0.0,0.0,1
1.5578249623467562,-2.023172700748211,-0.23859410545326964,1.1065504243026494,0.9708350832117979,-0.9967912993099517,0.3491394809315517,0.5189961581685946,-0.17440931183371247,1.487029062692357,-1.3617941956209574,0.7940805366324234,1.2596477525217393,0.058095876346754845,0.9565081032663514,-1.075838351422699,0.8255504826381533,0.0,0.0,0.0,0.0,1.0,0.0,0.0,0.0,0.0,0.0,0.0,0.0,0.0,0.0,1.0,0.0,0.0,1.0,0.0,0.0,1.0,0.0,0.0,0.0,1.0,0.0,0.0,0.0,1.0,0.0,0.0,0.0,0.0,0.0,0.0,0.0,0.0,1.0,0.0,0.0,1.0,0.0,0.0,1.0,0.0,1.0,0.0,0.0,0.0,0.0,0.0,1.0,0.0,0.0,0
-0.20991749496900194,-0.010462903108779882,0.4167485119683675,-0.5264140952250759,-0.4641737345920091,0.49888765837117444,-0.012344529095283916,0.38780200221136235,-1.5276224669815408,1.8904287018766261,0.006630118503325768,0.23781550455625436,-0.10547358548379637,-0.47895321313778244,-0.2212963746919413,-0.24614296472138883,-1.625670421339456,0.0,0.0,0.0,0.0,1.0,0.0,0.0,0.0,0.0,0.0,0.0,0.0,0.0,1.0,0.0,0.0,0.0,0.0,1.0,0.0,0.0,1.0,0.0,0.0,1.0,0.0,0.0,0.0,0.0,0.0,0.0,1.0,0.0,0.0,0.0,0.0,0.0,0.0,1.0,0.0,1.0,0.0,0.0,1.0,0.0,0.0,1.0,0.0,0.0,0.0,0.0,1.0,0.0,0.0,1
-1.2184112686975161,1.146039051155073,1.2802509158658446,-0.2623626169803747,-0.34059638025356326,1.3738037617323386,1.6084775664547777,1.4903428820420308,-0.17440931183371247,-1.019118400612531,-1.3617941956209574,-0.5461960240222598,-0.823958500223552,0.7775389962222671,-0.4175971210183234,-1.9055337381240092,-0.3791093633337486,0.0,0.0,0.0,0.0,0.0,0.0,0.0,0.0,1.0,0.0,0.0,0.0,0.0,0.0,1.0,0.0,0.0,0.0,1.0,0.0,1.0,0.0,0.0,0.0,1.0,0.0,0.0,0.0,0.0,0.0,0.0,1.0,0.0,0.0,0.0,1.0,0.0,0.0,0.0,0.0,1.0,0.0,0.0,1.0,0.0,1.0,0.0,0.0,0.0,0.0,1.0,0.0,0.0,0.0,0
-0.31368827013779704,-0.7554846150305914,1.8059471584623097,0.0645131704451016,-0.7755637979526826,1.3738037617323386,0.29316498237550714,0.37561069047350193,0.6171696394103273,-1.019118400612531,1.375054432627609,0.7940805366324234,0.3974658548340326,-0.5701502283332699,0.7602073569399693,-0.24614296472138883,0.14465578708881743,0.0,0.0,0.0,0.0,0.0,0.0,0.0,0.0,0.0,0.0,0.0,1.0,0.0,0.0,1.0,0.0,0.0,1.0,0.0,1.0,0.0,0.0,0.0,0.0,1.0,0.0,0.0,0.0,0.0,0.0,0.0,0.0,0.0,0.0,1.0,1.0,0.0,0.0,0.0,0.0,1.0,0.0,0.0,1.0,0.0,1.0,0.0,0.0,1.0,0.0,0.0,0.0,0.0,0.0,1
0.19410342045677806,-0.34985267652474944,-0.6318676889272661,-0.6851294763861162,1.4435814380018892,-0.9967912993099517,0.19745103036226658,0.3483388570815021,0.6171696394103273,0.9669564746953179,1.375054432627609,0.23781550455625436,2.481072107579324,0.09356138225611109,-0.8101986136710877,-0.24614296472138883,1.7369018443734183,0.0,0.0,0.0,0.0,0.0,1.0,0.0,0.0,0.0,0.0,0.0,0.0,0.0,1.0,0.0,0.0,0.0,0.0,1.0,1.0,0.0,0.0,0.0,0.0,1.0,0.0,0.0,0.0,0.0,1.0,0.0,0.0,0.0,0.0,0.0,0.0,0.0,1.0,0.0,0.0,0.0,0.0,1.0,1.0,0.0,1.0,0.0,0.0,0.0,0.0,0.0,0.0,1.0,0.0,0
-0.25463589868182107,2.1549075159617366,0.21963114456386534,-0.360873867183546,-0.04588164091512093,-0.9967912993099517,1.7974963149488308,1.7491322666356366,-0.17440931183371247,-1.019118400612531,-1.3617941956209574,-0.5461960240222598,0.03822339746415475,-2.333292522112694,-0.2212963746919413,0.5835524219799213,1.4872404560053285,0.0,0.0,0.0,0.0,0.0,0.0,0.0,0.0,0.0,0.0,0.0,1.0,0.0,0.0,1.0,0.0,0.0,0.0,1.0,0.0,1.0,0.0,0.0,0.0,1.0,0.0,0.0,0.0,0.0,0.0,0.0,0.0,0.0,1.0,0.0,0.0,0.0,1.0,0.0,0.0,0.0,0.0,1.0,1.0,0.0,1.0,0.0,0.0,0.0,0.0,1.0,0.0,0.0,0.0,0
-0.7381800181615846,0.31366697036577207,-1.022346642334492,0.7543148343957864,1.1013970400975368,-0.9967912993099517,1.3336646241619703,1.057748565064402,-0.17440931183371247,-1.019118400612531,-1.3617941956209574,1.2255532164261718,-0.5365645343276497,-0.3776231962539075,-0.6138978673447055,0.5835524219799213,0.03990275700430422,0.0,0.0,0.0,0.0,1.0,0.0,0.0,0.0,0.0,0.0,0.0,0.0,0.0,1.0,0.0,0.0,0.0,0.0,1.0,0.0,1.0,0.0,0.0,0.0,1.0,0.0,0.0,1.0,0.0,0.0,0.0,0.0,0.0,0.0,0.0,0.0,1.0,0.0,0.0,0.0,1.0,0.0,0.0,1.0,0.0,1.0,0.0,0.0,0.0,1.0,0.0,0.0,0.0,0.0,0
-1.123362932364521,0.026444188934162227,1.7815001703582716,1.280734340311765,0.5525429895349099,-0.9967912993099517,-1.4362703808395803,-1.3434245316531361,1.9703827945581553,1.8904287018766261,0.8071070273410997,1.5780920652109374,0.18192038041210587,1.583112630449073,-0.6138978673447055,-0.24614296472138883,-0.8609733017225094,0.0,0.0,0.0,0.0,0.0,0.0,0.0,0.0,1.0,0.0,0.0,0.0,0.0,1.0,0.0,0.0,0.0,0.0,1.0,0.0,0.0,1.0,0.0,0.0,1.0,0.0,0.0,0.0,0.0,1.0,0.0,0.0,0.0,0.0,0.0,0.0,0.0,1.0,0.0,0.0,0.0,0.0,1.0,1.0,0.0,1.0,0.0,0.0,0.0,0.0,0.0,1.0,0.0,0.0,0
-1.2053108494407347,1.187615416728368,0.5871406065190502,1.0163638745589476,0.8187799298187437,-0.9967912993099517,1.3222133922160515,1.3376245731704577,-1.5276224669815408,1.487029062692357,0.8071070273410997,0.23781550455625436,0.03822339746415475,-1.1882633313249071,0.9565081032663514,1.4132478086812315,-0.5798860043290657,0.0,0.0,0.0,0.0,1.0,0.0,0.0,0.0,0.0,0.0,0.0,0.0,0.0,1.0,0.0,0.0,0.0,1.0,0.0,1.0,0.0,0.0,0.0,1.0,0.0,0.0,0.0,0.0,0.0,0.0,0.0,0.0,0.0,0.0,1.0,0.0,0.0,1.0,0.0,0.0,1.0,0.0,0.0,1.0,0.0,0.0,1.0,1.0,0.0,0.0,0.0,0.0,0.0,0.0,0
-0.20116344946566048,-0.027499199302139277,-0.812028836009737,1.2428028046935045,1.3737025624196817,0.49888765837117444,1.6856807391540962,1.4196624249712886,0.6171696394103273,0.9669564746953179,-1.3617941956209574,1.2255532164261718,-1.470594923489332,-0.20536216755132006,0.5639066106135872,1.4132478086812315,-0.24293042422388145,0.0,0.0,0.0,0.0,0.0,0.0,0.0,0.0,0.0,0.0,0.0,1.0,0.0,1.0,0.0,0.0,0.0,0.0,1.0,0.0,1.0,0.0,0.0,0.0,1.0,0.0,0.0,0.0,0.0,1.0,0.0,0.0,0.0,0.0,0.0,0.0,0.0,1.0,0.0,0.0,1.0,0.0,0.0,1.0,0.0,0.0,1.0,0.0,0.0,0.0,0.0,1.0,0.0,0.0,0
-1.5918999382799262,0.941749206668019,-0.7645145055021436,-1.1887089868435954,-0.7755637979526826,-0.9967912993099517,-0.8617085894565438,-0.4875052988289768,-0.17440931183371247,-1.019118400612531,0.006630118503325768,0.23781550455625436,-1.0395039746454786,0.9143345190154983,-0.4175971210183234,1.4132478086812315,-0.46989532274032675,0.0,0.0,0.0,0.0,0.0,0.0,0.0,0.0,1.0,0.0,0.0,0.0,0.0,0.0,1.0,0.0,0.0,0.0,1.0,1.0,0.0,0.0,0.0,0.0,1.0,0.0,0.0,0.0,0.0,0.0,0.0,1.0,0.0,0.0,0.0,0.0,1.0,0.0,0.0,0.0,1.0,0.0,0.0,1.0,0.0,1.0,0.0,1.0,0.0,0.0,0.0,0.0,0.0,0.0,1
-0.12503039494513235,-0.08315529134653081,-1.2749871003535849,0.7737574465288144,0.034643511667979465,-0.9967912993099517,-0.355739441848434,-0.17563868282649023,-0.17440931183371247,-1.019118400612531,0.8071070273410997,0.7940805366324234,0.25376887188608144,0.48874844810322343,0.5639066106135872,-0.24614296472138883,-1.0861923164042129,0.0,0.0,0.0,0.0,0.0,0.0,0.0,0.0,1.0,0.0,0.0,0.0,0.0,0.0,1.0,0.0,0.0,0.0,1.0,0.0,0.0,1.0,0.0,0.0,1.0,0.0,0.0,0.0,0.0,0.0,0.0,0.0,0.0,0.0,1.0,0.0,1.0,0.0,0.0,0.0,0.0,0.0,1.0,1.0,0.0,0.0,1.0,0.0,0.0,0.0,0.0,0.0,1.0,0.0,0
0.06954672014623776,-2.1334523695039787,1.651593246764957,0.5035098731771052,1.1717186114282805,-0.9967912993099517,-0.038459029403006544,0.3007501049381132,-1.5276224669815408,-1.019118400612531,0.006630118503325768,-0.5461960240222598,-0.17732207695777194,-0.6866797477497262,0.36760586428720504,-1.9055337381240092,0.26686765552074954,0.0,1.0,0.0,0.0,0.0,0.0,0.0,0.0,0.0,0.0,0.0,0.0,0.0,0.0,1.0,0.0,0.0,0.0,1.0,1.0,0.0,0.0,0.0,0.0,1.0,0.0,0.0,0.0,0.0,1.0,0.0,0.0,0.0,0.0,0.0,0.0,0.0,1.0,0.0,0.0,1.0,0.0,0.0,1.0,0.0,1.0,0.0,0.0,0.0,0.0,0.0,1.0,0.0,0.0,0
0.16844213322952012,-0.1700995603448151,1.385961677677559,-0.3354484878652693,0.1773030976133672,-0.9967912993099517,0.5005682371883455,0.7859985508727458,-0.17440931183371247,0.9669564746953179,0.006630118503325768,0.23781550455625436,2.481072107579324,1.3145880857068044,-0.2212963746919413,-1.9055337381240092,-1.6588422141995518,1.0,0.0,0.0,0.0,0.0,0.0,0.0,0.0,0.0,0.0,0.0,0.0,0.0,1.0,0.0,0.0,0.0,0.0,1.0,0.0,0.0,1.0,0.0,0.0,0.0,1.0,0.0,0.0,0.0,0.0,0.0,0.0,0.0,1.0,0.0,1.0,0.0,0.0,0.0,0.0,1.0,0.0,0.0,1.0,0.0,0.0,1.0,0.0,0.0,0.0,1.0,0.0,0.0,0.0,0
-1.4335190472462758,-0.1333473605730854,-0.30155624115829577,0.44096446875497947,-1.2483101527427733,0.49888765837117444,-0.029912244170083275,0.28324360497506595,0.6171696394103273,-1.019118400612531,0.006630118503325768,-0.5461960240222598,-1.3987464320153564,-2.333292522112694,-0.024995628365559186,-0.24614296472138883,-1.7670870119535487,0.0,0.0,0.0,0.0,0.0,0.0,0.0,0.0,0.0,0.0,0.0,1.0,0.0,0.0,1.0,0.0,0.0,0.0,1.0,0.0,0.0,1.0,0.0,0.0,0.0,1.0,0.0,0.0,0.0,0.0,0.0,1.0,0.0,0.0,0.0,0.0,0.0,1.0,0.0,0.0,1.0,0.0,0.0,1.0,0.0,1.0,0.0,0.0,0.0,1.0,0.0,0.0,0.0,0.0,0
0.36028702255234557,-0.010462903108779882,-0.30155624115829577,1.1065504243026494,0.5073898664580703,0.49888765837117444,-0.07000498324001195,0.17682686902762146,-0.17440931183371247,-1.019118400612531,0.8071070273410997,-0.5461960240222598,-0.10547358548379637,-1.7303789216536383,-1.2028001063238518,-0.24614296472138883,-1.6448751435216167,0.0,0.0,0.0,0.0,0.0,1.0,0.0,0.0,0.0,0.0,0.0,0.0,0.0,0.0,1.0,0.0,0.0,0.0,1.0,1.0,0.0,0.0,1.0,0.0,0.0,0.0,0.0,0.0,0.0,0.0,0.0,1.0,0.0,0.0,0.0,0.0,0.0,1.0,0.0,0.0,0.0,0.0,1.0,1.0,0.0,0.0,1.0,0.0,0.0,0.0,1.0,0.0,0.0,0.0,0
0.375015340455511,-0.46903476159018276,0.01125172249905238,2.7317164111669183,-0.7755637979526826,-0.9967912993099517,-0.4618174596962833,-0.6147326684700247,0.6171696394103273,1.487029062692357,0.006630118503325768,-0.5461960240222598,-0.39286755137969864,-0.29655918274680754,-1.2028001063238518,-0.24614296472138883,0.7207974525536401,0.0,0.0,0.0,0.0,1.0,0.0,0.0,0.0,0.0,0.0,0.0,0.0,0.0,1.0,0.0,0.0,0.0,0.0,1.0,0.0,0.0,1.0,1.0,0.0,0.0,0.0,0.0,1.0,0.0,0.0,0.0,0.0,0.0,0.0,0.0,0.0,1.0,0.0,0.0,0.0,1.0,0.0,0.0,1.0,0.0,1.0,0.0,0.0,0.0,0.0,0.0,1.0,0.0,0.0,0
0.1834754452128086,-0.434147998123634,-0.2082557620591248,0.9846685167971622,-0.9820732124589395,-0.9967912993099517,1.0573240985008172,1.2241592680427296,0.6171696394103273,-1.019118400612531,-1.3617941956209574,-1.8864725846769428,-0.5365645343276497,-0.37255669540971376,0.5639066106135872,-1.075838351422699,-0.7666955746464476,0.0,0.0,0.0,1.0,0.0,0.0,0.0,0.0,0.0,0.0,0.0,0.0,0.0,1.0,0.0,0.0,0.0,0.0,1.0,0.0,1.0,0.0,0.0,0.0,0.0,1.0,0.0,1.0,0.0,0.0,0.0,0.0,0.0,0.0,0.0,1.0,0.0,0.0,0.0,0.0,0.0,0.0,1.0,1.0,0.0,0.0,1.0,0.0,1.0,0.0,0.0,0.0,0.0,0.0,0
-1.5311791963693737,-0.010462903108779882,-1.3469484189652163,-1.4208464910184138,-0.606833320537397,-0.9967912993099517,-0.6316921784753974,-0.8611329682901405,-1.5276224669815408,1.487029062692357,0.8071070273410997,0.7940805366324234,-1.0395039746454786,0.09356138225611109,-1.7917023453029983,-0.24614296472138883,-1.0600040588830846,0.0,0.0,0.0,0.0,0.0,0.0,0.0,0.0,0.0,0.0,1.0,0.0,0.0,0.0,1.0,0.0,0.0,0.0,1.0,1.0,0.0,0.0,0.0,0.0,1.0,0.0,0.0,0.0,0.0,0.0,0.0,0.0,0.0,1.0,0.0,1.0,0.0,0.0,0.0,0.0,0.0,0.0,1.0,1.0,0.0,1.0,0.0,0.0,0.0,0.0,0.0,1.0,0.0,0.0,1
0.9496105483385547,-1.2701856794649977,-1.6846875008337523,-0.4685616310762956,-0.04588164091512093,0.49888765837117444,-0.21513856723665675,-0.2650511323194271,0.6171696394103273,-1.019118400612531,0.006630118503325768,0.7940805366324234,0.5411628377819837,-0.4384212063842325,0.36760586428720504,-1.075838351422699,1.0507694973198567,0.0,0.0,0.0,0.0,0.0,1.0,0.0,0.0,0.0,0.0,0.0,0.0,0.0,0.0,1.0,0.0,0.0,0.0,1.0,0.0,0.0,1.0,0.0,0.0,1.0,0.0,0.0,0.0,1.0,0.0,0.0,0.0,0.0,0.0,0.0,0.0,0.0,1.0,0.0,0.0,1.0,0.0,0.0,1.0,0.0,1.0,0.0,0.0,0.0,0.0,0.0,0.0,0.0,1.0,0
2.176607984502747,3.1474676795296115,1.0488723921218375,-1.1372868238037945,0.034643511667979465,0.49888765837117444,-0.6971196824858396,-0.8017577452866118,1.6144411763273727,-1.019118400612531,0.8071070273410997,-1.8864725846769428,0.6848598207299348,-0.6461477409961761,1.1528088495927336,-0.24614296472138883,1.555329925560262,0.0,0.0,0.0,0.0,1.0,0.0,0.0,0.0,0.0,0.0,0.0,0.0,0.0,0.0,1.0,0.0,0.0,0.0,1.0,0.0,0.0,1.0,0.0,0.0,1.0,0.0,0.0,0.0,0.0,0.0,0.0,1.0,0.0,0.0,0.0,1.0,0.0,0.0,0.0,0.0,1.0,0.0,0.0,0.0,1.0,1.0,0.0,0.0,0.0,0.0,0.0,1.0,0.0,0.0,1
-0.002689898199462345,-1.3557122345226607,-1.5913870217345818,2.310461889969802,1.2157962486842935,0.49888765837117444,0.1732578041484287,0.2956535172561837,0.6171696394103273,0.9669564746953179,0.8071070273410997,-0.5461960240222598,-1.6142919064372832,-0.5904162317100449,-1.0064993599974699,-0.24614296472138883,0.9390329318963759,0.0,0.0,0.0,0.0,0.0,0.0,0.0,0.0,1.0,0.0,0.0,0.0,0.0,0.0,1.0,0.0,0.0,0.0,1.0,0.0,0.0,1.0,0.0,0.0,0.0,1.0,0.0,0.0,0.0,0.0,0.0,0.0,0.0,0.0,1.0,0.0,1.0,0.0,0.0,0.0,1.0,0.0,0.0,1.0,0.0,1.0,0.0,0.0,0.0,0.0,0.0,1.0,0.0,0.0,1
-0.32970558695237473,-0.34985267652474944,0.9211243378682687,0.9014089829064915,-0.9820732124589395,0.49888765837117444,-0.7359854464015573,-1.0522146028905999,-0.17440931183371247,1.487029062692357,0.8071070273410997,-0.5461960240222598,-0.2491705684317475,0.5850119641429047,0.7602073569399693,-1.075838351422699,1.541362854882327,0.0,0.0,0.0,0.0,0.0,1.0,0.0,0.0,0.0,0.0,0.0,0.0,0.0,0.0,1.0,0.0,0.0,0.0,1.0,1.0,0.0,0.0,0.0,0.0,1.0,0.0,0.0,0.0,0.0,0.0,0.0,0.0,0.0,0.0,1.0,1.0,0.0,0.0,0.0,0.0,0.0,0.0,1.0,1.0,0.0,1.0,0.0,1.0,0.0,0.0,0.0,0.0,0.0,0.0,1
0.7911472682189314,-1.0361106240362834,0.8455628442893777,0.3883732220473554,0.10871947129041147,1.3738037617323386,-1.2067006012288353,-1.2498188677742401,-1.5276224669815408,-1.019118400612531,0.8071070273410997,-0.5461960240222598,0.25376887188608144,-0.007768634627763882,-0.024995628365559186,-1.9055337381240092,-0.47338709040981053,0.0,0.0,0.0,0.0,0.0,0.0,1.0,0.0,0.0,0.0,0.0,0.0,0.0,0.0,1.0,0.0,0.0,0.0,1.0,1.0,0.0,0.0,0.0,0.0,0.0,1.0,0.0,0.0,0.0,0.0,0.0,1.0,0.0,0.0,0.0,0.0,1.0,0.0,0.0,0.0,1.0,0.0,0.0,1.0,0.0,1.0,0.0,0.0,0.0,0.0,0.0,1.0,0.0,0.0,0
-0.6685378879562976,-0.3172376392355304,0.10814415932187205,1.882802701960093,0.750196303495788,1.3738037617323386,-0.027022040120240138,-0.0607612007893286,-0.17440931183371247,0.233955331039913,0.006630118503325768,0.23781550455625436,1.0441022780998126,1.4311176051232606,-1.9880030916293803,-0.24614296472138883,-0.8173262058539622,0.0,0.0,0.0,0.0,0.0,0.0,0.0,0.0,0.0,0.0,0.0,1.0,0.0,0.0,1.0,0.0,0.0,0.0,1.0,0.0,0.0,1.0,0.0,1.0,0.0,0.0,0.0,0.0,0.0,0.0,0.0,0.0,0.0,0.0,1.0,0.0,1.0,0.0,0.0,0.0,1.0,0.0,0.0,1.0,0.0,1.0,0.0,1.0,0.0,0.0,0.0,0.0,0.0,0.0,1
0.09959250325670026,0.0980061316601558,-0.9128010303810109,1.0698232700434167,-0.9820732124589395,-0.9967912993099517,0.6853038309480108,1.0126075312623914,-1.5276224669815408,0.233955331039913,1.375054432627609,0.7940805366324234,-0.9676554831715031,1.0055315342109858,-0.8101986136710877,-0.24614296472138883,-1.22237125551408,0.0,0.0,0.0,0.0,1.0,0.0,0.0,0.0,0.0,0.0,0.0,0.0,0.0,1.0,0.0,0.0,0.0,0.0,1.0,0.0,0.0,1.0,0.0,0.0,1.0,0.0,0.0,0.0,0.0,0.0,0.0,0.0,0.0,1.0,0.0,0.0,1.0,0.0,0.0,0.0,1.0,0.0,0.0,1.0,0.0,0.0,1.0,0.0,1.0,0.0,0.0,0.0,0.0,0.0,1
-1.6937397148647182,-0.010462903108779882,0.470330229294446,1.4156038057849614,0.3008804519518133,-0.9967912993099517,0.8594682289619522,0.9933627817801709,1.1788038433141157,-1.019118400612531,0.006630118503325768,-0.5461960240222598,-0.10547358548379637,-0.23576117261648255,2.134312581224644,1.4132478086812315,-1.6972516585638733,0.0,1.0,0.0,0.0,0.0,0.0,0.0,0.0,0.0,0.0,0.0,0.0,0.0,1.0,0.0,0.0,0.0,1.0,0.0,0.0,0.0,1.0,0.0,0.0,1.0,0.0,0.0,0.0,0.0,0.0,0.0,0.0,0.0,0.0,1.0,0.0,0.0,1.0,0.0,0.0,1.0,0.0,0.0,1.0,0.0,0.0,1.0,0.0,0.0,0.0,0.0,1.0,0.0,0.0,0
-1.8475807860027398,-1.6065583084154949,1.307522314191209,-0.9097307441948221,1.1488666986634468,1.3738037617323386,-0.27181350282920863,-0.5052072950729359,-1.5276224669815408,0.9669564746953179,0.006630118503325768,0.7940805366324234,-0.39286755137969864,-0.5802832300216574,-0.024995628365559186,0.5835524219799213,0.07307454986440007,0.0,0.0,0.0,0.0,0.0,0.0,0.0,0.0,1.0,0.0,0.0,0.0,0.0,1.0,0.0,0.0,0.0,1.0,0.0,0.0,0.0,1.0,1.0,0.0,0.0,0.0,0.0,0.0,0.0,0.0,0.0,0.0,0.0,1.0,0.0,0.0,0.0,1.0,0.0,0.0,1.0,0.0,0.0,1.0,0.0,0.0,1.0,0.0,0.0,0.0,1.0,0.0,0.0,0.0,0
1.0092872919355371,-0.010462903108779882,0.7085821840954115,-1.889891849183104,0.5955951912902556,-0.9967912993099517,1.9506275264494923,1.7797993287922755,-0.17440931183371247,-1.019118400612531,1.375054432627609,-0.5461960240222598,2.265526633157397,-0.7373447561916636,0.7602073569399693,-1.075838351422699,-1.039053452866182,0.0,0.0,0.0,0.0,0.0,1.0,0.0,0.0,0.0,0.0,0.0,0.0,0.0,1.0,0.0,0.0,0.0,0.0,1.0,1.0,0.0,0.0,0.0,0.0,1.0,0.0,0.0,0.0,0.0,0.0,0.0,0.0,1.0,0.0,0.0,0.0,1.0,0.0,0.0,0.0,1.0,0.0,0.0,1.0,0.0,1.0,0.0,0.0,0.0,0.0,1.0,0.0,0.0,0.0,0
0.9049906024770215,0.9099469835345365,1.4912754189973283,2.051050066669346,-0.4641737345920091,-0.9967912993099517,1.1899668903583107,1.399039636143991,-1.5276224669815408,-1.019118400612531,0.006630118503325768,-1.8864725846769428,0.6848598207299348,-2.333292522112694,-1.2028001063238518,-0.24614296472138883,-1.0460369882051495,0.0,0.0,0.0,0.0,1.0,0.0,0.0,0.0,0.0,0.0,0.0,0.0,0.0,1.0,0.0,0.0,0.0,0.0,1.0,0.0,0.0,1.0,0.0,0.0,1.0,0.0,0.0,0.0,0.0,0.0,1.0,0.0,0.0,0.0,0.0,0.0,0.0,1.0,0.0,0.0,0.0,0.0,1.0,1.0,0.0,0.0,1.0,0.0,0.0,0.0,0.0,1.0,0.0,0.0,0
-0.7607673593520884,1.7081279942309222,0.80601047124687,0.5394757189581508,0.9423572841571898,0.49888765837117444,0.029270456934525943,-0.16289319915734596,1.1788038433141157,0.233955331039913,-1.3617941956209574,0.23781550455625436,2.481072107579324,0.08849488141191733,0.36760586428720504,-0.24614296472138883,-0.434977646045489,0.0,0.0,0.0,0.0,0.0,0.0,0.0,0.0,1.0,0.0,0.0,0.0,0.0,0.0,0.0,1.0,0.0,0.0,1.0,0.0,1.0,0.0,0.0,0.0,1.0,0.0,0.0,0.0,0.0,0.0,0.0,1.0,0.0,0.0,0.0,0.0,0.0,0.0,1.0,0.0,1.0,0.0,0.0,1.0,0.0,1.0,0.0,0.0,0.0,0.0,0.0,1.0,0.0,0.0,0
-1.5742467580723138,-1.4456262680069176,-1.5913870217345818,-0.1715860094881732,-0.7755637979526826,1.3738037617323386,-0.9987495854035464,-0.8871154408857174,0.6171696394103273,1.8904287018766261,-1.3617941956209574,-0.5461960240222598,-0.2491705684317475,0.11382738563288608,-0.4175971210183234,-1.9055337381240092,-1.4196561288399132,0.0,0.0,0.0,0.0,0.0,0.0,1.0,0.0,0.0,0.0,0.0,0.0,0.0,0.0,1.0,0.0,0.0,0.0,1.0,0.0,1.0,0.0,0.0,0.0,1.0,0.0,0.0,0.0,0.0,0.0,0.0,0.0,0.0,0.0,1.0,1.0,0.0,0.0,0.0,0.0,1.0,0.0,0.0,1.0,0.0,0.0,1.0,0.0,0.0,0.0,0.0,1.0,0.0,0.0,1
-0.8119514389824876,-0.4867419898266078,0.7925453126452172,-2.100802919451452,1.4602567620241207,-0.9967912993099517,0.2138320334460535,0.5774750461955034,-1.5276224669815408,0.233955331039913,0.8071070273410997,-0.5461960240222598,2.481072107579324,0.44314994050547973,1.1528088495927336,1.4132478086812315,-0.11548090428772372,0.0,0.0,0.0,0.0,0.0,0.0,0.0,0.0,1.0,0.0,0.0,0.0,0.0,0.0,1.0,0.0,0.0,1.0,0.0,0.0,0.0,1.0,0.0,0.0,1.0,0.0,0.0,0.0,1.0,0.0,0.0,0.0,0.0,0.0,0.0,0.0,1.0,0.0,0.0,0.0,1.0,0.0,0.0,0.0,1.0,0.0,1.0,0.0,0.0,1.0,0.0,0.0,0.0,0.0,0
-0.6146896604213917,0.1544590902079196,0.341563170268023,-1.4869678123246417,1.5692597136618287,0.49888765837117444,0.5855178427991157,0.9952769372521914,0.6171696394103273,-1.019118400612531,-1.3617941956209574,-0.5461960240222598,0.1100718889381303,-0.2813596802142263,-0.4175971210183234,1.4132478086812315,1.7194430060259993,0.0,0.0,0.0,0.0,0.0,0.0,0.0,0.0,1.0,0.0,0.0,0.0,0.0,0.0,1.0,0.0,0.0,0.0,1.0,0.0,1.0,0.0,0.0,0.0,1.0,0.0,0.0,1.0,0.0,0.0,0.0,0.0,0.0,0.0,0.0,0.0,1.0,0.0,0.0,0.0,0.0,0.0,1.0,1.0,0.0,1.0,0.0,0.0,0.0,0.0,0.0,1.0,0.0,0.0,0
0.026709776129070564,-0.5136427666545259,0.10814415932187205,1.0395781958665864,-0.4641737345920091,-0.9967912993099517,1.3128867382306622,1.499693982355721,1.1788038433141157,-1.019118400612531,0.006630118503325768,-0.5461960240222598,0.03822339746415475,-0.45868720976100746,1.3491095959191157,0.5835524219799213,1.6723041424879685,0.0,0.0,0.0,0.0,0.0,0.0,0.0,0.0,0.0,0.0,0.0,1.0,0.0,0.0,1.0,0.0,0.0,0.0,1.0,0.0,0.0,1.0,0.0,0.0,0.0,1.0,0.0,0.0,0.0,0.0,1.0,0.0,0.0,0.0,0.0,0.0,1.0,0.0,0.0,0.0,1.0,0.0,0.0,1.0,0.0,1.0,0.0,0.0,0.0,1.0,0.0,0.0,0.0,0.0,0
-1.548227796367033,0.013113154563659652,-0.33425886755361933,-0.06729848207077124,-0.7755637979526826,-0.9967912993099517,0.8206485831958145,0.7271672768714451,-0.17440931183371247,-1.019118400612531,2.1755313414653825,0.23781550455625436,-1.6861403979112588,0.3012879168680548,1.1528088495927336,-0.24614296472138883,-0.6095660295196778,0.0,0.0,0.0,0.0,0.0,0.0,0.0,0.0,0.0,1.0,0.0,0.0,0.0,0.0,1.0,0.0,0.0,0.0,1.0,0.0,0.0,1.0,0.0,0.0,1.0,0.0,0.0,0.0,0.0,0.0,0.0,0.0,0.0,0.0,1.0,0.0,1.0,0.0,0.0,0.0,1.0,0.0,0.0,1.0,0.0,0.0,1.0,0.0,0.0,0.0,0.0,1.0,0.0,0.0,1
1.1680276854190588,0.5207710754650071,-1.7854596952050261,-0.19362111745124067,-0.9820732124589395,-0.9967912993099517,-0.08712545750393859,0.264163579372979,1.1788038433141157,1.487029062692357,0.006630118503325768,0.7940805366324234,0.18192038041210587,-0.7069457511265012,2.134312581224644,-0.24614296472138883,-1.283477189730046,0.0,0.0,0.0,0.0,1.0,0.0,0.0,0.0,0.0,0.0,0.0,0.0,0.0,1.0,0.0,0.0,0.0,0.0,1.0,1.0,0.0,0.0,0.0,0.0,0.0,1.0,0.0,0.0,0.0,0.0,1.0,0.0,0.0,0.0,0.0,0.0,1.0,0.0,0.0,0.0,1.0,0.0,0.0,1.0,0.0,1.0,0.0,0.0,0.0,0.0,0.0,1.0,0.0,0.0,0
-0.20991749496900194,0.1482755656596622,-0.23859410545326964,0.5512200654243107,0.6367333169865165,-0.9967912993099517,-0.07700729386743531,-0.355384047635959,-0.17440931183371247,-1.019118400612531,-1.3617941956209574,0.23781550455625436,-0.6802615172756009,0.6255439708964546,0.36760586428720504,-0.24614296472138883,-0.8243097411929298,0.0,0.0,0.0,0.0,0.0,0.0,0.0,0.0,1.0,0.0,0.0,0.0,0.0,0.0,1.0,0.0,0.0,0.0,1.0,0.0,1.0,0.0,0.0,0.0,0.0,0.0,1.0,0.0,0.0,0.0,1.0,0.0,0.0,0.0,0.0,0.0,0.0,1.0,0.0,0.0,1.0,0.0,0.0,0.0,1.0,0.0,1.0,0.0,0.0,0.0,1.0,0.0,0.0,0.0,0
-0.3361706837651629,1.9390339158809948,-0.812028836009737,-1.3583010865962881,0.5525429895349099,-0.9967912993099517,-0.8804400904950596,-1.0683551046700115,1.1788038433141157,-1.019118400612531,0.006630118503325768,0.7940805366324234,-1.1832009575934297,2.0593637098032853,0.17130511796082293,-0.24614296472138883,0.2825806100334265,0.0,0.0,0.0,0.0,0.0,0.0,0.0,0.0,1.0,0.0,0.0,0.0,0.0,1.0,0.0,0.0,0.0,1.0,0.0,0.0,0.0,1.0,0.0,0.0,1.0,0.0,0.0,1.0,0.0,0.0,0.0,0.0,0.0,0.0,0.0,0.0,0.0,1.0,0.0,0.0,1.0,0.0,0.0,1.0,0.0,1.0,0.0,0.0,0.0,1.0,0.0,0.0,0.0,0.0,0
0.5068713481286357,0.5505684993236714,0.2616010418910505,-0.21608411822142587,0.3008804519518133,0.49888765837117444,1.0872480336884311,1.0855301058494033,1.1788038433141157,-1.019118400612531,-1.3617941956209574,-0.5461960240222598,1.475193226943666,2.4190852697410414,-1.7917023453029983,-1.075838351422699,0.19528641829633214,0.0,0.0,0.0,0.0,1.0,0.0,0.0,0.0,0.0,0.0,0.0,0.0,0.0,1.0,0.0,0.0,0.0,0.0,1.0,0.0,1.0,0.0,0.0,0.0,1.0,0.0,0.0,0.0,0.0,0.0,0.0,1.0,0.0,0.0,0.0,0.0,0.0,1.0,0.0,0.0,1.0,0.0,0.0,1.0,0.0,0.0,1.0,0.0,0.0,0.0,0.0,1.0,0.0,0.0,0
1.493206761958399,0.5406921923815166,0.08461113156877503,-0.6515964562984796,-0.23159342861585436,-0.9967912993099517,1.1289849862323018,1.2467931509965289,0.6171696394103273,0.233955331039913,-1.3617941956209574,1.5780920652109374,-0.6084130258016253,-0.8336082722313448,0.5639066106135872,0.5835524219799213,-0.16611153549523844,0.0,0.0,0.0,0.0,0.0,0.0,1.0,0.0,0.0,0.0,0.0,0.0,0.0,1.0,0.0,0.0,0.0,1.0,0.0,0.0,1.0,0.0,0.0,0.0,0.0,1.0,0.0,0.0,1.0,0.0,0.0,0.0,0.0,0.0,0.0,0.0,1.0,0.0,0.0,0.0,1.0,0.0,0.0,1.0,0.0,1.0,0.0,0.0,0.0,0.0,1.0,0.0,0.0,0.0,0
-0.765334440946128,-0.7144772081694373,1.544533282861009,-2.100802919451452,-0.23159342861585436,0.49888765837117444,0.7741707060520496,1.1270000867945604,-0.17440931183371247,0.233955331039913,0.8071070273410997,-1.8864725846769428,-0.10547358548379637,1.9428341903868291,0.9565081032663514,1.4132478086812315,-0.11722678812246559,0.0,0.0,0.0,0.0,1.0,0.0,0.0,0.0,0.0,0.0,0.0,0.0,0.0,1.0,0.0,0.0,0.0,0.0,1.0,1.0,0.0,0.0,0.0,1.0,0.0,0.0,0.0,0.0,0.0,0.0,0.0,0.0,0.0,0.0,1.0,0.0,0.0,1.0,0.0,0.0,0.0,0.0,1.0,1.0,0.0,0.0,1.0,0.0,0.0,0.0,0.0,1.0,0.0,0.0,0
-0.4444588081322307,-0.0902382035999736,-0.12139509407582476,-0.8299192253482364,-0.4641737345920091,1.3738037617323386,0.4286323730377289,0.6172878139184804,1.1788038433141157,0.233955331039913,1.375054432627609,-0.5461960240222598,0.25376887188608144,0.39248493206354224,-1.5954015989766162,0.5835524219799213,-1.3742631491366242,0.0,0.0,0.0,0.0,0.0,0.0,0.0,0.0,1.0,0.0,0.0,0.0,0.0,0.0,1.0,0.0,0.0,0.0,1.0,1.0,0.0,0.0,0.0,0.0,1.0,0.0,0.0,0.0,0.0,0.0,0.0,1.0,0.0,0.0,0.0,0.0,0.0,1.0,0.0,0.0,1.0,0.0,0.0,0.0,1.0,0.0,1.0,0.0,1.0,0.0,0.0,0.0,0.0,0.0,0
0.7238590792066465,-0.007075420938833421,0.45272182578377695,-0.7552605354707437,0.5525429895349099,0.49888765837117444,1.3719474266192528,1.0694159803907957,1.1788038433141157,-1.019118400612531,0.8071070273410997,0.23781550455625436,-0.7521100087495765,1.4412506068116482,0.5639066106135872,-1.9055337381240092,-0.029932596385371255,0.0,0.0,0.0,0.0,1.0,0.0,0.0,0.0,0.0,0.0,0.0,0.0,0.0,0.0,1.0,0.0,0.0,1.0,0.0,1.0,0.0,0.0,0.0,0.0,1.0,0.0,0.0,0.0,0.0,0.0,0.0,0.0,1.0,0.0,0.0,1.0,0.0,0.0,0.0,0.0,0.0,0.0,1.0,1.0,0.0,1.0,0.0,0.0,0.0,0.0,0.0,1.0,0.0,0.0,1
1.903945701568156,-0.8845968091956891,0.9808028241458874,2.1283022743152618,-2.2650268768696926,1.9945666160523006,-0.6549624251208741,-0.6312684353068502,-0.17440931183371247,-1.019118400612531,0.006630118503325768,2.134357097287106,1.5470417184176415,0.7522064920012983,1.1528088495927336,0.5835524219799213,-0.19579156068585052,0.0,0.0,0.0,0.0,0.0,0.0,0.0,0.0,1.0,0.0,0.0,0.0,0.0,0.0,1.0,0.0,0.0,0.0,1.0,0.0,0.0,1.0,0.0,0.0,1.0,0.0,0.0,0.0,0.0,0.0,0.0,1.0,0.0,0.0,0.0,0.0,1.0,0.0,0.0,0.0,0.0,0.0,1.0,1.0,0.0,0.0,1.0,0.0,0.0,0.0,0.0,1.0,0.0,0.0,0
-1.3799003034093147,-0.1333473605730854,-0.4742897541412007,0.4149676850334555,-0.606833320537397,-0.9967912993099517,-1.0719396652395397,-0.7820597044091693,-1.5276224669815408,0.9669564746953179,0.006630118503325768,0.7940805366324234,-0.823958500223552,-0.48908621482617,-2.3806045842821444,-0.24614296472138883,0.2022699536352997,0.0,0.0,0.0,0.0,1.0,0.0,0.0,0.0,0.0,0.0,0.0,0.0,0.0,0.0,1.0,0.0,0.0,0.0,1.0,0.0,0.0,1.0,0.0,0.0,1.0,0.0,0.0,1.0,0.0,0.0,0.0,0.0,0.0,0.0,0.0,0.0,1.0,0.0,0.0,0.0,1.0,0.0,0.0,1.0,0.0,0.0,1.0,0.0,0.0,0.0,0.0,1.0,0.0,0.0,0
0.6614778589474155,1.4182762908166011,0.6186167541733134,1.5111744000281597,-2.2650268768696926,0.49888765837117444,-1.0605766010451938,-0.8520001240016835,0.6171696394103273,0.9669564746953179,0.8071070273410997,-1.8864725846769428,-0.10547358548379637,0.012497368749011112,1.7417110885718798,0.5835524219799213,-0.1556362324867871,0.0,0.0,0.0,0.0,0.0,0.0,0.0,0.0,1.0,0.0,0.0,0.0,0.0,0.0,1.0,0.0,0.0,0.0,1.0,1.0,0.0,0.0,0.0,0.0,1.0,0.0,0.0,0.0,1.0,0.0,0.0,0.0,0.0,0.0,0.0,0.0,0.0,0.0,0.0,1.0,1.0,0.0,0.0,1.0,0.0,1.0,0.0,0.0,0.0,0.0,1.0,0.0,0.0,0.0,1
1.3939639015368293,0.20315745364536417,1.385961677677559,0.5512200654243107,-1.2483101527427733,-0.9967912993099517,-0.11524425876523928,-0.35322629841364295,0.6171696394103273,0.233955331039913,1.375054432627609,-0.5461960240222598,0.5411628377819837,-0.2914926819026138,-1.0064993599974699,-0.24614296472138883,-0.6130577971891614,0.0,0.0,0.0,0.0,1.0,0.0,0.0,0.0,0.0,0.0,0.0,0.0,0.0,0.0,1.0,0.0,0.0,0.0,1.0,0.0,0.0,1.0,0.0,1.0,0.0,0.0,0.0,0.0,0.0,0.0,0.0,1.0,0.0,0.0,0.0,0.0,1.0,0.0,0.0,0.0,1.0,0.0,0.0,1.0,0.0,1.0,0.0,0.0,0.0,0.0,0.0,1.0,0.0,0.0,1
-0.22168617214863393,0.14207015325809563,-0.7187283569105664,0.44096446875497947,-0.23159342861585436,0.49888765837117444,0.0962415891686165,-0.12696363628742202,-0.17440931183371247,0.233955331039913,0.8071070273410997,0.23781550455625436,0.6130113292559592,2.8294718381207353,-0.8101986136710877,-0.24614296472138883,-1.220625371679338,1.0,0.0,0.0,0.0,0.0,0.0,0.0,0.0,0.0,0.0,0.0,0.0,0.0,1.0,0.0,0.0,0.0,0.0,1.0,0.0,0.0,1.0,0.0,0.0,1.0,0.0,0.0,0.0,0.0,0.0,1.0,0.0,0.0,0.0,0.0,0.0,0.0,1.0,0.0,0.0,1.0,0.0,0.0,1.0,0.0,1.0,0.0,0.0,0.0,0.0,0.0,0.0,0.0,1.0,1
0.8784074331368099,-0.9070711792607816,-0.40232843552956954,-0.5564627506577629,1.3175971760787326,-0.9967912993099517,0.05098861620127583,0.26272293426192056,-0.17440931183371247,0.233955331039913,0.006630118503325768,1.5780920652109374,0.7567083122039103,1.3095215848626107,1.7417110885718798,-1.075838351422699,1.1433013405611767,0.0,0.0,0.0,0.0,0.0,0.0,0.0,0.0,1.0,0.0,0.0,0.0,0.0,0.0,1.0,0.0,0.0,1.0,0.0,1.0,0.0,0.0,0.0,0.0,1.0,0.0,0.0,0.0,0.0,0.0,0.0,0.0,0.0,1.0,0.0,0.0,1.0,0.0,0.0,0.0,1.0,0.0,0.0,1.0,0.0,1.0,0.0,0.0,0.0,1.0,0.0,0.0,0.0,0.0,0
0.026709776129070564,0.6086856710854998,0.4348636493671937,-1.088053513244579,1.0252893443250009,-0.9967912993099517,-0.7783220521620077,-0.4004612786754527,-1.5276224669815408,-1.019118400612531,0.006630118503325768,-1.8864725846769428,0.325617363360057,0.6964749827151672,-1.0064993599974699,-0.24614296472138883,-0.5449683276342279,0.0,0.0,0.0,0.0,1.0,0.0,0.0,0.0,0.0,0.0,0.0,0.0,0.0,0.0,1.0,0.0,0.0,0.0,1.0,1.0,0.0,0.0,0.0,0.0,1.0,0.0,0.0,0.0,0.0,1.0,0.0,0.0,0.0,0.0,0.0,0.0,0.0,1.0,0.0,0.0,0.0,0.0,1.0,1.0,0.0,1.0,0.0,0.0,0.0,0.0,0.0,1.0,0.0,0.0,0
1.8469428067780913,0.42821386068489065,0.7789345819409415,0.009850646208549108,-0.34059638025356326,0.49888765837117444,0.08505525867887548,0.3060966461834128,-0.17440931183371247,1.487029062692357,0.8071070273410997,0.23781550455625436,-1.5424434149633075,-1.8874404478236444,1.3491095959191157,-0.24614296472138883,-0.9692180994765064,0.0,0.0,0.0,0.0,0.0,0.0,0.0,0.0,0.0,1.0,0.0,0.0,0.0,0.0,1.0,0.0,0.0,0.0,1.0,1.0,0.0,0.0,0.0,0.0,1.0,0.0,0.0,1.0,0.0,0.0,0.0,0.0,0.0,0.0,0.0,0.0,0.0,1.0,0.0,0.0,0.0,0.0,1.0,1.0,0.0,0.0,1.0,0.0,0.0,0.0,0.0,1.0,0.0,0.0,0
-1.2791320106080686,1.1530372809515537,0.1981095892439705,2.3053432613049543,-0.23159342861585436,0.49888765837117444,0.2778205948927119,0.6651379094918133,1.1788038433141157,0.9669564746953179,0.8071070273410997,-1.8864725846769428,0.6130113292559592,-0.5245517207355263,0.9565081032663514,1.4132478086812315,1.2201202292898197,0.0,0.0,0.0,0.0,0.0,0.0,0.0,0.0,1.0,0.0,0.0,0.0,0.0,0.0,1.0,0.0,0.0,1.0,0.0,1.0,0.0,0.0,0.0,0.0,1.0,0.0,0.0,0.0,0.0,1.0,0.0,0.0,0.0,0.0,0.0,0.0,0.0,1.0,0.0,0.0,1.0,0.0,0.0,1.0,0.0,1.0,0.0,0.0,0.0,0.0,0.0,1.0,0.0,0.0,0
1.2594273790281063,0.6924012287218985,0.6340645593707459,0.783357569599129,-0.13408696574730583,1.3738037617323386,0.8586019161248185,1.1563959675452873,0.6171696394103273,-1.019118400612531,0.006630118503325768,1.2255532164261718,-0.6084130258016253,0.29115491517966724,-1.2028001063238518,0.5835524219799213,0.2424252818343631,0.0,0.0,0.0,0.0,0.0,0.0,0.0,1.0,0.0,0.0,0.0,0.0,0.0,0.0,1.0,0.0,0.0,0.0,1.0,0.0,0.0,1.0,0.0,0.0,1.0,0.0,0.0,0.0,0.0,0.0,0.0,0.0,1.0,0.0,0.0,0.0,1.0,0.0,0.0,0.0,0.0,0.0,1.0,1.0,0.0,1.0,0.0,0.0,1.0,0.0,0.0,0.0,0.0,0.0,0
-1.773416732330767,-0.46903476159018276,-2.014998948602723,1.2619240365797506,0.5525429895349099,-0.9967912993099517,-0.6568586545139623,-0.5788523932490887,-0.17440931183371247,0.233955331039913,0.006630118503325768,1.5780920652109374,0.3974658548340326,0.3012879168680548,-0.4175971210183234,0.5835524219799213,0.7819033867696061,0.0,0.0,0.0,0.0,0.0,0.0,0.0,0.0,1.0,0.0,0.0,0.0,0.0,1.0,0.0,0.0,0.0,0.0,1.0,0.0,0.0,1.0,0.0,0.0,1.0,0.0,0.0,0.0,0.0,0.0,0.0,1.0,0.0,0.0,0.0,0.0,0.0,0.0,1.0,0.0,1.0,0.0,0.0,1.0,0.0,0.0,1.0,0.0,0.0,1.0,0.0,0.0,0.0,0.0,0
-1.7230240856921992,0.36367766108100785,-0.6318676889272661,0.9846685167971622,1.076716765635603,2.4760676934617014,-1.758163621349063,-2.0974712506207682,0.6171696394103273,0.233955331039913,0.8071070273410997,0.23781550455625436,-1.0395039746454786,-0.21549516923970755,0.7602073569399693,0.5835524219799213,-0.958742796468055,0.0,0.0,0.0,0.0,0.0,0.0,0.0,0.0,0.0,0.0,0.0,1.0,0.0,0.0,1.0,0.0,0.0,1.0,0.0,0.0,0.0,1.0,0.0,0.0,1.0,0.0,0.0,0.0,0.0,1.0,0.0,0.0,0.0,0.0,0.0,0.0,1.0,0.0,0.0,0.0,0.0,0.0,1.0,1.0,0.0,0.0,1.0,0.0,1.0,0.0,0.0,0.0,0.0,0.0,0
0.026709776129070564,-1.4456262680069176,0.45272182578377695,-1.088053513244579,-1.6235500446643159,0.49888765837117444,1.1248520974801908,0.975854493025161,1.6144411763273727,0.9669564746953179,-1.3617941956209574,0.23781550455625436,0.1100718889381303,-0.20536216755132006,-0.4175971210183234,-0.24614296472138883,-0.41402704002858637,0.0,0.0,0.0,0.0,0.0,0.0,0.0,0.0,1.0,0.0,0.0,0.0,0.0,1.0,0.0,0.0,0.0,1.0,0.0,0.0,1.0,0.0,0.0,0.0,1.0,0.0,0.0,0.0,0.0,1.0,0.0,0.0,0.0,0.0,0.0,0.0,0.0,1.0,0.0,0.0,1.0,0.0,0.0,1.0,0.0,1.0,0.0,0.0,0.0,0.0,0.0,0.0,0.0,1.0,0
-0.1498941631846928,2.1210595838788504,1.4275159556354249,1.4211255737432615,1.730616005091246,0.49888765837117444,0.9297290722959326,1.2219249956113738,-0.17440931183371247,0.9669564746953179,0.006630118503325768,0.23781550455625436,-2.0453828552811366,-0.45868720976100746,0.17130511796082293,0.5835524219799213,1.125842502213758,0.0,0.0,0.0,0.0,1.0,0.0,0.0,0.0,0.0,0.0,0.0,0.0,0.0,0.0,1.0,0.0,0.0,0.0,1.0,0.0,0.0,1.0,0.0,0.0,1.0,0.0,0.0,0.0,0.0,1.0,0.0,0.0,0.0,0.0,0.0,0.0,0.0,1.0,0.0,0.0,0.0,0.0,1.0,1.0,0.0,1.0,0.0,0.0,0.0,0.0,0.0,1.0,0.0,0.0,0
0.2779899928446275,0.03307188284050989,0.7789345819409415,-1.6317575612867619,1.1013970400975368,0.49888765837117444,1.5834443283747461,1.5654436068717115,0.6171696394103273,1.8904287018766261,0.8071070273410997,0.23781550455625436,2.0499811587354704,1.0257975375877608,0.9565081032663514,-0.24614296472138883,0.228458211156428,0.0,0.0,0.0,0.0,0.0,0.0,0.0,0.0,1.0,0.0,0.0,0.0,0.0,1.0,0.0,0.0,0.0,0.0,1.0,0.0,0.0,1.0,0.0,0.0,1.0,0.0,0.0,0.0,0.0,1.0,0.0,0.0,0.0,0.0,0.0,1.0,0.0,0.0,0.0,0.0,0.0,0.0,1.0,1.0,0.0,1.0,0.0,0.0,0.0,0.0,0.0,1.0,0.0,0.0,0
0.3841328049533208,-0.786882192859712,-0.5118740474830508,0.7042287348625622,-1.2483101527427733,0.49888765837117444,1.3595739522300485,1.4111033704355795,-1.5276224669815408,0.9669564746953179,0.006630118503325768,-0.5461960240222598,-0.823958500223552,-1.1375983228829698,0.17130511796082293,-0.24614296472138883,1.385979193590299,0.0,0.0,0.0,0.0,0.0,0.0,0.0,0.0,1.0,0.0,0.0,0.0,0.0,1.0,0.0,0.0,0.0,1.0,0.0,1.0,0.0,0.0,0.0,0.0,0.0,1.0,0.0,0.0,0.0,0.0,0.0,0.0,0.0,1.0,0.0,0.0,0.0,0.0,1.0,0.0,1.0,0.0,0.0,1.0,0.0,1.0,0.0,0.0,0.0,0.0,1.0,0.0,0.0,0.0,1
0.2295743574839479,0.17287986731158536,-0.4742897541412007,0.7640769867668564,-1.2483101527427733,-0.9967912993099517,0.6991921687560367,0.943658291417859,0.6171696394103273,-1.019118400612531,0.006630118503325768,-0.5461960240222598,-0.823958500223552,0.09356138225611109,0.36760586428720504,-0.24614296472138883,0.2843264938681684,0.0,0.0,0.0,0.0,0.0,0.0,0.0,0.0,0.0,0.0,1.0,0.0,0.0,0.0,1.0,0.0,0.0,1.0,0.0,1.0,0.0,0.0,0.0,0.0,1.0,0.0,0.0,1.0,0.0,0.0,0.0,0.0,0.0,0.0,0.0,0.0,0.0,0.0,0.0,1.0,1.0,0.0,0.0,1.0,0.0,1.0,0.0,0.0,1.0,0.0,0.0,0.0,0.0,0.0,0
0.7911472682189314,0.7723006443955713,0.2407909758967492,0.4788960043732394,0.9129752784408443,0.49888765837117444,-0.2580119842856888,-0.012760521899222577,-0.17440931183371247,1.487029062692357,-1.3617941956209574,-1.8864725846769428,-0.39286755137969864,0.1796918966074048,-0.024995628365559186,-1.075838351422699,-1.6989975423986152,0.0,0.0,0.0,0.0,0.0,0.0,0.0,0.0,1.0,0.0,0.0,0.0,0.0,0.0,1.0,0.0,0.0,0.0,1.0,0.0,1.0,0.0,0.0,0.0,1.0,0.0,0.0,0.0,0.0,0.0,0.0,0.0,0.0,1.0,0.0,0.0,0.0,1.0,0.0,0.0,1.0,0.0,0.0,1.0,0.0,0.0,1.0,0.0,1.0,0.0,0.0,0.0,0.0,0.0,0
1.1843716682802656,-0.36639059669924817,-0.014183088588680292,0.009850646208549108,1.298113183907778,0.49888765837117444,0.6159609056822749,0.79576502005583,-0.17440931183371247,-1.019118400612531,0.006630118503325768,-0.5461960240222598,-0.10547358548379637,-0.6208152367752074,0.5639066106135872,0.5835524219799213,0.8726893461761843,0.0,0.0,0.0,0.0,0.0,0.0,0.0,0.0,0.0,0.0,0.0,1.0,0.0,0.0,1.0,0.0,0.0,0.0,1.0,0.0,0.0,1.0,0.0,0.0,1.0,0.0,0.0,0.0,1.0,0.0,0.0,0.0,0.0,0.0,0.0,0.0,0.0,1.0,0.0,0.0,0.0,1.0,0.0,1.0,0.0,1.0,0.0,0.0,0.0,0.0,0.0,1.0,0.0,0.0,0
-0.9473050835418564,0.44398341225533783,0.10814415932187205,-0.4685616310762956,0.5525429895349099,-0.9967912993099517,1.5228414663107686,1.488281022889446,-0.17440931183371247,-1.019118400612531,0.006630118503325768,0.23781550455625436,1.4033447354696904,-1.5327853887300822,0.17130511796082293,-0.24614296472138883,-0.8173262058539622,0.0,0.0,0.0,0.0,0.0,0.0,0.0,0.0,1.0,0.0,0.0,0.0,0.0,1.0,0.0,0.0,0.0,0.0,1.0,0.0,0.0,1.0,0.0,0.0,1.0,0.0,0.0,0.0,0.0,0.0,1.0,0.0,0.0,0.0,0.0,0.0,0.0,1.0,0.0,0.0,1.0,0.0,0.0,1.0,0.0,0.0,1.0,0.0,0.0,0.0,0.0,1.0,0.0,0.0,0
-0.5630750277712829,-0.010462903108779882,1.4275159556354249,1.6945820484337355,1.4927322150040412,-0.9967912993099517,0.6197233560164708,0.44959091799089884,-0.17440931183371247,-1.019118400612531,-1.3617941956209574,-0.5461960240222598,-0.32101905990572305,0.6914084818709734,0.7602073569399693,-1.075838351422699,-0.3564128734821041,0.0,0.0,0.0,0.0,0.0,0.0,0.0,0.0,1.0,0.0,0.0,0.0,0.0,1.0,0.0,0.0,0.0,0.0,1.0,0.0,1.0,0.0,0.0,0.0,1.0,0.0,0.0,0.0,0.0,0.0,0.0,0.0,0.0,0.0,1.0,0.0,0.0,0.0,1.0,0.0,1.0,0.0,0.0,1.0,0.0,1.0,0.0,0.0,0.0,1.0,0.0,0.0,0.0,0.0,0
-0.8262839774777336,0.873466041121318,-0.5118740474830508,1.2619240365797506,-0.7755637979526826,0.49888765837117444,-0.29998920811418744,0.045057614129305236,0.6171696394103273,-1.019118400612531,1.375054432627609,0.23781550455625436,1.4033447354696904,-0.929871788271026,3.1158163128565546,0.5835524219799213,1.4208968702851368,0.0,0.0,0.0,0.0,1.0,0.0,0.0,0.0,0.0,0.0,0.0,0.0,0.0,1.0,0.0,0.0,0.0,0.0,1.0,0.0,0.0,1.0,0.0,0.0,1.0,0.0,0.0,0.0,0.0,0.0,0.0,1.0,0.0,0.0,0.0,0.0,0.0,1.0,0.0,0.0,1.0,0.0,0.0,1.0,0.0,0.0,1.0,0.0,0.0,0.0,0.0,1.0,0.0,0.0,1
-0.18097367095927416,-0.29316848772825016,1.537061567588906,0.27542424071344995,0.24115292617423648,1.3738037617323386,0.38695282166886646,0.24858773748582796,-1.5276224669815408,-1.019118400612531,0.006630118503325768,-1.8864725846769428,0.25376887188608144,1.724974654086498,1.1528088495927336,1.4132478086812315,-1.206658301001403,0.0,0.0,0.0,0.0,0.0,0.0,0.0,0.0,1.0,0.0,0.0,0.0,0.0,1.0,0.0,0.0,0.0,0.0,1.0,0.0,0.0,1.0,0.0,0.0,1.0,0.0,0.0,0.0,1.0,0.0,0.0,0.0,0.0,0.0,0.0,0.0,0.0,1.0,0.0,0.0,1.0,0.0,0.0,0.0,1.0,0.0,1.0,0.0,0.0,1.0,0.0,0.0,0.0,0.0,0
-1.1731507049509808,-0.28521831661767816,-0.9663827477070894,1.7203855314294598,0.7851232955110645,1.9945666160523006,-1.3757995186078997,-1.1649275764713938,0.6171696394103273,0.233955331039913,0.8071070273410997,0.7940805366324234,-0.2491705684317475,1.3044550840184168,0.9565081032663514,-0.24614296472138883,0.6439785638249971,0.0,0.0,0.0,0.0,0.0,0.0,0.0,0.0,1.0,0.0,0.0,0.0,0.0,1.0,0.0,0.0,0.0,0.0,1.0,1.0,0.0,0.0,0.0,1.0,0.0,0.0,0.0,0.0,0.0,0.0,0.0,0.0,0.0,1.0,0.0,0.0,1.0,0.0,0.0,0.0,0.0,0.0,1.0,1.0,0.0,1.0,0.0,0.0,1.0,0.0,0.0,0.0,0.0,0.0,0
0.7606458462251178,-0.07610088068822134,0.36078461734096456,-0.995459453389766,-0.9820732124589395,-0.9967912993099517,-2.533858897456376,-2.2578722954340225,-1.5276224669815408,-1.019118400612531,0.006630118503325768,-0.5461960240222598,0.03822339746415475,-0.9248052874268323,-1.7917023453029983,-1.075838351422699,0.2843264938681684,0.0,0.0,0.0,0.0,0.0,0.0,1.0,0.0,0.0,0.0,0.0,0.0,0.0,0.0,1.0,0.0,0.0,0.0,1.0,1.0,0.0,0.0,0.0,0.0,1.0,0.0,0.0,0.0,0.0,0.0,0.0,1.0,0.0,0.0,0.0,0.0,1.0,0.0,0.0,0.0,1.0,0.0,0.0,1.0,0.0,1.0,0.0,0.0,0.0,0.0,0.0,0.0,0.0,1.0,0
0.7057514644262874,0.2563732459189752,0.7229706873135391,1.229877439042729,1.0252893443250009,0.49888765837117444,-0.5992728775031168,-0.4345133817910716,0.6171696394103273,1.8904287018766261,0.8071070273410997,0.23781550455625436,-0.6802615172756009,-2.333292522112694,-1.399100852650234,-0.24614296472138883,-0.543222443799486,0.0,0.0,0.0,0.0,1.0,0.0,0.0,0.0,0.0,0.0,0.0,0.0,0.0,0.0,1.0,0.0,0.0,1.0,0.0,1.0,0.0,0.0,0.0,0.0,1.0,0.0,0.0,0.0,0.0,0.0,0.0,1.0,0.0,0.0,0.0,0.0,0.0,1.0,0.0,0.0,1.0,0.0,0.0,1.0,0.0,1.0,0.0,0.0,1.0,0.0,0.0,0.0,0.0,0.0,0
0.026709776129070564,1.1425294321031325,-0.014183088588680292,0.8663515063836271,0.10871947129041147,0.49888765837117444,1.0230688213130497,1.1762756694727368,0.6171696394103273,0.233955331039913,0.8071070273410997,0.23781550455625436,2.0499811587354704,-0.043234140537120117,-0.024995628365559186,0.5835524219799213,1.3423320977217519,0.0,0.0,0.0,0.0,0.0,0.0,0.0,0.0,0.0,0.0,0.0,1.0,0.0,1.0,0.0,0.0,0.0,1.0,0.0,1.0,0.0,0.0,0.0,0.0,1.0,0.0,0.0,1.0,0.0,0.0,0.0,0.0,0.0,0.0,0.0,0.0,1.0,0.0,0.0,0.0,1.0,0.0,0.0,1.0,0.0,0.0,1.0,0.0,0.0,0.0,0.0,0.0,0.0,1.0,0
-0.6985279737659514,0.0787771440173592,-1.6846875008337523,0.9766071030529583,1.3175971760787326,-0.9967912993099517,1.0374110667084817,0.8238874877484719,-0.17440931183371247,0.9669564746953179,0.006630118503325768,0.23781550455625436,1.9062841757875193,0.8890020147945296,-0.024995628365559186,-1.075838351422699,0.9442705834006017,0.0,0.0,0.0,0.0,1.0,0.0,0.0,0.0,0.0,0.0,0.0,0.0,0.0,0.0,1.0,0.0,0.0,1.0,0.0,0.0,0.0,1.0,0.0,0.0,1.0,0.0,0.0,0.0,0.0,0.0,0.0,0.0,0.0,1.0,0.0,0.0,0.0,1.0,0.0,0.0,1.0,0.0,0.0,1.0,0.0,0.0,1.0,0.0,0.0,0.0,0.0,1.0,0.0,0.0,0
0.44960283683037994,1.44508655836198,-0.4742897541412007,0.1167088595524093,0.676120343873356,-0.9967912993099517,1.6899764093391942,1.6955196806740755,-0.17440931183371247,-1.019118400612531,0.006630118503325768,0.7940805366324234,-1.470594923489332,0.10876088478869232,1.938011834898262,-1.9055337381240092,-0.620041332528129,0.0,0.0,0.0,0.0,0.0,0.0,0.0,0.0,1.0,0.0,0.0,0.0,0.0,0.0,1.0,0.0,0.0,0.0,1.0,1.0,0.0,0.0,0.0,0.0,1.0,0.0,0.0,0.0,0.0,0.0,0.0,0.0,0.0,0.0,1.0,0.0,0.0,1.0,0.0,0.0,1.0,0.0,0.0,1.0,0.0,0.0,1.0,0.0,0.0,0.0,0.0,1.0,0.0,0.0,0
0.43921728278335753,0.6181872754789729,-0.9128010303810109,1.1209208971880174,-0.04588164091512093,-0.9967912993099517,0.015222759498882644,-0.25654548532395466,-1.5276224669815408,-1.019118400612531,-1.3617941956209574,-0.5461960240222598,-0.10547358548379637,-0.5954827325542387,-1.0064993599974699,0.5835524219799213,-0.44719883288868223,0.0,0.0,0.0,0.0,0.0,0.0,0.0,0.0,0.0,0.0,0.0,1.0,0.0,1.0,0.0,0.0,0.0,0.0,1.0,0.0,1.0,0.0,0.0,0.0,1.0,0.0,0.0,0.0,0.0,0.0,1.0,0.0,0.0,0.0,0.0,0.0,0.0,1.0,0.0,0.0,1.0,0.0,0.0,1.0,0.0,0.0,1.0,0.0,0.0,0.0,0.0,1.0,0.0,0.0,0
-1.7329406986203086,-0.010462903108779882,0.3220437044155789,-0.047523501542739155,1.1717186114282805,-0.9967912993099517,0.6289876045051106,0.5807118713180618,-0.17440931183371247,-1.019118400612531,0.006630118503325768,0.23781550455625436,1.7625871928395682,-0.9754702958687698,-1.0064993599974699,0.5835524219799213,0.6474703314944809,0.0,0.0,0.0,0.0,1.0,0.0,0.0,0.0,0.0,0.0,0.0,0.0,0.0,0.0,1.0,0.0,0.0,1.0,0.0,0.0,0.0,1.0,0.0,0.0,0.0,1.0,0.0,0.0,0.0,0.0,0.0,1.0,0.0,0.0,0.0,1.0,0.0,0.0,0.0,0.0,0.0,0.0,1.0,1.0,0.0,0.0,1.0,0.0,0.0,0.0,0.0,0.0,0.0,1.0,0
1.2966331321366245,-0.11885953606502324,1.2142218350920386,1.8641741481864282,-0.7755637979526826,-0.9967912993099517,1.2001881265656507,1.5906204586246373,-0.17440931183371247,-1.019118400612531,-1.3617941956209574,1.2255532164261718,2.265526633157397,-0.01283513547195763,-0.2212963746919413,-1.075838351422699,-1.2311006746877895,0.0,0.0,0.0,0.0,0.0,1.0,0.0,0.0,0.0,0.0,0.0,0.0,0.0,0.0,1.0,0.0,0.0,0.0,1.0,0.0,1.0,0.0,0.0,0.0,1.0,0.0,0.0,0.0,1.0,0.0,0.0,0.0,0.0,0.0,0.0,0.0,1.0,0.0,0.0,0.0,1.0,0.0,0.0,1.0,0.0,1.0,0.0,0.0,0.0,1.0,0.0,0.0,0.0,0.0,0
0.4426887727266262,1.0744759132097412,-0.6745490755800451,-0.6190081550798886,-2.2650268768696926,-0.9967912993099517,-1.8795220052064032,-1.8464955610371874,-1.5276224669815408,0.233955331039913,0.8071070273410997,0.23781550455625436,-1.6142919064372832,0.7116744852477483,-0.4175971210183234,1.4132478086812315,0.6841338920240605,0.0,0.0,0.0,0.0,0.0,0.0,1.0,0.0,0.0,0.0,0.0,0.0,0.0,0.0,1.0,0.0,0.0,1.0,0.0,1.0,0.0,0.0,0.0,0.0,1.0,0.0,0.0,0.0,0.0,0.0,0.0,1.0,0.0,0.0,0.0,0.0,0.0,1.0,0.0,0.0,1.0,0.0,0.0,1.0,0.0,1.0,0.0,0.0,0.0,0.0,0.0,0.0,0.0,1.0,0
0.4444208931700625,-0.28521831661767816,1.081575018517161,-1.7115690801333474,0.034643511667979465,0.49888765837117444,0.4740634801031805,0.2895285933616641,-0.17440931183371247,-1.019118400612531,0.8071070273410997,0.7940805366324234,-0.6802615172756009,1.4513836085000356,1.5454103422454977,0.5835524219799213,-1.5261550427591684,0.0,0.0,0.0,0.0,0.0,0.0,0.0,1.0,0.0,0.0,0.0,0.0,0.0,0.0,1.0,0.0,0.0,0.0,1.0,1.0,0.0,0.0,0.0,0.0,0.0,1.0,0.0,0.0,0.0,0.0,0.0,0.0,0.0,0.0,1.0,0.0,0.0,1.0,0.0,0.0,1.0,0.0,0.0,0.0,1.0,1.0,0.0,0.0,0.0,0.0,0.0,1.0,0.0,0.0,0
-0.15829371140887638,0.05933489941926128,0.10814415932187205,-0.6515964562984796,0.6367333169865165,0.49888765837117444,1.6894525945544376,1.44717678207238,-0.17440931183371247,0.9669564746953179,0.006630118503325768,0.23781550455625436,-1.0395039746454786,-0.9754702958687698,0.5639066106135872,-0.24614296472138883,-1.3114113310859163,0.0,0.0,0.0,0.0,0.0,0.0,0.0,0.0,0.0,0.0,0.0,1.0,0.0,1.0,0.0,0.0,0.0,1.0,0.0,0.0,0.0,1.0,0.0,1.0,0.0,0.0,0.0,0.0,0.0,0.0,0.0,1.0,0.0,0.0,0.0,0.0,0.0,0.0,1.0,0.0,0.0,0.0,1.0,1.0,0.0,0.0,1.0,0.0,0.0,0.0,0.0,1.0,0.0,0.0,1
-0.26990637661870254,-0.1406364202907051,0.933288493638294,-1.889891849183104,0.35698583829276287,0.49888765837117444,-0.985709077957282,-0.9580309149318453,-1.5276224669815408,0.233955331039913,0.8071070273410997,0.7940805366324234,0.03822339746415475,-0.9501377916478011,0.7602073569399693,-0.24614296472138883,1.3929627289292665,0.0,0.0,0.0,0.0,0.0,0.0,0.0,0.0,0.0,0.0,0.0,1.0,0.0,0.0,1.0,0.0,0.0,1.0,0.0,0.0,0.0,1.0,0.0,0.0,1.0,0.0,0.0,0.0,0.0,0.0,1.0,0.0,0.0,0.0,0.0,0.0,0.0,1.0,0.0,0.0,1.0,0.0,0.0,1.0,0.0,1.0,0.0,0.0,0.0,0.0,0.0,1.0,0.0,0.0,1
-0.7337113299215683,0.921940525744382,0.5048249988082347,-1.7115690801333474,-2.2650268768696926,1.9945666160523006,-2.0604460034681518,-2.2521743808018706,-1.5276224669815408,0.233955331039913,-1.3617941956209574,0.7940805366324234,-0.10547358548379637,0.1898248982957923,-0.2212963746919413,-1.9055337381240092,-0.7701873423159313,0.0,0.0,0.0,0.0,1.0,0.0,0.0,0.0,0.0,0.0,0.0,0.0,0.0,1.0,0.0,0.0,0.0,1.0,0.0,0.0,1.0,0.0,1.0,0.0,0.0,0.0,0.0,0.0,0.0,0.0,0.0,0.0,0.0,0.0,1.0,0.0,0.0,1.0,0.0,0.0,1.0,0.0,0.0,1.0,0.0,1.0,0.0,0.0,0.0,0.0,0.0,0.0,0.0,1.0,1
0.026709776129070564,0.20315745364536417,-0.014183088588680292,0.046577800467781774,-2.2650268768696926,-0.9967912993099517,-0.3399008851329218,-0.33343548464093975,-0.17440931183371247,-1.019118400612531,1.375054432627609,0.23781550455625436,-0.4647160428536742,-0.08883264813486386,1.7417110885718798,0.5835524219799213,0.015460383317917806,0.0,0.0,0.0,0.0,0.0,0.0,1.0,0.0,0.0,0.0,0.0,0.0,0.0,1.0,0.0,0.0,0.0,1.0,0.0,0.0,0.0,1.0,0.0,0.0,1.0,0.0,0.0,1.0,0.0,0.0,0.0,0.0,0.0,0.0,0.0,0.0,1.0,0.0,0.0,0.0,0.0,1.0,0.0,1.0,0.0,1.0,0.0,0.0,0.0,0.0,1.0,0.0,0.0,0.0,0
-1.123362932364521,-0.010462903108779882,-1.022346642334492,0.6411144549970303,-0.04588164091512093,1.3738037617323386,-1.3147241832947434,-1.2002490699151322,1.1788038433141157,-1.019118400612531,0.8071070273410997,0.7940805366324234,0.9722537866258371,-0.40802220131906997,-0.024995628365559186,0.5835524219799213,0.8744352300109262,0.0,1.0,0.0,0.0,0.0,0.0,0.0,0.0,0.0,0.0,0.0,0.0,0.0,1.0,0.0,0.0,0.0,0.0,1.0,0.0,0.0,1.0,0.0,0.0,0.0,1.0,0.0,0.0,0.0,0.0,0.0,1.0,0.0,0.0,0.0,0.0,0.0,1.0,0.0,0.0,1.0,0.0,0.0,1.0,0.0,1.0,0.0,0.0,0.0,0.0,0.0,0.0,1.0,0.0,0
0.7057514644262874,-0.010462903108779882,-1.6846875008337523,1.5162592793839784,0.1773030976133672,1.3738037617323386,0.06103222031632599,0.24595313896210938,1.6144411763273727,0.233955331039913,-1.3617941956209574,0.7940805366324234,0.5411628377819837,-0.017901636316151378,-0.6138978673447055,0.5835524219799213,0.9372870480616341,0.0,0.0,0.0,0.0,0.0,0.0,0.0,1.0,0.0,0.0,0.0,0.0,0.0,1.0,0.0,0.0,0.0,0.0,1.0,0.0,1.0,0.0,0.0,0.0,0.0,1.0,0.0,0.0,0.0,0.0,0.0,0.0,0.0,0.0,1.0,0.0,0.0,1.0,0.0,0.0,0.0,0.0,1.0,1.0,0.0,0.0,1.0,0.0,1.0,0.0,0.0,0.0,0.0,0.0,0
0.36951262697616655,-0.9645508945740003,0.36078461734096456,0.8023220630269204,-0.04588164091512093,-0.9967912993099517,-0.8088399858035031,-0.9806129599786497,0.6171696394103273,-1.019118400612531,0.8071070273410997,-0.5461960240222598,-1.3987464320153564,-0.22056167008390132,2.134312581224644,-0.24614296472138883,0.1638605092709782,0.0,0.0,0.0,0.0,0.0,0.0,0.0,0.0,1.0,0.0,0.0,0.0,0.0,1.0,0.0,0.0,0.0,0.0,1.0,0.0,0.0,1.0,0.0,1.0,0.0,0.0,0.0,0.0,0.0,0.0,0.0,0.0,0.0,1.0,0.0,0.0,1.0,0.0,0.0,0.0,0.0,0.0,1.0,1.0,0.0,1.0,0.0,0.0,0.0,0.0,0.0,1.0,0.0,0.0,0
-0.8024872995506234,1.1978572477345284,1.0039040287672836,1.2233601925604765,-0.4641737345920091,-0.9967912993099517,-0.48079238421038417,-0.15268269081544006,0.6171696394103273,0.9669564746953179,1.375054432627609,1.5780920652109374,-0.39286755137969864,-1.0565343093758697,0.5639066106135872,-0.24614296472138883,0.706830381875705,0.0,0.0,1.0,0.0,0.0,0.0,0.0,0.0,0.0,0.0,0.0,0.0,0.0,0.0,1.0,0.0,0.0,0.0,1.0,1.0,0.0,0.0,0.0,0.0,1.0,0.0,0.0,0.0,0.0,0.0,0.0,1.0,0.0,0.0,0.0,0.0,0.0,0.0,1.0,0.0,1.0,0.0,0.0,1.0,0.0,0.0,1.0,1.0,0.0,0.0,0.0,0.0,0.0,0.0,0
-1.4025974979265483,0.6181872754789729,-1.7854596952050261,-1.2989645835129267,0.10871947129041147,-0.9967912993099517,0.6959131180901175,0.5567767460089693,-0.17440931183371247,0.9669564746953179,0.006630118503325768,0.23781550455625436,0.3974658548340326,0.6762089793383921,-0.2212963746919413,-0.24614296472138883,1.6007229052635512,0.0,0.0,0.0,0.0,0.0,1.0,0.0,0.0,0.0,0.0,0.0,0.0,0.0,1.0,0.0,0.0,0.0,0.0,1.0,1.0,0.0,0.0,0.0,0.0,1.0,0.0,0.0,0.0,0.0,1.0,0.0,0.0,0.0,0.0,0.0,1.0,0.0,0.0,0.0,0.0,0.0,0.0,1.0,1.0,0.0,1.0,0.0,0.0,1.0,0.0,0.0,0.0,0.0,0.0,0
-0.005171510861633012,1.4182762908166011,1.2142218350920386,-1.4869678123246417,0.24115292617423648,1.9945666160523006,-0.11416889863255601,-0.10350025548196624,-0.17440931183371247,1.487029062692357,-1.3617941956209574,1.5780920652109374,-0.32101905990572305,-0.04830064138131387,-1.0064993599974699,1.4132478086812315,0.3733665694400046,0.0,0.0,0.0,0.0,0.0,0.0,0.0,0.0,0.0,0.0,1.0,0.0,0.0,0.0,1.0,0.0,0.0,0.0,1.0,0.0,1.0,0.0,0.0,0.0,1.0,0.0,0.0,0.0,0.0,0.0,1.0,0.0,0.0,0.0,0.0,0.0,1.0,0.0,0.0,0.0,0.0,0.0,1.0,1.0,0.0,1.0,0.0,0.0,0.0,1.0,0.0,0.0,0.0,0.0,0
-1.0293916435567434,-0.30115487677216135,0.3220437044155789,-1.6317575612867619,-2.2650268768696926,0.49888765837117444,0.3927504439777269,0.2488647997813062,-1.5276224669815408,0.233955331039913,-1.3617941956209574,-0.5461960240222598,-1.7579888893852342,0.28102191349127975,-0.024995628365559186,1.4132478086812315,1.1817107849254982,0.0,0.0,0.0,0.0,0.0,0.0,0.0,0.0,1.0,0.0,0.0,0.0,0.0,0.0,1.0,0.0,0.0,0.0,1.0,0.0,1.0,0.0,0.0,1.0,0.0,0.0,0.0,0.0,0.0,0.0,0.0,0.0,0.0,1.0,0.0,0.0,0.0,1.0,0.0,0.0,1.0,0.0,0.0,1.0,0.0,1.0,0.0,0.0,0.0,0.0,1.0,0.0,0.0,0.0,0
0.2479516479916843,-1.5897838121690349,-0.5118740474830508,-0.995459453389766,-0.13408696574730583,-0.9967912993099517,0.5760335472315449,0.4414300959855859,0.6171696394103273,-1.019118400612531,-1.3617941956209574,-1.8864725846769428,1.0441022780998126,0.027696871281592355,0.36760586428720504,-0.24614296472138883,-1.6361457243479072,0.0,0.0,0.0,0.0,1.0,0.0,0.0,0.0,0.0,0.0,0.0,0.0,0.0,0.0,1.0,0.0,0.0,1.0,0.0,0.0,1.0,0.0,0.0,0.0,1.0,0.0,0.0,0.0,0.0,0.0,0.0,0.0,0.0,1.0,0.0,0.0,1.0,0.0,0.0,0.0,0.0,0.0,1.0,1.0,0.0,0.0,1.0,0.0,0.0,0.0,0.0,1.0,0.0,0.0,0
0.026709776129070564,-0.020664801237958434,-1.423273625232452,-1.1887089868435954,0.6367333169865165,-0.9967912993099517,-0.48290381316249653,-0.7674509231937321,-1.5276224669815408,-1.019118400612531,0.006630118503325768,1.2255532164261718,-0.2491705684317475,-0.26109367683745127,-2.3806045842821444,0.5835524219799213,-0.17484095466894786,0.0,0.0,0.0,0.0,1.0,0.0,0.0,0.0,0.0,0.0,0.0,0.0,0.0,0.0,1.0,0.0,0.0,0.0,1.0,0.0,0.0,1.0,0.0,0.0,0.0,1.0,0.0,0.0,0.0,0.0,0.0,1.0,0.0,0.0,0.0,0.0,0.0,1.0,0.0,0.0,0.0,0.0,1.0,0.0,1.0,0.0,1.0,0.0,0.0,0.0,1.0,0.0,0.0,0.0,0
0.002258531133952604,-0.8845968091956891,-1.7854596952050261,0.6302523264503523,-0.7755637979526826,-0.9967912993099517,-2.29402077180209,-2.4491736390717915,-1.5276224669815408,0.9669564746953179,0.006630118503325768,0.23781550455625436,-0.8958069916975275,-1.2439948406110384,-0.4175971210183234,-0.24614296472138883,0.6369950284860295,0.0,0.0,0.0,0.0,0.0,0.0,0.0,0.0,1.0,0.0,0.0,0.0,0.0,1.0,0.0,0.0,0.0,0.0,1.0,1.0,0.0,0.0,0.0,0.0,1.0,0.0,0.0,0.0,1.0,0.0,0.0,0.0,0.0,0.0,0.0,0.0,0.0,1.0,0.0,0.0,1.0,0.0,0.0,1.0,0.0,1.0,0.0,0.0,0.0,1.0,0.0,0.0,0.0,0.0,0
0.2150909049702029,2.518667639620199,-1.6846875008337523,0.3190825612494924,1.2370720234956316,0.49888765837117444,0.8916001785112978,0.6575754387162365,0.6171696394103273,-1.019118400612531,0.8071070273410997,0.23781550455625436,-0.6084130258016253,-0.9248052874268323,-0.024995628365559186,0.5835524219799213,0.6893715435282861,0.0,0.0,0.0,0.0,1.0,0.0,0.0,0.0,0.0,0.0,0.0,0.0,0.0,0.0,1.0,0.0,0.0,0.0,1.0,0.0,0.0,1.0,0.0,1.0,0.0,0.0,0.0,1.0,0.0,0.0,0.0,0.0,0.0,0.0,0.0,0.0,0.0,0.0,1.0,0.0,1.0,0.0,0.0,1.0,0.0,1.0,0.0,0.0,0.0,0.0,0.0,1.0,0.0,0.0,0
0.5663372088260229,0.4853549490878735,-0.2082557620591248,-0.6190081550798886,1.4602567620241207,-0.9967912993099517,-0.9366464336088679,-0.555118131219936,1.1788038433141157,0.9669564746953179,1.375054432627609,0.7940805366324234,0.6130113292559592,0.7775389962222671,0.9565081032663514,-0.24614296472138883,1.5535840417255202,0.0,0.0,0.0,0.0,0.0,0.0,0.0,0.0,1.0,0.0,0.0,0.0,0.0,1.0,0.0,0.0,0.0,0.0,1.0,0.0,0.0,1.0,0.0,0.0,1.0,0.0,0.0,0.0,0.0,0.0,0.0,0.0,0.0,1.0,0.0,0.0,0.0,1.0,0.0,0.0,1.0,0.0,0.0,1.0,0.0,1.0,0.0,0.0,0.0,0.0,0.0,1.0,0.0,0.0,0
2.2464755077807204,0.0787771440173592,-0.5118740474830508,0.3472987940103308,0.034643511667979465,0.49888765837117444,0.8845045952353293,0.6564617099322734,-1.5276224669815408,0.233955331039913,0.8071070273410997,1.2255532164261718,-0.17732207695777194,-1.3605243600274946,-0.2212963746919413,-0.24614296472138883,-1.2014206494971773,0.0,0.0,0.0,0.0,0.0,0.0,0.0,0.0,1.0,0.0,0.0,0.0,0.0,0.0,1.0,0.0,0.0,0.0,1.0,1.0,0.0,0.0,0.0,0.0,1.0,0.0,0.0,0.0,0.0,0.0,0.0,0.0,0.0,1.0,0.0,0.0,0.0,1.0,0.0,0.0,1.0,0.0,0.0,1.0,0.0,0.0,1.0,0.0,1.0,0.0,0.0,0.0,0.0,0.0,0
0.9993530883765723,0.4176214643191637,-0.861406942324963,-1.1372868238037945,0.8187799298187437,-0.9967912993099517,0.3596181170107392,0.03688506204095771,1.1788038433141157,0.233955331039913,-1.3617941956209574,0.23781550455625436,0.03822339746415475,-1.233861838922651,0.17130511796082293,-0.24614296472138883,1.7369018443734183,0.0,0.0,1.0,0.0,0.0,0.0,0.0,0.0,0.0,0.0,0.0,0.0,0.0,0.0,1.0,0.0,0.0,1.0,0.0,0.0,1.0,0.0,0.0,0.0,0.0,0.0,1.0,1.0,0.0,0.0,0.0,0.0,0.0,0.0,0.0,0.0,1.0,0.0,0.0,0.0,0.0,0.0,1.0,0.0,1.0,1.0,0.0,0.0,0.0,1.0,0.0,0.0,0.0,0.0,0
1.5954563456659263,-0.010462903108779882,0.8325162992670202,-1.990547322782121,0.3008804519518133,-0.9967912993099517,0.07005841549807776,-0.2195974075935164,-0.17440931183371247,0.9669564746953179,0.006630118503325768,-1.8864725846769428,-0.8958069916975275,1.400718600058098,-1.2028001063238518,-0.24614296472138883,-0.20277509602481805,0.0,1.0,0.0,0.0,0.0,0.0,0.0,0.0,0.0,0.0,0.0,0.0,0.0,1.0,0.0,0.0,0.0,1.0,0.0,1.0,0.0,0.0,0.0,0.0,1.0,0.0,0.0,0.0,0.0,0.0,0.0,0.0,0.0,0.0,1.0,0.0,1.0,0.0,0.0,0.0,1.0,0.0,0.0,1.0,0.0,1.0,0.0,0.0,0.0,1.0,0.0,0.0,0.0,0.0,0
0.2600541259037808,2.504185998547837,-0.9128010303810109,1.229877439042729,0.3008804519518133,-0.9967912993099517,-3.9987612217213897,-3.7259548531113587,-1.5276224669815408,1.487029062692357,1.8155886650711848,-1.8864725846769428,-0.32101905990572305,-0.7018792502823074,0.17130511796082293,0.5835524219799213,-1.5418679972718452,0.0,0.0,0.0,0.0,0.0,0.0,0.0,0.0,0.0,0.0,0.0,1.0,0.0,1.0,0.0,0.0,0.0,0.0,1.0,0.0,0.0,1.0,0.0,0.0,1.0,0.0,0.0,1.0,0.0,0.0,0.0,0.0,0.0,0.0,0.0,0.0,1.0,0.0,0.0,0.0,1.0,0.0,0.0,1.0,0.0,0.0,1.0,0.0,0.0,0.0,0.0,0.0,1.0,0.0,0
-0.3010212056930835,-0.4778660191310653,0.6940273361154479,0.0645131704451016,-1.2483101527427733,0.49888765837117444,-0.2037743733225675,-0.38151735487180966,1.1788038433141157,0.233955331039913,1.375054432627609,0.23781550455625436,-0.7521100087495765,-0.9501377916478011,-1.399100852650234,0.5835524219799213,-0.04564555089804823,0.0,0.0,0.0,0.0,0.0,0.0,1.0,0.0,0.0,0.0,0.0,0.0,0.0,1.0,0.0,0.0,0.0,0.0,1.0,1.0,0.0,0.0,0.0,0.0,1.0,0.0,0.0,0.0,0.0,0.0,0.0,0.0,0.0,0.0,1.0,0.0,1.0,0.0,0.0,0.0,0.0,0.0,1.0,1.0,0.0,1.0,0.0,1.0,0.0,0.0,0.0,0.0,0.0,0.0,1
1.7306239544354052,-0.391493730422379,-0.33425886755361933,0.21452553862042256,-1.6235500446643159,0.49888765837117444,-0.4573445533385172,-0.525872922515663,-0.17440931183371247,-1.019118400612531,0.006630118503325768,-1.8864725846769428,1.978132667261495,0.012497368749011112,-0.2212963746919413,1.4132478086812315,1.356299168399687,0.0,0.0,0.0,0.0,0.0,0.0,0.0,0.0,0.0,0.0,0.0,1.0,0.0,0.0,1.0,0.0,0.0,0.0,1.0,0.0,0.0,1.0,0.0,0.0,0.0,1.0,0.0,0.0,0.0,0.0,0.0,0.0,0.0,1.0,0.0,0.0,1.0,0.0,0.0,0.0,1.0,0.0,0.0,1.0,0.0,1.0,0.0,0.0,0.0,0.0,0.0,1.0,0.0,0.0,0
-1.251778638364591,-0.027499199302139277,-0.23859410545326964,0.009850646208549108,-0.04588164091512093,-0.9967912993099517,-0.4549575138257001,-0.09784227580615273,-0.17440931183371247,0.233955331039913,0.006630118503325768,0.23781550455625436,0.25376887188608144,-1.1578643262597448,-0.4175971210183234,1.4132478086812315,-0.604328378015452,0.0,0.0,0.0,0.0,0.0,0.0,0.0,0.0,0.0,0.0,1.0,0.0,0.0,1.0,0.0,0.0,0.0,1.0,0.0,1.0,0.0,0.0,0.0,0.0,1.0,0.0,0.0,0.0,0.0,0.0,0.0,0.0,0.0,0.0,1.0,0.0,0.0,1.0,0.0,0.0,0.0,0.0,1.0,1.0,0.0,0.0,1.0,0.0,0.0,0.0,0.0,1.0,0.0,0.0,0
-1.5655131900366648,1.4627349605634477,-1.1423402837787076,-0.8299192253482364,0.10871947129041147,-0.9967912993099517,-1.889979006987871,-1.5297283268042645,1.6144411763273727,-1.019118400612531,0.006630118503325768,0.23781550455625436,2.4092236161053484,0.9649995274574358,1.3491095959191157,1.4132478086812315,-0.714319059604191,0.0,0.0,0.0,0.0,1.0,0.0,0.0,0.0,0.0,0.0,0.0,0.0,0.0,1.0,0.0,0.0,0.0,0.0,1.0,1.0,0.0,0.0,0.0,0.0,1.0,0.0,0.0,0.0,0.0,1.0,0.0,0.0,0.0,0.0,0.0,1.0,0.0,0.0,0.0,0.0,0.0,0.0,1.0,1.0,0.0,0.0,1.0,0.0,0.0,1.0,0.0,0.0,0.0,0.0,0
0.9610915184847509,0.5603894780747607,-0.7187283569105664,-1.0408302956165845,0.35698583829276287,0.49888765837117444,-0.6773954385884051,-0.8440533856342199,-0.17440931183371247,0.233955331039913,0.006630118503325768,-0.5461960240222598,-1.7579888893852342,0.39248493206354224,-0.024995628365559186,0.5835524219799213,-0.1556362324867871,0.0,0.0,0.0,0.0,0.0,0.0,0.0,0.0,1.0,0.0,0.0,0.0,0.0,0.0,1.0,0.0,0.0,0.0,1.0,1.0,0.0,0.0,0.0,0.0,1.0,0.0,0.0,0.0,0.0,0.0,0.0,0.0,0.0,0.0,1.0,0.0,0.0,1.0,0.0,0.0,1.0,0.0,0.0,1.0,0.0,1.0,0.0,0.0,1.0,0.0,0.0,0.0,0.0,0.0,0
-0.08997094026183809,-0.6943276934692832,1.2894071767923831,-1.557098871409269,0.750196303495788,0.49888765837117444,0.2983919053155768,0.05397365785679923,1.1788038433141157,0.233955331039913,0.8071070273410997,1.2255532164261718,-0.2491705684317475,-0.8640072772965073,-1.2028001063238518,-1.9055337381240092,-0.49782946409619694,0.0,0.0,0.0,0.0,0.0,0.0,1.0,0.0,0.0,0.0,0.0,0.0,0.0,1.0,0.0,0.0,0.0,1.0,0.0,0.0,0.0,1.0,0.0,1.0,0.0,0.0,0.0,0.0,0.0,0.0,0.0,0.0,1.0,0.0,0.0,0.0,0.0,1.0,0.0,0.0,0.0,0.0,1.0,0.0,1.0,1.0,0.0,0.0,0.0,1.0,0.0,0.0,0.0,0.0,0
0.5568850494327375,1.69022638634195,1.1029141790047008,-0.8299192253482364,0.9129752784408443,1.9945666160523006,-1.481323661887047,-1.2065150931362294,1.1788038433141157,0.233955331039913,-1.3617941956209574,-0.5461960240222598,0.03822339746415475,0.7674059945338796,-0.4175971210183234,-0.24614296472138883,-0.9796934024849577,0.0,0.0,0.0,0.0,0.0,1.0,0.0,0.0,0.0,0.0,0.0,0.0,0.0,1.0,0.0,0.0,0.0,0.0,1.0,0.0,1.0,0.0,0.0,0.0,1.0,0.0,0.0,0.0,0.0,0.0,0.0,1.0,0.0,0.0,0.0,0.0,0.0,1.0,0.0,0.0,0.0,0.0,1.0,1.0,0.0,1.0,0.0,1.0,0.0,0.0,0.0,0.0,0.0,0.0,0
-0.005171510861633012,-2.6301373885719586,-0.4742897541412007,-1.088053513244579,1.0513602357948983,-0.9967912993099517,-1.9392064577628887,-2.237669652300565,1.1788038433141157,-1.019118400612531,0.006630118503325768,-1.8864725846769428,0.3974658548340326,0.28102191349127975,-0.6138978673447055,-0.24614296472138883,0.01720626715265969,0.0,0.0,0.0,0.0,0.0,0.0,0.0,1.0,0.0,0.0,0.0,0.0,0.0,1.0,0.0,0.0,0.0,0.0,1.0,1.0,0.0,0.0,0.0,0.0,1.0,0.0,0.0,0.0,0.0,1.0,0.0,0.0,0.0,0.0,0.0,0.0,1.0,0.0,0.0,0.0,1.0,0.0,0.0,1.0,0.0,0.0,1.0,1.0,0.0,0.0,0.0,0.0,0.0,0.0,0
-0.9740701653760279,-0.17754337105799656,1.123897670211499,-1.2425237219686571,-0.04588164091512093,0.49888765837117444,0.4331802114465643,0.6598004657828282,-0.17440931183371247,-1.019118400612531,0.006630118503325768,1.2255532164261718,-0.32101905990572305,-0.9146722857384448,0.36760586428720504,0.5835524219799213,-1.7059810777375826,0.0,0.0,0.0,0.0,1.0,0.0,0.0,0.0,0.0,0.0,0.0,0.0,0.0,1.0,0.0,0.0,0.0,1.0,0.0,0.0,0.0,1.0,0.0,0.0,1.0,0.0,0.0,0.0,0.0,0.0,0.0,0.0,0.0,1.0,0.0,0.0,0.0,1.0,0.0,0.0,0.0,0.0,1.0,1.0,0.0,0.0,1.0,0.0,1.0,0.0,0.0,0.0,0.0,0.0,0
0.4357360823660635,0.13584269749953073,1.1342597067150662,0.8116889821470744,-0.34059638025356326,-0.9967912993099517,0.6554515937838058,0.6742896406048361,0.6171696394103273,-1.019118400612531,0.006630118503325768,1.2255532164261718,-0.6802615172756009,-0.6714802452171449,0.17130511796082293,1.4132478086812315,-0.9639804479722808,0.0,0.0,0.0,0.0,1.0,0.0,0.0,0.0,0.0,0.0,0.0,0.0,0.0,0.0,1.0,0.0,0.0,0.0,1.0,0.0,0.0,1.0,0.0,0.0,1.0,0.0,0.0,0.0,1.0,0.0,0.0,0.0,0.0,0.0,0.0,1.0,0.0,0.0,0.0,0.0,0.0,0.0,1.0,1.0,0.0,0.0,1.0,0.0,0.0,1.0,0.0,0.0,0.0,0.0,0
0.17490723004230832,0.08521027012051201,-0.9128010303810109,-0.7196636286789051,-0.7755637979526826,-0.9967912993099517,-0.0904590842967889,-0.01794682561996237,1.1788038433141157,-1.019118400612531,0.006630118503325768,-0.5461960240222598,1.978132667261495,-0.9045392840500573,-0.024995628365559186,-0.24614296472138883,-0.7824085291591245,0.0,0.0,0.0,0.0,1.0,0.0,0.0,0.0,0.0,0.0,0.0,0.0,0.0,0.0,1.0,0.0,0.0,0.0,1.0,0.0,0.0,1.0,0.0,0.0,0.0,1.0,0.0,0.0,0.0,0.0,0.0,0.0,0.0,1.0,0.0,0.0,0.0,1.0,0.0,0.0,0.0,0.0,1.0,1.0,0.0,1.0,0.0,0.0,0.0,0.0,0.0,1.0,0.0,0.0,0
0.3895713933798264,-1.1886382649950342,-0.812028836009737,0.0821747072596201,1.0513602357948983,-0.9967912993099517,-0.22881844833896567,-0.34718029367794007,1.1788038433141157,0.9669564746953179,-1.3617941956209574,0.7940805366324234,-1.1113524661194543,-0.13443115573260758,-1.5954015989766162,0.5835524219799213,0.8779269976804099,0.0,0.0,0.0,0.0,0.0,0.0,0.0,0.0,0.0,0.0,0.0,1.0,0.0,0.0,0.0,1.0,0.0,1.0,0.0,0.0,1.0,0.0,0.0,0.0,0.0,1.0,0.0,0.0,0.0,0.0,0.0,0.0,0.0,1.0,0.0,0.0,1.0,0.0,0.0,0.0,0.0,0.0,1.0,1.0,0.0,0.0,1.0,0.0,0.0,0.0,0.0,1.0,0.0,0.0,0
-0.037891026095695154,-0.39994196241038116,-0.812028836009737,1.128039739289868,0.35698583829276287,-0.9967912993099517,0.20469402625918265,0.10214188550833624,-0.17440931183371247,-1.019118400612531,0.006630118503325768,-1.8864725846769428,-0.5365645343276497,1.1271275544716357,0.17130511796082293,1.4132478086812315,0.03990275700430422,0.0,0.0,0.0,0.0,1.0,0.0,0.0,0.0,0.0,0.0,0.0,0.0,0.0,0.0,1.0,0.0,0.0,0.0,1.0,0.0,0.0,1.0,1.0,0.0,0.0,0.0,0.0,0.0,0.0,0.0,0.0,0.0,0.0,0.0,1.0,1.0,0.0,0.0,0.0,0.0,1.0,0.0,0.0,1.0,0.0,1.0,0.0,0.0,1.0,0.0,0.0,0.0,0.0,0.0,0
0.7963763865745591,0.7809576789853742,-0.17863132870856746,-0.02808088940971111,-0.9820732124589395,0.49888765837117444,0.792753379461951,1.177710062475278,-1.5276224669815408,0.233955331039913,0.8071070273410997,-1.8864725846769428,-2.0453828552811366,-0.46882021144939495,-0.2212963746919413,0.5835524219799213,0.8709434623414424,1.0,0.0,0.0,0.0,0.0,0.0,0.0,0.0,0.0,0.0,0.0,0.0,0.0,1.0,0.0,0.0,0.0,0.0,1.0,1.0,0.0,0.0,0.0,0.0,1.0,0.0,0.0,1.0,0.0,0.0,0.0,0.0,0.0,0.0,0.0,0.0,1.0,0.0,0.0,0.0,1.0,0.0,0.0,0.0,1.0,0.0,1.0,1.0,0.0,0.0,0.0,0.0,0.0,0.0,0
-1.7329406986203086,-0.45150459974867746,0.4348636493671937,-0.8691368180092968,0.9984626704981394,1.3738037617323386,0.06103222031632599,-1.1965017435199892,-0.17440931183371247,-1.019118400612531,-1.3617941956209574,-1.8864725846769428,-0.7521100087495765,-0.929871788271026,1.3491095959191157,-1.075838351422699,-1.3480748916154959,0.0,0.0,0.0,0.0,1.0,0.0,0.0,0.0,0.0,0.0,0.0,0.0,0.0,1.0,0.0,0.0,0.0,0.0,1.0,0.0,1.0,0.0,0.0,0.0,1.0,0.0,0.0,0.0,1.0,0.0,0.0,0.0,0.0,0.0,0.0,1.0,0.0,0.0,0.0,0.0,0.0,0.0,1.0,0.0,1.0,1.0,0.0,0.0,0.0,1.0,0.0,0.0,0.0,0.0,0
-0.865331206612538,0.7372385676671598,-0.2082557620591248,0.9354352062379467,1.298113183907778,0.49888765837117444,1.1878098427729868,0.9794237690679887,0.6171696394103273,0.233955331039913,-1.3617941956209574,-0.5461960240222598,1.2596477525217393,-0.909605784894251,0.17130511796082293,1.4132478086812315,1.15552252740437,0.0,0.0,0.0,0.0,0.0,0.0,0.0,0.0,1.0,0.0,0.0,0.0,0.0,0.0,1.0,0.0,0.0,0.0,1.0,0.0,1.0,0.0,0.0,0.0,1.0,0.0,0.0,0.0,0.0,0.0,0.0,0.0,1.0,0.0,0.0,0.0,1.0,0.0,0.0,0.0,0.0,0.0,1.0,1.0,0.0,1.0,0.0,0.0,1.0,0.0,0.0,0.0,0.0,0.0,0
0.2680575511565549,1.4946360269238455,0.3220437044155789,-0.7196636286789051,0.034643511667979465,0.49888765837117444,0.4253424659755673,0.39681925182162275,0.6171696394103273,-1.019118400612531,-1.3617941956209574,1.2255532164261718,-0.4647160428536742,0.10369438394449858,-0.6138978673447055,-0.24614296472138883,-0.9098580490952822,0.0,0.0,0.0,0.0,0.0,0.0,0.0,0.0,0.0,1.0,0.0,0.0,0.0,0.0,1.0,0.0,0.0,1.0,0.0,0.0,1.0,0.0,0.0,0.0,0.0,0.0,1.0,0.0,0.0,0.0,0.0,0.0,1.0,0.0,0.0,1.0,0.0,0.0,0.0,0.0,0.0,0.0,1.0,1.0,0.0,1.0,0.0,0.0,0.0,0.0,0.0,1.0,0.0,0.0,0
-0.3426695410276589,0.5895265587564679,-1.6846875008337523,1.000624744818925,-1.2483101527427733,-0.9967912993099517,1.143002739659347,0.9433504729725295,0.6171696394103273,-1.019118400612531,0.8071070273410997,0.7940805366324234,-1.0395039746454786,-0.8082757680103761,-0.2212963746919413,1.4132478086812315,-1.3201407502596256,0.0,0.0,0.0,0.0,1.0,0.0,0.0,0.0,0.0,0.0,0.0,0.0,0.0,0.0,1.0,0.0,0.0,1.0,0.0,0.0,0.0,1.0,0.0,0.0,0.0,1.0,0.0,0.0,0.0,0.0,0.0,0.0,0.0,0.0,1.0,0.0,0.0,1.0,0.0,0.0,1.0,0.0,0.0,1.0,0.0,1.0,0.0,0.0,0.0,0.0,0.0,1.0,0.0,0.0,0
-0.06626492183851689,-0.6547104100554769,-1.022346642334492,-0.6190081550798886,0.6367333169865165,0.49888765837117444,1.9877097795530632,1.8005270393254986,1.1788038433141157,0.9669564746953179,-1.3617941956209574,-1.8864725846769428,1.4033447354696904,-2.3130265187359194,-0.6138978673447055,0.5835524219799213,-0.7719332261506732,0.0,0.0,0.0,0.0,0.0,0.0,0.0,0.0,1.0,0.0,0.0,0.0,0.0,0.0,1.0,0.0,0.0,1.0,0.0,0.0,1.0,0.0,0.0,0.0,0.0,0.0,1.0,0.0,0.0,1.0,0.0,0.0,0.0,0.0,0.0,0.0,1.0,0.0,0.0,0.0,0.0,0.0,1.0,1.0,0.0,0.0,1.0,0.0,0.0,1.0,0.0,0.0,0.0,0.0,0
0.3658305877882535,-0.0902382035999736,1.6308972136794,0.009850646208549108,0.9423572841571898,-0.9967912993099517,0.06103222031632599,-0.5999415057732232,-1.5276224669815408,-1.019118400612531,0.8071070273410997,1.2255532164261718,-0.7521100087495765,-1.1781303296365198,-0.6138978673447055,1.4132478086812315,-0.5694107013206143,0.0,0.0,0.0,0.0,0.0,0.0,0.0,0.0,0.0,1.0,0.0,0.0,0.0,0.0,1.0,0.0,0.0,0.0,1.0,1.0,0.0,0.0,0.0,1.0,0.0,0.0,0.0,0.0,0.0,0.0,0.0,0.0,0.0,0.0,1.0,0.0,1.0,0.0,0.0,0.0,1.0,0.0,0.0,1.0,0.0,1.0,0.0,0.0,0.0,1.0,0.0,0.0,0.0,0.0,0
0.8424752988456987,-0.7974742692308516,-0.6745490755800451,0.6518755390233273,1.1717186114282805,1.3738037617323386,1.3518822190873605,1.3189562555869239,0.6171696394103273,-1.019118400612531,-1.3617941956209574,0.7940805366324234,0.5411628377819837,-0.61068223508682,2.7232148202037902,1.4132478086812315,-0.08580087909711163,0.0,0.0,0.0,0.0,1.0,0.0,0.0,0.0,0.0,0.0,0.0,0.0,0.0,0.0,1.0,0.0,0.0,1.0,0.0,0.0,1.0,0.0,0.0,0.0,1.0,0.0,0.0,0.0,1.0,0.0,0.0,0.0,0.0,0.0,0.0,0.0,1.0,0.0,0.0,0.0,1.0,0.0,0.0,1.0,0.0,0.0,1.0,0.0,1.0,0.0,0.0,0.0,0.0,0.0,0
-0.4479994316802311,-1.1234650016488363,-0.1496879775104765,0.4149676850334555,0.24115292617423648,-0.9967912993099517,-1.308677629165436,-1.3601930627034626,0.6171696394103273,-1.019118400612531,0.006630118503325768,1.2255532164261718,-2.117231346755112,1.0916620485622794,-0.8101986136710877,-1.075838351422699,0.9879176792691488,0.0,0.0,1.0,0.0,0.0,0.0,0.0,0.0,0.0,0.0,0.0,0.0,0.0,1.0,0.0,0.0,0.0,1.0,0.0,0.0,0.0,1.0,0.0,0.0,1.0,0.0,0.0,0.0,0.0,0.0,0.0,1.0,0.0,0.0,0.0,1.0,0.0,0.0,0.0,0.0,1.0,0.0,0.0,1.0,0.0,0.0,1.0,0.0,0.0,0.0,0.0,0.0,0.0,1.0,0
1.6326495828482919,0.7938635989237894,-0.40232843552956954,0.8209806641568088,-1.2483101527427733,-0.9967912993099517,-1.490580977296039,-1.1117424332020216,-0.17440931183371247,-1.019118400612531,-1.3617941956209574,-0.5461960240222598,-0.32101905990572305,1.826304670970373,1.5454103422454977,-1.9055337381240092,-0.8504979987140581,0.0,0.0,0.0,0.0,0.0,1.0,0.0,0.0,0.0,0.0,0.0,0.0,0.0,1.0,0.0,0.0,0.0,1.0,0.0,0.0,1.0,0.0,0.0,0.0,0.0,1.0,0.0,1.0,0.0,0.0,0.0,0.0,0.0,0.0,0.0,0.0,1.0,0.0,0.0,0.0,1.0,0.0,0.0,1.0,0.0,0.0,1.0,0.0,0.0,0.0,0.0,1.0,0.0,0.0,1
-0.8310984064516422,-0.7974742692308516,0.933288493638294,0.2901608500762704,0.10871947129041147,0.49888765837117444,0.8475997907721734,1.000284928636069,1.1788038433141157,-1.019118400612531,0.006630118503325768,0.23781550455625436,-0.10547358548379637,0.296221416023861,-0.6138978673447055,1.4132478086812315,1.1206048507095323,0.0,0.0,0.0,0.0,1.0,0.0,0.0,0.0,0.0,0.0,0.0,0.0,0.0,1.0,0.0,0.0,0.0,0.0,1.0,1.0,0.0,0.0,0.0,0.0,1.0,0.0,0.0,0.0,0.0,0.0,0.0,0.0,0.0,0.0,1.0,0.0,1.0,0.0,0.0,0.0,1.0,0.0,0.0,1.0,0.0,0.0,1.0,0.0,0.0,1.0,0.0,0.0,0.0,0.0,0
0.7739992826797646,-1.5404023886067397,-0.5506149604084367,0.1167088595524093,0.9423572841571898,1.3738037617323386,0.48837193066584705,0.4392913451142589,0.6171696394103273,-1.019118400612531,0.8071070273410997,0.23781550455625436,-0.6084130258016253,-0.9197387865826385,-0.2212963746919413,-1.075838351422699,1.7176971221912576,1.0,0.0,0.0,0.0,0.0,0.0,0.0,0.0,0.0,0.0,0.0,0.0,0.0,0.0,1.0,0.0,0.0,1.0,0.0,0.0,0.0,1.0,0.0,0.0,1.0,0.0,0.0,0.0,0.0,1.0,0.0,0.0,0.0,0.0,0.0,1.0,0.0,0.0,0.0,0.0,1.0,0.0,0.0,1.0,0.0,1.0,0.0,0.0,0.0,0.0,0.0,1.0,0.0,0.0,0
-0.7884246828335438,-0.4602477689714164,1.4437610884897352,0.6411144549970303,-2.2650268768696926,-0.9967912993099517,1.3443706282917949,1.681580163376792,-0.17440931183371247,1.8904287018766261,0.8071070273410997,-0.5461960240222598,-0.8958069916975275,0.23542340589353603,0.5639066106135872,0.5835524219799213,1.277734395836302,0.0,0.0,0.0,0.0,0.0,0.0,0.0,0.0,1.0,0.0,0.0,0.0,0.0,1.0,0.0,0.0,0.0,1.0,0.0,1.0,0.0,0.0,0.0,0.0,1.0,0.0,0.0,0.0,0.0,0.0,0.0,1.0,0.0,0.0,0.0,0.0,1.0,0.0,0.0,0.0,1.0,0.0,0.0,1.0,0.0,0.0,1.0,0.0,0.0,0.0,0.0,1.0,0.0,0.0,0
0.9415103817947597,0.3023570428953587,-1.3469484189652163,-0.5564627506577629,0.35698583829276287,-0.9967912993099517,-0.5683196599867031,-0.20480364666469664,1.1788038433141157,-1.019118400612531,0.8071070273410997,0.7940805366324234,0.18192038041210587,0.29115491517966724,0.5639066106135872,-0.24614296472138883,-0.8906533269131215,0.0,0.0,0.0,0.0,1.0,0.0,0.0,0.0,0.0,0.0,0.0,0.0,0.0,1.0,0.0,0.0,0.0,1.0,0.0,0.0,0.0,1.0,0.0,0.0,1.0,0.0,0.0,0.0,0.0,0.0,1.0,0.0,0.0,0.0,0.0,1.0,0.0,0.0,0.0,0.0,0.0,0.0,1.0,1.0,0.0,0.0,1.0,0.0,0.0,0.0,0.0,1.0,0.0,0.0,0
-0.24556274789220753,0.7548572604927403,-1.6846875008337523,0.4912684024270363,-0.606833320537397,0.49888765837117444,-1.1946165917737723,-0.8399542838559311,-1.5276224669815408,-1.019118400612531,0.006630118503325768,0.23781550455625436,0.1100718889381303,1.0865955477180858,-0.6138978673447055,0.5835524219799213,-0.6654343122314181,0.0,0.0,1.0,0.0,0.0,0.0,0.0,0.0,0.0,0.0,0.0,0.0,0.0,0.0,1.0,0.0,0.0,0.0,1.0,0.0,0.0,1.0,0.0,0.0,1.0,0.0,0.0,0.0,0.0,0.0,0.0,1.0,0.0,0.0,0.0,0.0,1.0,0.0,0.0,0.0,0.0,0.0,1.0,1.0,0.0,1.0,0.0,0.0,1.0,0.0,0.0,0.0,0.0,0.0,0
-0.7292586298668504,-0.17754337105799656,0.036182840710240624,0.3190825612494924,-0.04588164091512093,-0.9967912993099517,0.11758829739455441,-0.20080214911186114,0.6171696394103273,-1.019118400612531,0.8071070273410997,1.2255532164261718,0.25376887188608144,0.7623394936896859,-1.5954015989766162,-0.24614296472138883,0.6719127051808673,0.0,0.0,0.0,0.0,0.0,0.0,0.0,1.0,0.0,0.0,0.0,0.0,0.0,1.0,0.0,0.0,0.0,1.0,0.0,1.0,0.0,0.0,0.0,0.0,0.0,1.0,0.0,0.0,0.0,0.0,0.0,0.0,0.0,1.0,0.0,0.0,0.0,1.0,0.0,0.0,0.0,0.0,1.0,1.0,0.0,1.0,0.0,0.0,0.0,0.0,0.0,1.0,0.0,0.0,1
-0.7607673593520884,-2.0019254496683048,0.4167485119683675,2.0478500419707943,-0.13408696574730583,1.3738037617323386,-2.9741671792954207,-3.2284302487661978,-0.17440931183371247,0.233955331039913,1.375054432627609,0.23781550455625436,-0.17732207695777194,-0.028034638004538873,-0.4175971210183234,0.5835524219799213,-0.4611659035666173,0.0,0.0,0.0,0.0,1.0,0.0,0.0,0.0,0.0,0.0,0.0,0.0,0.0,1.0,0.0,0.0,0.0,0.0,1.0,1.0,0.0,0.0,0.0,0.0,1.0,0.0,0.0,0.0,0.0,0.0,0.0,0.0,0.0,0.0,1.0,0.0,1.0,0.0,0.0,0.0,0.0,0.0,1.0,1.0,0.0,1.0,0.0,0.0,0.0,0.0,0.0,1.0,0.0,0.0,0
-1.2450332108066795,1.0634849518750318,0.5871406065190502,-0.08741739249307227,0.7851232955110645,-0.9967912993099517,-3.2237970381856607,-3.1408006356219045,-1.5276224669815408,-1.019118400612531,-1.3617941956209574,-1.8864725846769428,0.3974658548340326,1.7503071583074667,-0.6138978673447055,1.4132478086812315,0.5916020487827405,0.0,0.0,0.0,0.0,1.0,0.0,0.0,0.0,0.0,0.0,0.0,0.0,0.0,1.0,0.0,0.0,0.0,0.0,1.0,0.0,1.0,0.0,0.0,0.0,1.0,0.0,0.0,0.0,0.0,0.0,0.0,0.0,0.0,1.0,0.0,0.0,1.0,0.0,0.0,0.0,1.0,0.0,0.0,1.0,0.0,1.0,0.0,0.0,0.0,0.0,0.0,1.0,0.0,0.0,0
0.27402652345102757,0.18505372427459843,0.2407909758967492,-1.4869678123246417,-0.34059638025356326,0.49888765837117444,0.9057337683813192,0.6533814764788937,-0.17440931183371247,0.233955331039913,1.375054432627609,0.7940805366324234,-0.4647160428536742,-1.471987378599757,-1.0064993599974699,0.5835524219799213,1.338840330052268,0.0,0.0,0.0,0.0,0.0,0.0,0.0,1.0,0.0,0.0,0.0,0.0,0.0,0.0,1.0,0.0,0.0,0.0,1.0,1.0,0.0,0.0,0.0,0.0,1.0,0.0,0.0,0.0,0.0,0.0,1.0,0.0,0.0,0.0,0.0,0.0,0.0,1.0,0.0,0.0,1.0,0.0,0.0,1.0,0.0,1.0,0.0,0.0,0.0,0.0,1.0,0.0,0.0,0.0,0
2.133258551871505,-0.6943276934692832,-2.014998948602723,-0.1715860094881732,0.24115292617423648,1.3738037617323386,-0.13775412818617333,0.257704391617394,-0.17440931183371247,-1.019118400612531,0.8071070273410997,-0.5461960240222598,-0.10547358548379637,0.012497368749011112,0.36760586428720504,1.4132478086812315,1.3929627289292665,0.0,0.0,0.0,0.0,1.0,0.0,0.0,0.0,0.0,0.0,0.0,0.0,0.0,1.0,0.0,0.0,0.0,0.0,1.0,1.0,0.0,0.0,0.0,1.0,0.0,0.0,0.0,0.0,0.0,0.0,0.0,0.0,0.0,0.0,1.0,0.0,0.0,1.0,0.0,0.0,1.0,0.0,0.0,1.0,0.0,1.0,0.0,0.0,0.0,0.0,0.0,1.0,0.0,0.0,0
1.8139807688209044,-1.0980593077348306,-1.423273625232452,-0.6851294763861162,-1.6235500446643159,-0.9967912993099517,-0.7643742902803168,-0.6756244601975518,-0.17440931183371247,1.487029062692357,0.006630118503325768,-1.8864725846769428,-0.8958069916975275,0.797804999599042,-1.2028001063238518,0.5835524219799213,1.0402941943114055,0.0,0.0,0.0,0.0,0.0,0.0,0.0,0.0,0.0,0.0,0.0,0.0,1.0,0.0,1.0,0.0,0.0,1.0,0.0,0.0,0.0,1.0,0.0,0.0,1.0,0.0,0.0,0.0,0.0,0.0,0.0,1.0,0.0,0.0,0.0,0.0,0.0,1.0,0.0,0.0,1.0,0.0,0.0,1.0,0.0,0.0,1.0,1.0,0.0,0.0,0.0,0.0,0.0,0.0,1
0.20673833443874268,-0.4602477689714164,-0.861406942324963,1.3819079810822015,1.1488666986634468,0.49888765837117444,-0.30026990283697647,0.05444562578342894,-0.17440931183371247,-1.019118400612531,0.006630118503325768,-1.8864725846769428,0.3974658548340326,0.012497368749011112,0.17130511796082293,-0.24614296472138883,-0.07881734375814409,0.0,0.0,0.0,0.0,0.0,0.0,0.0,0.0,0.0,0.0,1.0,0.0,0.0,1.0,0.0,0.0,0.0,1.0,0.0,0.0,0.0,1.0,0.0,0.0,1.0,0.0,0.0,1.0,0.0,0.0,0.0,0.0,0.0,0.0,0.0,0.0,1.0,0.0,0.0,0.0,0.0,0.0,1.0,1.0,0.0,1.0,0.0,0.0,1.0,0.0,0.0,0.0,0.0,0.0,0
-1.0813748615309482,-0.9880810676600783,-0.5506149604084367,-1.2989645835129267,-0.13408696574730583,-0.9967912993099517,-0.6765541463421405,-0.8165605785267562,-1.5276224669815408,-1.019118400612531,-1.3617941956209574,-0.5461960240222598,2.481072107579324,0.012497368749011112,1.1528088495927336,-0.24614296472138883,-1.1507900182896627,0.0,0.0,0.0,1.0,0.0,0.0,0.0,0.0,0.0,0.0,0.0,0.0,0.0,1.0,0.0,0.0,0.0,1.0,0.0,0.0,1.0,0.0,0.0,0.0,1.0,0.0,0.0,0.0,0.0,0.0,1.0,0.0,0.0,0.0,0.0,1.0,0.0,0.0,0.0,0.0,1.0,0.0,0.0,1.0,0.0,1.0,0.0,1.0,0.0,0.0,0.0,0.0,0.0,0.0,0
-0.40959579072149516,-0.3091778152502319,1.8822723647295454,-0.9518011328537236,-2.2650268768696926,-0.9967912993099517,0.06103222031632599,-0.21115304656481068,0.6171696394103273,0.233955331039913,0.006630118503325768,1.5780920652109374,-0.10547358548379637,0.9649995274574358,0.17130511796082293,0.5835524219799213,0.8988776036973126,0.0,0.0,0.0,0.0,1.0,0.0,0.0,0.0,0.0,0.0,0.0,0.0,0.0,1.0,0.0,0.0,0.0,1.0,0.0,1.0,0.0,0.0,0.0,1.0,0.0,0.0,0.0,0.0,0.0,0.0,0.0,0.0,0.0,1.0,0.0,0.0,1.0,0.0,0.0,0.0,0.0,0.0,1.0,1.0,0.0,1.0,0.0,1.0,0.0,0.0,0.0,0.0,0.0,0.0,0
0.1356030686761705,1.234906870692792,0.5711024236657201,0.8116889821470744,0.034643511667979465,1.3738037617323386,0.06103222031632599,0.18341924830147835,1.6144411763273727,-1.019118400612531,1.375054432627609,0.7940805366324234,1.0441022780998126,-0.8944062823616699,-0.024995628365559186,-1.9055337381240092,1.1328260375527255,0.0,0.0,0.0,0.0,1.0,0.0,0.0,0.0,0.0,0.0,0.0,0.0,0.0,0.0,1.0,0.0,0.0,0.0,1.0,0.0,0.0,1.0,0.0,0.0,1.0,0.0,0.0,0.0,1.0,0.0,0.0,0.0,0.0,0.0,0.0,0.0,0.0,1.0,0.0,0.0,1.0,0.0,0.0,1.0,0.0,0.0,1.0,1.0,0.0,0.0,0.0,0.0,0.0,0.0,0
-1.763173642921847,0.6695450573101225,-0.7645145055021436,-0.23899195967805917,0.5073898664580703,0.49888765837117444,1.4290448048165942,1.1221170945939576,0.6171696394103273,-1.019118400612531,1.375054432627609,0.23781550455625436,2.481072107579324,-1.0008028000897384,-0.2212963746919413,0.5835524219799213,-1.5244091589244264,0.0,0.0,0.0,0.0,1.0,0.0,0.0,0.0,0.0,0.0,0.0,0.0,0.0,0.0,1.0,0.0,0.0,0.0,1.0,1.0,0.0,0.0,0.0,1.0,0.0,0.0,0.0,0.0,0.0,0.0,0.0,0.0,0.0,0.0,1.0,0.0,1.0,0.0,0.0,0.0,1.0,0.0,0.0,1.0,0.0,0.0,1.0,0.0,0.0,0.0,0.0,1.0,0.0,0.0,1
0.8844991160663058,-0.3091778152502319,0.01125172249905238,0.6939459276822286,0.676120343873356,-0.9967912993099517,1.292759956075367,1.045539018945468,-1.5276224669815408,-1.019118400612531,0.006630118503325768,1.5780920652109374,0.03822339746415475,-0.7880097646336011,-0.2212963746919413,-0.24614296472138883,-0.01596552570743616,0.0,0.0,0.0,0.0,1.0,0.0,0.0,0.0,0.0,0.0,0.0,0.0,0.0,0.0,1.0,0.0,0.0,1.0,0.0,0.0,0.0,1.0,0.0,0.0,1.0,0.0,0.0,0.0,0.0,0.0,1.0,0.0,0.0,0.0,0.0,0.0,0.0,1.0,0.0,0.0,0.0,0.0,1.0,0.0,1.0,1.0,0.0,0.0,0.0,1.0,0.0,0.0,0.0,0.0,0
0.6585666802218133,-0.06907474316358417,-1.1423402837787076,0.6939459276822286,-0.04588164091512093,0.49888765837117444,0.751685304165611,0.7225505481724201,1.6144411763273727,-1.019118400612531,0.8071070273410997,-0.5461960240222598,-1.326897940541381,0.6103444683638733,0.17130511796082293,-1.9055337381240092,0.5549384882531608,0.0,0.0,0.0,0.0,0.0,0.0,0.0,0.0,1.0,0.0,0.0,0.0,0.0,0.0,1.0,0.0,0.0,0.0,1.0,0.0,0.0,1.0,0.0,1.0,0.0,0.0,0.0,0.0,0.0,0.0,0.0,0.0,0.0,1.0,0.0,1.0,0.0,0.0,0.0,0.0,0.0,0.0,1.0,1.0,0.0,1.0,0.0,0.0,0.0,1.0,0.0,0.0,0.0,0.0,1
0.15759177384942039,0.0980061316601558,-1.1423402837787076,0.5156231586324721,-0.606833320537397,-0.9967912993099517,-0.6451638928342386,-0.4772265870478682,-0.17440931183371247,0.9669564746953179,0.006630118503325768,0.23781550455625436,-0.03362509400982082,0.20502440082837353,2.134312581224644,-1.075838351422699,-1.7391528705976784,0.0,0.0,0.0,0.0,0.0,0.0,0.0,0.0,1.0,0.0,0.0,0.0,0.0,1.0,0.0,0.0,0.0,0.0,1.0,1.0,0.0,0.0,0.0,0.0,1.0,0.0,0.0,0.0,0.0,0.0,1.0,0.0,0.0,0.0,0.0,1.0,0.0,0.0,0.0,0.0,1.0,0.0,0.0,1.0,0.0,0.0,1.0,0.0,0.0,0.0,0.0,1.0,0.0,0.0,1
-0.0926330339778598,-0.010462903108779882,0.8584755762353353,0.18283018085863695,0.9129752784408443,-0.9967912993099517,-0.5438093629227765,-0.23339599975279174,-1.5276224669815408,-1.019118400612531,0.8071070273410997,-0.5461960240222598,-0.6802615172756009,-0.8893397815174761,-1.399100852650234,-0.24614296472138883,-1.2904607250690137,0.0,0.0,0.0,0.0,0.0,0.0,1.0,0.0,0.0,0.0,0.0,0.0,0.0,0.0,0.0,0.0,1.0,0.0,1.0,1.0,0.0,0.0,0.0,0.0,1.0,0.0,0.0,0.0,0.0,0.0,0.0,0.0,0.0,0.0,1.0,0.0,1.0,0.0,0.0,0.0,1.0,0.0,0.0,1.0,0.0,1.0,0.0,0.0,0.0,0.0,0.0,1.0,0.0,0.0,0
0.9426707812613113,-1.2841534788530309,1.1648437287768127,0.662537441140972,-1.2483101527427733,-0.9967912993099517,0.7023198916261353,0.4361695146932131,0.6171696394103273,-1.019118400612531,0.006630118503325768,0.7940805366324234,0.4693143463080081,-1.2237288372342634,0.7602073569399693,0.5835524219799213,0.0818039690381095,0.0,0.0,0.0,0.0,0.0,0.0,0.0,0.0,1.0,0.0,0.0,0.0,0.0,0.0,1.0,0.0,0.0,0.0,1.0,0.0,0.0,1.0,0.0,0.0,1.0,0.0,0.0,0.0,0.0,0.0,0.0,0.0,0.0,1.0,0.0,1.0,0.0,0.0,0.0,0.0,1.0,0.0,0.0,1.0,0.0,1.0,0.0,0.0,0.0,0.0,0.0,0.0,1.0,0.0,0
0.13115831988846843,0.7194410063463363,1.616908399447813,-0.9518011328537236,0.35698583829276287,1.3738037617323386,0.6619338024223538,0.6405693136665974,0.6171696394103273,1.8904287018766261,0.8071070273410997,-0.5461960240222598,-0.2491705684317475,-0.3522906920329388,0.7602073569399693,-0.24614296472138883,1.5064451781874892,0.0,0.0,0.0,0.0,1.0,0.0,0.0,0.0,0.0,0.0,0.0,0.0,0.0,0.0,1.0,0.0,0.0,0.0,1.0,1.0,0.0,0.0,0.0,0.0,1.0,0.0,0.0,0.0,0.0,0.0,0.0,0.0,0.0,0.0,1.0,1.0,0.0,0.0,0.0,0.0,1.0,0.0,0.0,1.0,0.0,0.0,1.0,0.0,0.0,0.0,1.0,0.0,0.0,0.0,1
0.5150752561337636,1.9611968793855752,0.6493251138311443,0.4663898480732562,-0.13408696574730583,1.3738037617323386,1.3081695088615388,1.0275811208052712,-1.5276224669815408,1.487029062692357,-1.3617941956209574,0.23781550455625436,0.5411628377819837,2.044164207270704,-0.4175971210183234,1.4132478086812315,-1.7391528705976784,0.0,0.0,0.0,0.0,1.0,0.0,0.0,0.0,0.0,0.0,0.0,0.0,0.0,0.0,1.0,0.0,0.0,0.0,1.0,0.0,1.0,0.0,0.0,0.0,1.0,0.0,0.0,0.0,0.0,0.0,0.0,1.0,0.0,0.0,0.0,0.0,1.0,0.0,0.0,0.0,0.0,0.0,1.0,0.0,1.0,1.0,0.0,0.0,0.0,0.0,0.0,1.0,0.0,0.0,0
0.5215996660318011,1.201257937879927,-0.861406942324963,-0.4685616310762956,-0.7755637979526826,-0.9967912993099517,1.56542890170905,1.4365425810656036,0.6171696394103273,-1.019118400612531,0.006630118503325768,0.7940805366324234,0.4693143463080081,1.0156645358993732,0.5639066106135872,-0.24614296472138883,-1.0111193115103116,0.0,0.0,0.0,0.0,0.0,0.0,0.0,0.0,1.0,0.0,0.0,0.0,0.0,1.0,0.0,0.0,0.0,1.0,0.0,0.0,0.0,1.0,0.0,1.0,0.0,0.0,0.0,1.0,0.0,0.0,0.0,0.0,0.0,0.0,0.0,0.0,0.0,1.0,0.0,0.0,1.0,0.0,0.0,1.0,0.0,1.0,0.0,0.0,0.0,0.0,0.0,1.0,0.0,0.0,1
0.5881170105860486,0.36367766108100785,-1.7854596952050261,1.2619240365797506,-0.606833320537397,-0.9967912993099517,0.024149931285672437,-0.17225989224907853,1.6144411763273727,1.487029062692357,1.375054432627609,0.23781550455625436,-0.39286755137969864,0.01756386959320486,0.9565081032663514,1.4132478086812315,1.0979083608578877,0.0,0.0,0.0,0.0,1.0,0.0,0.0,0.0,0.0,0.0,0.0,0.0,0.0,1.0,0.0,0.0,0.0,0.0,1.0,0.0,0.0,1.0,0.0,0.0,1.0,0.0,0.0,0.0,0.0,0.0,0.0,0.0,0.0,1.0,0.0,0.0,1.0,0.0,0.0,0.0,1.0,0.0,0.0,1.0,0.0,0.0,1.0,0.0,0.0,1.0,0.0,0.0,0.0,0.0,0
-0.4803266605949807,-0.010462903108779882,-1.2749871003535849,-0.9097307441948221,0.9423572841571898,0.49888765837117444,-1.741494237945462,-1.536614017598305,1.1788038433141157,-1.019118400612531,-1.3617941956209574,0.7940805366324234,0.4693143463080081,1.8972356827890855,-1.2028001063238518,-0.24614296472138883,0.8936399521930869,0.0,0.0,0.0,0.0,0.0,0.0,1.0,0.0,0.0,0.0,0.0,0.0,0.0,1.0,0.0,0.0,0.0,1.0,0.0,0.0,1.0,0.0,0.0,0.0,1.0,0.0,0.0,0.0,0.0,0.0,0.0,0.0,0.0,1.0,0.0,0.0,1.0,0.0,0.0,0.0,1.0,0.0,0.0,1.0,0.0,0.0,1.0,1.0,0.0,0.0,0.0,0.0,0.0,0.0,0
-1.2930374998282266,-0.010462903108779882,-1.8950053071585076,1.077262576651975,0.35698583829276287,0.49888765837117444,-1.5069717132161982,-1.2713778568712624,0.6171696394103273,-1.019118400612531,0.006630118503325768,0.7940805366324234,-0.5365645343276497,-0.428288204695845,-2.1843038379557624,0.5835524219799213,-1.3707713814671403,0.0,0.0,0.0,0.0,0.0,1.0,0.0,0.0,0.0,0.0,0.0,0.0,0.0,0.0,1.0,0.0,0.0,0.0,1.0,1.0,0.0,0.0,0.0,0.0,1.0,0.0,0.0,0.0,0.0,0.0,0.0,0.0,0.0,0.0,1.0,0.0,1.0,0.0,0.0,0.0,1.0,0.0,0.0,1.0,0.0,1.0,0.0,0.0,0.0,0.0,0.0,1.0,0.0,0.0,0
-0.050708115052399395,-0.5780646107171127,-1.1423402837787076,0.3883732220473554,1.5085523514299177,-0.9967912993099517,0.9451069945088855,1.0506723474878732,-0.17440931183371247,-1.019118400612531,0.006630118503325768,-0.5461960240222598,-0.9676554831715031,-0.8488077747639261,-1.2028001063238518,-0.24614296472138883,1.1974237394381753,0.0,0.0,0.0,0.0,0.0,1.0,0.0,0.0,0.0,0.0,0.0,0.0,0.0,0.0,1.0,0.0,0.0,0.0,1.0,0.0,0.0,1.0,1.0,0.0,0.0,0.0,0.0,0.0,0.0,0.0,0.0,1.0,0.0,0.0,0.0,1.0,0.0,0.0,0.0,0.0,0.0,0.0,1.0,1.0,0.0,1.0,0.0,0.0,1.0,0.0,0.0,0.0,0.0,0.0,1
-1.9499284296983193,-0.5409627714290545,-1.0809144268831403,-0.4406853860301315,-0.9820732124589395,0.49888765837117444,1.285860297336645,1.0518198545758344,-0.17440931183371247,-1.019118400612531,-1.3617941956209574,0.7940805366324234,0.9722537866258371,-1.254127842299426,0.9565081032663514,1.4132478086812315,0.9914094469386325,0.0,0.0,0.0,0.0,1.0,0.0,0.0,0.0,0.0,0.0,0.0,0.0,0.0,0.0,1.0,0.0,0.0,0.0,1.0,0.0,1.0,0.0,0.0,0.0,1.0,0.0,0.0,0.0,0.0,0.0,0.0,1.0,0.0,0.0,0.0,0.0,1.0,0.0,0.0,0.0,0.0,0.0,1.0,1.0,0.0,1.0,0.0,0.0,0.0,0.0,0.0,0.0,0.0,1.0,1
0.46502045319354457,-0.010462903108779882,-0.0666481935771456,1.1834663016101437,1.076716765635603,1.3738037617323386,0.29215529259268624,0.48957674894037406,1.1788038433141157,-1.019118400612531,0.006630118503325768,0.23781550455625436,1.8344356843135439,-0.5448177241123012,-0.6138978673447055,-1.9055337381240092,-1.0250863821882468,0.0,1.0,0.0,0.0,0.0,0.0,0.0,0.0,0.0,0.0,0.0,0.0,0.0,0.0,0.0,0.0,1.0,1.0,0.0,0.0,0.0,1.0,0.0,1.0,0.0,0.0,0.0,0.0,0.0,0.0,0.0,1.0,0.0,0.0,0.0,0.0,0.0,1.0,0.0,0.0,1.0,0.0,0.0,1.0,0.0,0.0,1.0,0.0,0.0,1.0,0.0,0.0,0.0,0.0,0
0.5850288493545569,2.6895369434880676,0.9808028241458874,-0.2623626169803747,1.9686643059680888,0.49888765837117444,-0.5763918950136199,-0.8622784185835027,1.1788038433141157,0.233955331039913,-1.3617941956209574,0.7940805366324234,0.18192038041210587,-0.5498842249564949,-0.6138978673447055,-1.075838351422699,0.4170136653085518,0.0,0.0,0.0,0.0,0.0,0.0,0.0,0.0,1.0,0.0,0.0,0.0,0.0,0.0,0.0,0.0,1.0,1.0,0.0,0.0,1.0,0.0,1.0,0.0,0.0,0.0,0.0,1.0,0.0,0.0,0.0,0.0,0.0,0.0,0.0,1.0,0.0,0.0,0.0,0.0,1.0,0.0,0.0,0.0,1.0,1.0,0.0,0.0,0.0,0.0,0.0,1.0,0.0,0.0,0
-0.4515501568782871,-0.4602477689714164,-0.014183088588680292,0.7737574465288144,0.034643511667979465,-0.9967912993099517,-0.05228325754817748,0.19257235025686345,-0.17440931183371247,0.233955331039913,0.006630118503325768,0.23781550455625436,-1.1832009575934297,0.7167409860919421,-0.024995628365559186,-0.24614296472138883,0.7120680333799306,0.0,0.0,0.0,0.0,0.0,0.0,0.0,0.0,0.0,0.0,0.0,1.0,0.0,0.0,1.0,0.0,0.0,0.0,1.0,1.0,0.0,0.0,0.0,1.0,0.0,0.0,0.0,0.0,0.0,1.0,0.0,0.0,0.0,0.0,0.0,0.0,1.0,0.0,0.0,0.0,1.0,0.0,0.0,1.0,0.0,1.0,0.0,0.0,0.0,0.0,0.0,0.0,0.0,1.0,0
-0.1554875583874834,-1.5242462588974666,0.10814415932187205,0.13359687029942127,-0.34059638025356326,-0.9967912993099517,-2.1345597751519865,-1.7842569428411466,1.1788038433141157,1.487029062692357,0.8071070273410997,0.7940805366324234,1.4033447354696904,0.22529040420514854,0.9565081032663514,-0.24614296472138883,0.4519313420033895,0.0,0.0,0.0,0.0,0.0,0.0,0.0,0.0,1.0,0.0,0.0,0.0,0.0,1.0,0.0,0.0,0.0,0.0,1.0,1.0,0.0,0.0,0.0,0.0,1.0,0.0,0.0,0.0,0.0,0.0,0.0,0.0,0.0,0.0,1.0,1.0,0.0,0.0,0.0,0.0,0.0,0.0,1.0,1.0,0.0,0.0,1.0,0.0,0.0,0.0,0.0,1.0,0.0,0.0,0
0.026709776129070564,1.0671562673822041,1.49902301469743,-0.14996279691519795,-1.6235500446643159,0.49888765837117444,1.2639437835919352,1.1230558393653074,1.1788038433141157,0.233955331039913,0.8071070273410997,0.23781550455625436,-0.17732207695777194,0.06822887803514234,-0.2212963746919413,-1.075838351422699,-1.4598114570389766,0.0,0.0,0.0,0.0,1.0,0.0,0.0,0.0,0.0,0.0,0.0,0.0,0.0,0.0,1.0,0.0,0.0,0.0,1.0,1.0,0.0,0.0,0.0,1.0,0.0,0.0,0.0,0.0,0.0,0.0,0.0,0.0,0.0,0.0,1.0,0.0,0.0,1.0,0.0,0.0,1.0,0.0,0.0,0.0,1.0,1.0,0.0,1.0,0.0,0.0,0.0,0.0,0.0,0.0,1
-0.03026365796568929,0.013113154563659652,0.13124536394326805,-1.7115690801333474,0.7138992809643273,-0.9967912993099517,0.7973634200586678,1.1340431382591045,-0.17440931183371247,-1.019118400612531,-1.3617941956209574,-1.8864725846769428,-0.4647160428536742,-1.5783838963278258,-0.2212963746919413,-0.24614296472138883,-0.6113119133544196,0.0,0.0,1.0,0.0,0.0,0.0,0.0,0.0,0.0,0.0,0.0,0.0,0.0,0.0,1.0,0.0,0.0,0.0,1.0,0.0,1.0,0.0,0.0,0.0,1.0,0.0,0.0,0.0,0.0,0.0,1.0,0.0,0.0,0.0,0.0,0.0,0.0,1.0,0.0,0.0,1.0,0.0,0.0,1.0,0.0,0.0,1.0,1.0,0.0,0.0,0.0,0.0,0.0,0.0,0
-1.357609647742562,0.9807074825474841,-0.861406942324963,1.000624744818925,0.034643511667979465,1.3738037617323386,1.125069901095604,1.2211917360753326,-0.17440931183371247,0.233955331039913,-1.3617941956209574,0.7940805366324234,-0.5365645343276497,1.182859063757767,1.7417110885718798,-0.24614296472138883,-1.3533125431197215,0.0,0.0,0.0,0.0,0.0,0.0,0.0,0.0,0.0,0.0,0.0,1.0,0.0,1.0,0.0,0.0,0.0,1.0,0.0,0.0,1.0,0.0,0.0,0.0,1.0,0.0,0.0,0.0,0.0,1.0,0.0,0.0,0.0,0.0,0.0,0.0,0.0,1.0,0.0,0.0,1.0,0.0,0.0,1.0,0.0,0.0,1.0,0.0,0.0,0.0,1.0,0.0,0.0,0.0,0
0.7224755011456194,0.6463869542212214,1.123897670211499,-1.2989645835129267,-2.2650268768696926,-0.9967912993099517,-0.8374469610089607,-0.6724583319594842,-0.17440931183371247,-1.019118400612531,-1.3617941956209574,1.2255532164261718,2.4092236161053484,1.2436570738880919,-1.2028001063238518,-1.075838351422699,1.2218661131245616,0.0,0.0,0.0,0.0,0.0,0.0,0.0,0.0,0.0,1.0,0.0,0.0,0.0,1.0,0.0,0.0,0.0,0.0,1.0,0.0,1.0,0.0,0.0,0.0,1.0,0.0,0.0,0.0,0.0,0.0,0.0,0.0,0.0,0.0,1.0,0.0,0.0,1.0,0.0,0.0,0.0,0.0,1.0,1.0,0.0,1.0,0.0,0.0,0.0,0.0,0.0,0.0,0.0,1.0,0
1.093243776932539,-1.2841534788530309,-0.26968161895469217,0.6302523264503523,1.9686643059680888,0.49888765837117444,1.6785609441664238,1.4721833064331846,-0.17440931183371247,0.233955331039913,0.8071070273410997,-1.8864725846769428,-0.10547358548379637,-0.8082757680103761,0.5639066106135872,1.4132478086812315,-1.0792087810652453,0.0,0.0,0.0,0.0,0.0,0.0,0.0,0.0,1.0,0.0,0.0,0.0,0.0,0.0,1.0,0.0,0.0,0.0,1.0,1.0,0.0,0.0,1.0,0.0,0.0,0.0,0.0,0.0,0.0,0.0,0.0,1.0,0.0,0.0,0.0,0.0,0.0,0.0,1.0,0.0,1.0,0.0,0.0,1.0,0.0,0.0,1.0,0.0,0.0,0.0,1.0,0.0,0.0,0.0,0
1.5725948983995641,-0.8188523675385739,-0.7645145055021436,-1.4869678123246417,1.3553761131697037,0.49888765837117444,1.0812807562270403,1.0886526718192553,0.6171696394103273,0.233955331039913,0.006630118503325768,0.7940805366324234,-1.6142919064372832,-0.7525442587242449,-0.8101986136710877,0.5835524219799213,-0.09976794977504673,1.0,0.0,0.0,0.0,0.0,0.0,0.0,0.0,0.0,0.0,0.0,0.0,0.0,0.0,1.0,0.0,0.0,0.0,1.0,0.0,0.0,1.0,0.0,0.0,1.0,0.0,0.0,0.0,0.0,0.0,0.0,0.0,0.0,0.0,1.0,0.0,0.0,0.0,1.0,0.0,1.0,0.0,0.0,1.0,0.0,1.0,0.0,0.0,0.0,0.0,0.0,1.0,0.0,0.0,0
0.9345251716644094,0.7981445446840312,0.6186167541733134,0.5276109155552591,-0.4641737345920091,-0.9967912993099517,0.28753996848134467,0.35112689961922455,1.6144411763273727,-1.019118400612531,0.006630118503325768,1.8761594147954188,0.9004052951518615,-1.9431719571097756,-1.0064993599974699,1.4132478086812315,0.8796728815151518,0.0,0.0,0.0,0.0,1.0,0.0,0.0,0.0,0.0,0.0,0.0,0.0,0.0,0.0,1.0,0.0,0.0,0.0,1.0,1.0,0.0,0.0,0.0,0.0,1.0,0.0,0.0,1.0,0.0,0.0,0.0,0.0,0.0,0.0,0.0,0.0,0.0,1.0,0.0,0.0,0.0,0.0,1.0,1.0,0.0,0.0,1.0,0.0,0.0,0.0,0.0,0.0,0.0,1.0,0
-0.5210132311394176,-0.09734984869038334,0.819333138724141,-0.23899195967805917,-0.34059638025356326,-0.9967912993099517,0.8904552528815514,0.9916166849540315,-0.17440931183371247,-1.019118400612531,1.8155886650711848,-0.5461960240222598,0.3974658548340326,0.053029375502561094,-0.4175971210183234,-1.075838351422699,0.9512541187395692,0.0,0.0,1.0,0.0,0.0,0.0,0.0,0.0,0.0,0.0,0.0,0.0,0.0,1.0,0.0,0.0,0.0,0.0,1.0,0.0,0.0,1.0,0.0,0.0,0.0,1.0,0.0,0.0,0.0,0.0,0.0,0.0,0.0,1.0,0.0,0.0,1.0,0.0,0.0,0.0,1.0,0.0,0.0,1.0,0.0,1.0,0.0,0.0,1.0,0.0,0.0,0.0,0.0,0.0,1
0.8002838570928543,1.6140513681776902,0.6029770458693231,-0.9097307441948221,-0.23159342861585436,0.49888765837117444,0.4108275035234744,0.7970721944367288,0.6171696394103273,-1.019118400612531,-1.3617941956209574,-0.5461960240222598,1.2596477525217393,0.11889388647707982,-1.2028001063238518,-1.075838351422699,-0.34069991896942714,0.0,0.0,0.0,0.0,0.0,0.0,0.0,0.0,1.0,0.0,0.0,0.0,0.0,1.0,0.0,0.0,0.0,0.0,1.0,0.0,1.0,0.0,0.0,0.0,1.0,0.0,0.0,0.0,0.0,0.0,0.0,0.0,0.0,1.0,0.0,0.0,0.0,0.0,1.0,0.0,1.0,0.0,0.0,1.0,0.0,0.0,1.0,1.0,0.0,0.0,0.0,0.0,0.0,0.0,0
1.4368008455539965,-0.11885953606502324,-1.7854596952050261,1.196917711206449,0.034643511667979465,-0.9967912993099517,0.3021591320820717,0.17210056562614592,0.6171696394103273,0.233955331039913,0.006630118503325768,0.23781550455625436,-0.2491705684317475,0.012497368749011112,1.5454103422454977,-0.24614296472138883,-1.4702867600474279,0.0,0.0,0.0,0.0,1.0,0.0,0.0,0.0,0.0,0.0,0.0,0.0,0.0,1.0,0.0,0.0,0.0,0.0,1.0,0.0,0.0,1.0,0.0,0.0,1.0,0.0,0.0,0.0,0.0,0.0,0.0,1.0,0.0,0.0,0.0,0.0,0.0,1.0,0.0,0.0,0.0,0.0,1.0,1.0,0.0,1.0,0.0,0.0,0.0,1.0,0.0,0.0,0.0,0.0,0
-1.4179622404601584,1.2114206060595296,2.464706278192618,0.5743570004931102,0.10871947129041147,0.49888765837117444,1.5056887805993675,1.223976253732161,-0.17440931183371247,-1.019118400612531,1.375054432627609,0.7940805366324234,1.5470417184176415,-0.8538742756081198,1.938011834898262,1.4132478086812315,-1.391721987484043,0.0,0.0,0.0,0.0,1.0,0.0,0.0,0.0,0.0,0.0,0.0,0.0,0.0,0.0,1.0,0.0,0.0,0.0,1.0,0.0,0.0,1.0,1.0,0.0,0.0,0.0,0.0,0.0,0.0,1.0,0.0,0.0,0.0,0.0,0.0,0.0,0.0,1.0,0.0,0.0,0.0,0.0,1.0,1.0,0.0,0.0,1.0,0.0,0.0,0.0,1.0,0.0,0.0,0.0,0
0.9690656403778338,0.11702648995535107,-0.861406942324963,0.9014089829064915,-0.23159342861585436,-0.9967912993099517,-2.5190743999360157,-2.1813279422350815,-1.5276224669815408,0.233955331039913,1.375054432627609,-0.5461960240222598,-1.1832009575934297,-0.6816132469055324,-1.399100852650234,-0.24614296472138883,0.44669369049916385,0.0,0.0,0.0,0.0,1.0,0.0,0.0,0.0,0.0,0.0,0.0,0.0,0.0,0.0,1.0,0.0,0.0,0.0,1.0,0.0,0.0,1.0,0.0,0.0,1.0,0.0,0.0,0.0,0.0,0.0,0.0,0.0,0.0,0.0,1.0,0.0,1.0,0.0,0.0,0.0,1.0,0.0,0.0,1.0,0.0,1.0,0.0,0.0,0.0,1.0,0.0,0.0,0.0,0.0,0
0.026709776129070564,1.6721400892562992,1.775313522389872,0.0821747072596201,0.3008804519518133,0.49888765837117444,0.5550295298613342,0.9425586551865129,1.1788038433141157,1.8904287018766261,0.006630118503325768,-0.5461960240222598,-0.17732207695777194,-0.26109367683745127,-1.2028001063238518,-0.24614296472138883,-1.7426446382671623,0.0,0.0,0.0,1.0,0.0,0.0,0.0,0.0,0.0,0.0,0.0,0.0,0.0,1.0,0.0,0.0,0.0,0.0,1.0,0.0,0.0,1.0,0.0,0.0,1.0,0.0,0.0,0.0,0.0,0.0,0.0,0.0,0.0,1.0,0.0,0.0,1.0,0.0,0.0,0.0,1.0,0.0,0.0,1.0,0.0,1.0,0.0,0.0,0.0,0.0,0.0,1.0,0.0,0.0,0
0.43747789977805046,-0.07610088068822134,-1.5913870217345818,1.7905165905140876,0.9423572841571898,-0.9967912993099517,0.08831147661079006,0.26724611331514864,-1.5276224669815408,1.487029062692357,1.8155886650711848,0.23781550455625436,-1.1113524661194543,0.10369438394449858,0.17130511796082293,1.4132478086812315,0.19528641829633214,0.0,0.0,0.0,0.0,1.0,0.0,0.0,0.0,0.0,0.0,0.0,0.0,0.0,1.0,0.0,0.0,0.0,0.0,1.0,0.0,0.0,1.0,0.0,0.0,1.0,0.0,0.0,0.0,0.0,0.0,0.0,1.0,0.0,0.0,0.0,0.0,0.0,0.0,0.0,1.0,0.0,0.0,1.0,1.0,0.0,0.0,1.0,0.0,1.0,0.0,0.0,0.0,0.0,0.0,1
-0.8119514389824876,-0.162687223281544,-1.0809144268831403,-1.6317575612867619,0.10871947129041147,0.49888765837117444,0.5196837072477992,0.6822396794663088,-0.17440931183371247,0.233955331039913,0.8071070273410997,-0.5461960240222598,-0.17732207695777194,0.31142091855644227,-0.8101986136710877,1.4132478086812315,0.003239196474724598,0.0,0.0,0.0,0.0,0.0,0.0,1.0,0.0,0.0,0.0,0.0,0.0,0.0,1.0,0.0,0.0,0.0,0.0,1.0,0.0,0.0,1.0,0.0,0.0,1.0,0.0,0.0,0.0,0.0,1.0,0.0,0.0,0.0,0.0,0.0,0.0,0.0,1.0,0.0,0.0,1.0,0.0,0.0,1.0,0.0,0.0,1.0,0.0,0.0,1.0,0.0,0.0,0.0,0.0,0
-0.18097367095927416,0.16676108958371333,-1.2749871003535849,0.21452553862042256,0.6367333169865165,0.49888765837117444,0.255024373470922,0.04671851565920565,0.6171696394103273,-1.019118400612531,0.006630118503325768,-0.5461960240222598,-0.9676554831715031,0.8028715004432359,0.17130511796082293,1.4132478086812315,1.4959698751790378,0.0,0.0,0.0,0.0,0.0,0.0,0.0,0.0,0.0,0.0,1.0,0.0,0.0,0.0,1.0,0.0,0.0,0.0,1.0,1.0,0.0,0.0,0.0,0.0,1.0,0.0,0.0,0.0,0.0,0.0,1.0,0.0,0.0,0.0,0.0,0.0,1.0,0.0,0.0,0.0,1.0,0.0,0.0,1.0,0.0,0.0,1.0,0.0,0.0,0.0,0.0,1.0,0.0,0.0,0
-0.5060637620428291,-0.6744071424736219,1.0152975936596758,-0.4685616310762956,1.4927322150040412,-0.9967912993099517,0.7917572030899347,0.5443247052628352,1.6144411763273727,0.9669564746953179,0.006630118503325768,1.2255532164261718,-0.32101905990572305,0.022630370437398607,-0.8101986136710877,-1.075838351422699,0.5427173014099677,0.0,0.0,0.0,0.0,0.0,0.0,0.0,0.0,1.0,0.0,0.0,0.0,0.0,0.0,0.0,0.0,1.0,1.0,0.0,0.0,0.0,1.0,0.0,0.0,1.0,0.0,0.0,0.0,0.0,0.0,0.0,0.0,0.0,0.0,1.0,0.0,1.0,0.0,0.0,0.0,1.0,0.0,0.0,1.0,0.0,0.0,1.0,0.0,0.0,0.0,0.0,1.0,0.0,0.0,0
-0.20699263266455478,0.0980061316601558,0.06062982881427848,1.6320366440116094,0.40988340358952174,0.49888765837117444,-1.5420058092492295,-1.8058729617560474,0.6171696394103273,-1.019118400612531,-1.3617941956209574,-1.8864725846769428,2.265526633157397,1.2689895781090608,0.17130511796082293,-0.24614296472138883,0.5409714175752257,0.0,0.0,0.0,0.0,1.0,0.0,0.0,0.0,0.0,0.0,0.0,0.0,0.0,0.0,1.0,0.0,0.0,0.0,1.0,0.0,1.0,0.0,0.0,0.0,1.0,0.0,0.0,0.0,0.0,0.0,0.0,0.0,0.0,0.0,1.0,0.0,0.0,1.0,0.0,0.0,0.0,0.0,1.0,1.0,0.0,1.0,0.0,0.0,0.0,0.0,0.0,1.0,0.0,0.0,0
1.5233920108468375,-1.5242462588974666,0.36078461734096456,0.0645131704451016,-2.2650268768696926,-0.9967912993099517,0.6397493684510807,0.3592673635110992,-0.17440931183371247,0.9669564746953179,0.006630118503325768,0.23781550455625436,-0.823958500223552,0.2658224109586985,-0.6138978673447055,-1.075838351422699,-1.1403147152812114,0.0,0.0,0.0,0.0,0.0,0.0,0.0,0.0,0.0,0.0,1.0,0.0,0.0,1.0,0.0,0.0,0.0,0.0,1.0,0.0,0.0,1.0,0.0,1.0,0.0,0.0,0.0,1.0,0.0,0.0,0.0,0.0,0.0,0.0,0.0,0.0,0.0,1.0,0.0,0.0,0.0,0.0,1.0,1.0,0.0,0.0,1.0,0.0,0.0,1.0,0.0,0.0,0.0,0.0,1
-0.12776863221636256,0.25053952709147226,-0.9128010303810109,0.6835708967851126,-0.606833320537397,0.49888765837117444,0.17298451647056742,-0.05221994904754289,-1.5276224669815408,0.233955331039913,1.375054432627609,-0.5461960240222598,1.3314962439957148,2.084696214024254,-0.4175971210183234,1.4132478086812315,0.6928633111977699,0.0,0.0,0.0,0.0,0.0,1.0,0.0,0.0,0.0,0.0,0.0,0.0,0.0,0.0,1.0,0.0,0.0,0.0,1.0,0.0,0.0,1.0,0.0,0.0,1.0,0.0,0.0,0.0,0.0,0.0,1.0,0.0,0.0,0.0,0.0,0.0,1.0,0.0,0.0,0.0,0.0,0.0,1.0,1.0,0.0,0.0,1.0,0.0,0.0,0.0,0.0,1.0,0.0,0.0,1
2.1305821458126744,1.8591797413486013,1.651593246764957,-1.088053513244579,1.6123119154171741,0.49888765837117444,0.0006596819596202762,0.3903928092062613,-1.5276224669815408,0.233955331039913,0.8071070273410997,0.23781550455625436,0.18192038041210587,0.06822887803514234,0.36760586428720504,-1.075838351422699,0.8342799018118627,0.0,0.0,0.0,0.0,0.0,0.0,0.0,0.0,1.0,0.0,0.0,0.0,0.0,0.0,1.0,0.0,0.0,0.0,1.0,1.0,0.0,0.0,0.0,0.0,1.0,0.0,0.0,0.0,1.0,0.0,0.0,0.0,0.0,0.0,0.0,0.0,0.0,1.0,0.0,0.0,0.0,0.0,1.0,1.0,0.0,0.0,1.0,0.0,0.0,0.0,0.0,1.0,0.0,0.0,0
-0.5135160498058761,0.06583963482206802,0.3797170091197587,-1.1887089868435954,-1.2483101527427733,1.3738037617323386,-0.2930819241005901,-0.41290188549724377,-1.5276224669815408,-1.019118400612531,0.006630118503325768,0.23781550455625436,-0.4647160428536742,0.5292804548567734,-0.024995628365559186,-0.24614296472138883,0.08005808520336762,0.0,0.0,0.0,0.0,0.0,0.0,0.0,0.0,1.0,0.0,0.0,0.0,0.0,0.0,1.0,0.0,0.0,0.0,1.0,0.0,0.0,1.0,0.0,0.0,1.0,0.0,0.0,0.0,0.0,0.0,0.0,0.0,0.0,0.0,1.0,0.0,0.0,1.0,0.0,0.0,0.0,0.0,1.0,0.0,1.0,1.0,0.0,0.0,0.0,1.0,0.0,0.0,0.0,0.0,0
1.3310621143714536,-1.4923739288327833,-0.30155624115829577,0.5394757189581508,0.9984626704981394,0.49888765837117444,-1.2618691338767727,-1.0404212051386341,-0.17440931183371247,-1.019118400612531,-1.3617941956209574,0.7940805366324234,0.1100718889381303,-0.7322782553474698,-0.2212963746919413,0.5835524219799213,0.7941245736127993,0.0,0.0,0.0,0.0,1.0,0.0,0.0,0.0,0.0,0.0,0.0,0.0,0.0,0.0,1.0,0.0,0.0,0.0,1.0,0.0,1.0,0.0,0.0,0.0,1.0,0.0,0.0,0.0,0.0,0.0,0.0,0.0,0.0,0.0,1.0,0.0,0.0,1.0,0.0,0.0,0.0,0.0,1.0,1.0,0.0,1.0,0.0,0.0,0.0,0.0,0.0,1.0,0.0,0.0,0
-1.5396743033317286,-0.30115487677216135,-0.33425886755361933,0.42803910310420346,-0.9820732124589395,0.49888765837117444,-0.45526865220028157,-0.6121764332500561,1.6144411763273727,-1.019118400612531,1.375054432627609,-1.8864725846769428,-0.6802615172756009,0.8788690131061421,-1.399100852650234,-0.24614296472138883,0.4536772258381314,0.0,0.0,1.0,0.0,0.0,0.0,0.0,0.0,0.0,0.0,0.0,0.0,0.0,0.0,1.0,0.0,0.0,1.0,0.0,1.0,0.0,0.0,0.0,0.0,1.0,0.0,0.0,0.0,0.0,1.0,0.0,0.0,0.0,0.0,0.0,0.0,0.0,0.0,1.0,0.0,1.0,0.0,0.0,1.0,0.0,1.0,0.0,0.0,0.0,0.0,0.0,1.0,0.0,0.0,0
0.9656544139267916,-0.162687223281544,-0.9663827477070894,-0.19362111745124067,1.3737025624196817,0.49888765837117444,0.3450616023752131,0.08134166945802317,0.6171696394103273,1.487029062692357,1.375054432627609,0.23781550455625436,-0.6802615172756009,0.012497368749011112,-0.4175971210183234,0.5835524219799213,-0.958742796468055,0.0,0.0,1.0,0.0,0.0,0.0,0.0,0.0,0.0,0.0,0.0,0.0,0.0,0.0,1.0,0.0,0.0,0.0,1.0,1.0,0.0,0.0,0.0,0.0,1.0,0.0,0.0,0.0,0.0,1.0,0.0,0.0,0.0,0.0,0.0,0.0,0.0,1.0,0.0,0.0,0.0,0.0,1.0,1.0,0.0,0.0,1.0,0.0,0.0,1.0,0.0,0.0,0.0,0.0,0
0.8041790976364762,-2.2269601599695585,1.5956293521375546,-0.21608411822142587,-0.7755637979526826,0.49888765837117444,-0.4729008011610428,-0.2940132954274152,0.6171696394103273,0.233955331039913,0.8071070273410997,0.23781550455625436,0.18192038041210587,-1.8621079436026757,1.7417110885718798,-1.075838351422699,-1.2293547908530476,0.0,0.0,0.0,0.0,0.0,0.0,1.0,0.0,0.0,0.0,0.0,0.0,0.0,1.0,0.0,0.0,0.0,0.0,1.0,0.0,0.0,1.0,0.0,0.0,0.0,1.0,0.0,0.0,0.0,0.0,0.0,0.0,1.0,0.0,0.0,0.0,0.0,1.0,0.0,0.0,0.0,0.0,1.0,1.0,0.0,0.0,1.0,0.0,0.0,0.0,0.0,1.0,0.0,0.0,0
-1.6745927473955637,0.0916198755463181,0.538399797270396,0.009850646208549108,-1.6235500446643159,0.49888765837117444,0.21356601508521833,-0.08056326630863493,-1.5276224669815408,-1.019118400612531,-1.3617941956209574,0.23781550455625436,-0.9676554831715031,-0.24589417430487004,-1.2028001063238518,-1.9055337381240092,-0.9849310539891833,0.0,0.0,0.0,1.0,0.0,0.0,0.0,0.0,0.0,0.0,0.0,0.0,0.0,1.0,0.0,0.0,0.0,1.0,0.0,0.0,1.0,0.0,1.0,0.0,0.0,0.0,0.0,0.0,0.0,0.0,0.0,0.0,0.0,0.0,1.0,0.0,1.0,0.0,0.0,0.0,0.0,0.0,1.0,1.0,0.0,1.0,0.0,0.0,0.0,0.0,0.0,1.0,0.0,0.0,0
-0.9262998872304977,-0.5687152779766215,-1.7854596952050261,0.26049747630937714,-0.13408696574730583,1.9945666160523006,0.2914607377529446,0.3135505374211327,-0.17440931183371247,-1.019118400612531,0.8071070273410997,-0.5461960240222598,-0.6802615172756009,0.39248493206354224,-0.6138978673447055,1.4132478086812315,-0.9308086551121849,0.0,0.0,0.0,0.0,1.0,0.0,0.0,0.0,0.0,0.0,0.0,0.0,0.0,0.0,1.0,0.0,0.0,0.0,1.0,1.0,0.0,0.0,0.0,0.0,0.0,1.0,0.0,0.0,0.0,0.0,0.0,0.0,0.0,1.0,0.0,1.0,0.0,0.0,0.0,0.0,0.0,0.0,1.0,1.0,0.0,1.0,0.0,0.0,0.0,0.0,0.0,1.0,0.0,0.0,0
0.888139864653147,0.5895265587564679,-0.1496879775104765,-1.2425237219686571,0.034643511667979465,0.49888765837117444,-1.9152120927789629,-2.1388248536020757,-0.17440931183371247,-1.019118400612531,0.006630118503325768,0.23781550455625436,0.8285568036778859,-0.48908621482617,-1.5954015989766162,-1.9055337381240092,1.0106141691207933,0.0,0.0,0.0,0.0,0.0,1.0,0.0,0.0,0.0,0.0,0.0,0.0,0.0,1.0,0.0,0.0,0.0,0.0,1.0,0.0,0.0,1.0,0.0,0.0,1.0,0.0,0.0,0.0,0.0,0.0,0.0,0.0,0.0,0.0,1.0,0.0,0.0,1.0,0.0,0.0,0.0,0.0,1.0,1.0,0.0,1.0,0.0,0.0,0.0,0.0,0.0,1.0,0.0,0.0,0
0.7566117151799608,0.7460700476531945,0.10814415932187205,0.009850646208549108,0.676120343873356,0.49888765837117444,-1.1103948976245848,-0.7935193699496476,-0.17440931183371247,0.9669564746953179,-1.3617941956209574,1.2255532164261718,2.481072107579324,0.38235193037515475,-1.2028001063238518,-1.9055337381240092,1.4750192691621353,0.0,1.0,0.0,0.0,0.0,0.0,0.0,0.0,0.0,0.0,0.0,0.0,0.0,1.0,0.0,0.0,0.0,1.0,0.0,0.0,1.0,0.0,0.0,0.0,1.0,0.0,0.0,0.0,0.0,0.0,0.0,0.0,0.0,0.0,1.0,0.0,0.0,1.0,0.0,0.0,1.0,0.0,0.0,1.0,0.0,1.0,0.0,0.0,0.0,0.0,0.0,1.0,0.0,0.0,0
0.0950170262731879,1.1600076852643584,0.10814415932187205,-1.088053513244579,0.5073898664580703,-0.9967912993099517,0.8704702309046478,0.5878865453408636,0.6171696394103273,0.9669564746953179,0.8071070273410997,-0.5461960240222598,-0.9676554831715031,0.24048990673772977,0.17130511796082293,0.5835524219799213,0.7923786897780575,0.0,0.0,0.0,0.0,1.0,0.0,0.0,0.0,0.0,0.0,0.0,0.0,0.0,0.0,1.0,0.0,0.0,0.0,1.0,1.0,0.0,0.0,0.0,0.0,1.0,0.0,0.0,0.0,0.0,1.0,0.0,0.0,0.0,0.0,0.0,0.0,1.0,0.0,0.0,0.0,1.0,0.0,0.0,1.0,0.0,0.0,1.0,0.0,1.0,0.0,0.0,0.0,0.0,0.0,0
0.42523367119804306,-0.8404943833576585,-1.2069175323776347,0.8752159803411669,1.639939502703516,1.9945666160523006,1.1440425544721595,1.2502872594106,-0.17440931183371247,-1.019118400612531,0.006630118503325768,1.5780920652109374,1.3314962439957148,2.6065458009762104,-0.024995628365559186,0.5835524219799213,-0.49957534793093883,0.0,0.0,0.0,0.0,0.0,1.0,0.0,0.0,0.0,0.0,0.0,0.0,0.0,0.0,1.0,0.0,0.0,1.0,0.0,0.0,0.0,1.0,0.0,0.0,1.0,0.0,0.0,1.0,0.0,0.0,0.0,0.0,0.0,0.0,0.0,0.0,1.0,0.0,0.0,0.0,0.0,0.0,1.0,1.0,0.0,0.0,1.0,0.0,0.0,0.0,0.0,0.0,0.0,1.0,0
0.026709776129070564,-0.3334693113901038,-1.3469484189652163,0.3472987940103308,-1.6235500446643159,1.9945666160523006,-0.32470271394632116,-0.6528484070845006,-1.5276224669815408,-1.019118400612531,1.8155886650711848,0.7940805366324234,-1.6861403979112588,0.3012879168680548,0.17130511796082293,-1.9055337381240092,-1.5366303457676196,0.0,0.0,1.0,0.0,0.0,0.0,0.0,0.0,0.0,0.0,0.0,0.0,0.0,0.0,1.0,0.0,0.0,0.0,1.0,0.0,0.0,1.0,0.0,0.0,1.0,0.0,0.0,0.0,0.0,0.0,1.0,0.0,0.0,0.0,0.0,0.0,1.0,0.0,0.0,0.0,1.0,0.0,0.0,1.0,0.0,1.0,0.0,0.0,0.0,0.0,0.0,1.0,0.0,0.0,1
-0.47306991503324936,-2.7881517958844446,-0.9128010303810109,-1.2425237219686571,0.034643511667979465,0.49888765837117444,-1.864103705573049,-2.0846747234756737,-0.17440931183371247,1.487029062692357,0.006630118503325768,-0.5461960240222598,-0.4647160428536742,0.13915988985385483,-0.024995628365559186,-0.24614296472138883,0.07307454986440007,0.0,0.0,0.0,0.0,0.0,0.0,1.0,0.0,0.0,0.0,0.0,0.0,0.0,0.0,1.0,0.0,0.0,1.0,0.0,1.0,0.0,0.0,0.0,1.0,0.0,0.0,0.0,1.0,0.0,0.0,0.0,0.0,0.0,0.0,0.0,0.0,1.0,0.0,0.0,0.0,0.0,0.0,1.0,1.0,0.0,1.0,0.0,0.0,0.0,0.0,0.0,1.0,0.0,0.0,0
0.026709776129070564,0.3691473520399723,-0.1496879775104765,-1.557098871409269,-0.34059638025356326,1.3738037617323386,1.3825384512425951,1.1459539343744074,1.1788038433141157,0.9669564746953179,1.375054432627609,-0.5461960240222598,-1.7579888893852342,-0.4536207089168137,0.5639066106135872,-0.24614296472138883,-0.543222443799486,0.0,0.0,0.0,0.0,0.0,0.0,0.0,0.0,0.0,0.0,0.0,1.0,0.0,0.0,1.0,0.0,0.0,0.0,1.0,1.0,0.0,0.0,0.0,0.0,1.0,0.0,0.0,1.0,0.0,0.0,0.0,0.0,0.0,0.0,0.0,0.0,1.0,0.0,0.0,0.0,1.0,0.0,0.0,1.0,0.0,0.0,1.0,0.0,1.0,0.0,0.0,0.0,0.0,0.0,0
-0.47306991503324936,-0.559415541420451,-1.7854596952050261,1.229877439042729,-0.34059638025356326,0.49888765837117444,-1.5273442830206634,-1.2485275675598668,-0.17440931183371247,1.487029062692357,-1.3617941956209574,0.23781550455625436,0.25376887188608144,0.9852655308342108,1.5454103422454977,1.4132478086812315,1.4278804056241043,0.0,0.0,0.0,0.0,0.0,0.0,0.0,0.0,0.0,0.0,1.0,0.0,0.0,0.0,1.0,0.0,0.0,1.0,0.0,0.0,1.0,0.0,0.0,0.0,1.0,0.0,0.0,1.0,0.0,0.0,0.0,0.0,0.0,0.0,0.0,0.0,1.0,0.0,0.0,0.0,0.0,0.0,1.0,1.0,0.0,1.0,0.0,0.0,0.0,1.0,0.0,0.0,0.0,0.0,0
0.3073203763659936,-0.6645311137230925,-1.022346642334492,-0.9097307441948221,-0.9820732124589395,0.49888765837117444,-0.23776853644466134,0.07623280008292116,0.6171696394103273,-1.019118400612531,0.8071070273410997,-0.5461960240222598,1.1159507695737882,0.4735489455706422,0.5639066106135872,0.5835524219799213,0.2773429585292008,0.0,0.0,0.0,0.0,0.0,0.0,0.0,0.0,1.0,0.0,0.0,0.0,0.0,0.0,1.0,0.0,0.0,0.0,1.0,1.0,0.0,0.0,0.0,0.0,1.0,0.0,0.0,0.0,0.0,0.0,1.0,0.0,0.0,0.0,0.0,0.0,1.0,0.0,0.0,0.0,0.0,0.0,1.0,1.0,0.0,1.0,0.0,0.0,0.0,0.0,0.0,1.0,0.0,0.0,0
-1.6937397148647182,2.983289736261013,1.1748754976163316,-1.3583010865962881,0.750196303495788,0.49888765837117444,0.09983241986710562,-0.06517735156753834,0.6171696394103273,-1.019118400612531,-1.3617941956209574,0.7940805366324234,-0.2491705684317475,0.5292804548567734,1.1528088495927336,-0.24614296472138883,1.5623134608992295,0.0,0.0,0.0,0.0,1.0,0.0,0.0,0.0,0.0,0.0,0.0,0.0,0.0,0.0,1.0,0.0,0.0,1.0,0.0,0.0,1.0,0.0,0.0,0.0,1.0,0.0,0.0,0.0,0.0,0.0,0.0,0.0,0.0,1.0,0.0,0.0,0.0,1.0,0.0,0.0,1.0,0.0,0.0,1.0,0.0,1.0,0.0,0.0,0.0,0.0,0.0,1.0,0.0,0.0,0
0.16411333464712435,1.287436835104806,0.36078461734096456,-0.19362111745124067,1.0513602357948983,-0.9967912993099517,-1.6826869417799417,-2.013711208666363,-1.5276224669815408,-1.019118400612531,0.006630118503325768,0.23781550455625436,0.9722537866258371,-1.2389283397668447,2.134312581224644,-1.075838351422699,-0.007236106533726723,0.0,0.0,0.0,0.0,0.0,0.0,0.0,0.0,0.0,0.0,0.0,1.0,0.0,1.0,0.0,0.0,0.0,0.0,1.0,1.0,0.0,0.0,0.0,0.0,1.0,0.0,0.0,0.0,0.0,0.0,0.0,0.0,0.0,1.0,0.0,0.0,1.0,0.0,0.0,0.0,1.0,0.0,0.0,1.0,0.0,1.0,0.0,0.0,0.0,0.0,0.0,1.0,0.0,0.0,0
0.08581529608971056,-1.5731683032089967,0.8839103873230683,-0.23899195967805917,1.8679721069255837,0.49888765837117444,-0.4027771004055501,-0.0959319993926591,-1.5276224669815408,1.8904287018766261,-1.3617941956209574,-0.5461960240222598,-1.1113524661194543,0.7775389962222671,-0.6138978673447055,-0.24614296472138883,-0.09103853060133729,0.0,0.0,0.0,0.0,0.0,0.0,0.0,1.0,0.0,0.0,0.0,0.0,0.0,0.0,1.0,0.0,0.0,1.0,0.0,0.0,1.0,0.0,0.0,0.0,1.0,0.0,0.0,0.0,0.0,0.0,0.0,0.0,0.0,0.0,1.0,0.0,1.0,0.0,0.0,0.0,1.0,0.0,0.0,1.0,0.0,1.0,0.0,0.0,0.0,0.0,0.0,0.0,0.0,1.0,0
-0.6228238615202079,0.0980061316601558,0.5871406065190502,0.0821747072596201,0.5955951912902556,0.49888765837117444,0.7465596217721026,0.5920424446705564,0.6171696394103273,0.233955331039913,0.8071070273410997,0.23781550455625436,-1.5424434149633075,-1.8621079436026757,-1.9880030916293803,0.5835524219799213,-1.2572889322089178,0.0,0.0,0.0,0.0,0.0,0.0,0.0,0.0,1.0,0.0,0.0,0.0,0.0,0.0,1.0,0.0,0.0,0.0,1.0,0.0,0.0,1.0,1.0,0.0,0.0,0.0,0.0,1.0,0.0,0.0,0.0,0.0,0.0,0.0,0.0,0.0,0.0,1.0,0.0,0.0,0.0,0.0,1.0,1.0,0.0,1.0,0.0,0.0,0.0,0.0,0.0,1.0,0.0,0.0,1
-1.5568404835966316,-1.3851741366754624,-0.23859410545326964,0.13359687029942127,1.0252893443250009,1.3738037617323386,-0.39368925796504417,-0.6955305713126939,1.1788038433141157,0.233955331039913,0.006630118503325768,-1.8864725846769428,-0.6084130258016253,-1.8621079436026757,0.36760586428720504,-1.9055337381240092,-0.604328378015452,0.0,0.0,0.0,0.0,0.0,0.0,0.0,0.0,0.0,0.0,1.0,0.0,0.0,1.0,0.0,0.0,0.0,0.0,1.0,1.0,0.0,0.0,0.0,0.0,1.0,0.0,0.0,0.0,0.0,0.0,0.0,1.0,0.0,0.0,0.0,0.0,1.0,0.0,0.0,0.0,0.0,0.0,1.0,1.0,0.0,0.0,1.0,0.0,0.0,0.0,0.0,1.0,0.0,0.0,0
1.5371358520166694,0.20315745364536417,-0.40232843552956954,1.3704543410711822,-0.23159342861585436,-0.9967912993099517,-0.6869227664738117,-0.706616276276315,-0.17440931183371247,0.233955331039913,0.8071070273410997,0.23781550455625436,2.3373751246313725,0.012497368749011112,-0.6138978673447055,-1.075838351422699,-0.2237257020417207,0.0,0.0,0.0,0.0,0.0,0.0,1.0,0.0,0.0,0.0,0.0,0.0,0.0,1.0,0.0,0.0,0.0,0.0,1.0,1.0,0.0,0.0,0.0,0.0,1.0,0.0,0.0,0.0,0.0,1.0,0.0,0.0,0.0,0.0,0.0,0.0,1.0,0.0,0.0,0.0,1.0,0.0,0.0,1.0,0.0,1.0,0.0,0.0,0.0,0.0,0.0,1.0,0.0,0.0,0
-0.23058629354365548,0.7592344049781932,0.21963114456386534,-0.8299192253482364,-0.4641737345920091,0.49888765837117444,-0.6013287568537429,-0.5248387248710396,0.6171696394103273,0.9669564746953179,-1.3617941956209574,0.23781550455625436,-1.326897940541381,-0.9400047899594135,0.5639066106135872,0.5835524219799213,0.31400651905878046,0.0,0.0,0.0,0.0,0.0,0.0,1.0,0.0,0.0,0.0,0.0,0.0,0.0,1.0,0.0,0.0,0.0,0.0,1.0,0.0,1.0,0.0,0.0,1.0,0.0,0.0,0.0,0.0,0.0,0.0,0.0,1.0,0.0,0.0,0.0,0.0,1.0,0.0,0.0,0.0,1.0,0.0,0.0,1.0,0.0,0.0,1.0,0.0,0.0,1.0,0.0,0.0,0.0,0.0,0
1.3216886967545871,1.1319582202328324,-1.8950053071585076,-0.1078924082562966,-1.2483101527427733,-0.9967912993099517,0.6560961155737787,0.9202196376046615,1.1788038433141157,0.233955331039913,0.8071070273410997,0.23781550455625436,-1.0395039746454786,-1.3402583566507196,-0.6138978673447055,1.4132478086812315,1.6111982082720024,0.0,0.0,0.0,1.0,0.0,0.0,0.0,0.0,0.0,0.0,0.0,0.0,0.0,0.0,1.0,0.0,0.0,0.0,1.0,0.0,0.0,1.0,0.0,0.0,1.0,0.0,0.0,0.0,0.0,0.0,0.0,1.0,0.0,0.0,0.0,0.0,0.0,1.0,0.0,0.0,1.0,0.0,0.0,1.0,0.0,0.0,1.0,0.0,0.0,0.0,0.0,0.0,0.0,1.0,0
0.6730549502242031,-0.10449046068525794,1.6786691360708856,-0.7552605354707437,1.6262288009004355,0.49888765837117444,-2.258890738028049,-2.2650246754992343,-0.17440931183371247,0.233955331039913,1.375054432627609,0.7940805366324234,0.03822339746415475,-0.33202468865616375,-0.2212963746919413,-1.075838351422699,1.0071224014513096,0.0,0.0,0.0,0.0,1.0,0.0,0.0,0.0,0.0,0.0,0.0,0.0,0.0,0.0,1.0,0.0,0.0,1.0,0.0,0.0,0.0,1.0,0.0,0.0,1.0,0.0,0.0,1.0,0.0,0.0,0.0,0.0,0.0,0.0,0.0,0.0,0.0,1.0,0.0,0.0,1.0,0.0,0.0,1.0,0.0,1.0,0.0,0.0,0.0,0.0,0.0,1.0,0.0,0.0,0
1.773000121964169,-0.010462903108779882,1.602762404239322,0.6082172184872848,-1.2483101527427733,1.3738037617323386,0.6606988932757055,0.9797244117543193,1.1788038433141157,-1.019118400612531,-1.3617941956209574,-0.5461960240222598,1.4033447354696904,0.012497368749011112,0.17130511796082293,1.4132478086812315,-1.143806482950695,0.0,0.0,0.0,0.0,0.0,0.0,0.0,0.0,0.0,0.0,0.0,1.0,0.0,0.0,1.0,0.0,0.0,1.0,0.0,0.0,1.0,0.0,0.0,0.0,1.0,0.0,0.0,0.0,0.0,0.0,0.0,1.0,0.0,0.0,0.0,0.0,0.0,1.0,0.0,0.0,0.0,0.0,1.0,1.0,0.0,1.0,0.0,0.0,0.0,1.0,0.0,0.0,0.0,0.0,1
-0.885324059662629,0.05933489941926128,-1.2749871003535849,-0.5264140952250759,-0.9820732124589395,2.4760676934617014,-0.7965584595977533,-0.7369290296390282,-0.17440931183371247,0.233955331039913,0.8071070273410997,1.5780920652109374,-1.1113524661194543,-0.6968127494381137,-1.0064993599974699,-0.24614296472138883,0.923319977383699,0.0,0.0,0.0,1.0,0.0,0.0,0.0,0.0,0.0,0.0,0.0,0.0,0.0,1.0,0.0,0.0,0.0,1.0,0.0,1.0,0.0,0.0,0.0,0.0,1.0,0.0,0.0,0.0,0.0,0.0,0.0,0.0,0.0,0.0,1.0,0.0,0.0,1.0,0.0,0.0,1.0,0.0,0.0,1.0,0.0,0.0,1.0,0.0,0.0,1.0,0.0,0.0,0.0,0.0,1
0.043544232550094264,0.31366697036577207,-1.2749871003535849,-0.1287363630087277,1.2578696503011553,1.3738037617323386,-0.6490520590808324,-0.339122048065618,-1.5276224669815408,0.233955331039913,0.006630118503325768,-0.5461960240222598,0.18192038041210587,0.11382738563288608,0.5639066106135872,-1.9055337381240092,0.7958704574475413,0.0,0.0,0.0,0.0,1.0,0.0,0.0,0.0,0.0,0.0,0.0,0.0,0.0,0.0,1.0,0.0,0.0,1.0,0.0,0.0,0.0,1.0,0.0,0.0,1.0,0.0,0.0,0.0,0.0,0.0,0.0,0.0,0.0,0.0,1.0,0.0,0.0,1.0,0.0,0.0,0.0,0.0,1.0,1.0,0.0,1.0,0.0,0.0,0.0,0.0,0.0,0.0,0.0,1.0,0
1.4645609928747068,1.5842689010435627,-0.861406942324963,-0.49712624757440144,0.35698583829276287,0.49888765837117444,-0.8924574510549754,-0.5864875525412956,1.1788038433141157,0.233955331039913,1.375054432627609,1.2255532164261718,0.4693143463080081,-1.5631843937952445,-1.399100852650234,-1.9055337381240092,-0.929062771277443,0.0,0.0,0.0,0.0,0.0,0.0,0.0,1.0,0.0,0.0,0.0,0.0,0.0,1.0,0.0,0.0,0.0,0.0,1.0,0.0,0.0,1.0,0.0,0.0,1.0,0.0,0.0,0.0,0.0,0.0,0.0,0.0,0.0,1.0,0.0,0.0,1.0,0.0,0.0,0.0,0.0,0.0,1.0,0.0,1.0,0.0,1.0,0.0,0.0,0.0,0.0,0.0,1.0,0.0,0
1.3276617616066206,-0.6255741364875592,-1.8950053071585076,-1.7972977893282913,-0.04588164091512093,-0.9967912993099517,-1.823143433624941,-2.086268445423099,-1.5276224669815408,-1.019118400612531,0.006630118503325768,0.23781550455625436,0.8285568036778859,1.3145880857068044,0.9565081032663514,-1.9055337381240092,-1.004135776171344,0.0,0.0,1.0,0.0,0.0,0.0,0.0,0.0,0.0,0.0,0.0,0.0,0.0,1.0,0.0,0.0,0.0,0.0,1.0,1.0,0.0,0.0,0.0,0.0,1.0,0.0,0.0,0.0,0.0,0.0,0.0,1.0,0.0,0.0,0.0,1.0,0.0,0.0,0.0,0.0,0.0,1.0,0.0,1.0,0.0,1.0,0.0,0.0,0.0,0.0,0.0,1.0,0.0,0.0,0
0.5647668258571357,0.46995480999314854,0.45272182578377695,-1.889891849183104,-2.2650268768696926,0.49888765837117444,-1.3324535491046525,-1.4173859630374266,-0.17440931183371247,-1.019118400612531,1.375054432627609,-0.5461960240222598,0.25376887188608144,0.9244675207038858,2.5269140738774083,0.5835524219799213,-0.4489447167234241,0.0,0.0,1.0,0.0,0.0,0.0,0.0,0.0,0.0,0.0,0.0,0.0,0.0,0.0,1.0,0.0,0.0,0.0,1.0,0.0,0.0,1.0,0.0,0.0,1.0,0.0,0.0,0.0,0.0,1.0,0.0,0.0,0.0,0.0,0.0,0.0,0.0,0.0,0.0,1.0,1.0,0.0,0.0,1.0,0.0,1.0,0.0,0.0,0.0,0.0,0.0,0.0,1.0,0.0,0
0.06485922557375612,-1.6753089761350124,1.3774836636322496,-1.2425237219686571,-0.34059638025356326,-0.9967912993099517,1.0519990199525355,1.383948528676579,1.1788038433141157,-1.019118400612531,0.8071070273410997,0.7940805366324234,1.4033447354696904,0.012497368749011112,-2.3806045842821444,-0.24614296472138883,0.767936316091671,0.0,0.0,0.0,0.0,0.0,1.0,0.0,0.0,0.0,0.0,0.0,0.0,0.0,0.0,1.0,0.0,0.0,1.0,0.0,0.0,0.0,1.0,0.0,0.0,1.0,0.0,0.0,0.0,0.0,0.0,0.0,1.0,0.0,0.0,0.0,0.0,0.0,1.0,0.0,0.0,1.0,0.0,0.0,1.0,0.0,0.0,1.0,0.0,0.0,0.0,0.0,1.0,0.0,0.0,0
-0.18097367095927416,-0.9999656581363021,-1.0809144268831403,0.8116889821470744,1.2578696503011553,0.49888765837117444,1.7177992240517048,1.6762790614789729,0.6171696394103273,0.233955331039913,2.1755313414653825,0.23781550455625436,1.9062841757875193,0.012497368749011112,-0.024995628365559186,0.5835524219799213,-0.9535051449638294,0.0,0.0,0.0,0.0,0.0,0.0,0.0,1.0,0.0,0.0,0.0,0.0,0.0,1.0,0.0,0.0,0.0,1.0,0.0,1.0,0.0,0.0,0.0,0.0,1.0,0.0,0.0,0.0,0.0,0.0,0.0,0.0,0.0,1.0,0.0,0.0,1.0,0.0,0.0,0.0,1.0,0.0,0.0,0.0,1.0,0.0,1.0,0.0,0.0,1.0,0.0,0.0,0.0,0.0,0
-1.3357112234463253,-1.4610707272239762,0.5871406065190502,-0.21608411822142587,1.0252893443250009,-0.9967912993099517,-0.3717464423748668,-0.5863679595274979,-0.17440931183371247,0.233955331039913,0.006630118503325768,1.2255532164261718,-0.7521100087495765,0.4228839371287047,-0.2212963746919413,-0.24614296472138883,-0.36339640882107166,0.0,0.0,0.0,0.0,0.0,0.0,0.0,0.0,1.0,0.0,0.0,0.0,0.0,0.0,1.0,0.0,0.0,0.0,1.0,0.0,0.0,1.0,0.0,0.0,1.0,0.0,0.0,0.0,0.0,0.0,0.0,0.0,1.0,0.0,0.0,1.0,0.0,0.0,0.0,0.0,0.0,0.0,1.0,1.0,0.0,1.0,0.0,0.0,0.0,0.0,0.0,1.0,0.0,0.0,0
1.8018276403490545,-2.179582888696285,-0.6318676889272661,0.7640769867668564,0.750196303495788,-0.9967912993099517,1.5876677995834365,1.402593851633036,-0.17440931183371247,1.487029062692357,-1.3617941956209574,-0.5461960240222598,-1.326897940541381,0.012497368749011112,-0.2212963746919413,-0.24614296472138883,1.61818174361097,0.0,0.0,0.0,0.0,0.0,0.0,1.0,0.0,0.0,0.0,0.0,0.0,0.0,0.0,1.0,0.0,0.0,0.0,1.0,0.0,1.0,0.0,0.0,0.0,1.0,0.0,0.0,0.0,1.0,0.0,0.0,0.0,0.0,0.0,0.0,0.0,0.0,0.0,1.0,0.0,0.0,0.0,1.0,1.0,0.0,0.0,1.0,0.0,0.0,0.0,0.0,1.0,0.0,0.0,0
0.7485040100379208,0.6832944877575541,0.80601047124687,0.4788960043732394,0.3008804519518133,-0.9967912993099517,-0.3361588028569233,-0.1169894662653098,1.1788038433141157,-1.019118400612531,0.006630118503325768,1.5780920652109374,1.6907387013655926,0.15435939238643606,-1.0064993599974699,0.5835524219799213,-1.6186868860004884,0.0,1.0,0.0,0.0,0.0,0.0,0.0,0.0,0.0,0.0,0.0,0.0,0.0,1.0,0.0,0.0,0.0,0.0,1.0,0.0,0.0,1.0,0.0,0.0,1.0,0.0,0.0,0.0,0.0,0.0,0.0,1.0,0.0,0.0,0.0,0.0,0.0,1.0,0.0,0.0,1.0,0.0,0.0,0.0,1.0,1.0,0.0,0.0,0.0,0.0,0.0,0.0,0.0,1.0,1
-0.4444588081322307,0.6276376594172705,-0.5905859470302397,2.3798416285169766,-0.13408696574730583,0.49888765837117444,-0.9942912531103538,-0.613758360651057,-0.17440931183371247,-1.019118400612531,-1.3617941956209574,-0.5461960240222598,0.3974658548340326,-0.07869964644647635,0.7602073569399693,-0.24614296472138883,0.14814755475830121,0.0,0.0,0.0,0.0,0.0,0.0,0.0,0.0,0.0,0.0,1.0,0.0,0.0,1.0,0.0,0.0,0.0,1.0,0.0,0.0,1.0,0.0,0.0,0.0,1.0,0.0,0.0,0.0,0.0,0.0,0.0,1.0,0.0,0.0,0.0,0.0,0.0,1.0,0.0,0.0,1.0,0.0,0.0,1.0,0.0,1.0,0.0,0.0,1.0,0.0,0.0,0.0,0.0,0.0,0
0.9275005339868322,1.2971133470994465,1.037779982673563,-1.3583010865962881,-0.4641737345920091,-0.9967912993099517,0.868663659499182,0.5716538711096671,0.6171696394103273,0.9669564746953179,0.006630118503325768,1.2255532164261718,-1.2550494490674053,-0.5144187190471387,-1.5954015989766162,-1.075838351422699,0.4030465946306167,0.0,0.0,0.0,0.0,1.0,0.0,0.0,0.0,0.0,0.0,0.0,0.0,0.0,1.0,0.0,0.0,0.0,0.0,1.0,1.0,0.0,0.0,0.0,1.0,0.0,0.0,0.0,0.0,0.0,1.0,0.0,0.0,0.0,0.0,0.0,1.0,0.0,0.0,0.0,0.0,1.0,0.0,0.0,1.0,0.0,0.0,1.0,0.0,0.0,0.0,0.0,1.0,0.0,0.0,0
1.100416870782747,0.8611350538877939,-1.2069175323776347,1.3646847121989916,-0.7755637979526826,-0.9967912993099517,-0.4697557170292435,-0.2589570550875031,-0.17440931183371247,0.233955331039913,0.006630118503325768,-0.5461960240222598,-0.6084130258016253,0.09356138225611109,-1.9880030916293803,-0.24614296472138883,1.6670664909837427,0.0,0.0,0.0,0.0,1.0,0.0,0.0,0.0,0.0,0.0,0.0,0.0,0.0,0.0,1.0,0.0,0.0,0.0,1.0,1.0,0.0,0.0,0.0,0.0,1.0,0.0,0.0,1.0,0.0,0.0,0.0,0.0,0.0,0.0,0.0,1.0,0.0,0.0,0.0,0.0,0.0,0.0,1.0,1.0,0.0,1.0,0.0,0.0,0.0,0.0,0.0,0.0,0.0,1.0,1
1.100416870782747,0.921940525744382,-0.23859410545326964,-0.8691368180092968,-1.2483101527427733,0.49888765837117444,1.710018210359353,1.5398750597589332,0.6171696394103273,-1.019118400612531,-1.3617941956209574,1.5780920652109374,0.4693143463080081,1.1575265595367983,1.7417110885718798,1.4132478086812315,1.4139133349461692,0.0,0.0,0.0,0.0,0.0,0.0,0.0,0.0,0.0,0.0,0.0,1.0,0.0,1.0,0.0,0.0,0.0,1.0,0.0,0.0,1.0,0.0,0.0,0.0,1.0,0.0,0.0,0.0,0.0,1.0,0.0,0.0,0.0,0.0,0.0,0.0,0.0,1.0,0.0,0.0,1.0,0.0,0.0,1.0,0.0,0.0,1.0,0.0,0.0,0.0,0.0,0.0,0.0,1.0,0
0.47350397846156084,0.40696467804793757,0.2616010418910505,-1.7972977893282913,1.2157962486842935,1.3738037617323386,-0.5309931266738109,-0.300943407308526,-0.17440931183371247,0.233955331039913,0.006630118503325768,-1.8864725846769428,-0.10547358548379637,0.012497368749011112,0.7602073569399693,0.5835524219799213,-0.8819239077394121,0.0,0.0,0.0,0.0,0.0,0.0,0.0,0.0,0.0,0.0,0.0,0.0,1.0,1.0,0.0,0.0,0.0,0.0,1.0,1.0,0.0,0.0,0.0,0.0,1.0,0.0,0.0,0.0,0.0,0.0,0.0,0.0,1.0,0.0,0.0,0.0,0.0,1.0,0.0,0.0,1.0,0.0,0.0,1.0,0.0,1.0,0.0,0.0,0.0,0.0,0.0,1.0,0.0,0.0,0
0.6424323214084477,-0.010462903108779882,-0.09372408288307414,-0.2862151773060534,0.7851232955110645,-0.9967912993099517,1.5117650151191424,1.3444738177785804,-0.17440931183371247,-1.019118400612531,-1.3617941956209574,1.2255532164261718,0.9722537866258371,-1.8215759368491258,0.36760586428720504,-1.075838351422699,-0.31974931295252446,0.0,0.0,0.0,0.0,0.0,0.0,1.0,0.0,0.0,0.0,0.0,0.0,0.0,1.0,0.0,0.0,0.0,0.0,1.0,0.0,1.0,0.0,0.0,0.0,1.0,0.0,0.0,1.0,0.0,0.0,0.0,0.0,0.0,0.0,0.0,0.0,0.0,0.0,1.0,0.0,0.0,0.0,1.0,1.0,0.0,1.0,0.0,1.0,0.0,0.0,0.0,0.0,0.0,0.0,0
-0.942020454209716,-0.5780646107171127,0.3797170091197587,0.3047120883641238,-2.2650268768696926,-0.9967912993099517,0.8523497006220845,0.7183784465076613,-1.5276224669815408,0.9669564746953179,2.1755313414653825,-0.5461960240222598,0.7567083122039103,-0.05843364306970136,-0.8101986136710877,0.5835524219799213,-0.281339868588203,0.0,0.0,0.0,0.0,1.0,0.0,0.0,0.0,0.0,0.0,0.0,0.0,0.0,1.0,0.0,0.0,0.0,0.0,1.0,0.0,0.0,1.0,0.0,1.0,0.0,0.0,0.0,0.0,1.0,0.0,0.0,0.0,0.0,0.0,0.0,0.0,1.0,0.0,0.0,0.0,1.0,0.0,0.0,1.0,0.0,1.0,0.0,0.0,0.0,0.0,0.0,1.0,0.0,0.0,1
0.7471475757480965,0.8570053748748122,0.6186167541733134,0.009850646208549108,0.5073898664580703,-0.9967912993099517,1.1985988674587955,1.4147589406915833,-1.5276224669815408,-1.019118400612531,0.8071070273410997,0.7940805366324234,0.25376887188608144,-1.5277188878858883,-1.9880030916293803,0.5835524219799213,-1.0792087810652453,0.0,0.0,0.0,0.0,0.0,0.0,0.0,0.0,0.0,0.0,0.0,1.0,0.0,1.0,0.0,0.0,0.0,0.0,1.0,0.0,0.0,1.0,0.0,0.0,0.0,1.0,0.0,0.0,0.0,1.0,0.0,0.0,0.0,0.0,0.0,0.0,0.0,1.0,0.0,0.0,1.0,0.0,0.0,1.0,0.0,1.0,0.0,0.0,0.0,1.0,0.0,0.0,0.0,0.0,0
1.4391379886590927,1.7333887189955444,0.15393030791344917,-0.3354484878652693,0.24115292617423648,0.49888765837117444,-0.1598384224698326,-0.16579710094060904,0.6171696394103273,-1.019118400612531,-1.3617941956209574,-0.5461960240222598,0.325617363360057,0.012497368749011112,-0.2212963746919413,-0.24614296472138883,-1.2730018867215946,0.0,0.0,0.0,0.0,1.0,0.0,0.0,0.0,0.0,0.0,0.0,0.0,0.0,1.0,0.0,0.0,0.0,0.0,1.0,0.0,1.0,0.0,0.0,0.0,1.0,0.0,0.0,0.0,0.0,1.0,0.0,0.0,0.0,0.0,0.0,0.0,1.0,0.0,0.0,0.0,0.0,0.0,1.0,1.0,0.0,0.0,1.0,0.0,0.0,1.0,0.0,0.0,0.0,0.0,0
-0.664311981221153,1.2046520440438495,0.7512635707481908,0.9354352062379467,0.35698583829276287,-0.9967912993099517,-0.2001803931548329,-0.4844815508084244,1.1788038433141157,-1.019118400612531,-1.3617941956209574,0.23781550455625436,0.9004052951518615,0.5647459607661297,-0.6138978673447055,-1.9055337381240092,1.214882577785594,0.0,0.0,0.0,0.0,1.0,0.0,0.0,0.0,0.0,0.0,0.0,0.0,0.0,0.0,1.0,0.0,0.0,0.0,1.0,0.0,1.0,0.0,0.0,0.0,1.0,0.0,0.0,0.0,0.0,0.0,1.0,0.0,0.0,0.0,0.0,1.0,0.0,0.0,0.0,0.0,0.0,0.0,1.0,1.0,0.0,1.0,0.0,0.0,1.0,0.0,0.0,0.0,0.0,0.0,0
0.026709776129070564,-0.010462903108779882,-0.40232843552956954,-0.360873867183546,0.034643511667979465,1.3738037617323386,-3.839306197473199,-3.628487641658609,1.1788038433141157,1.8904287018766261,0.8071070273410997,0.23781550455625436,0.25376887188608144,-0.8082757680103761,-0.2212963746919413,-1.075838351422699,1.075211871006243,0.0,0.0,0.0,0.0,1.0,0.0,0.0,0.0,0.0,0.0,0.0,0.0,0.0,0.0,1.0,0.0,0.0,0.0,1.0,0.0,0.0,1.0,0.0,0.0,1.0,0.0,0.0,1.0,0.0,0.0,0.0,0.0,0.0,0.0,0.0,0.0,0.0,0.0,0.0,1.0,0.0,0.0,1.0,1.0,0.0,1.0,0.0,0.0,0.0,0.0,0.0,1.0,0.0,0.0,0
-1.618858284861394,-1.0980593077348306,-0.26968161895469217,-0.3105699335114892,-0.9820732124589395,1.9945666160523006,1.2773222359258123,1.062556401917102,-0.17440931183371247,-1.019118400612531,0.006630118503325768,-0.5461960240222598,1.7625871928395682,-0.5549507258006887,0.7602073569399693,-1.9055337381240092,1.6600829556447751,0.0,0.0,0.0,0.0,1.0,0.0,0.0,0.0,0.0,0.0,0.0,0.0,0.0,1.0,0.0,0.0,0.0,0.0,1.0,1.0,0.0,0.0,0.0,0.0,0.0,1.0,0.0,0.0,0.0,0.0,0.0,1.0,0.0,0.0,0.0,0.0,0.0,1.0,0.0,0.0,0.0,0.0,1.0,1.0,0.0,1.0,0.0,0.0,0.0,0.0,1.0,0.0,0.0,0.0,1
0.026709776129070564,-0.11166027652398555,-0.7187283569105664,0.5857542177170993,-1.2483101527427733,1.3738037617323386,0.06103222031632599,-1.127163966063037,-0.17440931183371247,0.9669564746953179,-1.3617941956209574,-1.8864725846769428,0.5411628377819837,-0.8437412739197323,1.938011834898262,0.5835524219799213,-1.2014206494971773,0.0,0.0,0.0,0.0,0.0,0.0,0.0,0.0,1.0,0.0,0.0,0.0,0.0,0.0,1.0,0.0,0.0,0.0,1.0,0.0,1.0,0.0,0.0,0.0,1.0,0.0,0.0,0.0,0.0,0.0,0.0,0.0,0.0,0.0,1.0,1.0,0.0,0.0,0.0,0.0,1.0,0.0,0.0,1.0,0.0,0.0,1.0,1.0,0.0,0.0,0.0,0.0,0.0,0.0,1
1.221074974944996,0.2909736762074432,-0.6745490755800451,-1.6317575612867619,-0.13408696574730583,0.49888765837117444,-0.7167355910709243,-0.4241533631433832,-0.17440931183371247,1.487029062692357,0.8071070273410997,0.7940805366324234,0.18192038041210587,0.31142091855644227,1.5454103422454977,0.5835524219799213,-0.16436565166049655,0.0,0.0,0.0,0.0,1.0,0.0,0.0,0.0,0.0,0.0,0.0,0.0,0.0,1.0,0.0,0.0,0.0,0.0,1.0,1.0,0.0,0.0,0.0,0.0,0.0,1.0,0.0,0.0,0.0,1.0,0.0,0.0,0.0,0.0,0.0,1.0,0.0,0.0,0.0,0.0,1.0,0.0,0.0,1.0,0.0,1.0,0.0,1.0,0.0,0.0,0.0,0.0,0.0,0.0,0
-0.8456544593759577,-0.5227022112749563,0.5871406065190502,0.3190825612494924,-1.6235500446643159,0.49888765837117444,0.8398545570729621,0.7002869358567287,-0.17440931183371247,-1.019118400612531,0.8071070273410997,0.7940805366324234,-0.4647160428536742,0.31142091855644227,-0.4175971210183234,-1.9055337381240092,1.139809572891693,0.0,0.0,0.0,0.0,0.0,1.0,0.0,0.0,0.0,0.0,0.0,0.0,0.0,1.0,0.0,0.0,0.0,1.0,0.0,1.0,0.0,0.0,0.0,0.0,1.0,0.0,0.0,0.0,0.0,0.0,0.0,1.0,0.0,0.0,0.0,0.0,1.0,0.0,0.0,0.0,1.0,0.0,0.0,1.0,0.0,0.0,1.0,0.0,0.0,0.0,0.0,1.0,0.0,0.0,1
-0.7607673593520884,-0.8296399791249797,1.0707682540679861,0.26049747630937714,0.750196303495788,-0.9967912993099517,1.753484439465984,1.7416098145649408,-1.5276224669815408,-1.019118400612531,-1.3617941956209574,0.23781550455625436,0.5411628377819837,1.4969821160977794,1.1528088495927336,-1.075838351422699,-0.7614579231422218,0.0,0.0,0.0,0.0,1.0,0.0,0.0,0.0,0.0,0.0,0.0,0.0,0.0,1.0,0.0,0.0,0.0,0.0,1.0,0.0,1.0,0.0,0.0,1.0,0.0,0.0,0.0,0.0,0.0,0.0,0.0,0.0,0.0,0.0,1.0,1.0,0.0,0.0,0.0,0.0,1.0,0.0,0.0,1.0,0.0,1.0,0.0,0.0,1.0,0.0,0.0,0.0,0.0,0.0,0
0.8170758797599037,0.2329209818236749,0.01125172249905238,1.6547644515108562,-2.2650268768696926,-0.9967912993099517,0.06103222031632599,0.33661248885142053,-0.17440931183371247,0.9669564746953179,-1.3617941956209574,0.23781550455625436,-0.32101905990572305,-1.3351918558065259,-0.2212963746919413,0.5835524219799213,1.1293342698832416,0.0,0.0,0.0,0.0,1.0,0.0,0.0,0.0,0.0,0.0,0.0,0.0,0.0,0.0,1.0,0.0,0.0,1.0,0.0,0.0,1.0,0.0,0.0,0.0,1.0,0.0,0.0,0.0,0.0,0.0,1.0,0.0,0.0,0.0,0.0,0.0,1.0,0.0,0.0,0.0,0.0,0.0,1.0,1.0,0.0,1.0,0.0,0.0,0.0,0.0,1.0,0.0,0.0,0.0,0
0.305386377005983,-0.5046298979666051,-1.5045263537512816,-0.06729848207077124,-0.7755637979526826,0.49888765837117444,-0.21054732428855455,-0.34544265148753284,1.6144411763273727,-1.019118400612531,1.375054432627609,-0.5461960240222598,-2.0453828552811366,-0.2104286683955138,0.36760586428720504,0.5835524219799213,-0.8417685795403487,0.0,0.0,0.0,0.0,1.0,0.0,0.0,0.0,0.0,0.0,0.0,0.0,0.0,0.0,1.0,0.0,0.0,0.0,1.0,1.0,0.0,0.0,0.0,0.0,1.0,0.0,0.0,0.0,0.0,1.0,0.0,0.0,0.0,0.0,0.0,0.0,1.0,0.0,0.0,0.0,0.0,0.0,1.0,1.0,0.0,1.0,0.0,0.0,1.0,0.0,0.0,0.0,0.0,0.0,1
-0.46945734838134484,0.3746000304649803,0.5548572908114093,-0.8691368180092968,-2.2650268768696926,-0.9967912993099517,1.12448902140035,1.380978420780544,0.6171696394103273,-1.019118400612531,0.006630118503325768,0.23781550455625436,0.6848598207299348,-0.7880097646336011,0.7602073569399693,-0.24614296472138883,1.075211871006243,0.0,0.0,0.0,0.0,0.0,0.0,0.0,0.0,0.0,0.0,1.0,0.0,0.0,0.0,1.0,0.0,0.0,1.0,0.0,0.0,0.0,1.0,0.0,0.0,0.0,1.0,0.0,0.0,0.0,0.0,0.0,0.0,0.0,1.0,0.0,0.0,1.0,0.0,0.0,0.0,1.0,0.0,0.0,1.0,0.0,0.0,1.0,0.0,0.0,0.0,1.0,0.0,0.0,0.0,1
-0.8752874864146317,1.9721741680553837,1.2710275755068303,0.1167088595524093,0.9984626704981394,0.49888765837117444,-1.2741501811213085,-1.5392877925533932,1.6144411763273727,-1.019118400612531,0.006630118503325768,0.7940805366324234,-0.5365645343276497,1.122061053627442,-0.8101986136710877,-1.075838351422699,0.003239196474724598,0.0,0.0,1.0,0.0,0.0,0.0,0.0,0.0,0.0,0.0,0.0,0.0,0.0,1.0,0.0,0.0,0.0,1.0,0.0,1.0,0.0,0.0,0.0,0.0,1.0,0.0,0.0,0.0,0.0,0.0,0.0,0.0,0.0,0.0,1.0,0.0,1.0,0.0,0.0,0.0,1.0,0.0,0.0,1.0,0.0,0.0,1.0,0.0,0.0,0.0,0.0,1.0,0.0,0.0,1
-0.24556274789220753,-0.010462903108779882,0.8584755762353353,1.0318917344251566,-0.34059638025356326,0.49888765837117444,-1.0774182855944858,-1.3449949308362248,1.1788038433141157,1.8904287018766261,0.8071070273410997,2.134357097287106,1.1159507695737882,1.2791225797974481,1.5454103422454977,0.5835524219799213,1.3423320977217519,0.0,0.0,0.0,0.0,0.0,0.0,0.0,0.0,0.0,0.0,0.0,0.0,1.0,0.0,1.0,0.0,0.0,0.0,1.0,1.0,0.0,0.0,0.0,0.0,0.0,1.0,0.0,0.0,0.0,0.0,0.0,0.0,0.0,1.0,0.0,0.0,0.0,1.0,0.0,0.0,1.0,0.0,0.0,1.0,0.0,0.0,1.0,0.0,0.0,0.0,0.0,1.0,0.0,0.0,0
-1.609807129782984,-0.3581021351952044,-1.022346642334492,-0.047523501542739155,0.7138992809643273,0.49888765837117444,-1.126185956117988,-0.9539192006691195,-1.5276224669815408,-1.019118400612531,0.8071070273410997,0.23781550455625436,-1.1832009575934297,0.1594258932306298,-1.0064993599974699,-0.24614296472138883,0.1917946506268484,0.0,0.0,0.0,0.0,0.0,0.0,1.0,0.0,0.0,0.0,0.0,0.0,0.0,0.0,1.0,0.0,0.0,0.0,1.0,1.0,0.0,0.0,0.0,0.0,1.0,0.0,0.0,0.0,0.0,0.0,0.0,0.0,0.0,1.0,0.0,0.0,0.0,0.0,0.0,1.0,0.0,0.0,1.0,1.0,0.0,1.0,0.0,0.0,0.0,0.0,0.0,1.0,0.0,0.0,0
-0.440928228919844,-0.9184173403285021,-1.5045263537512816,1.3472011321867396,-0.34059638025356326,0.49888765837117444,0.30021390894294325,0.6587943069207479,-1.5276224669815408,0.9669564746953179,0.8071070273410997,0.23781550455625436,0.18192038041210587,0.012497368749011112,-0.6138978673447055,-0.24614296472138883,-1.0879382002389546,0.0,1.0,0.0,0.0,0.0,0.0,0.0,0.0,0.0,0.0,0.0,0.0,0.0,1.0,0.0,0.0,0.0,0.0,1.0,1.0,0.0,0.0,0.0,0.0,1.0,0.0,0.0,0.0,0.0,0.0,0.0,0.0,0.0,1.0,0.0,0.0,0.0,0.0,1.0,0.0,1.0,0.0,0.0,1.0,0.0,0.0,1.0,0.0,0.0,0.0,0.0,1.0,0.0,0.0,0
0.6140615206488277,0.07232032397798911,-1.3469484189652163,0.0645131704451016,-0.4641737345920091,0.49888765837117444,0.4830430421695813,0.4708830143861894,1.1788038433141157,1.487029062692357,0.8071070273410997,1.2255532164261718,-0.10547358548379637,-0.3776231962539075,-0.8101986136710877,1.4132478086812315,1.34058621388701,0.0,0.0,1.0,0.0,0.0,0.0,0.0,0.0,0.0,0.0,0.0,0.0,0.0,0.0,1.0,0.0,0.0,0.0,1.0,0.0,0.0,1.0,1.0,0.0,0.0,0.0,0.0,0.0,0.0,0.0,0.0,0.0,0.0,0.0,1.0,1.0,0.0,0.0,0.0,0.0,0.0,0.0,1.0,1.0,0.0,1.0,0.0,0.0,0.0,0.0,0.0,1.0,0.0,0.0,0
0.9333571487370843,0.6229188354674351,0.15393030791344917,0.662537441140972,-0.04588164091512093,0.49888765837117444,-2.8459708777398083,-2.5689807798141073,1.6144411763273727,0.233955331039913,0.006630118503325768,1.2255532164261718,-0.2491705684317475,1.5932456321374606,1.5454103422454977,-0.24614296472138883,1.0891789416841782,0.0,0.0,0.0,0.0,0.0,0.0,0.0,0.0,1.0,0.0,0.0,0.0,0.0,0.0,1.0,0.0,0.0,1.0,0.0,0.0,0.0,1.0,0.0,0.0,1.0,0.0,0.0,0.0,0.0,0.0,0.0,1.0,0.0,0.0,0.0,1.0,0.0,0.0,0.0,0.0,1.0,0.0,0.0,1.0,0.0,0.0,1.0,0.0,0.0,0.0,0.0,0.0,1.0,0.0,0
1.7000780241104254,-1.2289378533684567,-1.3469484189652163,-0.360873867183546,-0.606833320537397,0.49888765837117444,0.3970546140781881,0.17064337467336005,-0.17440931183371247,-1.019118400612531,0.8071070273410997,-0.5461960240222598,0.4693143463080081,-0.428288204695845,0.36760586428720504,-1.075838351422699,-1.4126725935009457,0.0,1.0,0.0,0.0,0.0,0.0,0.0,0.0,0.0,0.0,0.0,0.0,0.0,0.0,1.0,0.0,0.0,0.0,1.0,0.0,0.0,1.0,0.0,0.0,1.0,0.0,0.0,0.0,0.0,0.0,0.0,0.0,0.0,0.0,1.0,1.0,0.0,0.0,0.0,0.0,1.0,0.0,0.0,1.0,0.0,0.0,1.0,0.0,0.0,1.0,0.0,0.0,0.0,0.0,1
-0.7337113299215683,0.6649378453153671,0.3220437044155789,1.0395781958665864,0.10871947129041147,-0.9967912993099517,-0.8748098291832535,-0.7358736975956658,0.6171696394103273,-1.019118400612531,0.006630118503325768,-0.5461960240222598,-2.0453828552811366,0.07836187972352984,-0.2212963746919413,-0.24614296472138883,0.5112913923846136,0.0,0.0,0.0,0.0,1.0,0.0,0.0,0.0,0.0,0.0,0.0,0.0,0.0,1.0,0.0,0.0,0.0,0.0,1.0,1.0,0.0,0.0,0.0,0.0,1.0,0.0,0.0,0.0,0.0,0.0,0.0,0.0,0.0,1.0,0.0,0.0,0.0,1.0,0.0,0.0,1.0,0.0,0.0,1.0,0.0,0.0,1.0,0.0,0.0,0.0,1.0,0.0,0.0,0.0,0
-0.40616260692300815,1.715744503700856,1.609855269918879,-1.1372868238037945,0.1773030976133672,-0.9967912993099517,0.31893391993846215,0.06440159158555225,-1.5276224669815408,-1.019118400612531,1.375054432627609,0.23781550455625436,-1.0395039746454786,1.1980585662903482,-1.5954015989766162,0.5835524219799213,0.5828726296090311,0.0,0.0,0.0,0.0,0.0,0.0,0.0,0.0,1.0,0.0,0.0,0.0,0.0,1.0,0.0,0.0,0.0,1.0,0.0,1.0,0.0,0.0,0.0,0.0,1.0,0.0,0.0,0.0,0.0,0.0,0.0,0.0,0.0,1.0,0.0,0.0,0.0,1.0,0.0,0.0,1.0,0.0,0.0,1.0,0.0,0.0,1.0,0.0,0.0,1.0,0.0,0.0,0.0,0.0,0
1.0911867048316184,-1.8214691338427642,-1.5913870217345818,-0.9518011328537236,0.7138992809643273,-0.9967912993099517,1.7689691538208743,1.4930160794496155,1.6144411763273727,-1.019118400612531,0.8071070273410997,1.2255532164261718,-0.7521100087495765,0.012497368749011112,0.7602073569399693,0.5835524219799213,1.4453392439715231,0.0,0.0,0.0,0.0,0.0,0.0,0.0,0.0,1.0,0.0,0.0,0.0,0.0,0.0,1.0,0.0,0.0,1.0,0.0,1.0,0.0,0.0,0.0,0.0,1.0,0.0,0.0,0.0,0.0,1.0,0.0,0.0,0.0,0.0,0.0,0.0,0.0,1.0,0.0,0.0,1.0,0.0,0.0,1.0,0.0,1.0,0.0,1.0,0.0,0.0,0.0,0.0,0.0,0.0,0
1.2992486042117868,1.0634849518750318,-1.3469484189652163,0.009850646208549108,-0.13408696574730583,-0.9967912993099517,0.15213738594247708,0.31607130368105985,-1.5276224669815408,-1.019118400612531,0.8071070273410997,1.2255532164261718,0.3974658548340326,-0.5853497308658512,1.7417110885718798,0.5835524219799213,0.5706514427658378,0.0,0.0,0.0,0.0,0.0,0.0,0.0,0.0,1.0,0.0,0.0,0.0,0.0,0.0,1.0,0.0,0.0,0.0,1.0,1.0,0.0,0.0,0.0,0.0,1.0,0.0,0.0,0.0,0.0,1.0,0.0,0.0,0.0,0.0,0.0,0.0,1.0,0.0,0.0,0.0,1.0,0.0,0.0,1.0,0.0,1.0,0.0,0.0,0.0,0.0,0.0,1.0,0.0,0.0,0
-0.4551110415328123,-0.9880810676600783,0.5217243173504937,-0.4685616310762956,-0.04588164091512093,2.4760676934617014,-0.8233404051008941,-0.8284228297484014,0.6171696394103273,1.487029062692357,0.8071070273410997,-0.5461960240222598,0.25376887188608144,-0.7474777578800511,3.1158163128565546,1.4132478086812315,1.2393249514719804,0.0,0.0,0.0,0.0,1.0,0.0,0.0,0.0,0.0,0.0,0.0,0.0,0.0,1.0,0.0,0.0,0.0,0.0,1.0,1.0,0.0,0.0,0.0,0.0,1.0,0.0,0.0,0.0,0.0,0.0,1.0,0.0,0.0,0.0,0.0,0.0,1.0,0.0,0.0,0.0,1.0,0.0,0.0,1.0,0.0,0.0,1.0,0.0,0.0,0.0,0.0,1.0,0.0,0.0,0
0.17919871132126947,-0.587464071479782,0.13124536394326805,0.7543148343957864,-0.7755637979526826,-0.9967912993099517,0.3155193020409735,-0.004319032218779633,-0.17440931183371247,0.9669564746953179,0.8071070273410997,-1.8864725846769428,-0.10547358548379637,0.8231375038200108,-0.6138978673447055,1.4132478086812315,-0.8522438825488,0.0,0.0,0.0,0.0,0.0,0.0,0.0,0.0,1.0,0.0,0.0,0.0,0.0,1.0,0.0,0.0,0.0,1.0,0.0,0.0,0.0,1.0,0.0,0.0,0.0,1.0,0.0,0.0,0.0,0.0,0.0,1.0,0.0,0.0,0.0,0.0,1.0,0.0,0.0,0.0,1.0,0.0,0.0,1.0,0.0,0.0,1.0,1.0,0.0,0.0,0.0,0.0,0.0,0.0,0
-1.6651286079636993,1.1070413024536503,0.9211243378682687,-0.14996279691519795,0.676120343873356,0.49888765837117444,0.7268739742026912,0.5205625506986661,-1.5276224669815408,-1.019118400612531,1.375054432627609,0.23781550455625436,-0.2491705684317475,0.09356138225611109,0.7602073569399693,0.5835524219799213,-0.7108272919347072,0.0,0.0,0.0,0.0,0.0,0.0,0.0,0.0,0.0,0.0,0.0,1.0,0.0,0.0,1.0,0.0,0.0,0.0,1.0,1.0,0.0,0.0,0.0,0.0,0.0,1.0,0.0,0.0,0.0,0.0,1.0,0.0,0.0,0.0,0.0,0.0,0.0,1.0,0.0,0.0,1.0,0.0,0.0,1.0,0.0,0.0,1.0,0.0,0.0,0.0,0.0,1.0,0.0,0.0,0
-1.7530141715018528,-0.010462903108779882,1.2044999309668893,-1.557098871409269,0.1773030976133672,-0.9967912993099517,-1.50822390287385,-1.6088648170866204,0.6171696394103273,-1.019118400612531,0.8071070273410997,0.23781550455625436,-0.4647160428536742,-1.1021328169736135,0.36760586428720504,-0.24614296472138883,-1.5104420882464913,0.0,0.0,0.0,0.0,0.0,0.0,1.0,0.0,0.0,0.0,0.0,0.0,0.0,1.0,0.0,0.0,0.0,1.0,0.0,1.0,0.0,0.0,0.0,0.0,1.0,0.0,0.0,0.0,0.0,0.0,0.0,0.0,0.0,1.0,0.0,0.0,1.0,0.0,0.0,0.0,1.0,0.0,0.0,1.0,0.0,0.0,1.0,0.0,0.0,1.0,0.0,0.0,0.0,0.0,0
0.026709776129070564,-0.32533468945784066,-1.5913870217345818,1.4749403088683233,0.24115292617423648,0.49888765837117444,-0.04816221148971316,0.2551544433240977,0.6171696394103273,-1.019118400612531,0.006630118503325768,-0.5461960240222598,-0.9676554831715031,-0.9754702958687698,0.36760586428720504,0.5835524219799213,0.7434939424052847,0.0,0.0,0.0,0.0,0.0,0.0,1.0,0.0,0.0,0.0,0.0,0.0,0.0,1.0,0.0,0.0,0.0,0.0,1.0,0.0,0.0,1.0,0.0,0.0,1.0,0.0,0.0,0.0,0.0,0.0,0.0,1.0,0.0,0.0,0.0,0.0,1.0,0.0,0.0,0.0,0.0,0.0,1.0,1.0,0.0,1.0,0.0,0.0,0.0,0.0,0.0,1.0,0.0,0.0,0
-0.23655526583812814,0.5798679065890112,0.341563170268023,0.009850646208549108,1.3737025624196817,0.49888765837117444,1.9208458705333982,2.314417347795271,-1.5276224669815408,0.233955331039913,0.8071070273410997,-0.5461960240222598,-0.823958500223552,2.1961592325965165,-1.0064993599974699,-1.9055337381240092,-1.3079195634164325,0.0,0.0,0.0,0.0,0.0,0.0,0.0,0.0,1.0,0.0,0.0,0.0,0.0,1.0,0.0,0.0,0.0,0.0,1.0,1.0,0.0,0.0,0.0,0.0,1.0,0.0,0.0,1.0,0.0,0.0,0.0,0.0,0.0,0.0,0.0,0.0,0.0,0.0,1.0,0.0,1.0,0.0,0.0,1.0,0.0,0.0,1.0,0.0,0.0,0.0,0.0,1.0,0.0,0.0,0
0.1109581378448957,-0.010462903108779882,-0.33425886755361933,-1.557098871409269,0.24115292617423648,-0.9967912993099517,-0.18623662478998507,-0.0890055870517123,0.6171696394103273,-1.019118400612531,-1.3617941956209574,0.23781550455625436,-0.17732207695777194,0.053029375502561094,0.5639066106135872,-0.24614296472138883,0.9337952803921503,0.0,0.0,0.0,0.0,1.0,0.0,0.0,0.0,0.0,0.0,0.0,0.0,0.0,0.0,1.0,0.0,0.0,1.0,0.0,0.0,1.0,0.0,0.0,0.0,1.0,0.0,0.0,1.0,0.0,0.0,0.0,0.0,0.0,0.0,0.0,0.0,1.0,0.0,0.0,0.0,0.0,0.0,1.0,0.0,1.0,1.0,0.0,0.0,0.0,0.0,0.0,1.0,0.0,0.0,0
0.44615060621808317,-0.010462903108779882,-1.3469484189652163,-0.1715860094881732,1.4766369320190795,-0.9967912993099517,-0.8321081884284628,-0.5602822889474676,-1.5276224669815408,0.9669564746953179,-1.3617941956209574,0.7940805366324234,-1.0395039746454786,-0.6461477409961761,-1.7917023453029983,-0.24614296472138883,-0.7998673675065434,0.0,1.0,0.0,0.0,0.0,0.0,0.0,0.0,0.0,0.0,0.0,0.0,0.0,1.0,0.0,0.0,0.0,0.0,1.0,0.0,1.0,0.0,0.0,0.0,1.0,0.0,0.0,0.0,0.0,0.0,0.0,0.0,0.0,0.0,1.0,0.0,0.0,1.0,0.0,0.0,1.0,0.0,0.0,1.0,0.0,0.0,1.0,0.0,0.0,0.0,0.0,1.0,0.0,0.0,0
-0.5906012631774405,-1.5567087960725323,-0.4377950154568216,0.3332767048622299,-0.9820732124589395,-0.9967912993099517,1.0087062455208227,0.8941923965555789,0.6171696394103273,-1.019118400612531,-1.3617941956209574,0.23781550455625436,-0.6802615172756009,0.8738025122619483,-0.024995628365559186,0.5835524219799213,0.6352491446512877,0.0,0.0,0.0,0.0,0.0,0.0,0.0,0.0,0.0,1.0,0.0,0.0,0.0,0.0,1.0,0.0,0.0,0.0,1.0,0.0,1.0,0.0,0.0,0.0,1.0,0.0,0.0,0.0,0.0,0.0,0.0,0.0,0.0,0.0,1.0,0.0,0.0,0.0,0.0,1.0,1.0,0.0,0.0,1.0,0.0,0.0,1.0,0.0,0.0,0.0,0.0,1.0,0.0,0.0,0
-0.20991749496900194,0.08521027012051201,-0.812028836009737,1.2744981624552898,-2.2650268768696926,0.49888765837117444,-0.0033296601917151693,-0.173537475720298,0.6171696394103273,-1.019118400612531,-1.3617941956209574,-0.5461960240222598,-0.03362509400982082,-0.06856664475808887,1.7417110885718798,0.5835524219799213,-0.11373502045298182,0.0,0.0,0.0,0.0,0.0,0.0,1.0,0.0,0.0,0.0,0.0,0.0,0.0,0.0,1.0,0.0,0.0,1.0,0.0,0.0,1.0,0.0,0.0,0.0,1.0,0.0,0.0,0.0,0.0,0.0,0.0,0.0,1.0,0.0,0.0,0.0,1.0,0.0,0.0,0.0,1.0,0.0,0.0,1.0,0.0,0.0,1.0,0.0,0.0,0.0,0.0,0.0,1.0,0.0,0
0.6095222025304813,-2.0019254496683048,0.4876957505186224,0.3472987940103308,0.5955951912902556,-0.9967912993099517,-1.3729342371758955,-1.4582888532620133,-1.5276224669815408,0.233955331039913,0.8071070273410997,-0.5461960240222598,1.1877992610477637,0.5140809523241922,1.7417110885718798,-1.075838351422699,-1.4755244115516537,0.0,0.0,0.0,0.0,0.0,0.0,0.0,1.0,0.0,0.0,0.0,0.0,0.0,0.0,1.0,0.0,0.0,0.0,1.0,1.0,0.0,0.0,0.0,0.0,0.0,1.0,0.0,0.0,0.0,0.0,0.0,0.0,0.0,0.0,1.0,0.0,0.0,0.0,1.0,0.0,1.0,0.0,0.0,1.0,0.0,0.0,1.0,0.0,0.0,0.0,0.0,1.0,0.0,0.0,0
1.1622075890548689,-0.11885953606502324,-0.17863132870856746,1.6637320017733948,0.851255382798665,-0.9967912993099517,0.8362528156542868,0.8144430938394638,-0.17440931183371247,1.487029062692357,0.8071070273410997,-0.5461960240222598,-1.0395039746454786,0.5090144514799985,-1.0064993599974699,0.5835524219799213,0.34368654424939254,0.0,0.0,0.0,0.0,1.0,0.0,0.0,0.0,0.0,0.0,0.0,0.0,0.0,1.0,0.0,0.0,0.0,0.0,1.0,0.0,0.0,1.0,0.0,1.0,0.0,0.0,0.0,0.0,0.0,0.0,0.0,0.0,0.0,1.0,0.0,0.0,0.0,1.0,0.0,0.0,1.0,0.0,0.0,1.0,0.0,1.0,0.0,0.0,0.0,0.0,0.0,1.0,0.0,0.0,0
-1.609807129782984,1.1177633755524405,0.21963114456386534,0.009850646208549108,1.3366794076856743,1.3738037617323386,1.090928473601333,1.1349745924561572,1.1788038433141157,0.233955331039913,-1.3617941956209574,-0.5461960240222598,-0.17732207695777194,-1.0058693009339323,0.5639066106135872,-0.24614296472138883,-1.313157214920658,1.0,0.0,0.0,0.0,0.0,0.0,0.0,0.0,0.0,0.0,0.0,0.0,0.0,0.0,1.0,0.0,0.0,1.0,0.0,0.0,1.0,0.0,0.0,0.0,1.0,0.0,0.0,0.0,0.0,0.0,1.0,0.0,0.0,0.0,0.0,0.0,1.0,0.0,0.0,0.0,0.0,0.0,1.0,0.0,1.0,0.0,1.0,0.0,1.0,0.0,0.0,0.0,0.0,0.0,0
-1.6745927473955637,-1.8406266758931107,0.6029770458693231,-0.3354484878652693,0.676120343873356,-0.9967912993099517,-0.03633740954687016,-0.17929984713032363,0.6171696394103273,-1.019118400612531,1.375054432627609,-0.5461960240222598,-0.39286755137969864,-0.017901636316151378,1.1528088495927336,1.4132478086812315,-0.04389966706330635,0.0,0.0,0.0,1.0,0.0,0.0,0.0,0.0,0.0,0.0,0.0,0.0,0.0,1.0,0.0,0.0,0.0,0.0,1.0,1.0,0.0,0.0,0.0,0.0,1.0,0.0,0.0,0.0,0.0,0.0,0.0,1.0,0.0,0.0,0.0,0.0,0.0,0.0,1.0,0.0,1.0,0.0,0.0,1.0,0.0,0.0,1.0,0.0,0.0,0.0,0.0,1.0,0.0,0.0,0
0.7924566090421901,2.22070373266364,-1.5913870217345818,0.7245241359695984,-0.04588164091512093,-0.9967912993099517,0.5083529468459299,0.25204741332839464,0.6171696394103273,1.487029062692357,-1.3617941956209574,-1.8864725846769428,-1.0395039746454786,-0.306692184435195,-0.6138978673447055,0.5835524219799213,0.2982935645461035,0.0,0.0,0.0,0.0,1.0,0.0,0.0,0.0,0.0,0.0,0.0,0.0,0.0,1.0,0.0,0.0,0.0,0.0,1.0,0.0,1.0,0.0,0.0,1.0,0.0,0.0,0.0,0.0,1.0,0.0,0.0,0.0,0.0,0.0,0.0,0.0,1.0,0.0,0.0,0.0,1.0,0.0,0.0,1.0,0.0,0.0,1.0,0.0,0.0,0.0,0.0,1.0,0.0,0.0,0
0.026709776129070564,-0.010462903108779882,0.5711024236657201,0.1167088595524093,-0.606833320537397,-0.9967912993099517,1.7685904804729597,1.720300298649909,-0.17440931183371247,-1.019118400612531,0.006630118503325768,0.7940805366324234,-0.4647160428536742,-0.07363314560228261,-1.0064993599974699,-0.24614296472138883,0.06085336302120686,0.0,0.0,0.0,0.0,0.0,0.0,0.0,0.0,0.0,0.0,0.0,1.0,0.0,0.0,1.0,0.0,0.0,1.0,0.0,0.0,0.0,1.0,0.0,0.0,0.0,1.0,0.0,0.0,0.0,0.0,0.0,1.0,0.0,0.0,0.0,0.0,1.0,0.0,0.0,0.0,0.0,0.0,1.0,1.0,0.0,0.0,1.0,0.0,0.0,0.0,0.0,1.0,0.0,0.0,1
2.152711611115432,1.347838260836927,-0.7645145055021436,-0.41346511389116986,1.639939502703516,1.3738037617323386,0.19462486988283315,0.3361546419098296,-1.5276224669815408,0.233955331039913,0.006630118503325768,0.23781550455625436,0.6130113292559592,-0.06856664475808887,-1.0064993599974699,-0.24614296472138883,-0.2743563332492354,0.0,0.0,0.0,0.0,0.0,0.0,0.0,0.0,1.0,0.0,0.0,0.0,0.0,0.0,0.0,1.0,0.0,0.0,1.0,0.0,0.0,1.0,0.0,1.0,0.0,0.0,0.0,0.0,0.0,0.0,0.0,0.0,1.0,0.0,0.0,0.0,0.0,1.0,0.0,0.0,0.0,0.0,1.0,1.0,0.0,0.0,1.0,0.0,0.0,0.0,1.0,0.0,0.0,0.0,0
1.060970635604999,0.2621876163681811,0.3797170091197587,0.3472987940103308,-0.04588164091512093,-0.9967912993099517,1.6350942084596505,1.3367067513622084,-0.17440931183371247,0.233955331039913,0.8071070273410997,0.23781550455625436,-1.1113524661194543,1.1879255646019606,-0.4175971210183234,0.5835524219799213,-1.3375995886070446,0.0,0.0,0.0,0.0,1.0,0.0,0.0,0.0,0.0,0.0,0.0,0.0,0.0,0.0,1.0,0.0,0.0,1.0,0.0,0.0,0.0,1.0,0.0,0.0,0.0,1.0,0.0,0.0,0.0,0.0,0.0,1.0,0.0,0.0,0.0,0.0,1.0,0.0,0.0,0.0,1.0,0.0,0.0,1.0,0.0,0.0,1.0,0.0,0.0,0.0,0.0,0.0,0.0,1.0,0
2.2666531277442568,1.548406436705685,1.1134496407207648,0.5394757189581508,0.9708350832117979,0.49888765837117444,-0.12962844864698178,-0.36953601283756815,0.6171696394103273,-1.019118400612531,0.8071070273410997,-1.8864725846769428,0.5411628377819837,-0.1040321506674451,-1.2028001063238518,1.4132478086812315,1.5518381578907783,0.0,0.0,0.0,0.0,0.0,0.0,0.0,1.0,0.0,0.0,0.0,0.0,0.0,1.0,0.0,0.0,0.0,1.0,0.0,1.0,0.0,0.0,0.0,0.0,1.0,0.0,0.0,0.0,0.0,0.0,0.0,1.0,0.0,0.0,0.0,0.0,1.0,0.0,0.0,0.0,1.0,0.0,0.0,1.0,0.0,0.0,1.0,0.0,0.0,0.0,0.0,0.0,0.0,1.0,0
-1.1051943127883008,0.5895265587564679,-0.40232843552956954,0.7245241359695984,1.2370720234956316,1.3738037617323386,1.0231465055392186,1.27009171937879,-1.5276224669815408,-1.019118400612531,0.006630118503325768,-0.5461960240222598,0.5411628377819837,-0.31175868527938877,0.5639066106135872,-1.075838351422699,-0.8766862562351864,0.0,0.0,0.0,0.0,1.0,0.0,0.0,0.0,0.0,0.0,0.0,0.0,0.0,0.0,1.0,0.0,0.0,0.0,1.0,0.0,0.0,1.0,0.0,0.0,1.0,0.0,0.0,0.0,0.0,0.0,0.0,1.0,0.0,0.0,0.0,0.0,0.0,1.0,0.0,0.0,1.0,0.0,0.0,1.0,0.0,0.0,1.0,0.0,0.0,0.0,0.0,1.0,0.0,0.0,0
