customer_id,city,age,gender,monthly_income,plan_type,tenure_months,monthly_recharge_amount,data_usage_gb,call_minutes_used,sms_count,number_of_complaints,complaint_resolved,network_type,device_brand,device_price_range,avg_monthly_bill,late_payment_count,contract_type,customer_service_calls,international_roaming_used,value_added_services_count,satisfaction_score,app_usage_hours_per_week,social_media_usage_hours,streaming_service_used,number_of_family_lines,payment_method,signup_date,churn
CUST01394,nagpur,,Female,12000,Prepaid,8,154.95,0.28,396,17,2,Yes,4G,Vivo,Low (<10k),155.06,1,With Contract,2,No,2,5,2.8,1.1,Yes,0,UPI,08/30/2019,No
CUST00186,Thane,58,F,14100,prepaid,30,95.67,2.81,516,34,3,Yes,2G,Xiaomi,Premium (>60k),86.36,1,No Contract,5,No,1,3,11.1,1.5,No,1,UPI,11-03-2019,Yes
CUST00044,Navi Mumbai,44,Male,14200,Prepaid,64,238.28,,452,29,2,NO,4g,Samsung,Mid (10k-25k),275.92,0,No Contract,4,No,2,5,1.5,2.5,No,0,Wallet,28-04-2019,No
CUST01039,mumbai,42,M,12100,Postpaid,15,160.41,13.91,603,25,3,yes,4G,Realme,Unknown,148.32,1,No Contract,1,No,1,,4.7,0.2,No,1,Debit Card,09-01-2022,Yes
CUST00061,Pune,56,Male,49900,Postpaid,43,236.85,5.32,124,27,0,N/A,5G,OnePlus,Low (<10k),285.58,0,No Contract,1,No,1,3,,4.5,No,1,Cash,20-07-2019,Yes
CUST00336,Mumbai,80,Female,41900,Prepaid,9,325.08,0.18,497,29,3,No,4G,Vivo,Premium (>60k),270.84,1,No Contract,0,No,2,2,1.2,4.1,No,0,Debit Card,04-11-2024,No
CUST00532,Akola,48,Female,19500,Prepaid,35,161.34,4.02,533,32,2,yes,null,Oppo,Low (<10k),173.45,1,No Contract,1,No,1,5,3.6,10.8,Yes,3,Wallet,27-11-2019,No
CUST00410,Mumbai ,55,Male,11600,Postpaid,6,220.85,8.65,366,26,0,N/A,4G,Samsung,Low (<10k),275.97,1,With Contract,2,No,1,5,3.2,5.8,Yes,3,UPI,06-07-2019,No
CUST01168,Nagpur city,,Female,29100,Postpaid,10,326.25,2.69,834,26,1,Yes,4G,Samsung,High (25k-60k),338.99,1,with contract,2,Yes,0,4,3.5,1.2,Yes,0,Credit Card,06-07-2023,No
CUST00364,Nagpur city,31,Female,28400,Prepaid,2,232.9,4.52,456,22,6,NO,5G,Oppo,Low (<10k),275.07,2,No Contract,3,No,4,5,14.9,5.9,No,1,Credit Card,03-05-2020,Yes
CUST00285,nashik,27,Female,30300,Prepaid,8,326.33,2.9,184,27,1,NO,4g,Realme,Mid (10k-25k),284.97,2,No Contract,2,No,2,3,11.6,5.5,Yes,0,Wallet,26-12-2020,No
CUST00118,Mumbai,150,Female,155000,Prepaid,1,147.64,0.76,659,27,1,yes,NA,Xiaomi,Premium (>60k),134.23,1,No Contract,0,No,1,1,19.7,0.6,No,0,Net Banking,07-08-2019,Yes
CUST00735,PUNE,51,Female,32400,POSTPAID,500,110.6,14.53,82,26,2,NO,5G,OnePlus,Mid (10k-25k),126.78,0,No Contract,2,No,1,3,1.2,1.8,No,0,Cash,09-04-2021,No
CUST00205,nashik,42,Female,48200,Postpaid,47,115.25,4.96,441,22,1,No,5G,Realme,Mid (10k-25k),134.26,1,No Contract,1,No,0,3,25.7,3.2,Yes,0,UPI,09/29/2023,No
CUST00260,Mumbai ,62,Female,31800,prepaid,25,303.53,6.67,165,25,2,NO,4G,Vivo,Mid (10k-25k),391.8,1,No Contract,2,No,1,2,0,8.2,No,0,UPI,01-06-2021,No
CUST00873,THANE,56,Female,,Prepaid,11,186.88,5.75,639,29,1,NO,4G,Apple,Mid (10k-25k),195.59,1,With Contract,1,No,0,4,10.7,6.9,No,0,Cash,24-07-2021,No
CUST00639,Bombay,55,Male,33400,Postpaid,9,146.65,9.59,738,28,0,N/A,5G,Vivo,Mid (10k-25k),119.8,0,No Contract,4,No,2,5,1.4,0.7,No,1,UPI,03-03-2022,No
CUST01021,THANE,42,Female,27700,Prepaid,34,162.69,0.4,585,21,4,Yes,4G,Realme,Mid (10k-25k),200.48,0,With Contract,3,No,1,5,22.5,2.6,No,1,Wallet,24-06-2021,Yes
CUST00738,Solapur,52,Male,21700,Prepaid,9,398.87,13.96,,25,1,Yes,3G,Xiaomi,Mid (10k-25k),509.06,0,No Contract,1,No,1,5,2.2,7.3,No,0,Net Banking,30-03-2021,No
CUST00455,MUMBAI,64,female,34800,Prepaid,19,178.7,1.31,234,16,1,Yes,3G,Realme,Mid (10k-25k),163.72,1,No Contract,1,No,2,4,2.7,5.9,No,0,,10/15/2023,No
CUST00783,Mumbai,71,Female,13800,Prepaid,26,150.95,17.11,,27,1,NO,4G,Samsung,Mid (10k-25k),184,1,No Contract,2,No,5,5,7.4,7.7,Yes,1,Cash,08/30/2021,No
CUST01278,Akola,32,Male,19600,Postpaid,8,289.29,1.16,391,18,1,Yes,4g,Apple,Mid (10k-25k),318.88,1,No Contract,0,No,0,,10.8,0.4,No,3,Cash,15-08-2020,No
CUST01073,MUMBAI,64,Male,35900,Prepaid,8,228.94,2.37,0,25,1,No,3G,Oppo,Low (<10k),217.86,0,No Contract,3,No,0,2,3.6,6.6,No,1,UPI,03-10-2023,No
CUST01444, Pune,69,M,22000,Prepaid,22,211.1,5.56,502,23,0,N/A,4g,Oppo,Low (<10k),179.59,0,With Contract,0,No,1,,,19.4,Yes,3,UPI,06-09-2023,No
CUST00368,NaviMumbai,66,Male,53600,Prepaid,1,156.54,1.04,458,34,0,N/A,4G,Samsung,Mid (10k-25k),,0,With Contract,2,No,0,2,17.4,9.9,No,1,UPI,01-08-2020,Yes
CUST01483,Nagpur,77.0 yrs,Female,21600,Prepaid,15,123.17,2.07,477,27,1,Yes,4G,APPLE,Low (<10k),102.06,0,No Contract,1,No,2,4,0.3,5.5,No,2,Net Banking,23-03-2024,No
CUST00542,nashik,32,Female,49700,Prepaid,12,131.98,0.48,491,34,4,No,4G,Oppo,Low (<10k),144.84,0,No Contract,1,No,0,4,5,5,Yes,3,Debit Card,27-03-2023,No
CUST00512,pune,50,Male,34300,Prepaid,3,613.32,0.42,423,32,0,N/A,4G,OnePlus,Mid (10k-25k),684.97,2,No Contract,2,No,1,,8.6,12.1,Yes,2,Credit Card,02-12-2020,Yes
CUST00390,Solapur,38,female,9300,Postpaid,25,158.11,4.29,757,28,1,No,5G,Oppo,High (25k-60k),156.78,0,No Contract,3,No,4,3,0.9,1.7,Yes,0,UPI,10-09-2019,No
CUST00557,mumbai,30,Female,34400,Prepaid,0,170.54,2.88,240,29,1,No,5G,Xiaomi,Low (<10k),151.86,1,None,3,No,1,5,16.1,0.8,Yes,0,Debit Card,25-08-2019,No
CUST00770,solapur,26,Female,23400,Postpaid,41,186.26,2.33,306,27,2,No,3G,Apple,?,158.43,0,With Contract,4,No,4,4,4,2,No,1,UPI,09-11-2021,No
CUST00703,PUNE,32,Female,27200,Prepaid,2,426.5,,233,30,2,yes,4G,Xiaomi,Premium (>60k),488.44,2,No Contract,3,No,1,4,1,2.1,Yes,0,Net Banking,24-08-2021,No
CUST00801,THANE,,M,33400,Prepaid,24,377.9,8.24,707,28,2,Yes,4g,Xiaomi,High (25k-60k),,1,With Contract,3,No,3,1,5,0.4,Yes,0,UPI,16-01-2021,No
CUST00286,Mumbai,41,F,26800,prepaid,33,181.54,0.76,638,23,2,yes,4G,Realme,Mid (10k-25k),168.98,2,No Contract,2,No,0,4,2.1,6.3,Yes,2,UPI,08-03-2024,Yes
CUST00072,MUMBAI,,Male,123500,Prepaid,14,181.78,3.27,521,17,1,yes,4G,Apple,Mid (10k-25k),149.98,1,With Contract,1,No,2,2,9.3,1.3,Yes,0,Debit Card,04/23/2024,No
CUST00612,solapur,83,Male,28300,Postpaid,14,224.12,2.23,,23,2,NO,4G,Samsung,Mid (10k-25k),255.6,0,With Contract,3,No,1,,2,2.7,Yes,3,Wallet,23-07-2019,No
CUST00649,Aurangabad,28,Female,12600,Postpaid,5,111.28,3.78,405,27,3,Yes,4G,Realme,-,116.15,0,No Contract,4,No,1,1,1.3,1.2,No,2,Debit Card,02-08-2023,Yes
CUST00914, Pune,49,Male,43700,Postpaid,4,243,17.21,153,33,1,yes,4G,Realme,Mid (10k-25k),264.83,2,No Contract,2,Yes,1,5,1.1,1.7,Yes,1,UPI,06-04-2024,No
CUST01055,Akola,85,Male,28100,Prepaid,2,301.93,1.03,454,27,4,Yes,4G,OnePlus,High (25k-60k),304.49,0,No Contract,4,No,1,5,1.4,0.1,No,0,Cash,06-07-2021,Yes
CUST01051,amravati,47,Male,42100,prepaid,30,168.82,0.97,543,23,1,NO,4G,Vivo,Mid (10k-25k),179.8,1,No Contract,4,No,1,3,21.7,7.6,No,1,Cash,05-02-2022,No
CUST01016,navi mumbai,43,male,66200,Prepaid,2,205.09,7.54,459,31,0,N/A,4G,Xiaomi,Low (<10k),265.97,0,With Contract,1,No,3,3,0.6,0,Yes,3,Credit Card,04/16/2024,No
CUST00351,Nagpur city,47,Male,17700,Prepaid,41,280.88,16.72,249,28,2,yes,4g,Samsung,Low (<10k),351.51,0,No Contract,1,No,0,2,21.6,7.4,Yes,1,Net Banking,09-04-2019,No
CUST01401,Mumbai ,38,,8600,Prepaid,0,209.59,5.99,588,31,1,NO,4G,OnePlus,High (25k-60k),240.87,4,with contract,2,No,0,3,0.1,8.1,Yes,1,Credit Card,25-03-2020,No
CUST01361,navi mumbai,52,F,32800,Postpaid,11,117.03,1.75,725,20,0,N/A,4G,OnePlus,Low (<10k),115.38,0,No Contract,2,No,0,3,8.6,6,No,1,Net Banking,11-11-2022,Yes
CUST00112,MUMBAI,54,Female,16100,Prepaid,10,601.87,0.43,251,24,0,N/A,3G,Realme,Mid (10k-25k),570.15,0,With Contract,0,No,2,5,2.2,5,Yes,0,upi,03/31/2024,No
CUST01014,mumbai,42,Female,44900,prepaid,1,157.04,0.33,367,16,2,Yes,4G,Xiaomi,Low (<10k),141.06,1,No Contract,3,No,0,3,2.7,3,No,1,,13-06-2021,Yes
CUST00716,Navi Mumbai,35,Male,14400,Prepaid,10,271.6,7.73,551,22,4,NO,None,Xiaomi,Mid (10k-25k),350.64,2,No Contract,3,No,2,5,12.6,7,No,0,UPI,20-06-2022,No
CUST01062,Akola,61,Female,30900,Postpaid,8,188.44,4.09,31,25,1,Yes,4g,Xiaomi,Low (<10k),226.21,1,No Contract,2,Yes,0,3,3.5,2.7,No,1,Wallet,05/17/2019,No
CUST00117,Solapur,,female,29200,Prepaid,13,229.87,2.99,668,19,1,Yes,4G,Samsung,High (25k-60k),258.21,0,with contract,3,No,1,2,,11.4,No,2,Debit Card,17-05-2019,No
CUST00867,MUMBAI,57,Male,24200,Prepaid,0,195.03,7.12,325,27,1,No,3G,Samsung,Low (<10k),224.01,1,No Contract,4,No,1,3,2.6,2.9,No,0,Credit Card,30-09-2020,No
CUST00102,nashik,63,Male,37100,Prepaid,0,155.21,3.3,616,14,2,NO,5G,Xiaomi,Low (<10k),158.65,0,No Contract,3,No,1,2,,3.6,Yes,0,upi,11-01-2019,No
CUST00659,thane,35,Female,25300,Postpaid,9,75.78,12.08,603,23,1,yes,4g,Realme,High (25k-60k),92.28,2,No Contract,7,No,1,2,3.6,2,Yes,0,UPI,04-02-2023,No
CUST00986,Nagpur,78,,28900,Postpaid,2,115.4,2.99,186,31,1,NO,4G,Xiaomi,High (25k-60k),129.22,2,-,3,No,0,3,6.4,1.3,No,2,Debit Card,02-02-2019,Yes
CUST01048,Mumbai ,31,Female,10600,Postpaid,14,104.48,,642,25,2,Yes,4G,Realme,Low (<10k),106.62,0,No Contract,2,No,2,3,2.2,1.7,No,0,Credit Card,10-11-2020,No
CUST01191,Mumbai,34,Female,32000,POSTPAID,5,68.04,8.18,346,15,2,Yes,4G,Samsung,Low (<10k),57.61,0,No Contract,0,No,1,4,1.1,12.2,Yes,4,Wallet,12-06-2019,No
CUST00638,mumbai,37,M,60300,prepaid,22,492.82,0.37,325,29,0,N/A,4G,Samsung,Low (<10k),557.5,1,With Contract,3,No,2,5,13.8,2.1,Yes,0,Wallet,11-05-2020,No
CUST00607,Mumbai ,21,F,,Prepaid,50,211.83,16.15,614,28,0,N/A,4g,Apple,Mid (10k-25k),243.35,2,No Contract,0,No,0,2,3,20,No,0,UPI,04-04-2021,No
CUST00453,PUNE,36,Female,21400,Prepaid,20,140.43,0.2,,23,0,N/A,4g,Vivo,Low (<10k),163.6,0,No Contract,1,No,2,5,1,0.1,Yes,1,Credit Card,30-01-2021,No
CUST00733,THANE,69,Other,40900,Prepaid,1,150.31,0.55,,18,2,yes,4G,Xiaomi,Premium (>60k),130.53,1,No Contract,1,No,2,3,4.6,6.4,Yes,0,,11-07-2021,Yes
CUST00464,Nasik,40,Female,11700,Prepaid,10,252.93,10.71,123,16,1,yes,4G,Vivo,High (25k-60k),325.24,0,No Contract,2,No,0,4,0.8,1.1,No,1,UPI,20-04-2024,No
CUST01075,akola,51,Male,23800,Postpaid,8,103.14,6.32,605,34,2,Yes,4G,Samsung,Low (<10k),98.56,1,No Contract,0,No,2,4,,0.7,No,0,upi,11-07-2020,No
CUST01481,solapur,39,Female,21800,Prepaid,10,649.04,1.17,0,15,2,Yes,4G,Xiaomi,Mid (10k-25k),828.48,0,No Contract,2,No,0,4,2.3,17.2,No,0,UPI,10-12-2022,No
CUST00253,kolhapur,38,Male,11000,Prepaid,5,114.03,12.26,762,26,2,NO,4g,Vivo,Low (<10k),101.51,1,No Contract,2,No,1,5,2,0.8,Yes,3,Debit Card,11-03-2021,No
CUST01458,thane,53,F,54700,Prepaid,40,278.22,33.5,299,26,1,yes,4G,Realme,Mid (10k-25k),315.74,1,No Contract,1,Yes,0,4,4.5,4.2,Yes,4,UPI,25-05-2024,No
CUST01396,solapur,57,F,22100,Postpaid,25,420,5.93,463,23,2,No,4G,Realme,Mid (10k-25k),480.65,2,With Contract,1,No,2,4,3.7,1.5,Yes,2,upi,06-08-2020,No
CUST00128,Kolhapur,69,Female,,Prepaid,2,373.46,1.85,,33,0,N/A,4G,Samsung,Mid (10k-25k),337.47,0,No Contract,3,No,5,5,0.7,4.7,Yes,0,Wallet,10/31/2023,Yes
CUST00064, Pune,49,Male,28200,Prepaid,13,170.49,5.14,207,25,2,NO,5G,Samsung,Premium (>60k),156.32,0,With Contract,0,No,2,5,7.4,8.7,No,1,Credit Card,11/27/2021,No
CUST01027,Kolhapur,35,Male,16300,Prepaid,12,236.01,0.52,264,24,0,N/A,4G,Vivo,Low (<10k),234.35,1,With Contract,3,No,1,2,7.1,10.4,No,1,upi,08/16/2022,No
CUST01447,thane,50,Female,23500,Prepaid,7,494.25,4.69,173,14,0,N/A,2G,Samsung,Mid (10k-25k),556.49,1,No Contract,2,No,1,2,5.7,21.5,Yes,1,UPI,14-01-2021,No
CUST00059,mumbai,56,,17000,Prepaid,10,433.4,4.21,746,31,1,Yes,3G,Realme,High (25k-60k),510.27,1,With Contract,1,No,0,,7,0.7,No,2,Wallet,25-01-2024,No
CUST01302,navi mumbai,47,Other,25100,Postpaid,19,73.24,11.49,64,20,2,Yes,4g,Xiaomi,Low (<10k),83.73,0,No Contract,4,No,1,,14.1,6.5,No,0,Wallet,20-09-2021,No
CUST00349,Pune,60,F,12100,Prepaid,4,128.35,7.43,346,28,1,NO,4G,,Low (<10k),135.32,1,No Contract,0,No,1,,3.7,7.7,No,0,Net Banking,14-07-2019,Yes
CUST01138,Nagpur,47,M,13000,Prepaid,20,258.15,0.19,336,30,2,NO,4g,Xiaomi,Premium (>60k),256.81,5,With Contract,2,No,1,5,32.6,4.1,No,0,Cash,25-09-2022,No
CUST00468,kolhapur,55,Male,5900,Prepaid,11,53.44,2.12,632,37,1,NO,4G,Xiaomi,Mid (10k-25k),62.88,1,No Contract,1,No,0,3,6.7,4.6,Yes,3,Credit Card,03/30/2024,No
CUST01472,Thane,85,Male,45700,Postpaid,25,69.73,2.47,420,22,1,yes,4g,OnePlus,Low (<10k),64.35,2,None,2,No,3,1,1.6,0.8,Yes,0,Wallet,16-04-2022,No
CUST00968,PUNE,41,Male,10400,Prepaid,0,183.5,1.2,461,19,1,yes,4G,Oppo,Premium (>60k),221.21,0,No Contract,3,No,0,4,6,3.4,No,0,Debit Card,19-01-2020,Yes
CUST00096,Nagpur,58,Female,27700,Prepaid,14,91,9.39,715,29,2,NO,4G,Xiaomi,Premium (>60k),81.36,0,No Contract,3,No,0,2,8.9,2.7,No,1,Net Banking,27-07-2021,Yes
CUST00413,Navi Mumbai,39,female,74800,Prepaid,20,465.22,14.33,821,24,2,No,4g,Samsung,Mid (10k-25k),562.99,3,With Contract,2,No,2,4,21.8,25,Yes,1,Net Banking,19-03-2021,No
CUST00201,Thane,54,male,25300,prepaid,25,243.06,,182,25,0,N/A,4G,,Low (<10k),197.27,1,With Contract,0,No,2,4,7.8,7.9,Yes,1,Cash,12-01-2021,No
CUST00817,Nashik,68,Male,7100,Prepaid,59,270.16,12.32,739,25,0,N/A,4G,Vivo,Low (<10k),241.87,0,No Contract,2,No,2,4,2.8,6.8,Yes,2,Debit Card,25-06-2022,No
CUST00701,nagpur,36,female,33000,Prepaid,22,180.52,0.36,528,21,1,Yes,4G,Samsung,Low (<10k),228.99,2,No Contract,1,No,1,4,13.7,0.6,Yes,1,Cash,06-09-2022,No
CUST00674,nagpur,71,F,34200,Postpaid,21,181.79,8.98,350,23,2,yes,3G,Vivo,Mid (10k-25k),171.77,0,No Contract,2,No,2,3,13.1,1.3,No,1,UPI,12/21/2020,No
CUST00433,Nashik,56,Female,21500,Postpaid,14,284.9,1.24,388,19,3,Yes,4G,Vivo,Mid (10k-25k),352.53,1,No Contract,2,No,0,2,5.2,16.2,Yes,2,Net Banking,12-02-2021,No
CUST00384,Amravati,52,M,25500,Postpaid,6,134.95,1.16,188,30,2,Yes,2G,Apple,Low (<10k),152.65,0,No Contract,3,No,3,2,5.7,3.8,Yes,0,upi,02-04-2022,No
CUST00028,Nagpur,50,Male,70600,Prepaid,0,157.06,0.85,473,23,1,NO,4G,Samsung,Low (<10k),164.65,1,No Contract,0,No,0,3,21.8,5.6,Yes,3,Net Banking,24-07-2022,No
CUST00142,MUMBAI,46,F,20600,Postpaid,10,251.63,8.58,69,26,3,No,4G,Xiaomi,Mid (10k-25k),232.1,2,No Contract,3,No,0,4,0.4,0.1,Yes,0,UPI,22-10-2021,Yes
CUST00010,THANE,75,M,24100,Postpaid,11,169.8,10.56,358,21,1,Yes,3G,Xiaomi,Low (<10k),173.91,3,No Contract,5,No,3,3,14.6,2,Yes,1,Debit Card,11/13/2019,Yes
CUST00778,thane,53,Female,29900,Prepaid,6,167.84,5.14,517,25,1,NO,4g,OnePlus,High (25k-60k),168.7,2,No Contract,1,No,3,2,2.8,1.1,Yes,3,Credit Card,04-03-2021,No
CUST00397,kolhapur,52,Female,26000,Prepaid,3,203.56,1.71,104,18,0,N/A,5G,APPLE,Mid (10k-25k),239.39,0,No Contract,5,No,1,5,12.7,9.8,No,3,UPI,19-09-2023,No
CUST01404,THANE,42,Female,46200,prepaid,22,126.54,8.82,397,32,1,yes,4G,Apple,High (25k-60k),,1,With Contract,2,No,1,1,4.3,1.3,No,1,Net Banking,27-03-2020,No
CUST00653,Nasik,59,M,32800,Prepaid,12,264.58,5.01,164,25,2,NO,3G,Apple,Low (<10k),238.29,0,with contract,1,No,1,5,1.5,8.7,Yes,0,UPI,01-08-2021,No
CUST00650,Nagpur,36,F,24300,prepaid,8,80.86,2.24,,29,1,yes,3G,Xiaomi,Mid (10k-25k),84.69,1,With Contract,0,No,1,2,2,3,No,0,Wallet,04/30/2021,No
CUST00894,pune,85,Male,6700,Prepaid,10,685.94,6.88,673,34,0,N/A,4G,Xiaomi,Low (<10k),784.71,0,With Contract,5,No,2,3,0.7,5.5,Yes,0,,07-02-2021,No
CUST00882,thane,57,F,29600,Postpaid,5,62.5,2.32,598,34,2,No,5G,Realme,Low (<10k),51.09,4,No Contract,1,No,1,3,3.6,0.2,No,0,Cash,17-07-2023,Yes
CUST00685,navi mumbai,66,Female,20600,Prepaid,4,70.03,5.71,806,28,1,yes,4G,Samsung,High (25k-60k),79.58,0,No Contract,0,No,0,3,23.7,0.5,Yes,1,Debit Card,06/28/2019,No
CUST00194,Nashik,67,Male,23100,Prepaid,7,139.9,5.2,324,37,4,Yes,4G,Vivo,Mid (10k-25k),127.45,0,No Contract,1,No,0,3,1.9,13.6,No,0,Net Banking,10-02-2022,No
CUST00665,MUMBAI,58,Female,21900,Prepaid,29,43.76,2.76,225,30,3,NO,5G,Unknown,Mid (10k-25k),,3,No Contract,2,No,1,,0.3,5.7,Yes,0,UPI,04-04-2021,No
CUST00263,MUMBAI,64,Male,45000,Prepaid,49,305.93,0.1,80,37,2,Yes,4G,Vivo,Low (<10k),272.01,0,With Contract,0,No,1,5,2.7,1.7,No,1,Credit Card,25-06-2022,No
CUST00956, Pune,44,Male,29800,Postpaid,4,125.74,2.91,0,21,1,No,4G,Xiaomi,High (25k-60k),146.15,1,No Contract,2,No,2,5,4.2,1,Yes,1,Cash,06-07-2023,No
CUST01139,Nagpur,62,male,69900,POSTPAID,1,376.84,,531,28,1,Yes,4G,Apple,High (25k-60k),397.82,0,With Contract,2,No,2,4,6.9,4.9,Yes,2,Net Banking,31-08-2019,No
CUST00870,Navi Mumbai,45,,15700,Postpaid,17,52.74,0.2,333,18,1,No,4G,Unknown,Low (<10k),44.74,1,No Contract,7,No,2,3,,4.8,No,0,UPI,23-07-2019,No
CUST00622,Mumbai,72,Female,15500,POSTPAID,32,258.29,2.64,714,29,3,No,4G,samsung,Premium (>60k),220.46,1,With Contract,3,No,0,4,18.9,3,Yes,0,UPI,25-12-2021,No
CUST01277,MUMBAI,72,Male,108500,prepaid,22,157.36,12.52,0,29,1,yes,4g,OnePlus,High (25k-60k),167.27,1,With Contract,2,No,3,3,,0.4,No,0,Wallet,30-07-2021,No
CUST01074,Bombay,42,Female,15900,Prepaid,1,103.73,0.21,161,24,2,No,4G,Samsung,Low (<10k),87.82,1,With Contract,1,No,1,5,10.2,1.4,No,0,Cash,16-06-2021,Yes
CUST00839,nashik,78,Male,16500,Prepaid,39,115.37,5,311,30,2,yes,4G,Vivo,Low (<10k),149,1,No Contract,2,Yes,1,1,13.1,1.4,Yes,2,Net Banking,23-04-2021,No
CUST01241,Kolhapur,41,Male,,Prepaid,9,160.14,5.27,332,24,1,Yes,4G,Vivo,High (25k-60k),184.83,0,With Contract,5,Yes,1,3,7.7,5.5,No,2,Debit Card,28-08-2023,No
CUST00678, Pune,35,Female,23000,Postpaid,33,342.1,0.52,275,21,0,N/A,4G,Realme,Premium (>60k),417.91,0,With Contract,3,No,2,3,3.2,4,No,3,UPI,20-10-2023,No
CUST00993,Mumbai ,31,M,36400,Prepaid,7,470.84,9.62,630,25,0,N/A,4G,Oppo,Premium (>60k),542.76,1,No Contract,2,No,4,2,0,15.5,No,1,UPI,16-07-2022,Yes
CUST01390, Pune,59,F,20300,Postpaid,7,112.31,14.42,511,27,0,N/A,4G,Xiaomi,High (25k-60k),111.92,0,?,2,No,0,5,7,4.3,Yes,0,UPI,02-05-2019,No
CUST00018,Nagpur,52,F,27200,Postpaid,28,231.03,3.51,349,29,2,No,4G,Xiaomi,Low (<10k),228.51,1,With Contract,4,No,2,,35.8,4.2,No,2,Wallet,10-11-2022,No
CUST00766,Nagpur,39,Female,29200,Prepaid,7,372.94,1.44,179,20,0,N/A,4G,Oppo,Mid (10k-25k),437.87,2,With Contract,2,No,1,1,0.6,3.8,No,3,UPI,18-01-2021,Yes
CUST00187,Solapur,36,,20800,Prepaid,2,298.52,8.58,552,34,1,yes,5G,Vivo,Mid (10k-25k),317.53,0,No Contract,3,No,0,5,6.8,7.4,Yes,0,UPI,24-02-2019,No
CUST01388,Mumbai,38,Female,66200,Postpaid,5,730.15,6.91,410,26,0,N/A,2G,Apple,Low (<10k),650.15,0,With Contract,3,No,0,1,12.6,12.9,Yes,4,Credit Card,24-04-2020,Yes
CUST00705,Mumbai,83,M,9300,Prepaid,7,417.29,2.72,871,23,0,N/A,4G,Apple,Low (<10k),363.26,2,With Contract,2,No,4,4,0.2,19.7,No,0,Credit Card,09-03-2024,No
CUST00881,Mumbai ,25,F,57000,POSTPAID,28,77.3,14.78,309,21,0,N/A,5G,Xiaomi,Low (<10k),100.39,0,No Contract,2,No,1,4,33.2,16.4,No,0,Credit Card,28-03-2022,No
CUST00706,Akola,37,Other,33500,Prepaid,10,344.95,,603,17,1,No,5G,Xiaomi,Low (<10k),438.01,0,No Contract,2,Yes,0,,12.6,15.2,Yes,0,Net Banking,26-04-2020,No
CUST00207,mumbai,49,Female,18800,Prepaid,12,85.35,1.23,506,23,1,Yes,4g,Realme,Mid (10k-25k),102.26,1,With Contract,0,No,2,5,0,8.4,No,0,Credit Card,12-11-2021,No
CUST01199,aurangabad,48,M,17100,Prepaid,18,199.39,5.1,709,25,0,N/A,4G,Oppo,High (25k-60k),202.21,1,No Contract,2,No,0,4,8.8,8.8,Yes,2,Wallet,28-10-2022,No
CUST01358,pune,27,Male,12400,Postpaid,13,160.18,3.48,486,26,1,yes,3G,Samsung,null,180.19,0,With Contract,4,No,3,3,13.1,10.8,No,0,Credit Card,15-07-2021,No
CUST00119,null,62,,24100,Prepaid,10,163.96,9.11,262,32,0,N/A,4G,Apple,Low (<10k),149.75,0,No Contract,3,Yes,2,1,1,1.1,No,3,UPI,17-03-2020,No
CUST00599,mumbai,33,M,21900,Postpaid,5,229.36,2.73,462,20,0,N/A,N/A,Samsung,Mid (10k-25k),262.34,0,With Contract,4,No,0,1,2.4,10,No,4,Debit Card,02-01-2023,Yes
CUST00670, Pune,49,Male,84100,Postpaid,0,370.95,5.96,518,23,1,No,2G,Vivo,Low (<10k),454.6,0,No Contract,1,No,2,5,14.1,0.6,No,1,Debit Card,13-06-2022,No
CUST00596,Pune,72,M,41100,Postpaid,3,542.43,9.92,364,25,0,N/A,3G,Xiaomi,NA,532.79,1,No Contract,3,No,1,,2.6,3.2,No,1,Wallet,04-06-2023,Yes
CUST00295,mumbai,,Male,16900,prepaid,71,317.91,3.66,572,30,1,NO,4G,Samsung,Low (<10k),283.93,0,With Contract,5,No,2,2,13.4,1.2,No,3,UPI,17-07-2023,No
CUST01402,Mumbai,47.0 yrs,M,24900,Postpaid,8,197.01,8.68,518,29,2,No,3G,Samsung,Low (<10k),167.41,0,No Contract,0,No,1,5,23.6,2.2,Yes,1,upi,26-12-2023,No
CUST00370,Bombay,22,M,52600,Postpaid,10,387.62,1.31,149,19,1,No,4G,Xiaomi,Low (<10k),314.44,0,No Contract,2,No,1,4,7,1.7,Yes,4,Net Banking,03/13/2022,No
CUST01124,Solapur,51,Other,,Prepaid,8,312.64,15.8,597,30,0,N/A,3G,,Low (<10k),269.03,3,No Contract,0,No,0,2,1.3,6.3,No,0,Credit Card,03/26/2019,No
CUST01213,Bombay,37,Male,131000,Prepaid,21,77.77,0.27,751,15,0,N/A,2G,Xiaomi,Premium (>60k),77.02,0,With Contract,1,No,1,1,,1.5,Yes,0,Debit Card,19-11-2019,No
CUST00906,amravati,27,Female,,Prepaid,25,137.32,0.17,571,27,0,N/A,3G,OnePlus,Mid (10k-25k),112.36,0,With Contract,4,No,1,1,0.6,0.4,Yes,0,UPI,23-07-2023,No
CUST01327,Mumbai ,48,M,23200,Prepaid,14,227.02,4.24,191,22,1,NO,4G,Xiaomi,Mid (10k-25k),286.77,0,With Contract,2,Yes,3,3,2.2,11.9,Yes,3,UPI,10-11-2021,No
CUST01086,PUNE,40,Female,16900,Postpaid,8,131.55,1.19,441,33,1,NO,4G,OnePlus,Low (<10k),134.12,0,No Contract,5,No,1,5,1.1,4.9,Yes,0,UPI,05-11-2021,No
CUST01160,Bombay,39,Female,21700,prepaid,15,112.23,3.97,612,21,0,N/A,4g,Realme,Mid (10k-25k),128.13,1,With Contract,4,No,1,4,7.2,23.4,No,1,UPI,17-05-2022,No
CUST01128,PUNE,51,Female,24500,Prepaid,3,275.17,12.69,597,22,1,Yes,5G,Realme,High (25k-60k),281.82,0,With Contract,2,No,1,3,33.3,12.3,Yes,0,UPI,10-12-2020,No
CUST00448,Aurangabad,29,Male,34800,prepaid,0,220.97,1.26,633,29,1,Yes,4G,Realme,High (25k-60k),257.24,2,with contract,0,No,2,5,11.3,6,Yes,2,Debit Card,11-03-2022,No
CUST00024,pune,37,Male,12000,Postpaid,40,120.08,0.01,481,22,3,yes,4G,Xiaomi,Low (<10k),155.66,1,No Contract,3,No,1,4,7.6,4.7,No,0,UPI,07-09-2019,Yes
CUST00831,MUMBAI,35,Male,18400,Prepaid,25,166.6,12.91,407,22,2,Yes,4G,,High (25k-60k),195.02,0,No Contract,3,No,1,,2.1,2.4,No,1,Cash,05-03-2022,No
CUST00883,mumbai,55,Other,39600,prepaid,23,220.42,10.29,562,24,2,yes,5G,Realme,Low (<10k),269.11,0,With Contract,1,No,0,1,2,11.9,Yes,0,UPI,27-04-2019,No
CUST00814,navi mumbai,43,Female,15000,Prepaid,6,371.07,7.98,680,23,0,N/A,4G,Vivo,Mid (10k-25k),306.81,0,with contract,4,No,0,3,20.6,6.5,Yes,1,Cash,04-11-2022,No
CUST01049,N/A,34,Female,31500,Postpaid,22,284.34,7.68,430,26,1,No,4G,Xiaomi,Mid (10k-25k),362.95,0,No Contract,5,No,1,1,14.8,5.1,Yes,0,Debit Card,06/22/2024,Yes
CUST00846,Pune,31,Female,73400,Prepaid,15,90.74,2.04,611,24,1,No,5G,Xiaomi,Mid (10k-25k),77.33,0,With Contract,3,No,3,3,0.5,10.3,Yes,1,,04-04-2022,No
CUST00168,Mumbai ,62,male,19900,Postpaid,3,295.01,8.98,250,19,0,N/A,5G,Samsung,Low (<10k),276.28,1,No Contract,1,No,2,4,6.8,2.3,No,2,UPI,02-05-2020,No
CUST00288,Nagpur city,40,Female,30700,Prepaid,8,205.73,0.63,693,22,2,No,4g,Oppo,Low (<10k),180.66,0,No Contract,3,No,1,1,7.8,17.7,No,2,Credit Card,08-08-2023,No
CUST00644,Pune,24,Male,27700,Postpaid,54,181.11,1.03,457,26,2,yes,3G,Samsung,Premium (>60k),233.88,1,With Contract,0,No,2,4,11.6,9.5,Yes,0,UPI,08-08-2019,No
CUST00964, Pune,73,Female,19400,Prepaid,21,102.66,2.08,266,26,2,No,3G,Xiaomi,High (25k-60k),114.15,0,No Contract,1,No,1,3,0,1.9,Yes,1,UPI,30-01-2021,No
CUST00147,Nashik,58,Male,21600,prepaid,3,477.81,0.89,402,21,1,No,4G,OnePlus,Low (<10k),441.11,0,No Contract,4,No,1,2,2.1,3.1,No,1,Wallet,10-04-2020,Yes
CUST01467,sangli,34,M,57600,Postpaid,2,179.47,1.24,455,19,1,yes,3G,Oppo,High (25k-60k),182.05,0,No Contract,2,No,1,2,0.6,1.5,No,0,UPI,04/28/2021,No
CUST01197,Sangli,52,Female,18400,Prepaid,0,170.56,16.66,278,22,2,yes,3G,Apple,Mid (10k-25k),161.08,0,No Contract,2,No,2,5,0.9,0.3,Yes,2,Wallet,16-08-2019,No
CUST00173,Nagpur city,62,F,24200,Prepaid,7,193.22,51.26,102,22,1,NO,4G,Apple,Mid (10k-25k),236.63,1,No Contract,0,No,0,1,12,1.8,Yes,1,UPI,17-09-2019,No
CUST00326,thane,42,Female,11000,Prepaid,11,556.53,5.64,1058,27,2,NO,4G,Realme,Mid (10k-25k),447.36,1,With Contract,5,No,1,,2.2,13.4,No,0,Cash,03-06-2020,No
CUST01116,Nasik,42,Male,,Prepaid,0,111.74,0.66,458,21,1,No,4G,Xiaomi,Mid (10k-25k),140.66,2,No Contract,2,No,4,1,7.8,4.8,No,1,Net Banking,31-03-2024,Yes
CUST00014,Mumbai,41,Male,22900,Postpaid,25,159.95,3.99,495,22,2,NO,4G,Oppo,Mid (10k-25k),179.35,0,No Contract,3,No,2,4,4,18.9,No,3,Credit Card,15-12-2020,No
CUST00109,Bombay,65,Male,42100,Postpaid,2,280.84,3.61,874,35,2,NO,4G,Samsung,High (25k-60k),348.36,1,No Contract,2,No,2,3,17.4,1.4,Yes,1,Wallet,21-07-2023,Yes
CUST01409,Nashik,40,Male,7000,Prepaid,10,219.9,16.54,241,27,1,yes,5G,Apple,Low (<10k),269,2,No Contract,3,No,2,2,15.4,19.5,No,1,UPI,07/17/2022,No
CUST00972,?,63,male,,Prepaid,4,28.7,1.73,242,23,2,No,3G,Samsung,Low (<10k),26.59,0,No Contract,2,No,0,2,13.8,15.2,Yes,0,,09-01-2023,No
CUST00393,pune,47,M,28700,prepaid,13,61.7,23.22,17,25,3,yes,NA,Xiaomi,Mid (10k-25k),67.57,1,With Contract,2,Yes,2,3,3.9,1.4,No,0,Wallet,05-11-2020,No
CUST00475,nagpur,30,Male,55100,Prepaid,46,188.26,2.7,422,33,0,N/A,4G,Oppo,Mid (10k-25k),222.41,0,No Contract,3,No,1,1,2.1,4.6,Yes,0,UPI,07-05-2020,Yes
CUST00035,sangli,35,Female,30300,Prepaid,6,39.92,9.98,616,19,1,yes,4G,Vivo,Mid (10k-25k),40.78,3,No Contract,2,No,3,5,7.8,4.3,No,0,Debit Card,24-02-2019,No
CUST00880,Bombay,41,M,13900,Prepaid,1,379.52,5.3,912,22,1,No,4G,,Mid (10k-25k),420.43,1,No Contract,2,No,1,5,0.4,8.1,Yes,0,UPI,31-12-2022,No
CUST00099,Mumbai ,43,Male,17800,Prepaid,33,256.19,4.63,277,23,1,Yes,4G,Apple,Low (<10k),282.31,0,With Contract,3,Yes,0,2,1.5,0.9,No,1,Cash,10/29/2022,No
CUST00902,Mumbai ,52,Male,42700,Postpaid,2,171.33,,331,24,1,Yes,4G,Oppo,Premium (>60k),158.52,2,With Contract,4,Yes,4,4,1.6,0.8,Yes,2,Wallet,08-06-2021,Yes
CUST00371,Mumbai,69,F,19600,Prepaid,17,92.43,5.23,339,26,2,NO,4G,,Mid (10k-25k),79.69,2,No Contract,1,No,3,4,,0.3,No,4,Debit Card,07-06-2020,No
CUST00548,null,45,Female,5200,Prepaid,1,165.55,10.77,484,34,1,No,4G,,Mid (10k-25k),148.11,1,No Contract,2,No,2,2,2.5,3.5,No,0,Cash,05-11-2020,No
CUST01079,MUMBAI,46,Male,,prepaid,1,273.08,,446,32,1,No,4G,Xiaomi,Low (<10k),270.19,0,With Contract,2,Yes,1,2,4.8,3.5,No,0,Net Banking,26-12-2023,Yes
CUST01078,thane,31,Female,16300,prepaid,21,191.08,14.29,515,39,0,N/A,4G,samsung,Low (<10k),240.08,1,No Contract,0,No,3,5,4.3,5.3,No,0,Debit Card,11-04-2020,No
CUST01219,THANE,41,,,prepaid,2,73.66,26.2,276,18,0,N/A,4g,Vivo,High (25k-60k),74.33,0,No Contract,2,No,2,4,0.9,3.1,No,0,UPI,28-08-2020,No
CUST00800,Navi Mumbai,49,Male,18900,Postpaid,36,282.21,11.11,189,21,4,yes,3G,Samsung,Low (<10k),235.59,2,with contract,2,No,2,5,13.6,5.2,No,0,UPI,23-06-2019,No
CUST01134,MUMBAI,66,Male,12200,Prepaid,19,144.21,2.37,517,22,2,NO,4G,Samsung,Mid (10k-25k),146.09,2,With Contract,1,Yes,1,2,1.2,6.9,Yes,0,Cash,23-10-2022,No
CUST00709,Mumbai ,45,Male,26600,Prepaid,17,98.94,8.71,345,25,1,Yes,4g,APPLE,Low (<10k),94.01,1,No Contract,3,No,0,3,3.5,13.3,No,0,Net Banking,17-07-2022,No
CUST00652,Nagpur city,34,Male,,prepaid,13,50.15,2.67,503,36,1,Yes,4G,Samsung,Mid (10k-25k),58.33,0,With Contract,3,No,0,5,2.5,0.3,No,0,Debit Card,08-07-2020,No
CUST00180,MUMBAI,31,Female,,Prepaid,6,225.49,1.38,919,15,2,No,5G,Oppo,Mid (10k-25k),243.39,0,With Contract,1,No,1,3,0.7,10.7,No,4,UPI,25-02-2019,No
CUST00025, Pune,47,Female,42000,Postpaid,3,429.28,2.21,549,28,2,NO,4G,Realme,Mid (10k-25k),459.24,0,No Contract,0,No,4,4,17.8,2,No,0,UPI,05-05-2021,No
CUST00111, Pune,,F,,Postpaid,0,405.5,0.2,655,23,1,Yes,4G,,Mid (10k-25k),,2,With Contract,4,No,1,3,4.6,13.3,No,1,UPI,18-02-2020,Yes
CUST00016,Mumbai,74,Male,13700,Prepaid,3,350.46,1.64,170,21,0,N/A,4G,Vivo,Premium (>60k),338.07,2,With Contract,5,No,2,5,,7.5,No,2,Cash,29-03-2021,No
CUST01410,kolhapur,64,,32900,Prepaid,19,226.58,2.05,620,29,3,No,4G,Apple,High (25k-60k),278.78,1,No Contract,1,No,3,4,1.2,1.2,Yes,0,Net Banking,14-01-2020,No
CUST00888,Mumbai ,67,Female,29700,Prepaid,29,68.66,9.33,440,24,1,NO,5G,Apple,Low (<10k),72.25,0,-,0,No,0,,0.6,4.6,No,3,UPI,09/21/2022,No
CUST00451,aurangabad,33,Male,21000,Prepaid,37,137.59,9.63,738,30,1,NO,4G,Xiaomi,Low (<10k),126.58,0,No Contract,2,No,0,4,8.8,2.1,No,1,Credit Card,04-01-2019,Yes
CUST01462,thane,74,Male,13000,Prepaid,5,696.12,7.62,311,33,1,NO,4G,Xiaomi,null,684.59,1,No Contract,2,No,1,,8.9,2.7,Yes,0,UPI,14-03-2019,No
CUST00148,Nagpur city,59,F,30600,Prepaid,7,448.73,38.15,332,16,0,N/A,5G,Samsung,Mid (10k-25k),495.09,0,No Contract,4,No,7,4,2.5,4.4,Yes,3,Cash,05/24/2023,No
CUST00411,PUNE,66,Male,20600,prepaid,14,251.12,0.86,406,31,1,NO,?,Oppo,Mid (10k-25k),236.84,1,With Contract,2,No,1,2,4,6.2,No,1,Credit Card,22-07-2019,No
CUST00211,Nagpur city,37,Male,15100,Prepaid,1,248.68,4.21,,28,0,N/A,3G,Apple,Mid (10k-25k),,0,No Contract,1,No,2,5,17.4,0.6,No,0,Debit Card,29-05-2020,No
CUST00610,thane,34,female,47200,Postpaid,1,211.36,2.01,466,28,2,NO,2G,Xiaomi,Low (<10k),264.94,2,With Contract,2,Yes,2,5,3.6,17.3,Yes,0,Wallet,03/18/2023,Yes
CUST00994,Nasik,42,Female,15800,Prepaid,32,90.24,3.68,436,26,0,N/A,4G,Realme,Mid (10k-25k),90.73,1,With Contract,0,No,1,2,4.2,13,No,4,,06-08-2019,No
CUST00858,PUNE,41,Male,51500,Postpaid,2,115.65,1.74,152,31,2,NO,4G,Xiaomi,Low (<10k),149.46,1,with contract,4,No,1,2,15.2,6.6,Yes,0,UPI,19-06-2022,Yes
CUST00250,Kolhapur,54,Male,46500,Postpaid,26,405.77,3.54,223,25,1,No,4g,Realme,Mid (10k-25k),468.21,0,With Contract,4,No,4,,10.6,6.3,No,0,Credit Card,23-04-2019,No
CUST00489,navi mumbai,51,Female,24200,Prepaid,37,236.78,7.15,548,22,3,Yes,4G,Apple,Mid (10k-25k),205.02,2,No Contract,2,No,5,4,3.1,6.1,Yes,0,UPI,13-02-2022,No
CUST00904,nashik,84,Male,10700,prepaid,6,83.41,0.76,590,28,1,yes,2G,Xiaomi,Premium (>60k),87.3,1,-,1,No,0,4,27.2,15.3,No,1,UPI,07/30/2020,Yes
CUST01344,thane,59,male,24900,Prepaid,16,208.2,1.28,414,27,2,NO,4G,Vivo,Mid (10k-25k),,0,With Contract,1,No,1,4,12.7,16.8,Yes,3,Credit Card,12-11-2022,No
CUST00100,Mumbai ,44,F,18100,Prepaid,0,275.64,1.05,705,30,0,N/A,3G,Oppo,Low (<10k),265.64,2,No Contract,1,No,1,3,14.7,6,No,0,Credit Card,28-03-2022,No
CUST00005,mumbai,43,Female,44200,Prepaid,5,91.17,16.92,135,28,1,Yes,4G,samsung,Mid (10k-25k),85.21,1,No Contract,3,No,0,1,5.8,0.5,No,0,UPI,11-06-2023,Yes
CUST01090,Mumbai,43,M,11200,Prepaid,4,190.35,2.58,391,24,0,N/A,4g,Realme,Mid (10k-25k),171.88,3,No Contract,3,No,0,4,5.8,1.5,Yes,0,Net Banking,08-08-2022,No
CUST00047,Pune,,M,26600,Prepaid,35,215.39,9.6,646,27,0,N/A,4g,Oppo,Mid (10k-25k),229.84,0,No Contract,2,No,1,2,0.6,2.8,Yes,3,Wallet,06/15/2021,No
CUST00875,MUMBAI,75,Female,23400,Prepaid,5,94.56,,451,29,1,No,4G,Xiaomi,High (25k-60k),120.82,2,with contract,4,No,2,5,8.2,7,No,0,UPI,06-04-2022,No
CUST01225,pune,36,Female,18800,Prepaid,9,676.49,0.7,,22,1,yes,3G,Unknown,Mid (10k-25k),673.29,0,Unknown,2,No,0,4,8,0.4,Yes,0,Debit Card,08/31/2023,No
CUST00618,Mumbai,35,Female,26200,Postpaid,33,59.7,8.39,491,26,1,Yes,4G,Samsung,Low (<10k),48.52,2,with contract,3,No,1,4,10.2,3.7,No,2,UPI,10-12-2020,No
CUST00896,Mumbai ,54,Male,35100,Prepaid,72,420.49,0.52,76,23,0,N/A,4G,Apple,High (25k-60k),520.57,1,No Contract,0,No,1,5,2.2,0,No,2,UPI,07/17/2023,No
CUST00190,Mumbai,73,M,47800,Postpaid,52,90.18,8.79,697,25,0,N/A,4G,Samsung,Mid (10k-25k),89.88,0,With Contract,1,No,1,3,15.3,3.8,No,0,UPI,03-08-2019,No
CUST00242,Navi Mumbai,39,M,40000,Prepaid,75,56.1,3.22,366,24,1,No,5G,Samsung,High (25k-60k),58.67,0,No Contract,1,No,1,4,8,4.1,Yes,0,UPI,01-10-2021,No
CUST01251,Solapur,45,Female,23300,Postpaid,3,184.41,5.02,,23,1,NO,Unknown,OnePlus,Low (<10k),208.7,0,With Contract,1,No,3,,5.6,17.8,No,1,,23-02-2019,No
CUST00838,pune,53,Male,33800,Prepaid,1,161.62,0.16,523,31,2,yes,5G,Vivo,High (25k-60k),207.14,0,No Contract,3,No,3,,4,2.3,No,0,Debit Card,15-11-2022,Yes
CUST00973,THANE,44,Other,30300,Prepaid,57,144.32,2.78,467,28,1,Yes,5G,Vivo,Mid (10k-25k),131.59,0,With Contract,2,No,2,3,1.4,2,No,1,UPI,11/14/2020,No
CUST00505,THANE,52,Male,21600,Postpaid,55,104.58,1.56,57,24,2,yes,4G,Apple,Low (<10k),104.72,0,With Contract,4,No,1,,10.1,3.7,No,2,Wallet,12-08-2020,No
CUST01343,Kolhapur,60,Other,19700,Prepaid,0,101.69,,538,17,0,N/A,4G,OnePlus,High (25k-60k),,0,No Contract,0,No,1,5,34,1,No,2,,12-05-2020,No
CUST00264,nagpur,44,Female,37500,Prepaid,29,147.39,0.99,614,24,0,N/A,4G,OnePlus,Mid (10k-25k),178.27,2,No Contract,1,No,3,3,,4.8,No,0,Credit Card,26-04-2023,No
CUST00452,Nagpur,,Male,49700,Prepaid,1,214.62,1.9,,20,3,NO,4G,samsung,High (25k-60k),245.94,1,With Contract,0,No,2,5,1.5,5.1,No,3,Wallet,06-07-2019,No
CUST01254,Mumbai ,64,Male,35000,Prepaid,1,292.99,4.47,634,23,2,NO,4G,Realme,Mid (10k-25k),275.53,0,No Contract,2,No,1,5,4.4,6.5,Yes,1,Debit Card,10-09-2019,No
CUST00511,Nashik,68,Male,15000,Postpaid,22,278.28,11.4,601,31,2,yes,4G,Apple,High (25k-60k),332.93,1,No Contract,2,No,2,3,25.6,5.7,No,0,Debit Card,30-04-2019,No
CUST00314,Sangli,48,Male,54000,Prepaid,5,143.12,8.18,827,23,0,N/A,4g,OnePlus,Premium (>60k),,0,No Contract,3,No,0,3,10.8,12.2,No,0,UPI,12-02-2020,Yes
CUST00114,Solapur,49,Male,19600,Prepaid,36,132.73,4.71,608,28,0,N/A,4G,Xiaomi,Mid (10k-25k),107.62,1,No Contract,2,No,1,1,24.7,7.8,Yes,1,UPI,03-06-2023,No
CUST01247,Mumbai,42,Female,14400,Postpaid,79,188.9,2.68,447,20,1,No,4G,Xiaomi,Mid (10k-25k),240.53,1,No Contract,0,No,2,2,38.4,2.6,No,1,upi,07-10-2019,No
CUST00052,Chhatrapati Sambhajinagar,52,Female,Rs.17600.0,Prepaid,3,201.33,3.06,649,19,0,N/A,4g,Samsung,Premium (>60k),232.77,0,No Contract,1,No,4,2,1.2,4.1,No,0,UPI,28-05-2019,No
CUST00541,navi mumbai,57,F,84100,Prepaid,13,426.46,3.81,134,22,1,yes,4G,Vivo,Low (<10k),422.65,1,No Contract,6,No,3,4,2.1,5.6,Yes,0,UPI,26-09-2020,No
CUST00229,amravati,62,F,,Prepaid,40,205.46,2.18,590,25,1,No,4g,Xiaomi,Low (<10k),243.33,0,No Contract,2,No,3,3,2.8,20.9,Yes,4,Wallet,08/23/2022,No
CUST00946,MUMBAI,60,Male,19100,Prepaid,18,227.81,6.59,391,15,0,N/A,4G,,Premium (>60k),275.91,0,With Contract,0,No,2,4,1.4,0.3,No,0,Net Banking,08-09-2022,No
CUST00345,PUNE,63,male,44600,Prepaid,5,278.29,7.46,,18,0,N/A,4G,Xiaomi,Mid (10k-25k),316.74,1,No Contract,2,No,1,5,5.8,3.6,No,0,Credit Card,17-01-2023,No
CUST01448,Kolhapur,39,Female,11600,Prepaid,54,220.52,3.48,331,29,2,No,4G,Samsung,High (25k-60k),193.29,1,No Contract,2,No,0,2,0.8,4.4,No,0,Net Banking,15-10-2022,No
CUST01479,Solapur,60,Female,5300,Prepaid,52,156.24,1.43,803,24,0,N/A,4G,,Low (<10k),,2,With Contract,1,No,1,2,3.3,0.2,No,0,Debit Card,02/25/2024,No
CUST00309,Solapur,59,Male,8100,POSTPAID,1,142.84,0.44,269,15,1,NO,5G,Samsung,Low (<10k),172.16,0,No Contract,2,No,2,2,2.7,5.3,No,2,upi,15-09-2023,No
CUST00922,Nagpur,47,Male,95100,Postpaid,18,118.84,8.04,221,17,0,N/A,3G,Oppo,Mid (10k-25k),106.7,0,With Contract,0,No,1,2,2.2,5,No,1,UPI,30-12-2021,Yes
CUST01094,Nagpur,69,Female,,Prepaid,15,516.08,4.16,293,16,6,No,4G,Apple,Low (<10k),668.55,1,with contract,0,No,2,4,0.8,11.3,No,3,UPI,14-02-2024,No
CUST01433,nagpur,78,Male,29100,Prepaid,4,220.84,0.99,571,29,1,yes,None,Oppo,Mid (10k-25k),272.2,0,With Contract,2,No,1,,9.2,23.4,No,2,Debit Card,11-07-2019,Yes
CUST01331,Nagpur city,49,Female,23000,Prepaid,20,138.06,14.35,132,33,0,N/A,3G,Apple,High (25k-60k),124.45,0,With Contract,0,No,5,1,5.5,3.8,Yes,0,UPI,08-05-2024,No
CUST00790,Navi Mumbai,27,Male,60900,Prepaid,16,166.84,3.03,445,29,0,N/A,3G,Vivo,Mid (10k-25k),195.65,1,No Contract,0,No,1,5,7.5,8.3,Yes,3,UPI,23-09-2019,No
CUST00165,Mumbai,37,female,112300,Prepaid,56,136.86,12.6,580,19,1,NO,5G,Vivo,Mid (10k-25k),120.35,3,No Contract,0,No,2,2,1.4,3.1,Yes,4,Credit Card,12-10-2021,No
CUST01071,Pune,54,Female,50200,prepaid,1,99.63,12.45,468,24,3,NO,5G,Realme,High (25k-60k),107.44,0,No Contract,1,No,2,4,23.9,24.9,No,2,Debit Card,05-02-2021,Yes
CUST01072,Mumbai ,68,Other,12600,Prepaid,48,137.89,,370,19,0,N/A,4G,Realme,Mid (10k-25k),159.23,0,No Contract,2,No,0,4,8,5.5,No,2,UPI,19-11-2021,No
CUST00208,THANE,39,Male,10600,Prepaid,0,274.7,1.49,766,18,1,Yes,5G,Oppo,Low (<10k),,1,No Contract,1,No,1,3,3.3,12.1,Yes,1,UPI,17-08-2022,No
CUST00565,Pune,81,Male,34600,Postpaid,12,84.77,0.88,861,19,1,yes,4G,Realme,null,94,0,With Contract,1,No,1,4,1.7,5.8,No,3,Wallet,16-12-2020,Yes
CUST00359,navi mumbai,28,F,8600,Postpaid,9,253.73,1.71,328,33,0,N/A,4G,Samsung,Low (<10k),312.14,0,With Contract,3,No,2,4,7.2,7.9,No,2,UPI,30-06-2022,No
CUST00789,pune,,Female,29600,Prepaid,14,109.36,1.4,683,21,3,No,4G,Oppo,Low (<10k),122.49,0,No Contract,5,No,0,4,0.2,20.1,No,0,UPI,03-05-2021,No
CUST01141,solapur,63,Male,48000,Prepaid,4,187.69,1.74,535,29,2,Yes,4G,Xiaomi,High (25k-60k),200.41,1,With Contract,2,No,1,2,2.9,3.3,No,1,Cash,04-06-2020,Yes
CUST00985,THANE,39,Female,22200,Prepaid,30,292.49,1.75,496,23,1,Yes,4G,samsung,Premium (>60k),292.68,0,No Contract,0,No,0,4,4.8,6.1,Yes,1,Credit Card,11-07-2021,No
CUST00341,nagpur,54,Male,18900,Postpaid,35,128.93,1.88,364,24,0,N/A,4G,Apple,N/A,125.24,1,with contract,3,Yes,1,4,4.6,7,No,3,Debit Card,13-01-2019,Yes
CUST00021,Nasik,45,Male,22400,prepaid,26,53.58,0.1,412,13,2,NO,4G,Vivo,Mid (10k-25k),45.33,1,With Contract,4,No,2,1,12.7,1.6,Yes,3,Debit Card,07-06-2023,No
CUST01024,sangli,21,Male,112700,Postpaid,2,160.43,12.15,508,28,0,N/A,3G,Vivo,Premium (>60k),140.5,0,No Contract,1,No,2,4,2.4,0.9,Yes,1,Credit Card,09-12-2023,No
CUST00798,Nagpur city,58,Male,64000,Prepaid,4,177.62,2.06,370,21,1,yes,3G,Vivo,Low (<10k),193.44,0,With Contract,2,No,0,3,13,6.6,No,0,Cash,25-02-2020,No
CUST01431,PUNE,72,Female,27500,Prepaid,11,52.17,0.52,752,33,1,NO,4G,Samsung,Premium (>60k),58.84,2,N/A,0,No,1,5,5.1,4.1,Yes,3,Debit Card,29-07-2021,No
CUST00379,solapur,49,Male,19100,Prepaid,34,136.06,2.37,630,26,5,yes,4G,Samsung,Low (<10k),123.11,0,With Contract,1,No,2,2,4.9,7.2,No,0,UPI,11/29/2019,No
CUST00276,nagpur,52,Male,23000,Prepaid,12,163.73,0.17,547,23,2,Yes,4G,Xiaomi,Mid (10k-25k),169.54,0,with contract,2,No,3,3,0.4,1.3,No,0,Cash,08-06-2022,No
CUST00931,mumbai,61,Female,48300,Prepaid,4,422.87,3,417,23,1,No,4G,Vivo,Low (<10k),489.16,0,With Contract,3,No,3,,6.9,8.7,No,0,Wallet,07-05-2021,Yes
CUST00752,NaviMumbai,26,Other,,Prepaid,63,93.04,9.92,352,33,1,Yes,4G,Vivo,Low (<10k),120.77,0,No Contract,0,No,2,4,9,1.9,No,0,UPI,24-11-2022,No
CUST00347,nashik,57,Male,60500,Prepaid,28,143.36,7.2,277,34,0,N/A,4G,Realme,Mid (10k-25k),156.6,1,With Contract,1,No,3,5,5.9,4.6,No,1,UPI,15-06-2022,No
CUST00027,MUMBAI,52,Male,27400,Postpaid,2,188.29,3,489,17,4,NO,4G,Oppo,High (25k-60k),151.3,1,With Contract,1,No,3,,16.7,2.7,Yes,1,UPI,21-12-2022,Yes
CUST00748,Nagpur city,53,F,86300,POSTPAID,12,486.82,6.67,753,22,0,N/A,4G,Samsung,Premium (>60k),632.79,3,With Contract,2,No,1,5,,10.1,No,1,Credit Card,16-12-2019,No
CUST01242,Chhatrapati Sambhajinagar,62,,30100,POSTPAID,3,124.25,2.97,347,28,1,NO,2G,Samsung,Mid (10k-25k),144.97,1,With Contract,4,No,1,4,6,3,No,0,UPI,01-01-2019,No
CUST01425,Akola,42,Male,13000,Prepaid,2,7.75,2.36,526,34,2,NO,5G,Apple,Low (<10k),7.91,2,No Contract,4,Yes,0,5,5,18.9,No,1,UPI,09-02-2021,No
CUST00913,nashik,54,Female,17500,Prepaid,20,327.92,0.49,787,16,1,NO,4G,Realme,High (25k-60k),284.55,0,No Contract,1,No,2,,24,1.2,Yes,0,Credit Card,11-02-2021,No
CUST00708,Solapur,40,F,30400,Prepaid,12,105.36,11.16,484,21,1,NO,4G,Samsung,Mid (10k-25k),86.65,3,With Contract,1,No,0,4,4.3,13.8,Yes,1,UPI,16-12-2023,No
CUST00682,MUMBAI,33,Male,75600,Postpaid,6,383.84,1.21,591,26,1,No,4G,Unknown,Low (<10k),406.89,0,No Contract,3,No,1,4,24,4,Yes,3,UPI,18-03-2020,No
CUST00737,PUNE,85,F,35300,Prepaid,42,213.77,1.84,461,22,0,N/A,4G,Oppo,High (25k-60k),230.03,0,No Contract,1,No,0,,0.1,6.6,No,0,Wallet,11-10-2019,No
CUST01123,kolhapur,85,Female,12700,Postpaid,35,229.78,13.24,649,30,2,No,4G,Vivo,Low (<10k),284.93,0,With Contract,2,No,2,5,10.8,2.3,No,1,Cash,08-06-2022,No
CUST00811,Akola,50,Female,31100,prepaid,2,133.12,6.85,545,20,0,N/A,4G,Xiaomi,High (25k-60k),167.91,2,No Contract,3,No,2,5,13.3,0.6,Yes,0,Net Banking,07-05-2021,No
CUST00362,THANE,83,Female,21200,Postpaid,11,153.49,2.43,186,24,2,Yes,3G,Apple,Premium (>60k),152.99,0,No Contract,3,No,5,2,9,7.8,Yes,3,Cash,11-07-2019,No
CUST00573, Pune,51,Male,50200,Postpaid,27,511.53,1.24,42,29,0,N/A,4g,,N/A,497.38,0,No Contract,2,No,3,4,3.5,1.5,No,0,Debit Card,25-02-2019,No
CUST00129,Mumbai,33,Male,17000,Prepaid,11,71.58,16.47,404,26,0,N/A,4G,Xiaomi,Low (<10k),71.99,0,No Contract,2,No,1,3,5.5,3.6,No,0,Credit Card,24-08-2022,No
CUST01198,sangli,,Male,27800,Prepaid,53,65.93,0.05,333,24,1,No,2G,Apple,Low (<10k),81.87,0,No Contract,1,No,3,,7.6,3.8,No,4,Credit Card,15-04-2023,No
CUST00961,mumbai,62,female,13800,Prepaid,11,104.2,0.75,599,39,1,yes,4G,Vivo,Mid (10k-25k),135.39,2,With Contract,2,No,0,5,1.9,5.1,No,1,Wallet,27-09-2019,No
CUST01465,-,72,F,51000,Prepaid,14,756.7,15.42,,24,2,No,4G,Samsung,Mid (10k-25k),843.47,1,No Contract,0,No,0,3,19.1,13.3,Yes,1,Wallet,18-05-2021,No
CUST00886,Mumbai ,41,Female,,Postpaid,3,148.04,8.56,525,18,0,N/A,4G,Oppo,Mid (10k-25k),146.02,2,With Contract,1,No,2,2,2.1,5.5,No,0,,27-10-2023,No
CUST01070,pune,48,male,17400,Prepaid,14,65.98,15.57,60,25,1,No,4G,Oppo,Low (<10k),60.67,1,No Contract,3,No,1,3,4.1,4.8,No,2,Credit Card,23-01-2019,No
CUST00504,solapur,84,Male,23900,Prepaid,5,230.17,3.91,334,23,2,Yes,4G,Realme,Low (<10k),289.07,0,With Contract,1,No,1,3,5.2,0.3,Yes,1,Net Banking,11-11-2021,No
CUST01451,Nagpur city,52,F,28700,Prepaid,40,118.45,7.04,463,37,3,NO,4G,Vivo,Low (<10k),130.42,0,With Contract,2,No,1,5,6.1,4.6,Yes,1,UPI,28-07-2020,No
CUST00152,MUMBAI,73,Male,26200,Prepaid,4,45.13,2.15,341,25,3,NO,4G,Apple,Low (<10k),44.41,0,No Contract,7,No,2,4,16,3.7,No,2,Credit Card,31-03-2021,Yes
CUST01009,None,53,F,12000,Postpaid,39,320.37,0.91,747,21,2,yes,4G,Vivo,Premium (>60k),346.31,1,No Contract,3,No,2,5,2.7,2.7,No,3,Credit Card,05/17/2019,No
CUST00996,Mumbai ,50,Female,28000,Prepaid,51,214.62,10,546,30,1,Yes,4G,Xiaomi,Mid (10k-25k),185.79,0,No Contract,2,No,0,5,9.9,8.8,Yes,0,,09/27/2019,No
CUST00279,THANE,41,Male,24000,prepaid,22,92.02,0.27,266,15,3,No,4G,Xiaomi,-,102.55,1,No Contract,2,No,1,5,8.9,3.1,No,0,UPI,24-04-2024,No
CUST00983,MUMBAI,53,male,120000,Prepaid,27,170.51,0.63,681,25,0,N/A,4G,Apple,Mid (10k-25k),184.78,0,No Contract,3,No,0,5,39.6,3.5,No,0,Cash,25-01-2023,No
CUST00923,amravati,41,M,27500,Prepaid,8,441.62,3.08,297,25,3,No,2G,Xiaomi,Low (<10k),373.84,2,With Contract,2,No,4,3,5.8,15,Yes,0,UPI,01-11-2020,No
CUST00919,aurangabad,58,Male,20600,Prepaid,8,119.5,0.12,378,20,2,No,4G,Realme,Low (<10k),125.44,0,With Contract,3,No,3,4,3,6.4,Yes,0,,02-06-2020,No
CUST00518,Solapur,45,F,50500,Prepaid,4,73.38,10.93,201,22,0,N/A,4G,Samsung,Mid (10k-25k),86.24,2,No Contract,3,No,2,3,0.8,9.2,No,0,Debit Card,20-06-2019,No
CUST00408,mumbai,51,Male,77700,Postpaid,27,180.34,3.08,469,26,0,N/A,4G,Realme,Premium (>60k),188.11,0,No Contract,3,No,4,4,25,15.6,Yes,0,Wallet,02-04-2021,No
CUST00952,thane,31,male,32300,Prepaid,22,229.33,0.23,541,22,3,No,5G,Samsung,Mid (10k-25k),293.97,1,No Contract,2,No,3,4,1.6,4.2,Yes,1,Cash,05-12-2021,No
CUST00598,Mumbai ,63,Female,14700,Postpaid,2,203.71,3.35,437,27,2,No,4G,Apple,Mid (10k-25k),225.26,3,With Contract,3,No,1,3,10.8,2.5,No,1,UPI,01-12-2019,Yes
CUST00398, Pune,59,Male,54700,Prepaid,4,269.33,2.86,295,27,1,NO,4G,Xiaomi,High (25k-60k),303.96,1,with contract,1,No,1,2,12.4,6.7,No,2,Cash,19-04-2020,Yes
CUST00657,Pune,72,Male,21200,Postpaid,3,102.21,1.3,536,32,2,yes,4G,Xiaomi,Mid (10k-25k),120.82,1,No Contract,2,No,4,2,4.5,7.6,No,2,UPI,31-10-2020,Yes
CUST00884,Bombay,56,Female,28300,Prepaid,1,161.69,0.06,528,24,2,NO,5G,Samsung,Low (<10k),148.39,0,With Contract,0,No,0,,5.4,9.4,Yes,0,Debit Card,04/14/2020,No
CUST00502,Nagpur,49,Male,73300,Prepaid,6,71.76,2.99,522,34,1,yes,4G,OnePlus,High (25k-60k),89.79,0,No Contract,5,No,0,2,3.1,1.9,No,0,UPI,05/24/2023,No
CUST00531,solapur,36,Male,26900,prepaid,7,141.96,22.44,445,20,2,NO,2G,Samsung,High (25k-60k),130,0,No Contract,2,No,2,5,15.7,16.5,No,3,,01/27/2022,No
CUST00907,Solapur,60,Male,18800,Prepaid,64,24.06,1.42,409,27,1,NO,3G,Vivo,Low (<10k),25.22,0,No Contract,5,No,0,3,2.5,3.6,No,0,Net Banking,04-11-2021,No
CUST00745,mumbai,66,F,24800,Prepaid,15,100.13,0.3,309,32,2,No,4g,Oppo,Mid (10k-25k),106.34,1,With Contract,1,No,1,,5.2,1.6,No,1,UPI,01-06-2022,No
CUST01017,MUMBAI,48,Male,28100,Prepaid,21,112.37,2.8,706,23,1,No,4G,Samsung,Low (<10k),110.42,0,No Contract,1,No,6,,3.3,8.2,No,2,Credit Card,26-06-2023,No
CUST01372,Mumbai ,53,male,25400,Prepaid,0,329.1,6.29,371,18,2,Yes,4G,Oppo,Premium (>60k),411.49,1,No Contract,4,No,3,4,1,3.4,Yes,3,Cash,26-10-2023,No
CUST01276,Mumbai,45,Female,Rs.41300.0,Prepaid,17,299.56,12.5,276,21,0,N/A,4G,Oppo,Low (<10k),294.32,2,No Contract,3,No,2,4,10.1,13,No,1,Credit Card,02-08-2020,No
CUST00756,Solapur,30,Female,25200,Prepaid,4,133.66,0.39,513,22,0,N/A,3G,Apple,Mid (10k-25k),148.68,2,No Contract,2,No,1,4,,12,No,1,Debit Card,10/13/2021,No
CUST01050,mumbai,74,Male,26300,Prepaid,2,148.73,8.91,434,31,1,yes,2G,Realme,Low (<10k),153.09,0,With Contract,4,Yes,1,4,2.8,1.5,Yes,3,Cash,11/24/2023,Yes
CUST00331,PUNE,50,female,12800,Postpaid,15,647.41,11.71,581,31,3,No,4G,Vivo,Mid (10k-25k),714.54,1,No Contract,4,No,0,4,7.3,12.1,No,1,Cash,07/31/2023,No
CUST00879,Mumbai ,39,Female,39600,Postpaid,10,74.37,2.18,359,36,4,NO,4G,OnePlus,Low (<10k),63.28,0,No Contract,3,No,1,3,1.7,12.3,No,2,UPI,13-12-2020,Yes
CUST00171,thane,58,Female,28700,Postpaid,54,103.69,3.18,318,28,0,N/A,4g,Samsung,Low (<10k),86.39,1,No Contract,3,No,1,4,4.7,7.8,No,2,Cash,04-07-2019,No
CUST01453,kolhapur,53,M,47800,prepaid,5,197.89,2.48,381,23,1,yes,3G,Apple,High (25k-60k),231.3,0,No Contract,2,No,1,4,6.9,3.2,Yes,0,UPI,04-12-2021,Yes
,,,,,,,,,,,,,,,,,,,,,,,,,,,,,
CUST01355,nagpur,53,Male,15700,Prepaid,32,169.3,5,470,26,1,yes,4G,OnePlus,High (25k-60k),143.57,0,With Contract,4,No,1,2,4.8,3.9,No,0,Net Banking,11-05-2021,Yes
CUST00729,Mumbai ,65,Male,30400,Prepaid,7,143.77,9.58,466,25,1,Yes,4G,Vivo,Premium (>60k),176.93,1,No Contract,1,Yes,1,4,0.1,4.5,Yes,1,Cash,25-04-2022,No
CUST00265,amravati,76,Male,23100,Prepaid,18,51.26,0.58,,28,2,No,4G,Samsung,High (25k-60k),53.87,0,No Contract,0,No,0,3,0.4,2.1,Yes,0,Credit Card,09/24/2021,No
CUST00507,Navi Mumbai,63,Female,91300,Postpaid,22,300.86,6.37,256,16,2,No,4G,Oppo,Mid (10k-25k),304.5,0,With Contract,3,No,1,1,0.7,5.1,Yes,2,Cash,02/17/2023,No
CUST00799,THANE,43,Male,12900,Prepaid,18,546.9,,147,24,1,Yes,3G,OnePlus,Mid (10k-25k),538.22,0,With Contract,1,No,2,4,5.2,8.7,Yes,0,Credit Card,07-12-2023,No
CUST01427,Mumbai ,42,M,16200,Postpaid,3,243.03,0.28,414,25,1,No,4G,,Mid (10k-25k),232.72,0,No Contract,6,No,2,4,44.4,8.7,Yes,4,UPI,26-11-2021,No
CUST00718,sangli,43,Male,22100,Prepaid,26,133.92,0.54,484,17,0,N/A,4G,Unknown,Premium (>60k),151.28,0,No Contract,2,No,5,5,6.1,2.1,No,2,Debit Card,05/18/2019,No
CUST00427,Pune,28,Female,32100,Prepaid,28,482.76,0.04,,31,3,NO,4G,Realme,Mid (10k-25k),503.46,0,With Contract,3,No,4,4,2.5,0.2,No,0,Debit Card,26-10-2023,No
CUST00698,Nashik,50,F,,Prepaid,10,196.33,9.96,530,26,1,NO,4G,Vivo,High (25k-60k),170.98,0,With Contract,1,Yes,2,4,22.4,0.1,Yes,0,Debit Card,04-10-2022,No
CUST01166,solapur,53,Male,69500,Prepaid,19,647.23,1.85,830,25,1,Yes,4G,Xiaomi,High (25k-60k),726.17,1,No Contract,4,No,1,4,7.3,17.7,Yes,0,Credit Card,11-06-2023,No
CUST00747,pune,47,Male,25200,Postpaid,24,19.8,8.22,266,28,3,No,4G,,Mid (10k-25k),24.14,0,with contract,2,No,1,4,0.4,12.2,Yes,0,Credit Card,26-03-2019,No
CUST01028,Kolhapur,50,male,52000,Prepaid,61,200.87,1.92,489,29,2,yes,3G,Xiaomi,High (25k-60k),214,1,No Contract,3,No,2,4,7.5,5.3,No,0,upi,05-06-2019,No
,,,,,,,,,,,,,,,,,,,,,,,,,,,,,
CUST01040,PUNE,53,M,,prepaid,39,130.55,4.1,845,22,0,N/A,4G,Apple,Low (<10k),147.02,0,With Contract,4,No,1,4,9.3,3.5,No,3,Cash,30-03-2022,No
CUST00214,Mumbai ,76,Female,11100,Prepaid,0,375.53,1.13,233,18,2,No,4G,Vivo,Low (<10k),453.53,0,No Contract,0,Yes,1,4,9.7,8.3,No,3,Cash,08-03-2023,No
CUST00818,pune,,Female,19700,POSTPAID,19,189.72,2.22,566,31,1,NO,3G,Apple,Low (<10k),181.81,0,No Contract,2,No,2,4,2.9,3.6,Yes,0,UPI,02/23/2024,No
CUST01158,amravati,59,F,20200,POSTPAID,3,91.46,9.97,408,22,3,NO,4G,Samsung,Mid (10k-25k),92.11,0,No Contract,2,No,1,4,11.5,13.1,Yes,1,Debit Card,10-05-2024,No
CUST01480,pune,33,female,33000,Prepaid,7,428.58,4.56,399,24,2,NO,3G,Oppo,Low (<10k),494.16,1,No Contract,0,No,0,5,3.4,0.7,Yes,4,Debit Card,26-05-2019,No
CUST00325,NaviMumbai,65,Female,24000,Prepaid,17,163.76,,333,18,2,No,4G,Oppo,?,203.77,1,No Contract,2,No,1,5,3.8,3.4,No,1,Cash,26-04-2021,No
CUST00327,Nagpur city,58,Male,61000,Prepaid,0,399.06,1.27,256,31,0,N/A,4g,samsung,Mid (10k-25k),473.62,0,No Contract,1,No,1,4,0.1,5.2,No,0,UPI,12-02-2022,No
CUST00684,Thane,43,Male,18700,Prepaid,0,289.01,1.43,575,19,2,No,4g,Samsung,Low (<10k),261.96,0,No Contract,3,No,0,4,6.8,2.8,No,4,Cash,25-01-2021,No
CUST00200,Aurangabad,32,Female,44500,Postpaid,18,118.8,0.32,255,30,4,NO,4G,Samsung,High (25k-60k),100.68,0,With Contract,1,No,1,3,2.8,1.7,Yes,0,Net Banking,05-10-2021,No
CUST00666,Mumbai,50,female,7700,Prepaid,2,147.41,2.09,784,22,1,No,3G,Samsung,High (25k-60k),,0,No Contract,0,No,3,2,20.9,9.8,No,2,Debit Card,18-09-2020,No
CUST00352,kolhapur,50,F,29600,prepaid,32,443.33,0.72,,20,0,N/A,3G,Vivo,High (25k-60k),524.54,0,No Contract,0,No,4,3,2,2.6,No,0,Debit Card,22-07-2020,No
CUST01289,Mumbai ,78,male,62000,Prepaid,21,304.68,5.09,722,31,1,yes,4g,Xiaomi,Low (<10k),339.07,1,With Contract,2,No,0,5,5.9,0.1,No,2,UPI,02/28/2019,No
CUST01173,Nashik,62,M,20200,Prepaid,21,361.16,12.92,635,27,1,yes,4G,Xiaomi,Premium (>60k),,0,With Contract,1,No,1,4,0.9,31.4,No,4,Credit Card,05/23/2021,No
CUST00472,sangli,55,F,41700,Prepaid,10,242.88,0.5,508,29,4,No,4g,Samsung,Low (<10k),307.55,1,No Contract,3,No,1,5,10.5,0.6,Yes,1,UPI,20-09-2023,No
CUST00217,Pune,57,Male,21000,Prepaid,23,90.48,12.12,555,26,0,N/A,3G,Samsung,Low (<10k),100.67,1,Unknown,2,No,4,5,2.5,5.5,No,3,Cash,15-11-2023,No
CUST00643,Mumbai,56,M,14700,Prepaid,23,279.48,11.9,563,21,1,Yes,2G,Xiaomi,High (25k-60k),263.71,0,With Contract,1,Yes,3,2,7,7.5,No,0,Wallet,03-06-2024,No
CUST00254,pune,47,Male,15500,prepaid,0,247.71,8.97,314,18,4,NO,4G,Apple,Low (<10k),292.36,1,No Contract,1,No,2,3,2.8,0.1,No,0,Debit Card,02-01-2020,No
CUST00153,Mumbai ,73,Male,37600,POSTPAID,15,370.31,5.08,434,13,3,yes,4G,,Low (<10k),441.59,1,With Contract,1,Yes,3,3,0.5,3.3,No,1,Debit Card,27-05-2023,No
CUST00195,Pune,52,Male,32400,Prepaid,3,157.09,1.63,590,18,1,No,4G,Apple,Low (<10k),159.08,0,No Contract,2,No,2,3,,8.3,No,2,Net Banking,28-01-2024,No
CUST00375,mumbai,51,M,17600,Prepaid,8,332.02,8.3,426,26,0,N/A,4G,Samsung,Premium (>60k),362.61,0,No Contract,1,Yes,1,1,19.1,0.7,Yes,0,Wallet,09/20/2022,No
CUST01174,MUMBAI,55,Male,12300,Prepaid,16,416.5,0.03,540,22,0,N/A,3G,Samsung,Mid (10k-25k),351.65,0,With Contract,2,No,3,5,0.7,9.6,Yes,1,Credit Card,27-08-2021,No
CUST00069,MUMBAI,33,Female,14100,Prepaid,1,117.1,,798,29,0,N/A,4G,Samsung,Premium (>60k),127.69,2,No Contract,1,No,1,5,1.5,7.2,No,2,Wallet,22-08-2021,Yes
CUST00131,PUNE,38,M,32400,Postpaid,37,82.66,0.82,679,32,1,yes,4g,OnePlus,Low (<10k),94.98,1,With Contract,1,No,1,3,1.1,0.1,Yes,0,UPI,29-06-2023,No
CUST00329,Pune,53,M,20100,Postpaid,2,146.15,6.14,333,23,1,Yes,3G,Realme,Low (<10k),155.2,0,With Contract,4,No,2,5,1.2,0,No,0,UPI,02/14/2019,No
CUST01216,MUMBAI,45,Male,7200,Postpaid,11,339.85,27.58,249,24,1,yes,4g,OnePlus,Premium (>60k),429.18,1,No Contract,3,No,3,3,19.4,6.7,No,3,UPI,03-06-2022,Yes
CUST00301,Mumbai ,48,male,14300,Postpaid,6,453.25,6.64,330,28,1,yes,4G,Samsung,High (25k-60k),477.75,0,No Contract,1,No,0,,1.9,0,No,0,UPI,21-11-2023,No
CUST01348,Pune,65,Male,11500,Postpaid,6,412.71,0.66,487,20,0,N/A,4G,Vivo,High (25k-60k),518.21,1,No Contract,1,No,2,4,5.5,2.8,No,4,Cash,03-06-2022,No
CUST01261,Bombay,74,Male,23600,Prepaid,12,237.95,3.42,303,21,2,No,5G,Vivo,Mid (10k-25k),308,1,With Contract,2,No,3,5,1.8,7.4,No,2,UPI,10/28/2023,No
CUST01455,Mumbai ,48,male,,POSTPAID,17,263.89,0.61,787,20,1,NO,4G,Xiaomi,High (25k-60k),342.24,2,With Contract,3,No,2,3,1.9,4.3,No,0,UPI,29-11-2023,No
CUST00355,Mumbai,37,Other,11500,Prepaid,11,642.87,18.52,607,24,1,yes,4G,,Premium (>60k),690.04,1,No Contract,4,No,1,3,6.9,1.9,No,1,Debit Card,11-09-2022,No
CUST01476,THANE,85,Male,17600,prepaid,0,96.98,5.95,728,28,3,No,4G,Samsung,Premium (>60k),116.34,1,With Contract,2,Yes,1,1,20.3,1.3,Yes,0,Cash,13-10-2023,Yes
CUST00241,Navi Mumbai,36,F,18300,Prepaid,25,382.3,12.19,425,26,1,NO,4G,Samsung,Mid (10k-25k),349.09,0,No Contract,0,No,3,4,0.8,5.9,No,3,Cash,21-01-2020,No
CUST00572,aurangabad,62,Female,,Prepaid,26,286.42,3.08,645,14,2,yes,4G,Xiaomi,Low (<10k),240.28,1,with contract,0,No,2,5,21.5,8.2,No,2,upi,30-08-2023,No
CUST01424,Mumbai ,43,Male,38500,Postpaid,16,426.53,2.67,622,27,2,No,4G,Oppo,High (25k-60k),367.52,0,No Contract,2,No,1,5,,5.4,No,1,,15-04-2019,No
CUST00188,Nagpur,45,Female,,POSTPAID,35,540.52,3.62,335,26,3,NO,None,Samsung,Low (<10k),643.15,1,With Contract,0,No,1,4,22.5,4.5,No,3,,14-07-2020,No
CUST00717,Kolhapur,61,F,37900,Prepaid,9,498.44,3.75,460,26,1,yes,4G,Unknown,High (25k-60k),441.25,2,No Contract,2,No,1,5,0.5,1.2,No,1,Wallet,21-08-2022,No
CUST01114,nagpur,53,M,16000,Prepaid,16,245.08,8.46,615,26,1,NO,3G,Realme,Premium (>60k),234.86,1,With Contract,1,No,1,1,16.1,2.6,Yes,3,UPI,04-07-2021,No
CUST01052,Nagpur city,41,,28500,Postpaid,16,159.96,3.52,564,24,1,NO,4G,Xiaomi,Low (<10k),192.33,1,No Contract,2,No,1,3,2,6.8,No,2,UPI,07-07-2022,No
CUST00759,amravati,66,Male,36500,Prepaid,34,405.97,15.06,813,24,1,No,4G,Oppo,Mid (10k-25k),366.83,0,With Contract,2,No,1,3,38,0.7,No,1,Debit Card,01/23/2024,No
CUST00978,Mumbai ,43,M,,Postpaid,1,631.1,6.26,785,22,0,N/A,4G,Samsung,High (25k-60k),755.69,1,With Contract,1,No,0,4,31.2,0.5,Yes,2,Cash,01-01-2023,No
CUST01018,nagpur,54,Female,49800,prepaid,12,322.77,6.83,758,24,1,yes,4G,Samsung,Mid (10k-25k),347.36,0,With Contract,2,No,3,3,0.7,1.2,No,0,upi,12/28/2020,No
CUST00284,mumbai,69,Female,30500,Prepaid,3,60.9,3.81,351,22,3,NO,4G,Oppo,Mid (10k-25k),76.27,0,No Contract,3,No,1,4,17.8,2.6,Yes,0,UPI,15-04-2021,Yes
CUST00508,solapur,60,M,35600,Postpaid,13,121.73,0.47,543,21,1,No,3G,Apple,High (25k-60k),,2,No Contract,1,No,3,5,4.4,3.7,No,0,UPI,18-08-2021,No
CUST00836,pune,48,Female,14900,Prepaid,52,70.73,6.8,454,25,1,yes,2G,Xiaomi,Low (<10k),84.03,0,No Contract,0,No,3,,1,1.5,Yes,2,UPI,08-03-2024,No
CUST01125,Thane,51,Male,69400,Postpaid,4,127.01,1.63,253,29,0,N/A,4G,Vivo,High (25k-60k),134.77,0,No Contract,3,No,0,2,3.8,1.9,No,1,Debit Card,01-11-2020,Yes
CUST00519,akola,73,Male,26400,Postpaid,9,240.36,0.13,285,21,0,N/A,4g,Xiaomi,Low (<10k),213.16,2,No Contract,2,No,0,4,18.1,5,Yes,1,UPI,20-03-2023,No
CUST01445,kolhapur,65,M,41000,Prepaid,40,81.37,2.16,411,22,1,yes,4G,Vivo,Low (<10k),69.24,0,No Contract,0,No,0,2,5.5,1.1,Yes,0,Credit Card,03-06-2022,No
CUST00110,Mumbai ,85,Female,32700,Postpaid,4,105.79,4.24,205,29,1,NO,4G,Xiaomi,Low (<10k),92.62,2,No Contract,1,No,3,4,20,9,No,0,UPI,21-11-2020,No
CUST01316,Thane,50,,23400,Postpaid,18,253.86,37.84,333,33,2,NO,4g,Realme,Premium (>60k),225.77,0,No Contract,2,No,1,3,9.5,11,Yes,1,UPI,08/13/2021,No
CUST00123,Pune,85,Female,25500,Prepaid,31,158.47,8.05,546,23,2,yes,4g,Vivo,High (25k-60k),133.78,1,No Contract,1,No,0,4,2.8,2.6,No,4,Cash,27-10-2022,No
CUST00431,Bombay,49,Female,66800,Prepaid,32,261.65,10.63,477,19,2,No,4G,Apple,Mid (10k-25k),297.42,0,With Contract,6,No,3,5,0.5,2.9,No,0,UPI,09/28/2021,No
CUST00281,Amravati,55,Male,0,Prepaid,25,333.08,0.48,520,21,0,N/A,4G,Xiaomi,High (25k-60k),384.9,2,No Contract,2,Yes,1,4,4.3,3.4,Yes,2,Debit Card,25-12-2023,No
CUST01068,Mumbai ,27,Male,16100,Prepaid,6,449.88,0.48,733,25,1,yes,4G,,Premium (>60k),543.32,3,No Contract,2,No,1,1,1.5,1.2,Yes,0,Cash,29-10-2021,Yes
CUST00667,Mumbai ,52,Female,48300,Prepaid,22,199.57,10.57,402,25,0,N/A,4G,Vivo,Low (<10k),222.51,0,With Contract,1,No,0,3,2,4.7,Yes,0,Wallet,01/31/2019,No
CUST00499,Sangli,37,Male,12800,Prepaid,42,90.35,13.84,338,25,0,N/A,4g,Xiaomi,Premium (>60k),,0,No Contract,2,No,2,3,3.5,0.2,No,1,Wallet,14-03-2022,No
CUST00490,amravati,64,M,,Prepaid,8,252.13,13.28,927,20,1,No,4g,,Low (<10k),256.84,0,With Contract,1,No,1,2,8.7,1.1,No,4,UPI,19-12-2022,No
CUST00803,nashik,52,Female,11000,prepaid,13,139.1,2.51,454,24,0,N/A,5G,Realme,Low (<10k),162.97,0,No Contract,2,No,2,2,3.6,1.5,No,0,UPI,29-12-2023,No
CUST01382,Pune,62,F,16400,Postpaid,18,131.45,1.03,790,26,0,N/A,4G,Apple,Mid (10k-25k),122.75,2,No Contract,0,Yes,1,3,0.6,6.7,Yes,0,Wallet,16-04-2022,No
CUST00594,Pune,72,Female,32200,prepaid,5,200.56,10.49,617,41,0,N/A,4G,Realme,High (25k-60k),237.17,0,No Contract,2,Yes,0,3,9.3,4.3,Yes,1,UPI,12/31/2023,Yes
CUST01088,MUMBAI,49,Female,66100,Prepaid,2,59.9,1.37,92,32,0,N/A,4G,Samsung,Low (<10k),48.78,0,No Contract,2,No,2,5,,3.4,Yes,0,,17-11-2022,No
CUST00563,Mumbai ,50,M,23700,prepaid,8,251.66,13.09,149,26,0,N/A,5G,Samsung,Low (<10k),237.23,2,With Contract,0,No,0,3,0.6,2.7,No,0,UPI,01/17/2022,No
CUST00893,Kolhapur,54,Female,9999999,prepaid,3,287.76,1.17,590,27,1,yes,5G,Realme,Mid (10k-25k),233.33,0,With Contract,3,No,1,4,6.8,2.1,No,0,UPI,14-09-2021,No
CUST01189, Pune,62,Female,44200,Prepaid,47,186.93,23.47,667,28,2,No,4G,Oppo,Low (<10k),188.81,1,with contract,1,No,7,2,11.1,6.3,No,0,Debit Card,03-09-2023,No
CUST00068,Solapur,60,Male,27700,Prepaid,1,43.17,0.26,309,21,1,No,4G,Vivo,Low (<10k),45.23,2,No Contract,4,No,1,3,27.9,0.3,No,1,Credit Card,04-03-2023,Yes
CUST01029,pune,40,Male,45300,Postpaid,15,128.3,2.12,742,25,2,yes,4G,Vivo,High (25k-60k),144.5,0,With Contract,2,No,1,4,18.1,14,Yes,0,Credit Card,30-01-2021,No
CUST00694,Mumbai ,49,Female,24000,Prepaid,0,236.26,1.27,605,28,4,Yes,4g,Samsung,Low (<10k),236.67,1,With Contract,5,No,2,5,6.2,2.4,No,0,Cash,13-07-2023,No
CUST00485,nashik,35,Male,16100,Prepaid,6,250.61,15.18,461,25,0,N/A,4G,Oppo,High (25k-60k),203.63,0,With Contract,3,No,2,4,5.7,11.6,No,0,Wallet,04-04-2023,No
CUST01222,Bombay,55,M,42800,prepaid,0,173.42,20.71,566,15,0,N/A,5G,Samsung,Mid (10k-25k),222.81,2,With Contract,2,No,2,2,12,17.5,No,0,upi,18-05-2019,No
CUST01267,Pune,37,Female,16500,Prepaid,6,151.8,0.33,292,22,1,NO,4G,Vivo,null,134.93,1,With Contract,2,No,0,4,2.2,1.4,No,2,upi,01-04-2021,No
CUST01057,Aurangabad,52,Female,13500,Prepaid,1,109.78,1.57,440,27,1,No,3G,Vivo,Mid (10k-25k),139.87,3,No Contract,2,No,1,3,13.9,11,No,2,UPI,10/13/2023,Yes
CUST00415,Nashik,78,Female,48300,Prepaid,60,194.07,11.7,,25,1,yes,4G,Oppo,Mid (10k-25k),219.07,1,With Contract,0,No,3,4,25,8.1,Yes,0,UPI,14-04-2020,No
CUST00373,Bombay,28,Female,17000,Prepaid,20,24.72,1.11,539,18,2,Yes,4G,Apple,Low (<10k),30.08,0,No Contract,0,No,2,4,14.8,3.2,Yes,1,UPI,11-06-2023,No
CUST00514,Kolhapur,49,Male,,POSTPAID,5,84.58,7.2,301,19,2,NO,4G,Oppo,Mid (10k-25k),77.43,2,With Contract,3,No,0,1,1.6,4.1,No,4,UPI,13-10-2021,Yes
CUST00417, Pune,33,F,,prepaid,0,109.24,4.49,573,27,0,N/A,4g,Samsung,High (25k-60k),130.68,0,No Contract,4,No,2,5,11.2,12.8,No,1,Credit Card,04/14/2019,No
CUST00319,mumbai,37,Female,9100,Prepaid,12,427.95,6.66,487,25,1,yes,4G,Samsung,Low (<10k),465.52,0,No Contract,1,No,2,2,,9.4,No,1,Debit Card,07/21/2021,No
CUST00937,Mumbai ,61,Female,72500,Prepaid,10,140.15,4.23,912,31,1,Yes,4G,OnePlus,Mid (10k-25k),169.26,1,No Contract,2,No,2,5,2.6,1.3,No,0,UPI,02-04-2019,No
CUST00569,NaviMumbai,68,Male,46100,Prepaid,3,203.52,11.87,563,26,1,yes,4G,Xiaomi,Low (<10k),262.45,1,With Contract,2,No,1,3,1.9,2.2,No,1,UPI,02-01-2021,No
CUST00631,THANE,46,Male,,Prepaid,10,285.62,11.99,149,33,1,yes,5G,Xiaomi,Mid (10k-25k),316.91,0,With Contract,1,No,0,,10.5,13.5,Yes,0,Net Banking,05-02-2019,No
CUST00863,Nagpur,39,Male,24600,Prepaid,43,205.06,2.15,155,25,2,Yes,4G,Xiaomi,Premium (>60k),210.18,0,No Contract,2,No,2,4,17.5,11.5,No,0,Net Banking,20-06-2021,No
CUST00133,Mumbai,48,Female,21000,Prepaid,50,381.07,0.82,607,20,0,N/A,4G,Xiaomi,Premium (>60k),485.53,2,With Contract,2,No,1,2,6,0.5,No,2,UPI,04/23/2020,No
CUST00849,nagpur,37,Female,6900,prepaid,10,164.21,9.94,810,31,2,yes,4G,APPLE,High (25k-60k),204.01,0,With Contract,0,No,0,4,25.1,6,Yes,0,,06-04-2022,No
CUST00493,MUMBAI,55,Female,59200,Postpaid,43,45.97,2.57,412,25,2,NO,2G,Apple,Mid (10k-25k),37.81,1,With Contract,2,No,1,2,3.5,7.4,No,3,Credit Card,06-08-2022,No
CUST00416,pune,66,M,62300,Prepaid,5,357.3,0.36,558,32,3,No,4G,Apple,Mid (10k-25k),432.6,1,No Contract,4,No,3,2,16.6,3.3,No,2,Net Banking,12-11-2022,Yes
CUST00826,NaviMumbai,77,male,18800,Prepaid,8,183.7,7.88,757,27,0,N/A,4G,Xiaomi,Low (<10k),210.78,2,No Contract,4,Yes,1,2,0.5,16.6,No,0,Wallet,02-01-2021,No
CUST01295,Solapur,67,Female,25100,Prepaid,26,121.44,7.03,0,23,2,No,5G,Xiaomi,Mid (10k-25k),118.5,0,With Contract,2,No,0,2,6.4,2,No,3,UPI,04-03-2020,No
CUST00699,MUMBAI,59,Female,18500,Prepaid,10,117.25,3.14,321,15,0,N/A,4G,Vivo,High (25k-60k),114.55,0,No Contract,4,No,1,5,13,15.1,No,0,Cash,06/13/2019,No
CUST00446,Navi Mumbai,55,Female,,Prepaid,9,253.9,18.56,530,22,1,NO,5G,OnePlus,Low (<10k),222.37,0,With Contract,4,No,4,3,1.7,0.2,No,1,Net Banking,16-12-2021,No
CUST00126, Pune,80,Female,48300,prepaid,0,399.2,4.6,498,25,2,yes,4G,Oppo,Mid (10k-25k),377.97,1,No Contract,2,No,2,5,12.8,3.8,Yes,0,UPI,17-10-2019,No
CUST00466,pune,28,Female,44600,Prepaid,1,140.44,3.76,178,29,1,No,4G,Apple,Low (<10k),174.25,0,With Contract,8,No,0,1,12.5,0.4,Yes,1,Wallet,09-11-2022,Yes
CUST01495,nashik,60,Male,17800,Prepaid,14,232.55,10.06,,25,1,Yes,4G,Xiaomi,High (25k-60k),189.01,0,No Contract,1,No,1,5,,6.2,Yes,1,Net Banking,23-10-2019,No
CUST01011,mumbai,44,Male,61500,Postpaid,4,336.1,13.02,420,20,2,Yes,4G,Apple,Low (<10k),310.12,1,with contract,2,No,3,4,9.9,10.8,No,0,UPI,05/20/2019,Yes
CUST00769,pune,51,,136200,Postpaid,67,222.72,4.34,239,28,0,N/A,4G,Xiaomi,Premium (>60k),186.67,0,No Contract,1,No,2,2,20.4,0.7,No,2,UPI,19-12-2019,No
CUST01195,Mumbai,54,male,23600,Postpaid,16,299.41,20.08,619,27,1,No,4G,Xiaomi,High (25k-60k),259.68,3,With Contract,1,No,3,2,0.8,1.1,No,1,Debit Card,13-04-2023,Yes
CUST00387,PUNE,32,Male,48000,Prepaid,4,220.54,0.06,129,23,1,No,4G,Realme,Mid (10k-25k),237.25,0,With Contract,1,No,2,4,12.7,0.7,Yes,1,UPI,21-03-2024,No
CUST00290,Nasik,26,Female,9400,Prepaid,22,130.56,0.87,450,22,0,N/A,4G,Samsung,Mid (10k-25k),151.78,2,No Contract,0,Yes,2,5,6.8,7.5,No,0,Cash,01-11-2024,No
CUST00889,MUMBAI,51,Female,,Postpaid,61,58.36,15.96,752,26,0,N/A,4G,Xiaomi,High (25k-60k),59.74,1,With Contract,0,No,1,2,5.7,3.1,No,2,upi,22-02-2022,No
CUST00859,Nagpur city,47,Female,27500,prepaid,0,162.47,3.02,264,31,1,Yes,4G,Oppo,Low (<10k),210.31,1,No Contract,2,Yes,4,2,8.6,2.8,Yes,0,UPI,28-05-2022,Yes
CUST01385,Thane,58,Male,19300,Prepaid,4,326.09,3.58,,18,0,N/A,4G,Xiaomi,High (25k-60k),326.58,1,No Contract,5,No,1,5,28,9.7,Yes,0,,27-08-2021,Yes
CUST00054,amravati,40,F,74800,Prepaid,13,236.78,7.85,413,17,2,yes,2G,Realme,Mid (10k-25k),300.76,0,With Contract,4,Yes,1,4,5.4,5.1,No,1,Wallet,05-07-2020,No
CUST00582,akola,55,Male,9200,Prepaid,40,221.48,1.34,632,24,2,No,4G,Samsung,High (25k-60k),269.64,1,No Contract,1,No,1,3,2.7,1.5,No,1,Wallet,17-08-2020,No
CUST00603,MUMBAI,47,Male,4900,Postpaid,28,269.74,5.85,590,24,1,No,4G,Xiaomi,High (25k-60k),272.95,1,No Contract,1,No,3,1,1.9,7.2,Yes,0,UPI,18-01-2019,No
CUST00810,Bombay,38,Male,19200,POSTPAID,37,84.77,6.95,404,25,1,No,4G,Oppo,Low (<10k),87.76,0,With Contract,3,No,3,3,2.6,5,No,1,Net Banking,03/20/2021,No
CUST00736,amravati,69,Female,12300,Prepaid,26,280.84,0.59,197,22,0,N/A,5G,Samsung,Mid (10k-25k),319.73,1,No Contract,4,No,3,3,5,0.2,No,1,UPI,03/25/2023,No
CUST00041,MUMBAI,31,Female,14800,Prepaid,16,374.57,1.15,477,28,2,NO,4G,Apple,Mid (10k-25k),410.44,1,With Contract,1,No,2,2,23.2,4.3,No,2,UPI,17-03-2020,Yes
CUST00340,MUMBAI,36,Male,19300,Prepaid,13,318.24,1.92,482,23,1,yes,4G,Apple,Mid (10k-25k),304.91,0,No Contract,1,No,0,3,7.3,10.8,No,0,Credit Card,04-09-2021,No
CUST00713, Pune,42,Male,62000,Prepaid,13,514.41,2.07,96,19,1,NO,4G,Realme,Mid (10k-25k),500.72,0,No Contract,0,No,2,2,0.6,0.8,No,0,Credit Card,07-01-2020,No
CUST01286,nagpur,41,Male,11500,Prepaid,7,136.06,28.08,54,20,2,yes,4G,Realme,Mid (10k-25k),121.69,0,With Contract,3,No,1,4,18.8,2.1,Yes,0,Cash,17-08-2021,No
CUST01288,PUNE,40,Male,39000,Prepaid,6,318.29,10.88,595,22,2,Yes,3G,Oppo,Mid (10k-25k),283.79,1,With Contract,2,No,0,1,26.1,9.3,No,1,Debit Card,12/15/2022,Yes
CUST01420,navi mumbai,48,Male,29000,Prepaid,51,119.18,7.57,632,29,1,Yes,4G,Xiaomi,Mid (10k-25k),116.4,1,With Contract,4,No,4,5,,1,Yes,0,UPI,25-10-2020,Yes
CUST00084,MUMBAI,40,Female,25800,Prepaid,1,176.83,1.34,,19,3,No,4g,Realme,Mid (10k-25k),165.86,0,No Contract,1,No,2,,0.2,1,Yes,0,Wallet,06-08-2022,No
CUST00116,amravati,50,Female,26700,Prepaid,17,320.66,5.57,196,20,1,yes,5G,Xiaomi,Mid (10k-25k),354.09,0,with contract,0,No,4,,24.7,5.7,Yes,3,,28-04-2021,No
CUST01167,kolhapur,31,Male,21200,prepaid,24,455.75,,346,26,1,Yes,4G,Vivo,Mid (10k-25k),387.65,0,No Contract,0,No,1,2,10.6,0.3,No,2,Credit Card,02-06-2023,No
CUST01003,amravati,61,Female,100800,Prepaid,18,176.41,4.09,444,20,4,Yes,5G,Oppo,Mid (10k-25k),171.61,2,No Contract,3,Yes,0,2,,2.2,No,2,Credit Card,15-10-2019,Yes
CUST01310,solapur,57,M,,prepaid,13,80.37,9.62,352,27,1,NO,3G,,High (25k-60k),99.71,1,With Contract,4,No,2,2,21.9,0.7,Yes,4,Debit Card,01-07-2023,No
CUST00958,Bombay,28,Female,13000,Prepaid,17,96.74,10.88,103,24,1,NO,5G,Apple,Mid (10k-25k),84.27,0,No Contract,1,Yes,1,5,36.9,3.6,Yes,1,Debit Card,04-02-2020,No
CUST01082,Mumbai ,36,F,29400,Prepaid,1,96.21,1.52,333,29,2,No,4G,Samsung,Low (<10k),95.05,0,No Contract,0,No,1,2,11.2,0.9,Yes,1,UPI,09-03-2022,No
CUST00271,Solapur,52,Female,22800,Prepaid,1,278.77,0.91,,32,1,yes,4G,Realme,Mid (10k-25k),285.05,0,No Contract,5,No,1,4,2.7,1.7,Yes,2,Debit Card,02-12-2023,Yes
CUST00936,Bombay,52,Female,18300,Postpaid,13,81.43,2.83,485,31,0,N/A,4G,Samsung,Mid (10k-25k),86.44,1,With Contract,2,No,1,4,5.8,7.9,Yes,1,UPI,07-08-2019,No
CUST01264,PUNE,44,Female,52900,Prepaid,43,220.04,0.82,544,29,1,NO,5G,Oppo,Mid (10k-25k),234.62,0,with contract,2,No,1,4,18.2,3.3,No,2,Debit Card,01-09-2021,No
CUST01087,Nasik,60,Male,54300,Prepaid,17,116.48,8.32,487,25,2,No,4g,Xiaomi,Mid (10k-25k),106.24,1,With Contract,2,No,0,1,2.6,1.7,Yes,2,Debit Card,04-04-2023,No
CUST00833,Mumbai ,46,,33400,Prepaid,15,398.18,3.36,379,22,1,No,4G,Vivo,Low (<10k),500.12,0,No Contract,1,No,5,4,9.5,0.7,Yes,2,upi,05-04-2021,No
CUST00378,Mumbai,40,Female,8200,Postpaid,12,268.88,,737,25,0,N/A,5G,Samsung,Mid (10k-25k),320.38,4,No Contract,1,No,4,3,1.7,2.5,Yes,2,upi,18-02-2024,No
CUST01377,PUNE,48,Female,12400,Postpaid,20,244.78,35.53,610,27,3,No,4G,Vivo,High (25k-60k),238.07,1,with contract,2,No,1,2,,15.8,No,0,Credit Card,27-01-2024,Yes
CUST00097,Nagpur city,56,Male,35900,Prepaid,44,152.98,0.47,469,20,1,Yes,4G,Vivo,Mid (10k-25k),162.32,0,No Contract,3,No,0,1,7.8,10.4,No,0,UPI,15-04-2022,No
CUST01412,Mumbai,72,Male,48200,Postpaid,10,138.55,2.48,385,19,0,N/A,5G,,Low (<10k),162.38,0,With Contract,0,No,0,4,16.5,2.7,Yes,3,UPI,08-05-2019,No
CUST00465,sangli,60,Female,20100,Postpaid,69,217.81,5.12,,22,0,N/A,3G,Xiaomi,null,262.48,4,No Contract,2,No,1,,1.2,3,Yes,4,UPI,07-02-2022,No
CUST01380,Nasik,63,Male,23400,Prepaid,19,248.43,3.59,560,27,0,N/A,4G,Realme,Low (<10k),256.04,0,No Contract,2,No,0,5,2.4,3.4,Yes,0,Cash,02/15/2021,No
CUST00566,Nashik,45,M,30700,Prepaid,11,108.46,0.52,542,22,1,No,4G,Samsung,High (25k-60k),90.24,0,With Contract,1,No,1,2,2.5,7.4,No,3,Net Banking,13-03-2021,No
CUST00049,Nagpur,80,Male,,Prepaid,1,112.96,2.72,,19,3,yes,4G,APPLE,Low (<10k),95.68,0,With Contract,0,No,2,2,18.1,3.2,Yes,0,Credit Card,30-07-2021,No
CUST00784,Pune,59,Male,55200,Prepaid,17,211.68,3.05,731,28,1,No,4G,Vivo,Low (<10k),264.61,0,With Contract,3,No,2,2,15.7,15.5,No,2,,06-01-2021,No
CUST01126,Nagpur,,male,18600,Prepaid,26,237.45,3.31,248,20,1,yes,4G,Oppo,Low (<10k),276.09,0,No Contract,3,No,0,2,1.2,12.7,Yes,2,upi,19-06-2022,No
CUST01064,PUNE,53,Male,33200,Prepaid,17,115.13,25.34,364,28,0,N/A,5G,Oppo,Mid (10k-25k),135.33,1,No Contract,1,No,0,4,29.8,2.1,Yes,2,,31-12-2021,No
CUST00154,Nagpur,59,Male,18900,prepaid,15,38.57,0.97,345,24,1,yes,None,Samsung,High (25k-60k),32.24,2,No Contract,1,No,3,4,8.2,7.3,No,2,Cash,06-03-2019,No
CUST00238,mumbai,48,Male,12600,Prepaid,17,147.21,9.88,376,22,1,No,4G,Oppo,Low (<10k),186.8,0,With Contract,2,No,2,2,0.9,12.5,No,1,Cash,15-07-2020,No
CUST00055,Unknown,48,Male,25100,Prepaid,48,118.13,,200,31,4,yes,2G,Samsung,High (25k-60k),139.78,0,No Contract,2,No,2,3,1.4,2.9,Yes,0,Credit Card,07-11-2021,No
CUST00395,Pune,31,Female,,Prepaid,6,164.82,2,591,37,2,NO,4G,Realme,Low (<10k),175.23,1,No Contract,3,Yes,0,3,1.7,9,No,0,UPI,24-12-2019,Yes
CUST00124,Mumbai ,35,male,27200,Postpaid,1,139.88,14.27,279,26,2,yes,4G,Samsung,Mid (10k-25k),151.98,1,With Contract,0,No,2,4,20.6,15.5,No,1,UPI,14-12-2023,No
CUST00356,thane,50,Male,43600,Prepaid,8,148.79,1.42,568,19,1,yes,NA,Realme,Premium (>60k),143.47,0,With Contract,1,No,1,4,2.7,0.8,Yes,1,upi,19-03-2020,No
CUST00432,aurangabad,55,Female,33800,Postpaid,5,186.37,13.39,161,31,3,NO,4G,Xiaomi,Mid (10k-25k),226.37,0,No Contract,4,No,0,2,0.2,4.9,Yes,2,Credit Card,07/16/2021,No
CUST00135,navi mumbai,62,male,37400,Postpaid,0,413.56,4.94,555,32,0,N/A,4G,Xiaomi,High (25k-60k),525.94,1,With Contract,2,No,2,1,4.6,5.8,No,2,Net Banking,30-04-2023,Yes
CUST00269,pune,53.0 yrs,Male,17100,Postpaid,4,190.41,0.18,624,26,1,No,4G,Realme,Mid (10k-25k),167.85,1,With Contract,2,No,4,5,11.6,17.8,No,1,UPI,13-12-2022,No
CUST00386,Solapur,44,Female,39900,Prepaid,39,338.62,4.33,575,21,0,N/A,3G,Vivo,High (25k-60k),402.43,1,No Contract,1,No,1,4,0.7,2.6,No,2,,10/18/2019,No
CUST00098, Pune,37,Male,41700,Prepaid,8,476.6,,528,18,1,yes,3G,,Premium (>60k),503.29,1,With Contract,3,No,0,3,6.2,11.4,No,1,Wallet,31-03-2024,No
CUST00221,thane,76,Male,57000,Postpaid,19,246.98,1.28,463,21,3,yes,2G,Realme,Low (<10k),301.79,2,With Contract,1,No,2,5,1.5,4,Yes,3,UPI,12-02-2023,No
CUST00042,Nagpur city,56,Male,29200,Postpaid,12,175.13,2.48,405,31,1,NO,5G,OnePlus,High (25k-60k),205.2,0,No Contract,3,No,1,4,24.5,2.3,Yes,2,Debit Card,21-01-2020,No
CUST01022,Pune,67,Male,41500,Postpaid,13,136.29,1.28,753,25,2,No,4g,Realme,Premium (>60k),121.21,2,With Contract,2,No,0,1,27.2,7.1,Yes,3,Debit Card,05-01-2022,No
CUST00526, Pune,67,Male,40700,Prepaid,21,153.84,13.38,419,27,1,NO,3G,Vivo,Premium (>60k),144.99,0,With Contract,2,No,2,4,3.1,2.5,No,1,UPI,07-04-2021,No
CUST00876,Bombay,49,Male,15700,Postpaid,23,478.61,,144,24,0,N/A,4G,Xiaomi,Low (<10k),502.01,0,With Contract,3,No,3,3,4.6,20.1,No,2,Credit Card,14-04-2020,No
CUST00975,mumbai,68,Female,35900,Postpaid,44,199.31,1.54,538,29,2,No,4g,Samsung,Premium (>60k),195.53,0,No Contract,5,No,1,2,21.4,3.7,No,0,upi,08/23/2022,Yes
CUST00949,amravati,40,Male,,Prepaid,3,453.34,6.15,631,20,0,N/A,4G,Apple,Low (<10k),518.25,1,With Contract,2,No,2,1,,16.5,No,1,upi,10-06-2020,Yes
CUST00547,MUMBAI,69,Male,18300,Prepaid,10,104.04,7.63,525,32,2,yes,4g,Oppo,Mid (10k-25k),111.67,1,No Contract,1,No,2,5,7.5,0.7,Yes,1,Debit Card,02-11-2019,No
CUST00732,solapur,,Male,24400,Prepaid,11,269.89,4.34,421,24,3,Yes,4G,Samsung,Low (<10k),225.61,1,No Contract,3,No,0,5,3.6,0.7,No,3,UPI,03-01-2021,No
CUST00013,kolhapur,46,male,33000,Prepaid,18,74.56,1.76,594,12,3,Yes,N/A,Oppo,High (25k-60k),94.37,0,No Contract,0,No,1,1,8.7,1.1,Yes,3,Net Banking,20-09-2019,No
CUST00743,Chhatrapati Sambhajinagar,41,Female,35400,Postpaid,10,127.15,3.22,,16,2,No,4G,Xiaomi,Low (<10k),136.57,0,No Contract,0,No,2,4,11.2,4.4,No,0,Wallet,14-06-2019,No
CUST00982,aurangabad,47,F,34200,Prepaid,7,311.99,34.4,711,25,1,Yes,4G,Realme,Low (<10k),305.35,0,No Contract,3,No,4,4,2.1,0.7,No,1,Debit Card,01/16/2019,No
CUST00611,MUMBAI,79,Male,24200,Prepaid,9,261.03,2.29,280,22,2,No,4G,Samsung,Low (<10k),280.02,2,No Contract,3,No,0,5,,9.1,No,0,UPI,12/15/2022,No
CUST01290,Bombay,59,female,28800,Prepaid,31,316.87,12.29,246,20,1,NO,4G,Vivo,Low (<10k),407.22,0,No Contract,3,No,4,4,1,0.2,No,0,UPI,17-09-2021,No
CUST01441,sangli,,Male,40800,Prepaid,8,387.27,3.61,374,26,0,N/A,4G,,Mid (10k-25k),482.26,0,With Contract,1,No,1,2,3.1,0.3,Yes,3,Debit Card,06/14/2019,No
CUST01260,nashik,27,Male,18900,prepaid,7,196.25,34.33,365,20,0,N/A,4G,OnePlus,High (25k-60k),161.91,0,With Contract,2,No,3,4,3.9,6.4,No,0,upi,07-03-2021,No
CUST01296,Mumbai ,45,Female,28300,Prepaid,8,113.45,2.99,519,24,3,Yes,4G,Vivo,Low (<10k),131.8,3,No Contract,1,No,5,1,6.3,0.6,No,0,UPI,25-06-2023,No
CUST00929,Nashik,45,Male,33000,Prepaid,26,400.7,3.92,423,23,1,Yes,4G,Samsung,Low (<10k),356.14,0,With Contract,1,No,1,4,2.2,4.1,No,0,UPI,26-05-2022,No
CUST01337,Mumbai ,50,female,33300,Prepaid,0,309.37,1.38,488,28,2,NO,4g,Vivo,Mid (10k-25k),291.15,3,No Contract,1,No,3,4,1.4,7.6,Yes,0,UPI,28-11-2019,Yes
CUST00741,PUNE,,M,12800,POSTPAID,6,182.86,4.59,594,30,1,No,4G,Oppo,High (25k-60k),168.92,1,With Contract,1,No,0,3,13.5,16.8,No,2,Net Banking,22-12-2019,No
CUST00957,Nagpur,79,Female,53700,Postpaid,28,100.72,14.41,472,24,1,No,3G,Oppo,Low (<10k),110.38,0,With Contract,3,No,0,4,2.6,10.3,Yes,2,UPI,10/15/2021,No
CUST00620,Aurangabad,26,F,18000,Prepaid,32,539.07,3.07,229,21,1,yes,5G,Vivo,Low (<10k),,0,With Contract,1,No,0,1,10.3,16.1,No,0,Wallet,21-08-2023,No
CUST01341,Bombay,53,Female,92500,Postpaid,35,429.48,17.37,512,22,1,yes,4G,Realme,High (25k-60k),362.51,0,No Contract,2,No,0,5,0.3,6.1,No,1,UPI,20-01-2022,No
CUST00857,Mumbai ,60,Other,10500,POSTPAID,16,117.67,7.84,313,28,0,N/A,4G,Vivo,Low (<10k),117.51,1,No Contract,3,No,0,,1.7,4.7,No,3,UPI,14-09-2020,No
CUST01370,mumbai,59,Male,,Prepaid,67,121.69,26.42,419,26,0,N/A,4g,Vivo,Mid (10k-25k),105.74,0,No Contract,2,No,6,2,,7.9,No,1,Wallet,06/15/2021,No
CUST01169,Mumbai ,,M,25900,POSTPAID,49,112.02,4.72,201,31,2,Yes,4G,Vivo,Mid (10k-25k),108.35,1,No Contract,3,No,4,5,1.4,5.3,Yes,0,Debit Card,19-01-2023,No
CUST00501,THANE,45,Male,74100,Prepaid,42,131.12,5.89,476,21,1,Yes,4G,Xiaomi,Premium (>60k),156.03,1,No Contract,2,No,0,4,7.6,1.1,Yes,2,Cash,26-09-2022,No
CUST00225,Mumbai,58,Female,55000,Postpaid,37,334.78,0.52,251,23,0,N/A,4g,Realme,Low (<10k),345.95,3,No Contract,2,No,2,4,17.6,0,No,1,upi,31-10-2022,No
CUST00337,Kolhapur,67,Male,125900,Prepaid,17,139.37,8.84,499,28,3,yes,4G,Apple,Low (<10k),112.46,1,with contract,1,No,1,3,6.8,2.8,No,1,Credit Card,09/17/2019,No
CUST00233,Nashik,39,Female,,Postpaid,45,154.26,6.22,530,24,2,Yes,4G,,High (25k-60k),197.11,0,No Contract,2,No,4,4,1.5,2.9,No,0,Credit Card,10-05-2022,No
CUST00587,Mumbai,41,Male,32800,Prepaid,0,126.08,17.07,318,18,0,N/A,3G,Vivo,Low (<10k),105.9,1,With Contract,1,No,1,2,2.7,7.5,No,0,UPI,26-07-2021,No
CUST00559,aurangabad,33,Female,28800,Prepaid,30,169.92,5.46,440,23,2,yes,4G,Samsung,Low (<10k),218.11,2,No Contract,2,No,0,4,7.2,2.2,No,0,Cash,02-10-2020,No
CUST01239,Sangli,45,male,,Prepaid,0,326.06,2.89,519,24,5,No,4G,Xiaomi,Low (<10k),360.34,0,No Contract,0,No,1,4,3.6,2.7,Yes,2,Net Banking,28-06-2022,Yes
CUST00469,Mumbai ,37,Male,23500,POSTPAID,17,223.28,1.21,579,29,0,N/A,4G,Realme,Low (<10k),266.68,0,No Contract,4,No,1,5,4.5,21.3,Yes,0,Net Banking,24-03-2022,No
CUST00749,navi mumbai,55,Female,9400,prepaid,1,572.57,6.19,136,25,1,yes,4G,Vivo,Low (<10k),550.36,0,No Contract,2,No,2,4,3.2,1.8,No,2,Cash,30-01-2021,Yes
CUST00641,mumbai,38,F,15200,Prepaid,-3,28.03,7.24,318,22,1,NO,4G,Realme,Premium (>60k),29.54,2,?,1,No,3,5,9.1,1.6,No,4,Credit Card,27-12-2023,No
CUST00298,MUMBAI,85,Male,16600,Prepaid,4,189.67,4.05,668,28,2,No,4G,Realme,Mid (10k-25k),188.4,0,With Contract,1,No,1,3,28.1,8.7,No,1,UPI,07-02-2023,Yes
CUST00871,Pune,44,Female,36400,Postpaid,3,631.48,5.79,387,26,2,yes,4G,Samsung,Mid (10k-25k),558.51,1,No Contract,3,No,0,1,2.8,4.1,No,0,Credit Card,23-06-2023,No
CUST01077,PUNE,43,female,44100,Prepaid,12,264.67,3.69,631,27,2,yes,4G,Realme,High (25k-60k),327.85,0,with contract,1,No,0,5,,12,No,1,Debit Card,01-02-2021,No
CUST00474,Amravati,75,Female,31400,prepaid,8,93.78,5.62,531,26,1,yes,4G,Xiaomi,Low (<10k),76.99,2,No Contract,1,No,1,4,3.7,3.1,No,2,UPI,07/20/2020,No
CUST00695,MUMBAI,39,Male,19100,Postpaid,24,224.76,4.83,249,17,0,N/A,4G,Apple,Mid (10k-25k),,0,With Contract,2,Yes,0,2,6.5,3.2,No,0,Wallet,24-12-2020,No
CUST00206,Mumbai ,85,Male,26700,Postpaid,7,212.73,0.52,362,30,0,N/A,4g,Samsung,Premium (>60k),223.15,1,No Contract,2,No,0,3,24,10.7,No,2,UPI,12-07-2023,No
CUST00004,nashik,52,Male,16500,Prepaid,31,188.61,9.94,216,22,0,N/A,5G,Vivo,Low (<10k),205.14,0,With Contract,1,No,5,3,2.9,3.2,No,2,UPI,06-08-2023,No
CUST01194,nashik,46,,6000,Postpaid,2,90.95,3,373,33,3,No,4G,Apple,Mid (10k-25k),110.13,0,No Contract,2,Yes,2,5,5.1,3.1,Yes,1,UPI,24-09-2020,No
CUST00714, Pune,46,male,11900,prepaid,20,121.31,9.03,309,29,3,yes,2G,Samsung,High (25k-60k),135.21,0,With Contract,0,No,1,1,23.2,5.6,Yes,2,Cash,02-04-2021,Yes
CUST01389,sangli,50,,60600,Prepaid,32,287.4,2.25,200,27,1,yes,5G,Xiaomi,Mid (10k-25k),250.43,2,With Contract,0,No,1,5,3.6,6.8,Yes,0,Wallet,29-01-2022,No
CUST01084,Amravati,36,Female,30500,POSTPAID,1,184.27,4.19,30,25,1,NO,4g,Realme,Low (<10k),180.43,2,With Contract,1,No,3,4,2.8,4.6,No,2,Cash,26-02-2023,No
CUST00739,Pune,57,Male,27400,Prepaid,55,368.21,2.01,0,19,0,N/A,4G,Apple,Mid (10k-25k),387.94,1,With Contract,2,No,0,1,3.7,0.2,No,1,UPI,06-11-2019,No
CUST01204,PUNE,54,Male,47000,Prepaid,20,202.32,0,,28,0,N/A,4G,Samsung,Mid (10k-25k),219.45,1,with contract,0,No,1,1,6.5,0.7,No,0,upi,26-12-2023,No
CUST01270, Pune,39,Female,27400,Postpaid,5,184.67,1.36,352,24,0,N/A,4G,APPLE,High (25k-60k),190.69,0,with contract,1,No,1,,1.1,6.4,Yes,1,Debit Card,11-12-2020,No
CUST00757,nashik,29,Female,,Prepaid,0,129.14,2.57,272,24,1,No,4G,Samsung,Low (<10k),148.82,1,with contract,2,No,3,4,18.9,1,No,3,Debit Card,13-02-2022,No
CUST01012,akola,53,F,49600,Postpaid,10,433.79,1.6,501,32,2,Yes,4g,Apple,Low (<10k),460.66,1,With Contract,1,No,2,4,2.2,1.8,Yes,0,UPI,21-09-2020,Yes
CUST00830,pune,71,Male,21300,Prepaid,25,153.3,12.54,444,30,1,Yes,4G,Samsung,Low (<10k),145.64,1,No Contract,4,No,0,2,6,0.2,Yes,1,Wallet,29-10-2021,No
CUST00903,Mumbai,27,Female,26900,prepaid,14,138.14,2.13,0,33,1,Yes,5G,Samsung,Mid (10k-25k),122.1,1,No Contract,2,No,2,,7,20,Yes,0,Cash,05/30/2023,No
CUST00721,NaviMumbai,49,Female,27400,POSTPAID,40,273.65,3.74,314,22,3,Yes,4G,Vivo,High (25k-60k),234.21,0,With Contract,0,No,2,5,8.5,0.4,No,0,upi,12-03-2019,No
CUST01350,Mumbai,,Male,,Prepaid,3,163.18,7.17,674,30,2,No,4G,Oppo,High (25k-60k),139.29,1,With Contract,1,No,1,4,4.6,30.4,No,1,UPI,19-03-2022,Yes
CUST00977,Nasik,77,Male,99400,Postpaid,23,395.7,23.38,508,30,0,N/A,4G,Xiaomi,Mid (10k-25k),508.54,0,No Contract,2,No,0,4,0.7,0.5,No,1,Credit Card,17-05-2019,No
CUST00636,PUNE,48,F,27200,prepaid,64,91.79,7.74,490,22,0,N/A,4G,Xiaomi,High (25k-60k),86.16,1,No Contract,2,No,1,3,14.8,5.6,No,2,Wallet,22-06-2021,No
CUST01429,Nasik,33,M,37000,Postpaid,13,94.27,0.93,173,33,1,NO,4G,,Low (<10k),98.69,0,No Contract,2,No,1,2,9.7,3.4,No,0,,12-07-2021,Yes
CUST01294,Thane,59,Male,22600,Postpaid,37,153.73,5.43,277,26,1,yes,4G,OnePlus,Premium (>60k),186.28,2,-,3,No,0,2,11,0,Yes,0,Credit Card,07-06-2020,Yes
CUST00805,PUNE,30,male,41500,Prepaid,2,186.73,5.41,186,13,0,N/A,4G,Vivo,Low (<10k),200.17,1,No Contract,0,No,0,3,2.3,3.1,No,4,,05-01-2021,No
CUST00672,amravati,66,,14400,Prepaid,7,403.68,10.86,147,21,0,N/A,4G,Realme,Mid (10k-25k),498.8,0,No Contract,1,No,0,2,6.2,3,Yes,0,Wallet,03-10-2019,No
CUST00158,Aurangabad,66,Male,22000,Prepaid,15,274.46,7.55,555,22,3,No,4G,Samsung,Low (<10k),353.24,0,No Contract,1,No,1,2,23.1,5.1,No,0,UPI,29-09-2022,No
CUST01203,MUMBAI,37,Male,59800,Prepaid,12,255.05,,387,24,1,No,3G,Realme,High (25k-60k),276.43,1,No Contract,2,No,1,2,13.6,18.2,No,1,Credit Card,09/22/2022,No
CUST01304,Nagpur city,64,male,24400,Prepaid,4,141.58,0.27,929,17,0,N/A,4G,Xiaomi,Low (<10k),132.63,1,with contract,3,No,0,4,,13.7,No,1,Net Banking,01-12-2019,Yes
CUST00463,aurangabad,85,F,29700,Prepaid,8,489.95,6.63,353,10,2,NO,4G,Xiaomi,High (25k-60k),439.88,0,No Contract,0,No,2,,6.8,6.8,Yes,0,Credit Card,24-01-2019,No
CUST00141,Sangli,40,Female,30700,Prepaid,12,44.9,2.74,613,27,3,yes,4G,Xiaomi,Low (<10k),41.58,1,No Contract,4,No,1,2,33.9,11.1,No,0,Debit Card,28-02-2022,No
CUST00161,Pune,38,Female,22100,Prepaid,24,98.41,5.62,420,25,2,yes,5G,Xiaomi,Mid (10k-25k),79.64,2,No Contract,0,No,3,3,3.1,3.3,No,0,,25-06-2023,No
CUST00306,sangli,35,M,73500,Prepaid,12,233.25,4.93,358,20,2,NO,3G,OnePlus,Low (<10k),199.01,4,With Contract,3,No,1,3,4.5,4.3,Yes,0,UPI,28-10-2019,No
CUST00396,Navi Mumbai,53,M,18600,Prepaid,6,232.18,1.67,501,22,1,NO,4G,Apple,Mid (10k-25k),275.13,1,With Contract,5,Yes,1,1,33.8,1.5,No,2,Credit Card,11-12-2020,Yes
CUST00400,Chhatrapati Sambhajinagar,78,M,26000,Prepaid,3,384.9,14.64,47,16,1,NO,4g,Xiaomi,Mid (10k-25k),396.41,0,No Contract,1,No,3,2,0.1,4.5,No,0,Debit Card,08-12-2021,No
CUST01159,Amravati,28,Male,22500,prepaid,2,217.53,8.56,897,20,0,N/A,4G,,Low (<10k),198.83,3,with contract,3,No,4,3,1.4,1.2,Yes,1,Debit Card,16-11-2020,No
CUST00604,Mumbai ,38,Female,60800,Postpaid,27,131.72,1,,31,3,No,4G,Xiaomi,Mid (10k-25k),168.64,0,No Contract,0,No,1,3,8.5,4.5,No,0,Net Banking,19-05-2021,Yes
CUST01395, Pune,56,Male,,Postpaid,16,210.4,16.12,649,30,3,Yes,4G,Vivo,Low (<10k),185.44,0,With Contract,2,No,5,3,3.8,17.7,Yes,0,UPI,03/20/2023,No
CUST01265,Mumbai ,48,Male,8400,Prepaid,8,217.46,0.78,678,17,1,yes,4g,Vivo,Low (<10k),205.97,2,No Contract,2,No,1,3,15.1,1.6,Yes,0,Net Banking,04-06-2022,Yes
CUST01366,Mumbai,45,Female,,Prepaid,21,109.69,2.95,569,31,1,yes,4g,Apple,Mid (10k-25k),139.71,1,No Contract,1,No,2,4,1.5,3.9,Yes,0,Wallet,22-10-2022,No
CUST01105,Akola,65,Male,38300,Postpaid,4,296.13,1.85,997,30,3,NO,5G,Apple,Premium (>60k),248.17,2,No Contract,2,No,0,1,1.9,3.4,No,0,Net Banking,22-11-2023,Yes
CUST01381,Bombay,36,Male,13600,Prepaid,5,197.43,4.98,222,24,0,N/A,3G,Oppo,Mid (10k-25k),199.13,0,With Contract,3,No,1,2,6.4,3.9,No,2,UPI,05-02-2021,No
CUST01234,N/A,74,male,14100,Prepaid,21,219.64,1.42,562,24,3,No,3G,Xiaomi,Mid (10k-25k),279.82,0,No Contract,3,No,3,1,3.1,8.6,Yes,4,Net Banking,28-04-2022,No
CUST00458,PUNE,44,Female,18200,Postpaid,0,241.34,15.43,464,25,4,NO,4G,Vivo,Low (<10k),207.9,2,No Contract,3,No,3,4,0,5.7,Yes,2,Net Banking,30-03-2024,No
CUST00926,Mumbai ,28,Other,29000,Prepaid,16,162.24,0.44,469,19,2,Yes,4G,Samsung,High (25k-60k),155.18,2,No Contract,4,No,1,5,0.2,8.3,Yes,0,UPI,01/25/2022,No
CUST00479,sangli,53,F,12800,Prepaid,10,325.53,3.14,724,18,0,N/A,4G,Apple,None,361.54,0,No Contract,3,No,4,4,28.1,20.3,No,3,Cash,11/24/2020,No
CUST01119,Mumbai,41,F,28400,Prepaid,32,88.19,1.83,533,27,0,N/A,4g,Realme,High (25k-60k),,0,No Contract,2,No,2,4,14.8,9.3,Yes,1,Wallet,04/25/2019,No
CUST01398,Bombay,63,Male,22700,Prepaid,44,139.72,4.62,414,31,0,N/A,3G,Realme,Mid (10k-25k),149.98,0,With Contract,2,No,2,3,,0.6,No,2,Debit Card,05-01-2024,No
CUST00688,Mumbai ,31,M,,Prepaid,3,103.88,10.13,624,33,3,No,4G,,High (25k-60k),103.1,0,No Contract,0,No,1,3,1.4,2.2,No,1,Wallet,23-02-2019,No
CUST01227,PUNE,54,,,Prepaid,28,181.04,9.93,428,25,1,yes,4G,Xiaomi,High (25k-60k),145.77,0,No Contract,2,No,1,1,5.5,5.3,Yes,0,Net Banking,26-09-2023,No
CUST00348,MUMBAI,51,Male,10900,Prepaid,9,600.44,45.13,296,22,0,N/A,4G,Apple,Low (<10k),563.23,0,With Contract,1,No,2,2,6.5,2.1,No,2,Wallet,27-07-2019,No
CUST00447,akola,35,Female,29200,POSTPAID,49,58.47,,792,29,0,N/A,4G,Xiaomi,Mid (10k-25k),66.6,1,No Contract,1,Yes,2,5,3.2,1.4,Yes,2,Debit Card,03-11-2022,No
CUST01351,Kolhapur,49,Female,8400,Postpaid,19,193.89,2.63,224,31,1,Yes,5G,Apple,Mid (10k-25k),223.14,0,No Contract,1,No,2,5,6.1,0.3,No,0,Credit Card,12-09-2019,No
CUST00380,PUNE,55,Female,13300,Prepaid,37,37.23,2.05,417,23,1,Yes,4G,Xiaomi,Premium (>60k),,1,No Contract,3,No,2,5,15.4,22.5,Yes,0,upi,20-09-2023,No
CUST01308,solapur,36,Male,,prepaid,37,130.91,2.39,,29,2,NO,4G,Samsung,Low (<10k),156.8,0,With Contract,1,No,2,,2.6,10.4,No,2,Cash,14-09-2021,No
CUST00621,Mumbai,68,M,26000,Prepaid,1,160.64,,502,18,0,N/A,4G,Samsung,Mid (10k-25k),156.96,0,No Contract,1,No,0,5,8.4,0.4,Yes,3,Cash,26-11-2019,No
CUST01226,Nashik,36,Male,29300,Postpaid,23,221.05,3.49,267,22,1,Yes,4G,Apple,Mid (10k-25k),266.82,4,No Contract,3,No,4,5,20.4,7.5,Yes,3,UPI,07-04-2022,No
CUST00232,Nagpur,46,Female,127100,prepaid,1,287.36,2.74,323,25,3,NO,4G,Apple,High (25k-60k),242,0,With Contract,1,No,0,3,8,3,No,0,Cash,10/22/2021,No
CUST00383,Nashik,41,Female,46900,Prepaid,17,247.06,0.75,473,19,0,N/A,4G,Realme,Low (<10k),216.07,1,No Contract,2,No,0,1,0.4,2.5,Yes,0,,08-06-2020,No
CUST00681,solapur,50,Male,20700,Postpaid,17,470.98,18.42,305,29,1,NO,4G,Samsung,Premium (>60k),420.11,1,No Contract,3,Yes,0,3,2.1,7.3,Yes,3,Debit Card,02-11-2023,No
CUST00073,Mumbai,41,M,26300,Prepaid,9,200.02,1.3,469,29,0,N/A,4G,Xiaomi,High (25k-60k),208.28,3,No Contract,2,No,1,4,0.8,2.2,Yes,0,Credit Card,04-06-2020,No
CUST00071,Aurangabad,85,,20200,Postpaid,22,180.16,0.79,,26,3,No,4G,,Low (<10k),172.29,0,No Contract,0,No,1,4,0.7,2.3,No,2,Debit Card,26-02-2024,No
CUST01117,MUMBAI,49,Male,24500,prepaid,24,236.25,10.86,317,24,0,N/A,4G,Oppo,High (25k-60k),190.56,1,With Contract,1,No,1,2,10.1,6.6,No,3,Cash,05-06-2023,No
CUST00586,Mumbai ,43,Female,25400,Prepaid,14,293.43,11.12,445,25,0,N/A,4G,OnePlus,High (25k-60k),341.19,0,With Contract,5,No,0,4,,14.9,Yes,0,UPI,03-10-2022,No
CUST00172,Bombay,37,F,14100,POSTPAID,18,74.43,5.54,188,18,2,Yes,4G,Oppo,High (25k-60k),83.52,0,No Contract,0,Yes,2,4,9,8.4,No,1,Debit Card,03/22/2024,No
CUST00169,Bombay,51,Male,14500,Prepaid,11,396.18,3.39,200,19,2,yes,4G,OnePlus,High (25k-60k),502.9,0,No Contract,1,No,4,3,0.4,1.4,Yes,1,,22-10-2022,No
CUST00494,mumbai,39,Male,30500,Prepaid,30,125.75,10.74,330,23,2,No,4G,OnePlus,Mid (10k-25k),122.98,1,No Contract,6,No,1,4,18,4.9,No,3,Cash,21-02-2022,No
CUST00588,Mumbai ,46,Female,47600,Prepaid,24,210,6.39,658,26,2,yes,4G,Apple,Low (<10k),248.45,0,No Contract,1,No,0,3,2.3,2.6,No,1,,11-11-2021,No
CUST00675,pune,33,Male,34100,Postpaid,26,473.47,5.71,988,27,2,Yes,4G,Samsung,Mid (10k-25k),612.5,0,No Contract,2,No,1,4,5.3,0.5,No,0,Wallet,29-10-2021,No
CUST00273,Kolhapur,,F,16600,Prepaid,15,73.61,16.23,799,29,2,yes,4G,Samsung,Mid (10k-25k),,1,No Contract,6,No,2,5,13.5,0.1,No,0,Credit Card,09-09-2019,No
CUST01026, Pune,52,Male,22800,Postpaid,5,405.99,5.13,585,32,1,Yes,3G,Samsung,Premium (>60k),457.33,2,With Contract,1,No,1,4,18.8,4.4,Yes,1,Debit Card,10-12-2023,Yes
CUST00421,solapur,54,Female,26300,Prepaid,3,166,1.65,681,23,3,yes,3G,Apple,Low (<10k),158.26,0,With Contract,0,No,2,,,14.6,Yes,0,UPI,30-04-2023,No
CUST00095,aurangabad,55,M,10400,Postpaid,2,364.14,0.58,,25,0,N/A,4G,Samsung,Low (<10k),452.23,1,With Contract,1,No,1,3,7.1,22.4,No,3,Net Banking,05/16/2019,No
CUST01098,Mumbai ,59,Female,19100,Prepaid,9,145.9,3.04,270,29,0,N/A,4G,Samsung,High (25k-60k),144,2,No Contract,1,No,1,4,20.8,3.3,No,3,Debit Card,15-12-2020,Yes
CUST01202,Mumbai,46,female,15300,Prepaid,7,185.23,14.12,293,36,1,Yes,4g,Oppo,Low (<10k),164.54,0,No Contract,1,No,2,4,0.4,7.2,Yes,1,Debit Card,03/17/2021,No
CUST00043,MUMBAI,67,Female,28300,Postpaid,18,78.47,,524,19,1,No,4G,,High (25k-60k),92.63,0,With Contract,3,No,2,3,5.3,2.6,Yes,1,UPI,23-04-2021,No
CUST00057,Mumbai,41,Female,45900,Prepaid,21,76.74,,320,34,1,Yes,4G,Xiaomi,Low (<10k),97.05,0,No Contract,2,No,2,5,14.9,6.6,No,0,Debit Card,15-11-2021,No
CUST01206,aurangabad,42,M,36300,Postpaid,5,340.1,0.18,258,30,1,No,4G,Xiaomi,Mid (10k-25k),433.88,0,No Contract,1,No,0,3,34.6,4.3,No,0,UPI,25-10-2023,No
CUST01339,Mumbai,43,M,46300,Postpaid,11,202.16,,413,29,2,yes,4G,Apple,Low (<10k),210.61,0,No Contract,2,No,2,5,0.7,4.4,No,0,Cash,16-01-2022,No
CUST00039,Thane,66,Male,32900,Postpaid,33,490.2,3.24,245,18,1,NO,4g,Vivo,Low (<10k),,1,No Contract,4,No,1,3,0.4,13.1,Yes,2,Debit Card,11/23/2020,No
CUST00307,nagpur,41,Female,22800,Prepaid,1,490.78,12.07,608,28,1,No,4G,OnePlus,High (25k-60k),600.38,0,No Contract,3,No,0,4,0.8,9.4,Yes,0,Wallet,21-06-2022,No
CUST00669,Mumbai,64,Female,16900,Prepaid,6,205.39,13.71,103,19,6,No,3G,Vivo,High (25k-60k),246.46,1,No Contract,5,No,1,3,,19.7,No,1,Debit Card,01-11-2022,No
CUST01142,PUNE,36,Male,22400,Prepaid,96,184.77,12.6,319,24,0,N/A,4G,Vivo,Low (<10k),239.75,0,No Contract,2,No,2,5,4.4,7.4,Yes,2,Wallet,26-10-2020,No
CUST00409,Navi Mumbai,47,Male,32600,Prepaid,17,148.58,9.52,268,20,1,NO,5G,OnePlus,Mid (10k-25k),118.97,1,With Contract,2,No,1,2,,7.1,Yes,2,Net Banking,09/13/2021,No
CUST00167,pune,40,Male,,prepaid,10,188.09,2.92,666,27,3,NO,4G,Xiaomi,Low (<10k),,0,No Contract,1,No,2,2,3.3,3.1,No,4,UPI,12/30/2023,No
CUST00535,aurangabad,37,,14900,Prepaid,2,353.89,5.3,726,27,3,No,4G,Vivo,High (25k-60k),359.69,0,No Contract,4,No,1,5,0.3,0.3,No,0,UPI,04-08-2023,Yes
CUST00877,Unknown,54,Male,,Postpaid,10,133.24,14.52,692,32,1,Yes,4G,Apple,High (25k-60k),162.3,1,No Contract,1,No,0,4,15.7,0.5,No,1,UPI,20-12-2019,No
CUST01436,Mumbai ,42,Male,38900,Postpaid,9,220.71,1.97,505,22,1,No,4G,OnePlus,Mid (10k-25k),228,2,No Contract,3,No,0,1,1.9,1.2,No,0,upi,11-08-2020,No
CUST01076, Pune,56,Female,14500,Prepaid,16,206.18,4.59,854,31,2,Yes,5G,Xiaomi,Low (<10k),244.43,1,NA,0,No,0,3,12.9,5.5,No,0,UPI,23-04-2022,No
CUST01426,Sangli,35,,43700,Postpaid,17,105.32,4.37,283,22,1,yes,4G,Oppo,Premium (>60k),127.02,0,With Contract,5,No,0,3,5.6,2.4,No,2,UPI,04-01-2023,No
CUST00702,MUMBAI,45,Male,14800,Postpaid,5,339.51,11.64,675,21,0,N/A,4g,Xiaomi,Mid (10k-25k),344.26,4,No Contract,0,Yes,3,,0.4,8.5,Yes,0,UPI,17-05-2024,Yes
CUST00955,pune,43,Female,45200,Postpaid,21,203.85,2.25,747,35,2,yes,3G,Samsung,High (25k-60k),236.71,2,No Contract,3,No,2,1,5.4,2.3,No,1,Credit Card,07-08-2021,No
CUST00317,PUNE,62,Male,10100,Prepaid,1,308.07,1.47,434,24,1,yes,4G,Samsung,Low (<10k),387.31,0,No Contract,0,No,2,1,11.1,0.7,No,1,Debit Card,17-02-2020,No
CUST01449,navi mumbai,39,Male,34200,Prepaid,0,163.97,2.97,280,23,1,Yes,4G,Samsung,Premium (>60k),169.89,3,No Contract,3,Yes,2,3,4.2,8.5,Yes,0,Wallet,11-05-2019,Yes
CUST01299,nashik,39,female,29200,Postpaid,28,396.22,4.08,603,25,1,NO,4G,Vivo,Mid (10k-25k),472.14,1,with contract,2,No,0,3,2.6,0.8,No,3,Debit Card,09-03-2020,No
CUST00517,pune,40,Male,,prepaid,4,202.87,1.13,415,22,3,yes,4G,Oppo,Low (<10k),182.3,0,With Contract,5,No,1,5,3,1.7,No,2,Credit Card,26-11-2021,No
CUST01121,amravati,59,M,29300,Prepaid,15,171.86,10.36,486,23,0,N/A,5G,Oppo,Mid (10k-25k),193.13,0,No Contract,0,No,2,4,12.8,5.8,No,2,UPI,03/16/2022,No
CUST00534,nagpur,51,female,,prepaid,15,248.23,16.61,353,29,1,yes,4G,Samsung,Low (<10k),317.93,1,with contract,3,No,1,3,5.3,5,Yes,0,UPI,02-03-2019,Yes
CUST00661, Pune,54,Female,,Postpaid,28,172.27,6.83,594,35,2,Yes,4G,Vivo,Mid (10k-25k),,2,With Contract,1,No,2,2,8.6,2.6,No,0,Debit Card,07-06-2024,No
CUST01281,nashik,58,Male,56400,Prepaid,10,188.71,9.04,,25,0,N/A,5G,Unknown,Mid (10k-25k),,0,No Contract,2,No,3,,0.8,3.4,No,1,UPI,19-05-2019,No
CUST01463,MUMBAI,36,Male,35000,Postpaid,2,421.99,3.47,218,28,0,N/A,4G,,Low (<10k),481.52,0,With Contract,0,Yes,4,3,8.2,3.9,No,1,Net Banking,07/27/2023,Yes
CUST00549,nagpur,77,Female,54800,Prepaid,27,301.13,3.02,541,28,0,N/A,4g,Samsung,Premium (>60k),322.47,0,With Contract,1,No,2,3,11.3,37.1,No,1,Credit Card,30-04-2020,No
CUST00454,NaviMumbai,39,M,93900,Postpaid,20,369.13,4.37,,21,2,Yes,4G,Apple,Low (<10k),474.08,1,With Contract,1,Yes,1,4,4,4,No,3,Cash,19-10-2020,No
CUST01233,Bombay,34,Male,25500,Prepaid,15,150.9,3.7,363,19,1,NO,4G,Realme,Low (<10k),189.93,0,With Contract,1,No,2,4,12.5,15.8,Yes,1,Debit Card,05-04-2022,No
CUST00900,Bombay,72,Female,102600,Postpaid,13,74.72,7.38,,29,1,Yes,4G,Vivo,Premium (>60k),70.77,0,No Contract,2,No,0,3,7.9,4.8,No,1,Net Banking,06-03-2020,No
CUST00571,Nagpur city,41,M,40000,Prepaid,30,329.78,0.02,425,28,0,N/A,NA,Vivo,High (25k-60k),365.47,1,With Contract,2,No,2,5,38.1,4.1,No,2,,15-01-2022,No
CUST00651,Bombay,47,Male,,Postpaid,0,303.07,3.46,506,31,1,yes,5G,Samsung,High (25k-60k),358.79,2,No Contract,0,No,0,3,9.5,1.9,Yes,2,Net Banking,09-02-2023,Yes
CUST00062,mumbai,34,Male,36400,Prepaid,3,157.72,11.08,96,24,1,Yes,3G,Realme,Mid (10k-25k),188.29,0,No Contract,1,No,1,3,2.6,1.2,No,0,Credit Card,13-11-2020,No
CUST01043,PUNE,68,,56000,Prepaid,12,163.62,5.15,621,31,1,NO,5G,Apple,Low (<10k),200.86,1,With Contract,1,Yes,1,2,1.3,25.6,No,0,UPI,16-10-2022,No
CUST00537,kolhapur,56,Male,18000,Prepaid,42,372.2,4.47,615,30,2,Yes,4G,Realme,Premium (>60k),473.58,1,No Contract,1,No,1,1,2.3,2.4,Yes,4,,04-09-2022,No
CUST01497,nashik,60,Male,,Postpaid,0,27.26,1.8,743,19,1,No,4G,Oppo,Mid (10k-25k),22.53,1,No Contract,4,No,2,2,3.1,7.7,Yes,2,UPI,27-04-2021,Yes
CUST01492, Pune,34,M,35500,prepaid,4,186.53,0.1,667,24,2,NO,4G,Samsung,Low (<10k),149.26,0,No Contract,4,No,2,2,3.9,4.2,No,1,UPI,30-01-2023,No
CUST00245,Mumbai,41,Female,,Postpaid,42,55.81,1.04,289,28,3,yes,4G,Apple,Low (<10k),54.93,0,No Contract,4,No,3,5,16.5,1.1,Yes,2,UPI,21-12-2022,No
CUST00026,Chhatrapati Sambhajinagar,32,Male,23800,Prepaid,96,238.57,1.96,224,27,2,No,4G,Samsung,High (25k-60k),281.21,2,With Contract,2,No,0,3,1.9,0,No,3,Wallet,11-06-2021,Yes
CUST00223,Mumbai ,42,Male,31700,prepaid,0,286.93,1.91,930,22,0,N/A,3G,Samsung,Mid (10k-25k),235.19,1,No Contract,2,No,2,3,7.6,0.8,No,1,Wallet,27-04-2022,No
CUST01498,pune,85,Male,40800,Postpaid,0,117.13,2.36,687,27,1,yes,4g,Xiaomi,Mid (10k-25k),137.57,0,with contract,2,No,1,2,8.9,0.6,Yes,0,Wallet,08/14/2023,No
CUST00106,Bombay,55,Female,,Prepaid,16,440.29,1.38,496,20,0,N/A,4G,Xiaomi,High (25k-60k),489.3,0,No Contract,0,No,1,1,6.7,9.9,No,0,upi,08/17/2019,No
CUST00755,Mumbai,47,F,22700,Postpaid,1,208.41,0.65,723,34,0,N/A,4G,Xiaomi,Low (<10k),190.57,0,With Contract,4,No,0,3,1.5,3.3,No,1,Debit Card,03-06-2021,No
CUST00510,?,72,Female,,Prepaid,4,148.34,16.06,638,28,3,Yes,4g,Vivo,Low (<10k),145.07,2,No Contract,0,No,1,4,9.6,0.2,No,2,Credit Card,04-11-2020,No
CUST00132,MUMBAI,48,Male,,Prepaid,24,200.96,3.4,608,25,1,NO,4G,Vivo,Mid (10k-25k),173.22,1,With Contract,4,Yes,2,4,8.2,5.9,Yes,4,Debit Card,18-04-2020,No
CUST00445,solapur,41,M,6400,Prepaid,0,344.62,,318,25,1,Yes,4G,Oppo,Low (<10k),353.07,2,No Contract,0,No,1,1,1.4,6.2,No,0,,08-02-2019,Yes
CUST00654,Aurangabad,38,F,,Prepaid,13,11,1.63,707,21,0,N/A,4G,OnePlus,Low (<10k),12.07,0,With Contract,3,No,1,5,17.6,2.1,No,0,Cash,11-07-2020,No
CUST00509,navi mumbai,37,Male,20000,Postpaid,11,102.01,5.55,632,22,1,yes,4G,Vivo,High (25k-60k),109.49,0,No Contract,1,No,2,4,0.5,12.2,No,0,Credit Card,11-08-2022,No
CUST00686,nagpur,58,male,13000,Prepaid,2,83.82,7.69,563,18,0,N/A,4G,Xiaomi,Mid (10k-25k),71.99,3,null,3,No,0,,4,17.7,Yes,0,Net Banking,27-04-2021,No
CUST00076,THANE,28,Male,36700,prepaid,49,98.71,8.05,,23,1,yes,4G,Oppo,Mid (10k-25k),97.06,1,With Contract,1,No,0,4,2.7,0.7,No,0,UPI,02-05-2021,No
CUST00037,Pune,57,Male,27600,POSTPAID,2,208.78,7.26,511,22,3,Yes,5G,Apple,Mid (10k-25k),198.36,0,No Contract,1,No,0,1,1.9,6.2,No,1,UPI,06-08-2023,Yes
CUST01333,MUMBAI,56,Male,52600,Prepaid,26,161.01,8.23,748,32,1,No,4G,Xiaomi,High (25k-60k),171.25,0,With Contract,3,No,1,5,11.6,0.3,Yes,0,UPI,19-04-2019,No
CUST00058,Mumbai,52,Female,13700,Postpaid,0,199.41,11.88,,23,3,NO,3G,Oppo,Low (<10k),207.52,0,No Contract,1,No,0,4,0.2,1.7,Yes,0,Net Banking,07-01-2019,Yes
CUST00197,THANE,44,Male,11600,Prepaid,11,303.57,8.52,271,29,4,NO,4G,Realme,Mid (10k-25k),367.4,0,No Contract,1,No,2,,0.8,3.7,Yes,1,Debit Card,02-12-2019,No
CUST01252,Nagpur city,70,Female,,Postpaid,22,270.1,8.67,324,18,1,yes,3G,Realme,Low (<10k),280.45,0,No Contract,2,No,2,2,1.1,2.3,Yes,0,Credit Card,02-06-2024,No
CUST00719,mumbai,55,F,19700,Postpaid,15,321.17,0.35,73,32,2,No,4G,Samsung,Mid (10k-25k),371.88,1,No Contract,8,No,2,2,3.4,4.7,Yes,1,Debit Card,17-09-2022,Yes
CUST01359,Bombay,46,Male,,Prepaid,1,273.17,,184,26,2,Yes,4G,OnePlus,Low (<10k),227.24,0,With Contract,3,No,0,1,4.4,2.1,No,1,Credit Card,10-05-2022,Yes
CUST00673,mumbai,44,Male,45000,Postpaid,5,234.96,0.34,541,29,1,NO,4G,Apple,Mid (10k-25k),264.81,1,No Contract,3,No,1,4,0.7,3.8,No,0,Credit Card,10/22/2022,Yes
CUST00478,nagpur,61,Female,39200,Prepaid,2,269.55,3.99,285,32,0,N/A,3G,,Mid (10k-25k),225.82,0,With Contract,1,No,1,5,6.9,7.4,No,1,UPI,26-09-2020,No
CUST00087,Thane,56,Female,,Postpaid,23,595.86,3.27,306,35,1,yes,3G,Xiaomi,Low (<10k),769.02,2,with contract,1,No,1,4,0.8,9.8,No,1,UPI,08-11-2023,No
CUST00562,Bombay,55,Female,25300,Prepaid,16,93.4,2.31,471,17,2,yes,3G,Oppo,Premium (>60k),94.4,2,No Contract,0,No,0,4,0,21.2,No,3,Wallet,02-12-2022,No
CUST00335,MUMBAI,37,F,,Prepaid,46,408.05,14.52,332,15,0,N/A,4G,Realme,Low (<10k),340.09,0,No Contract,0,No,2,3,3.5,2,No,2,Debit Card,30-10-2021,No
CUST01042,Solapur,48,M,32600,prepaid,0,129.72,13.35,181,21,1,Yes,4G,Samsung,Premium (>60k),123.21,0,With Contract,4,No,2,4,14,3,No,0,UPI,16-05-2019,Yes
CUST00829,Thane,32,Female,18200,Postpaid,10,222.32,5.63,944,29,1,yes,5G,Xiaomi,Low (<10k),210.79,1,No Contract,0,No,1,3,15.2,0,No,0,Cash,10-02-2020,No
CUST00916,pune,23,male,45000,Prepaid,39,268.95,11.58,430,27,1,NO,5G,Vivo,High (25k-60k),306,1,No Contract,1,No,2,4,2.3,7.6,No,3,Credit Card,17-03-2021,No
CUST01171,Nashik,,Female,48500,Prepaid,11,324.18,2.88,382,21,0,N/A,4G,samsung,NA,,0,No Contract,0,No,3,5,21.6,1.1,No,0,UPI,28-11-2023,No
CUST01460,thane,45,M,21700,Postpaid,4,157.03,0.55,161,28,3,yes,5G,Apple,Mid (10k-25k),190.11,2,with contract,2,No,0,2,11.6,1.2,Yes,0,Wallet,17-04-2023,Yes
CUST00539, Pune,62,Male,12000,prepaid,12,114.52,0.2,555,14,1,No,5G,Samsung,Mid (10k-25k),97.44,0,No Contract,1,No,1,4,7.6,11,Yes,0,UPI,19-06-2019,No
CUST01478,Aurangabad,42,Male,29300,Postpaid,4,340.77,1.13,355,24,1,No,4G,Oppo,Low (<10k),339.37,2,No Contract,0,No,2,5,6.1,0.5,Yes,1,Debit Card,13-10-2023,No
CUST00692,PUNE,45,Other,27600,prepaid,0,233.38,6.97,631,22,3,Yes,4G,Apple,Mid (10k-25k),226.24,2,No Contract,6,No,2,4,3.2,8.4,No,3,Credit Card,24-07-2022,No
CUST00419,thane,34,Female,,Prepaid,22,266.52,11.83,386,25,4,NO,4G,Oppo,Premium (>60k),225.03,1,No Contract,2,No,1,4,16.1,5,No,2,Debit Card,21-12-2020,Yes
CUST00962,Nashik,50,F,-1000,Prepaid,16,207.91,0.1,443,26,1,No,5G,Apple,Low (<10k),194.08,1,No Contract,1,No,3,2,2.3,7.3,No,2,Net Banking,06-03-2022,No
CUST01414,mumbai,56,male,,Prepaid,9,277.92,0.64,696,35,1,NO,4G,Xiaomi,High (25k-60k),361.08,1,with contract,2,No,0,3,10.9,1,Yes,0,Debit Card,07-09-2022,No
CUST01275,Nagpur,27,Female,52100,Prepaid,8,101.86,20.06,292,27,2,NO,4g,Realme,Low (<10k),102.23,2,No Contract,3,No,2,4,0.5,4.9,Yes,0,,02-08-2019,No
CUST00574,Nashik,47,F,28400,Prepaid,22,98.34,5.88,239,27,0,N/A,4G,Vivo,Low (<10k),118.12,1,No Contract,2,No,3,3,3.1,11.1,No,2,Wallet,12-05-2022,No
CUST01243,aurangabad,52,Male,46700,Prepaid,0,35.51,0.7,725,28,1,yes,4G,OnePlus,Low (<10k),42.42,0,With Contract,3,No,9,2,0,0.1,No,0,UPI,01-10-2019,No
CUST01282,THANE,60,F,26800,Postpaid,18,64.16,0.43,399,23,2,NO,5G,samsung,Low (<10k),69.88,2,With Contract,4,No,0,5,10.4,2.6,No,1,UPI,05-12-2022,No
CUST00333,Mumbai,69,Female,13900,Postpaid,0,259.57,1.86,410,23,2,No,4G,Samsung,Low (<10k),228.97,2,No Contract,3,No,1,4,14.1,3.3,No,0,Debit Card,18-01-2024,No
CUST01152,N/A,26,Male,14100,Prepaid,34,492.57,,574,20,3,No,5G,Samsung,Mid (10k-25k),561.56,2,No Contract,3,No,1,,26.8,3.4,No,3,Debit Card,04-01-2021,No
CUST00575,kolhapur,47,,19800,Prepaid,5,89.26,6.82,483,29,1,yes,4g,Apple,Mid (10k-25k),92.71,1,With Contract,1,No,2,3,2.2,1,Yes,0,UPI,18-08-2023,Yes
CUST01297,Mumbai ,41,Male,40700,Postpaid,23,108.37,12.71,,26,0,N/A,4G,Xiaomi,Low (<10k),128.82,1,No Contract,3,No,1,5,2.7,1.5,No,0,Wallet,27-10-2020,No
CUST01106,Bombay,48,Female,23600,Prepaid,39,301.06,1.5,564,20,1,yes,4G,Samsung,Low (<10k),376.42,1,With Contract,1,No,0,1,3.3,6.8,No,0,Debit Card,24-11-2022,Yes
CUST01365,THANE,48,Female,36800,Prepaid,51,84.04,5.63,284,28,1,NO,5G,Vivo,Mid (10k-25k),85.54,1,No Contract,0,No,4,4,3.4,13.9,Yes,3,Debit Card,03/31/2022,No
CUST01378,Nagpur city,,Male,65200,Prepaid,83,46.4,,634,25,0,N/A,4g,Vivo,Low (<10k),41.43,0,No Contract,3,No,0,2,0.9,4,Yes,1,UPI,04-03-2020,Yes
,,,,,,,,,,,,,,,,,,,,,,,,,,,,,
CUST00948,NaviMumbai,36,Male,27600,Prepaid,18,458.13,9.06,,27,0,N/A,4G,Samsung,Mid (10k-25k),443.11,1,With Contract,3,No,2,3,13,2.7,No,2,UPI,30-12-2019,No
CUST01184,NaviMumbai,30,Male,,Prepaid,17,275.63,12.25,295,28,0,N/A,2G,Xiaomi,Low (<10k),343.85,0,No Contract,3,Yes,0,5,8.2,13.1,Yes,1,Credit Card,06-01-2020,No
CUST00009,Nasik,40,Female,52700,prepaid,16,244.74,2.06,294,20,1,No,4G,OnePlus,Mid (10k-25k),220.21,1,No Contract,4,No,1,3,3.1,10.1,Yes,2,Wallet,07/14/2020,No
CUST01180,Nagpur,60,Female,61200,Prepaid,0,120.43,,656,33,0,N/A,3G,Realme,High (25k-60k),124.11,0,No Contract,3,No,0,2,17,11.9,Yes,3,Credit Card,22-12-2021,No
CUST01300,thane,38,Male,26200,Prepaid,13,552.87,2.97,441,16,0,N/A,5G,OnePlus,Premium (>60k),529.9,1,No Contract,4,No,1,2,4.7,7.4,No,1,,12-12-2020,Yes
CUST01196,amravati,59,Female,48100,prepaid,6,37.15,5.09,557,24,3,No,4G,Realme,Low (<10k),43.51,0,with contract,1,No,1,2,15.3,16.5,No,2,UPI,16-01-2021,No
CUST00305,thane,43,Male,22100,POSTPAID,21,135.18,1.24,334,25,0,N/A,4G,Apple,Mid (10k-25k),,1,With Contract,2,No,2,1,1.9,8.5,Yes,0,Cash,24-07-2021,No
CUST01140,Nasik,57,Female,45500,Postpaid,47,168.26,1.14,,28,0,N/A,4G,samsung,High (25k-60k),214.83,2,With Contract,5,No,1,2,26.1,2.1,No,2,Cash,13-07-2021,No
CUST01280,Nagpur,45,Male,25200,Prepaid,14,85.34,0.48,328,28,0,N/A,4g,OnePlus,Premium (>60k),106.53,0,No Contract,1,No,1,1,5.2,8.8,No,0,Net Banking,13-03-2024,No
CUST00075,THANE,49,Male,24800,Postpaid,8,150.3,2.91,284,29,1,yes,4G,Xiaomi,High (25k-60k),179.64,0,With Contract,1,No,0,2,8.3,5.2,Yes,0,Wallet,26-05-2021,No
CUST00864,Pune,65,Female,50800,prepaid,4,147.58,0.7,520,22,2,Yes,4g,Samsung,Mid (10k-25k),128.16,2,No Contract,2,No,1,4,3.2,16.9,No,0,Net Banking,09/17/2019,No
CUST00523,Sangli,37,male,18500,Prepaid,22,75.37,9.16,380,23,0,N/A,5G,Xiaomi,-,67.42,2,No Contract,1,No,2,2,,2.5,No,0,Debit Card,03-01-2020,No
CUST00336,Mumbai,80,Female,41900,Prepaid,9,325.08,0.18,497,29,3,No,4G,Vivo,Premium (>60k),270.84,1,No Contract,0,No,2,2,1.2,4.1,No,0,Debit Card,04-11-2024,No
CUST00570,Pune,67,Male,27500,Prepaid,12,113.55,3.6,649,32,0,N/A,4G,Xiaomi,Low (<10k),112.23,0,With Contract,0,No,0,1,5,6.4,No,1,UPI,01/27/2019,No
CUST00591,mumbai,55,M,17300,Prepaid,12,344.41,3.77,197,25,0,N/A,4G,Oppo,Mid (10k-25k),363.21,0,With Contract,3,No,0,4,5.8,5.1,No,0,Wallet,04-12-2022,No
CUST00089,amravati,47,Female,29400,Postpaid,22,152.49,3.45,639,27,1,Yes,3G,Samsung,High (25k-60k),169.63,1,No Contract,3,No,0,4,0.5,7,Yes,3,Cash,12-09-2021,No
CUST00740,pune,62,Male,40900,Postpaid,36,227.57,6.37,720,20,0,N/A,4G,Xiaomi,High (25k-60k),233.19,1,With Contract,0,No,0,2,1,7.1,Yes,1,Credit Card,14-03-2024,Yes
CUST00218,Aurangabad,52,,17300,Prepaid,2,141.37,11.33,884,28,0,N/A,4G,Xiaomi,High (25k-60k),179.9,2,No Contract,3,No,3,4,2.4,0.9,Yes,3,UPI,30-06-2022,No
CUST01035,Mumbai,28,M,74900,Postpaid,36,194.44,3.61,510,31,4,yes,4G,Samsung,Mid (10k-25k),163.98,1,With Contract,0,Yes,1,3,3.7,3.8,Yes,0,Cash,05-01-2024,Yes
CUST00174,Mumbai ,34,M,34200,Prepaid,16,82.06,4.08,,18,2,NO,4G,APPLE,High (25k-60k),104.76,0,No Contract,1,No,0,5,0.2,4.1,Yes,2,Wallet,04-10-2022,No
CUST01392,Mumbai ,26,Female,5600,Postpaid,50,128.08,6.23,595,25,1,Yes,4g,Vivo,High (25k-60k),163.78,1,No Contract,1,No,1,2,3.3,3.5,Yes,2,Wallet,01/30/2024,No
CUST00222,nagpur,47,Male,16900,Postpaid,20,226.39,7,786,23,3,NO,4G,Vivo,Mid (10k-25k),193.52,0,No Contract,1,No,2,4,0.1,0.7,No,0,Net Banking,25-09-2020,No
CUST00320,MUMBAI,64,Female,22800,prepaid,33,556.57,13.49,576,28,2,yes,4g,Samsung,Mid (10k-25k),477.86,3,No Contract,2,No,3,3,3.1,4.2,Yes,2,UPI,25-01-2023,Yes
CUST01318,Thane,85,Male,10600,Prepaid,23,301.56,12.92,387,18,1,Yes,4G,Apple,Low (<10k),259.16,0,No Contract,0,No,1,3,8.9,9.3,No,1,Credit Card,03-05-2019,No
CUST01354,thane,53,Other,18100,Prepaid,7,191.42,4.9,362,19,1,Yes,4G,Oppo,Low (<10k),203.46,1,With Contract,3,No,2,5,2,3.7,No,4,Credit Card,01-04-2019,No
CUST00807,navi mumbai,56,,155800,Prepaid,8,144.31,1.84,526,32,2,NO,4G,Samsung,Mid (10k-25k),172.22,0,No Contract,1,No,2,,,7.7,No,0,UPI,17-05-2020,No
CUST00267,Thane,84,M,,prepaid,73,75.46,0.63,704,32,0,N/A,4G,Oppo,Low (<10k),88.05,1,No Contract,0,Yes,0,4,7.3,2.6,No,2,UPI,12-10-2021,No
CUST00007,mumbai,36,Female,7700,Prepaid,56,554.91,0.44,688,28,1,yes,4G,OnePlus,Mid (10k-25k),711.06,0,With Contract,1,No,0,2,0.9,5.7,Yes,1,Credit Card,09-10-2021,No
CUST00792,nashik,46,Male,25000,Prepaid,11,281.58,0.19,525,25,1,No,4G,Vivo,Low (<10k),234.79,1,With Contract,1,No,1,2,11.3,7.2,Yes,0,Wallet,15-11-2023,No
CUST00139,PUNE,28,female,25000,Postpaid,7,173.19,8.91,,28,2,No,4g,Samsung,Low (<10k),150.61,0,No Contract,2,No,3,2,18.7,1.7,No,1,Credit Card,26-09-2019,No
CUST00164,nagpur,32,Female,42700,Prepaid,67,54.44,8.79,380,18,2,yes,5G,Realme,Mid (10k-25k),54.12,1,No Contract,3,No,0,1,24.6,0,Yes,1,Credit Card,02-12-2022,Yes
CUST01246,nashik,69,M,18600,Postpaid,29,437.61,11.93,338,35,1,No,2G,Samsung,Premium (>60k),389.22,1,With Contract,0,Yes,0,4,4.8,4.3,No,0,UPI,16-11-2022,No
CUST00595,amravati,56,Male,16800,Postpaid,3,114.81,2.07,637,26,2,No,5G,Oppo,Low (<10k),148.43,0,with contract,0,No,5,3,4.3,5.9,No,2,Net Banking,16-11-2023,No
CUST01428,NaviMumbai,71,female,20100,Postpaid,12,285.11,17.44,640,23,0,N/A,5G,Samsung,Low (<10k),291.36,0,No Contract,5,No,0,3,8.5,0.9,No,0,Wallet,24-04-2024,No
CUST01336,Thane,38,Other,52000,Prepaid,26,275.39,0.35,352,27,0,N/A,4G,Xiaomi,Low (<10k),265.24,1,No Contract,1,No,1,3,3.4,5.4,No,3,Net Banking,05-01-2023,No
CUST01143,Thane,24,M,9500,Prepaid,3,177.83,3.44,472,30,1,NO,4G,Samsung,High (25k-60k),154.9,2,No Contract,2,No,4,4,4,9,No,1,UPI,30-07-2021,No
CUST01438,thane,46,Female,,Postpaid,26,457.52,4.86,735,26,2,Yes,4G,Vivo,High (25k-60k),475.53,0,With Contract,2,Yes,1,2,5.1,9.4,No,0,Credit Card,18-04-2021,No
CUST00524,kolhapur,54,Male,42100,Prepaid,15,260.53,8.23,0,24,0,N/A,4G,Apple,Mid (10k-25k),253.81,3,With Contract,2,No,1,2,0.5,4,Yes,1,Cash,12-11-2021,No
CUST00861,aurangabad,44,Male,,Prepaid,21,213.51,1.68,,27,1,yes,4G,Xiaomi,High (25k-60k),246.53,1,With Contract,6,No,1,5,15.4,4.3,Yes,1,Debit Card,04/20/2020,No
CUST00821,Solapur,32,Other,56700,Postpaid,4,365.29,56.97,542,20,1,No,4G,Samsung,Low (<10k),343.46,0,With Contract,1,No,2,4,2.5,4.8,Yes,2,Net Banking,01-07-2020,No
CUST00579,Nagpur city,43,female,34000,Postpaid,2,149.81,11.07,325,28,2,No,4G,Apple,Mid (10k-25k),193.45,0,No Contract,0,No,1,5,,1.9,Yes,2,Wallet,10-05-2019,No
CUST00772,Kolhapur,41,Female,63900,Prepaid,31,80.54,3.62,477,36,0,N/A,4G,Xiaomi,High (25k-60k),78.06,0,With Contract,5,No,0,1,1.7,2.9,Yes,2,Credit Card,02/14/2019,No
CUST00020,pune,48,male,20900,prepaid,13,297.39,2.7,159,32,1,NO,4G,Vivo,Low (<10k),373.47,0,No Contract,2,No,3,2,1,1.9,No,1,Net Banking,07-12-2020,No
CUST00700,nagpur,60,Female,28500,Postpaid,12,297.81,0.16,,36,0,N/A,4G,Vivo,Low (<10k),286.07,0,None,0,No,2,3,21.8,2.6,Yes,0,UPI,04/28/2019,No
CUST00634,Nagpur,49,Female,146500,Prepaid,25,470.32,,251,27,0,N/A,4G,Realme,High (25k-60k),528.32,0,No Contract,1,No,0,1,1.9,2,No,1,Cash,12-08-2023,No
CUST01450,Thane,,male,59400,POSTPAID,8,280.66,6.7,394,15,0,N/A,4G,Vivo,Mid (10k-25k),237.77,2,No Contract,1,No,0,5,1.8,2.4,Yes,0,Net Banking,15-03-2019,No
CUST00619,solapur,64,Male,,Postpaid,7,337.42,0.99,589,25,0,N/A,5G,OnePlus,Low (<10k),426.2,1,No Contract,2,No,2,4,6.2,7.3,Yes,2,Credit Card,26-03-2024,No
CUST01170,Pune,82,Male,18100,prepaid,24,128.62,4.01,239,24,1,No,3G,Unknown,High (25k-60k),159.75,1,No Contract,1,No,0,3,2.7,0.5,Yes,3,UPI,06-10-2021,No
CUST00656,MUMBAI,74,Male,36800,Prepaid,43,87.41,4.17,409,27,1,yes,4G,Samsung,Mid (10k-25k),87.35,1,With Contract,2,No,1,1,3.4,13.1,Yes,4,,22-04-2021,No
CUST01494,Bombay,49,Female,57100,Prepaid,3,356.95,1.31,346,38,2,NO,5G,Xiaomi,Mid (10k-25k),339.42,0,No Contract,2,No,2,4,,7.7,No,4,UPI,08-11-2020,Yes
CUST01330,nagpur,38,Male,20800,Prepaid,41,134.37,2.87,830,25,2,yes,2G,Apple,Low (<10k),169.27,0,No Contract,1,Yes,3,5,13,1.1,Yes,2,UPI,26-12-2022,No
CUST00138,Thane,52,Male,8900,Postpaid,5,147.93,17.24,436,18,1,NO,4G,Vivo,Mid (10k-25k),185.82,1,No Contract,2,No,1,5,1.9,29.8,No,1,Cash,05-08-2021,Yes
CUST00558,Mumbai,29,Female,22800,Postpaid,8,41.37,8.69,254,26,1,yes,4G,Realme,High (25k-60k),48.97,0,With Contract,0,No,1,4,16.1,1.1,No,1,UPI,15-06-2019,No
CUST01419,PUNE,35,Female,17700,Postpaid,21,372.14,0.84,,16,1,Yes,4g,Vivo,Mid (10k-25k),403.32,2,With Contract,2,No,0,4,3.1,3.5,Yes,1,UPI,17-04-2024,No
CUST01353,PUNE,69,Male,10400,Postpaid,5,265.56,22.34,478,27,1,NO,5G,,Low (<10k),216.13,0,No Contract,0,No,0,3,3.2,0.5,Yes,0,UPI,06-12-2020,No
CUST00869,kolhapur,52,Male,73300,Prepaid,37,353.04,4.71,610,21,2,yes,3G,Vivo,Low (<10k),357.06,0,With Contract,4,No,2,3,5.7,4.2,No,0,,25-01-2024,No
CUST01230,PUNE,61,Female,36200,Postpaid,5,155.07,8.22,504,31,3,NO,3G,Apple,Mid (10k-25k),155.51,0,No Contract,1,No,1,3,17.4,1.4,No,0,UPI,16-11-2021,No
CUST00369,mumbai,31,Male,23800,Prepaid,25,412.41,0.29,476,18,1,NO,4G,Xiaomi,Mid (10k-25k),493.04,1,With Contract,1,No,3,3,12.5,9,Yes,1,Debit Card,20-04-2024,No
CUST01039,mumbai,42,M,12100,Postpaid,15,160.41,13.91,603,25,3,yes,4G,Realme,Unknown,148.32,1,No Contract,1,No,1,,4.7,0.2,No,1,Debit Card,09-01-2022,Yes
CUST00780,Thane,38,Male,22900,POSTPAID,40,54.71,6.48,598,22,0,N/A,4G,Samsung,Low (<10k),55.76,0,No Contract,2,No,1,,8.8,11.8,No,0,UPI,04-12-2022,No
CUST00328,Nasik,46,male,,Postpaid,0,169.6,1.92,680,24,1,No,4G,OnePlus,Premium (>60k),175.59,2,With Contract,0,No,4,5,16.4,3.3,No,0,Debit Card,06-10-2023,No
CUST00318,Mumbai,42,M,15600,Postpaid,30,161.63,10.53,377,25,0,N/A,4G,Oppo,Low (<10k),151.64,1,No Contract,3,No,2,4,2.2,10.3,No,0,Debit Card,05-03-2019,No
CUST01150,kolhapur,38,Female,57900,prepaid,21,344.51,6.82,169,27,4,NO,4G,Samsung,Mid (10k-25k),439.96,1,No Contract,2,No,0,3,2.7,3.9,No,1,upi,20-11-2021,Yes
CUST01115,Nashik,69,Male,41600,Postpaid,7,213.23,,761,35,0,N/A,4G,,Low (<10k),205.43,0,No Contract,2,No,2,1,1.8,7.9,Yes,1,Wallet,02-06-2022,No
CUST00529,Bombay,48,Male,31700,Prepaid,5,177.48,6.2,493,28,0,N/A,5G,Vivo,High (25k-60k),168.81,2,No Contract,3,No,2,3,1.4,2.1,No,0,UPI,04-04-2022,Yes
CUST00527,PUNE,66,M,51700,prepaid,3,412.32,1.55,405,23,1,NO,4G,,Mid (10k-25k),361.93,1,None,1,No,1,4,4.5,5.9,Yes,0,UPI,05-01-2021,Yes
CUST00088,nashik,57,Female,26700,Postpaid,1,302.72,13.23,325,22,1,yes,3G,Xiaomi,Low (<10k),342.1,2,With Contract,4,No,2,1,16.1,7,No,0,Wallet,05/20/2019,Yes
CUST00480,nagpur,36,,10900,Postpaid,1,67.75,6.31,,23,1,No,4G,OnePlus,High (25k-60k),62.59,0,No Contract,4,No,2,3,0.1,4.6,No,4,Debit Card,19-07-2019,Yes
CUST00339,pune,41,male,,Prepaid,27,157.71,0.17,,29,4,NO,5G,Xiaomi,Low (<10k),179.76,1,With Contract,4,No,4,4,2.8,5,No,0,UPI,26-06-2023,No
CUST00761,MUMBAI,38,M,32100,Prepaid,47,230.33,15.15,632,19,1,NO,4G,Realme,High (25k-60k),232.75,2,No Contract,2,No,3,,1,31.8,Yes,2,UPI,06-03-2021,Yes
CUST00658,Pune,53,Male,17200,Postpaid,8,160.95,3.89,497,26,4,No,4G,Apple,Low (<10k),160.91,0,With Contract,1,No,2,5,5.2,2.4,Yes,0,UPI,24-04-2023,No
CUST00149,Bombay,55,M,15500,Postpaid,24,508.99,,710,24,1,Yes,4G,Samsung,Low (<10k),657.91,0,No Contract,1,No,2,4,11.1,3.3,No,3,Credit Card,09-12-2022,No
CUST01224,NaviMumbai,63,Female,32400,prepaid,0,92.47,,261,25,1,Yes,4G,Xiaomi,Low (<10k),88.01,0,No Contract,2,No,2,3,0.5,5.2,No,4,UPI,19-12-2019,No
CUST01397,pune,51,Female,12000,Prepaid,41,178.96,30.76,357,17,3,Yes,4G,Oppo,High (25k-60k),150.22,2,No Contract,1,No,0,5,16.3,1.3,No,0,Credit Card,02-11-2022,No
CUST00029,Nashik,41,M,26600,prepaid,39,438.42,4.25,496,19,3,Yes,3G,Oppo,Mid (10k-25k),512.39,3,No Contract,3,No,3,2,0.7,8.9,Yes,2,Debit Card,03-09-2023,Yes
CUST00247,Pune,38,Male,13000,Prepaid,13,126.83,7.57,360,29,1,NO,4G,Vivo,Low (<10k),130.72,1,With Contract,1,No,3,4,2.9,3.4,Yes,1,UPI,09-03-2021,No
CUST00366,Pune,71,male,27000,Prepaid,4,282.54,4.08,701,35,6,Yes,4G,Xiaomi,High (25k-60k),293.31,1,With Contract,4,No,1,,3.4,2.2,No,2,Net Banking,07-10-2021,Yes
CUST01006,Thane,,Male,21000,Prepaid,32,258.24,3.6,677,23,4,No,4G,Oppo,Mid (10k-25k),329.58,1,No Contract,4,No,1,4,10.4,7.1,Yes,0,Wallet,25-05-2023,No
CUST01144,nagpur,52,Female,86800,Postpaid,26,109.14,1.92,672,24,2,yes,4G,Xiaomi,Premium (>60k),134.36,1,No Contract,3,No,2,4,0.4,2.9,No,0,Cash,11/28/2023,No
CUST01485,pune,50,Female,52700,Prepaid,14,154.39,,717,25,0,N/A,?,Samsung,Low (<10k),127.31,0,No Contract,2,No,0,,8.6,5.9,No,0,Credit Card,20-10-2022,No
CUST00199,Amravati,56,male,30000,Prepaid,0,251.65,1.17,798,27,2,NO,5G,Xiaomi,Mid (10k-25k),284.62,3,No Contract,0,No,0,3,3.4,4.6,Yes,1,Credit Card,06-04-2020,Yes
CUST00908, Pune,27,Male,54200,Prepaid,0,326.2,3.4,439,32,2,yes,4G,samsung,Mid (10k-25k),296.04,2,No Contract,1,No,1,4,4.3,1.2,Yes,3,UPI,11-11-2022,No
CUST01364,Nasik,56,Female,36400,Postpaid,22,122.01,5.52,425,24,0,N/A,5G,,High (25k-60k),132.84,0,No Contract,3,No,1,4,1.5,1,No,0,Debit Card,29-09-2020,No
CUST00405, Pune,46,M,42300,Postpaid,2,213.46,3.42,709,30,0,N/A,4G,,Low (<10k),274.21,1,No Contract,1,No,0,3,3.3,7.1,No,0,Wallet,12-11-2020,No
CUST01500,Kolhapur,40,F,14600,Postpaid,2,141.4,14.34,508,36,1,NO,4G,Oppo,Mid (10k-25k),130.99,0,No Contract,3,No,3,4,11.6,5.5,Yes,0,UPI,21-06-2021,Yes
CUST00484,Nasik,27,Female,18600,Prepaid,0,169.09,11.3,706,19,0,N/A,4G,Oppo,Low (<10k),142.76,1,With Contract,3,No,2,3,3.3,14.8,Yes,0,Cash,03/24/2023,Yes
CUST00159,Mumbai,36,Female,16200,Prepaid,22,402.49,13.19,128,24,0,N/A,4G,Oppo,Mid (10k-25k),510.33,0,No Contract,2,No,5,3,18.3,0.8,No,0,Credit Card,18-12-2022,Yes
CUST00316,Thane,52,,46000,Postpaid,22,410.33,0.05,680,27,1,yes,4G,Oppo,Low (<10k),350.93,2,No Contract,2,No,0,1,21,6.4,No,0,Debit Card,21-09-2021,No
CUST00257,Navi Mumbai,62,male,28200,Prepaid,2,179.57,3.83,503,21,2,Yes,4G,Vivo,Low (<10k),199.25,1,With Contract,1,No,4,3,11.1,1.6,Yes,0,UPI,19-05-2024,No
CUST00008,Kolhapur,33,Female,26500,Prepaid,21,176.37,4.89,801,20,0,N/A,5G,Samsung,Mid (10k-25k),142.9,2,With Contract,2,No,2,2,3.6,6.2,Yes,0,Credit Card,05-02-2019,No
CUST01200,mumbai,41,M,33400,Postpaid,37,148.56,7.58,,22,1,NO,3G,Xiaomi,High (25k-60k),131.6,1,No Contract,2,No,4,,4.1,2.3,Yes,2,UPI,21-05-2020,No
CUST00385,THANE,68,Male,24200,Prepaid,0,220.14,8.94,333,34,2,yes,4g,Vivo,Low (<10k),243.28,1,No Contract,2,No,2,2,5.1,7.2,Yes,4,Debit Card,06/28/2020,Yes
CUST00178,pune,27,Female,19800,Postpaid,14,106.48,4.91,653,19,1,NO,4G,Apple,Mid (10k-25k),134.13,0,With Contract,0,No,2,1,2.2,1.2,Yes,1,UPI,15-10-2019,No
CUST00758,Nagpur,56,Female,23000,Prepaid,21,323.36,9.8,461,24,2,Yes,3G,samsung,Low (<10k),378.51,0,null,0,No,1,4,0,8.7,Yes,3,Credit Card,30-04-2019,No
CUST00315,kolhapur,47,Male,19500,Prepaid,39,251.75,14.02,141,27,1,Yes,4g,Xiaomi,Low (<10k),296.5,1,With Contract,3,No,0,3,19,0.4,No,2,Cash,16-04-2023,No
CUST00358,Nasik,46,Female,41800,Postpaid,2,129.71,6.85,742,27,1,No,4G,Xiaomi,Mid (10k-25k),139.03,0,No Contract,1,Yes,4,3,6,4.1,Yes,0,UPI,15-10-2021,No
CUST00299,Nashik,27,Male,21800,Postpaid,5,275.11,2.17,427,23,0,N/A,4G,Realme,Low (<10k),261.39,1,No Contract,0,No,1,2,6.4,1.6,No,0,Net Banking,27-06-2022,No
CUST00456,Nagpur city,56,male,12500,prepaid,51,130.72,8.51,150,17,1,No,4G,,Mid (10k-25k),110.7,1,No Contract,2,No,3,4,8.4,3.1,Yes,2,upi,17-06-2019,No
CUST00544,THANE,,Male,34000,Prepaid,21,226.63,3,786,27,2,Yes,5G,Realme,Premium (>60k),,1,With Contract,1,Yes,2,3,,6.2,No,4,Net Banking,27-11-2020,No
CUST00663,Nashik,28,Male,27900,Prepaid,15,226.53,1.11,627,21,1,NO,4G,Samsung,Premium (>60k),224.23,4,-,3,No,0,1,3.5,0.8,No,0,upi,10-01-2024,No
CUST00597,Thane,85,Female,94000,Postpaid,64,436.58,15.17,705,31,0,N/A,4G,Vivo,Mid (10k-25k),490.98,0,No Contract,4,No,4,2,7.7,9.1,No,0,Credit Card,02-12-2023,No
CUST01190,THANE,79,Female,18400,Prepaid,21,217.46,2.31,107,24,3,yes,4G,APPLE,Low (<10k),207.1,1,No Contract,3,Yes,0,,1.5,1,Yes,0,Net Banking,11/21/2021,No
CUST01334,Akola,77,Male,,Prepaid,51,432.8,15.98,,28,1,yes,4G,Samsung,Low (<10k),367.86,0,With Contract,1,No,0,1,6.9,2.2,No,0,Cash,10/13/2019,No
CUST00528,Mumbai ,80,female,40700,Prepaid,27,343.23,4.84,325,26,2,yes,4G,Xiaomi,High (25k-60k),444.92,0,No Contract,1,Yes,3,5,3.5,1.7,No,0,Debit Card,12-10-2019,No
CUST01266,Mumbai,47,male,48400,Prepaid,0,212.57,1.98,5,37,1,Yes,4G,Oppo,Premium (>60k),188.9,0,No Contract,2,No,2,1,9.7,0.7,No,2,Cash,02/26/2019,No
CUST00160,Thane,55,Female,46900,Prepaid,2,232.86,10.84,266,31,2,Yes,4G,Xiaomi,Mid (10k-25k),261.03,0,With Contract,2,No,1,3,2.2,10.8,No,1,UPI,17-08-2022,No
CUST01468,pune,63,Female,36100,Prepaid,6,82.09,9.14,326,22,1,No,5G,Oppo,Low (<10k),88.58,3,With Contract,1,No,0,4,10.2,8.4,Yes,0,UPI,16-06-2024,No
CUST00361, Pune,43,M,,Prepaid,12,83.91,1.79,599,15,2,yes,4g,Samsung,Mid (10k-25k),92.49,0,No Contract,2,No,0,4,4,3.6,No,1,Cash,22-02-2022,No
CUST01332,thane,,,24000,Prepaid,76,199.02,3.49,276,32,3,Yes,4G,Xiaomi,Low (<10k),252.13,0,With Contract,1,No,4,3,12.3,12.6,Yes,1,UPI,10-11-2022,No
CUST00203,Mumbai,63,Male,42200,Prepaid,39,90.67,4.15,689,21,3,Yes,5G,Samsung,Low (<10k),82.71,1,With Contract,3,No,3,1,6.2,14.3,No,1,UPI,28-10-2019,No
CUST00921,Kolhapur,51,Male,,Prepaid,3,387.24,2.69,458,20,2,yes,3G,Apple,Premium (>60k),400.55,0,No Contract,2,No,1,5,11.5,2.2,Yes,2,UPI,10/30/2023,No
CUST00782,nagpur,,Male,31600,Postpaid,2,772.96,8.35,728,38,3,No,4G,Realme,Low (<10k),808.9,2,No Contract,3,Yes,3,3,14.9,0.8,No,0,UPI,13-06-2023,Yes
CUST00113,Navi Mumbai,23,Female,36700,Postpaid,5,54.81,1.79,326,24,1,yes,4G,Xiaomi,High (25k-60k),70.89,1,No Contract,1,No,1,4,8.3,19,No,3,UPI,03-03-2023,No
CUST00899,None,74,Female,56800,Prepaid,17,500.28,,304,31,3,yes,4G,Xiaomi,Low (<10k),601.62,1,No Contract,1,No,1,3,8,10.4,Yes,1,Cash,04-04-2020,No
CUST00308,Pune,54,Male,7200,POSTPAID,3,283.02,12.86,500,24,4,No,5G,Oppo,Mid (10k-25k),273.88,0,No Contract,2,Yes,1,2,,8.4,No,0,upi,10-10-2020,Yes
CUST00852,aurangabad,59,Other,41300,Prepaid,14,164.62,0.93,509,32,1,yes,4G,Unknown,Low (<10k),188.76,1,With Contract,1,Yes,2,3,7.6,13.8,No,1,Cash,17-05-2024,No
CUST00423,Bombay,66,Female,51700,Prepaid,12,401.85,12.05,402,28,1,Yes,4G,Xiaomi,Mid (10k-25k),422.03,1,With Contract,0,No,2,3,5.8,1.3,Yes,0,UPI,02-08-2021,Yes
CUST01107,PUNE,31,Male,28000,Prepaid,35,152.53,1.31,324,31,1,NO,4G,Samsung,Premium (>60k),194.43,0,No Contract,3,No,2,4,5.8,5.9,Yes,0,UPI,03-02-2020,No
CUST01118,Amravati,29,Male,15500,Postpaid,4,291.84,3.15,522,14,1,Yes,NA,Apple,Low (<10k),261.78,4,With Contract,2,No,1,3,1.3,1,No,1,Wallet,08/14/2020,No
CUST00954,navi mumbai,44,Male,36700,Prepaid,9,193.99,10.49,599,30,1,yes,4G,samsung,Mid (10k-25k),247.25,0,No Contract,3,No,1,2,0.1,3.1,Yes,2,Debit Card,10-11-2019,No
CUST00460,MUMBAI,63,M,70200,Prepaid,9,203.54,1.2,,31,0,N/A,4G,Realme,High (25k-60k),196.83,1,With Contract,2,No,1,4,4.5,4.2,No,0,upi,22-09-2019,No
CUST01443,thane,49,Male,15800,Prepaid,14,270.42,4.17,569,21,1,Yes,5G,Samsung,Mid (10k-25k),332.53,0,No Contract,2,No,4,5,8.5,0.6,Yes,2,Wallet,28-10-2020,No
CUST01307,thane,70,M,20800,POSTPAID,15,90.83,9.04,414,25,1,NO,4G,Oppo,Mid (10k-25k),95.07,1,With Contract,1,No,1,4,8.3,12,Yes,0,upi,08-01-2023,No
CUST00763,Bombay,47,F,21000,prepaid,17,220.16,4.49,590,28,2,yes,4G,Vivo,Premium (>60k),235.85,2,No Contract,3,No,0,5,,3.7,No,2,UPI,07-03-2019,No
CUST01335,Sangli,45,Female,24300,Prepaid,4,65.82,14.29,129,18,0,N/A,3G,Xiaomi,Low (<10k),67.46,3,With Contract,1,No,1,3,2,14.4,No,0,UPI,10-06-2021,Yes
CUST00928,Nagpur,39,male,Rs.56100.0,Prepaid,4,260.56,0.31,54,25,0,N/A,5G,OnePlus,Mid (10k-25k),325.08,1,With Contract,3,No,1,3,17.1,15.4,Yes,1,upi,05/25/2019,No
CUST00450,MUMBAI,43,Female,21400,Prepaid,12,78.38,1.81,595,32,0,N/A,4g,Apple,High (25k-60k),93.46,1,With Contract,1,No,1,2,4.2,0.6,No,0,Wallet,10-02-2019,No
CUST01257,Bombay,,Female,15400,Prepaid,0,332.62,11.03,18,27,3,yes,3G,Xiaomi,High (25k-60k),356.52,0,With Contract,5,No,0,5,1.7,1,Yes,0,Credit Card,30-03-2020,No
CUST00680,kolhapur,34,Female,8600,prepaid,49,169.62,4.74,375,25,0,N/A,4G,Samsung,Mid (10k-25k),,1,With Contract,0,No,1,5,4.9,2.7,No,2,UPI,10-03-2022,No
CUST00693,Nagpur,85,Female,49700,prepaid,0,365.84,4.14,273,25,3,NO,4g,Vivo,Low (<10k),322.56,1,No Contract,3,No,1,4,19.7,2.2,Yes,2,Cash,04/23/2019,No
CUST00987,THANE,66,Female,,prepaid,3,142.86,6.23,550,23,0,N/A,4g,Samsung,Mid (10k-25k),148.1,1,With Contract,3,Yes,1,1,5,14.7,Yes,4,Credit Card,09-06-2022,No
CUST00081,kolhapur,61,Male,11800,Postpaid,3,479.11,6.95,539,37,2,yes,4G,Xiaomi,Mid (10k-25k),485.12,1,No Contract,2,No,2,5,0.3,0.4,Yes,1,upi,13-05-2019,No
CUST01321,Bombay,50,male,46100,Prepaid,10,213.23,2.12,241,19,0,N/A,4G,Xiaomi,Mid (10k-25k),178.87,1,No Contract,1,No,0,1,,7.5,Yes,3,UPI,08/16/2020,No
CUST00998,mumbai,57,F,9700,Prepaid,1,185.49,1.42,470,18,2,No,4g,,Mid (10k-25k),225.03,1,No Contract,2,No,2,4,11.1,0.1,Yes,0,upi,12-04-2021,Yes
CUST01232,mumbai,62,Female,,Postpaid,26,346.64,12.51,349,28,0,N/A,4G,Apple,Premium (>60k),428.5,1,With Contract,1,No,1,2,26.1,6.4,No,0,Cash,13-05-2023,No
CUST00216,mumbai,49,female,13600,Prepaid,0,159.65,3.79,533,24,1,Yes,4G,Realme,Mid (10k-25k),145.84,2,with contract,2,Yes,2,5,3.6,0.1,No,4,UPI,27-03-2020,No
CUST00965,PUNE,69,Female,23700,Postpaid,10,403.54,4.81,767,24,0,N/A,5G,Oppo,Low (<10k),425.93,1,No Contract,2,No,2,2,0.1,4.8,Yes,0,Credit Card,29-03-2019,No
CUST00031,nashik,,Male,13300,Prepaid,23,509.61,5.97,195,20,5,Yes,4g,,Low (<10k),447.96,0,No Contract,1,No,0,4,2.4,1.8,Yes,1,Debit Card,15-08-2022,No
CUST00243,navi mumbai,33,M,49800,prepaid,29,155.26,4.59,692,32,2,No,3G,Vivo,Mid (10k-25k),137.47,3,No Contract,2,No,0,1,8,12.5,No,0,Net Banking,05-11-2023,Yes
CUST01309,PUNE,32,Female,Rs.13300.0,Postpaid,47,164.07,3.83,683,31,1,No,4G,Xiaomi,Low (<10k),,1,No Contract,2,No,0,4,20.1,1.3,Yes,0,UPI,12-10-2022,No
CUST00642,PUNE,55,Female,21900,Postpaid,91,118.69,0.14,610,17,1,Yes,3G,Samsung,Mid (10k-25k),138.37,2,-,5,No,2,4,8.4,4.4,No,2,,17-04-2021,No
CUST00697, Pune,49,Female,38100,Postpaid,28,400.36,2.97,0,22,0,N/A,5G,Xiaomi,High (25k-60k),457.3,0,No Contract,4,No,0,,11.5,0.8,Yes,1,Net Banking,22-05-2020,Yes
CUST00210,Bombay,57,Female,34700,prepaid,4,326.95,,883,20,1,No,5G,Vivo,Mid (10k-25k),311.81,1,No Contract,0,No,2,,15.2,12.9,Yes,1,Net Banking,11-08-2021,No
CUST00841,Bombay,51,M,6400,Prepaid,88,392.25,10.79,589,26,3,yes,4G,Samsung,Low (<10k),336.09,1,With Contract,2,No,1,4,0.5,7.2,No,2,Credit Card,01-01-2019,No
CUST00771,Mumbai,51,Male,52200,Postpaid,2,133.11,1,947,24,3,yes,4g,Samsung,Mid (10k-25k),131.98,0,With Contract,4,No,2,4,11.6,2.1,No,2,UPI,06-10-2022,Yes
CUST00753,None,85,Female,32200,prepaid,2,196.95,,,24,3,No,4G,Apple,Mid (10k-25k),191.31,2,No Contract,4,No,0,5,0,1.1,No,0,Debit Card,27-11-2019,Yes
CUST01317,nagpur,48,Female,97500,Prepaid,0,249.88,10.47,662,29,1,NO,4G,Oppo,Mid (10k-25k),264.21,2,No Contract,3,No,3,3,3.1,3.3,Yes,0,Cash,20-06-2021,No
CUST00436,thane,,M,71800,Prepaid,6,198.19,3.74,454,27,2,NO,4G,,Low (<10k),164.17,0,With Contract,7,No,0,3,21.6,5.2,No,1,UPI,01/21/2023,No
CUST01324,Mumbai,52,Male,40500,Postpaid,6,243.92,6.83,554,25,3,NO,4G,Xiaomi,Mid (10k-25k),313.36,1,No Contract,4,No,2,2,7.2,3.2,Yes,1,UPI,09-11-2020,No
CUST01461,Pune,44,Male,56200,POSTPAID,48,92.84,0.12,383,21,0,N/A,4G,Samsung,Low (<10k),98.38,1,With Contract,2,No,1,5,3.9,11.9,Yes,0,UPI,07-04-2021,No
CUST01103,Amravati,44,M,26600,Prepaid,0,146.85,,1107,20,0,N/A,N/A,Vivo,Low (<10k),117.82,0,No Contract,4,No,1,4,20.6,2.4,Yes,0,Cash,06/13/2022,No
CUST01379,PUNE,52,Female,36100,Prepaid,1,74.73,5.14,635,19,2,NO,4G,samsung,Low (<10k),94.98,3,With Contract,6,No,4,3,0.1,31,No,0,Debit Card,11/22/2020,Yes
CUST00689,Chhatrapati Sambhajinagar,36,M,29200,Prepaid,13,161.86,11.53,792,20,0,N/A,4G,Xiaomi,Low (<10k),162.66,0,No Contract,1,No,1,3,22.3,19.1,No,0,Cash,03-09-2021,No
CUST00552,Kolhapur,41,Female,23100,Postpaid,18,114.11,5.84,404,19,0,N/A,4G,Unknown,Mid (10k-25k),118.73,0,No Contract,3,No,0,,9.6,2.3,No,0,UPI,14-09-2021,No
CUST00545,nashik,45,F,54200,Prepaid,2,44.42,1.91,636,32,3,No,4G,samsung,Mid (10k-25k),39.06,1,No Contract,3,No,2,1,29.6,4.9,Yes,0,Net Banking,11/13/2019,Yes
CUST01099,aurangabad,35,Male,27600,Prepaid,11,557.3,,0,32,1,No,4G,Vivo,High (25k-60k),492.25,0,No Contract,0,No,1,5,6.1,5.4,Yes,1,Cash,12/23/2022,No
CUST01356,Amravati,85,Female,43700,Prepaid,25,174.48,2.12,412,20,1,NO,4G,Realme,Premium (>60k),223.71,1,With Contract,0,No,1,5,5.9,1.9,No,0,UPI,20-07-2019,No
CUST00872,mumbai,64,F,25500,Prepaid,6,36.41,0.34,6,20,1,Yes,4G,Samsung,Premium (>60k),47.02,0,With Contract,3,Yes,1,5,39,11.5,No,2,Cash,18-12-2023,No
CUST01313,Nagpur,48,Female,11900,Prepaid,24,175.36,3.04,838,17,3,Yes,4G,,Mid (10k-25k),,0,with contract,0,No,0,4,0.3,12.3,Yes,1,Net Banking,20-02-2019,No
CUST00404,Solapur,51,Male,19400,Prepaid,7,423.97,4.43,416,28,1,NO,3G,Samsung,Premium (>60k),436.09,0,No Contract,2,No,1,5,4.3,4.5,Yes,0,Credit Card,17-03-2019,No
CUST01493,Bombay,70,Female,67800,Postpaid,10,223.86,2.32,420,28,0,N/A,4G,Oppo,Low (<10k),191.34,0,No Contract,1,No,0,5,3.9,1.6,No,4,UPI,05/28/2021,No
CUST00363, Pune,56,Male,37100,prepaid,13,54.28,3.5,1069,19,1,yes,4g,,Low (<10k),61.07,1,No Contract,4,No,1,3,14.4,6,Yes,4,Cash,03-01-2021,No
CUST00272,solapur,35,M,56400,Prepaid,69,146.16,17.42,329,27,3,Yes,4G,Oppo,Low (<10k),172.02,1,With Contract,1,No,1,3,1.7,10.6,No,1,UPI,01/21/2024,No
CUST00467,pune,51,Male,14300,prepaid,45,374.17,6.07,332,22,3,yes,5G,Realme,Low (<10k),473.22,2,No Contract,4,No,0,4,2.1,10.3,Yes,3,Debit Card,09/24/2021,No
CUST01349,akola,,Female,,prepaid,51,228.24,9.23,385,22,0,N/A,3G,Vivo,Low (<10k),269.4,0,With Contract,4,Yes,0,2,7.8,6.5,Yes,0,UPI,02-06-2024,No
CUST01110,mumbai,55,Male,31400,Prepaid,12,116.85,0.93,816,24,0,N/A,4G,,Premium (>60k),101.77,2,No Contract,0,Yes,2,3,,2.3,Yes,0,upi,15-01-2021,No
CUST00947,Bombay,53,Male,16700,Postpaid,3,102.63,3.83,286,24,1,No,4G,Apple,Mid (10k-25k),91.51,1,No Contract,5,No,1,4,3.3,6.9,Yes,0,Credit Card,04-12-2023,Yes
CUST00278,Thane,45,Female,23600,Prepaid,17,210.61,4.44,,21,2,NO,3G,Xiaomi,Mid (10k-25k),204.51,0,No Contract,2,No,2,4,1.6,4.9,No,0,upi,02-06-2019,No
CUST01347, Pune,52,M,26500,Prepaid,32,69.19,3.91,734,29,0,N/A,3G,Oppo,Mid (10k-25k),55.5,0,No Contract,1,No,1,4,8.2,5.2,No,3,Debit Card,28-02-2019,No
CUST01434,THANE,53,Female,6400,Prepaid,37,121.77,0.23,235,31,0,N/A,3G,,Low (<10k),148.08,2,with contract,4,No,2,5,3.4,15,Yes,0,UPI,21-03-2020,No
CUST00971,THANE,72,Male,,Prepaid,28,272.52,4.8,393,28,0,N/A,4G,,Mid (10k-25k),281.41,1,With Contract,2,No,1,4,2.2,1.9,Yes,1,,06-09-2023,No
CUST00442,Akola,43,Male,35300,Prepaid,0,72.19,0.1,465,28,1,NO,4G,samsung,Low (<10k),64.8,2,No Contract,3,No,2,5,2,2.7,No,2,UPI,31-07-2023,Yes
CUST01127,Bombay,,Male,53200,Prepaid,10,146,0.09,399,30,0,N/A,4G,,High (25k-60k),163.24,0,No Contract,4,No,1,3,,6.5,No,0,Net Banking,15-03-2021,No
CUST00787,Nashik,39,female,25200,Prepaid,35,89.02,0.7,300,31,0,N/A,5G,Oppo,Mid (10k-25k),113.29,2,With Contract,0,No,2,,2.8,1.2,Yes,1,UPI,28-06-2019,No
CUST01161,solapur,56,Female,19300,Prepaid,19,166.72,4.63,946,25,3,NO,4G,Apple,High (25k-60k),149.59,2,With Contract,1,No,1,4,9.6,26.8,No,1,UPI,26-09-2021,No
CUST00443, Pune,34,M,28300,Postpaid,21,255.86,30.69,687,27,2,yes,5G,Vivo,Low (<10k),303.89,0,No Contract,2,No,3,4,10.4,27.3,No,0,UPI,06-11-2023,No
CUST00300,MUMBAI,80,Male,42700,Prepaid,12,71.89,4.91,,24,1,Yes,4G,Xiaomi,Mid (10k-25k),91.57,1,No Contract,6,No,2,5,19,2.6,No,1,Wallet,06-09-2022,No
CUST01329,Thane,150,Female,16400,prepaid,6,184.81,13.17,693,28,0,N/A,4G,Oppo,Mid (10k-25k),,1,No Contract,4,No,2,3,16,11.6,Yes,0,UPI,10-04-2020,No
CUST00376, Pune,55,Female,39600,Postpaid,8,474.74,2.18,173,24,0,N/A,4G,OnePlus,Premium (>60k),594.81,0,With Contract,4,No,1,4,35.2,0.1,No,2,Wallet,12-05-2021,No
CUST01322,Mumbai,49,Male,52800,Prepaid,34,298.9,1.6,491,22,0,N/A,4G,Oppo,Mid (10k-25k),338.11,0,No Contract,4,No,2,5,13.6,1,Yes,0,UPI,05-07-2022,No
CUST01129,PUNE,,Female,24400,Postpaid,42,348.74,1.01,480,31,0,N/A,4G,Xiaomi,Mid (10k-25k),281.98,0,No Contract,2,No,1,,0.9,3,No,1,Credit Card,08-03-2022,No
CUST01442,Bombay,57,Female,8000,prepaid,34,257.71,7.96,47,22,0,N/A,4G,samsung,Premium (>60k),264.74,0,No Contract,0,Yes,1,,6.3,1.7,Yes,0,UPI,11-02-2021,No
CUST01187,THANE,54,Male,11400,Postpaid,36,189.38,4.47,674,29,1,Yes,4G,Oppo,Mid (10k-25k),175.45,0,No Contract,3,No,1,2,1.4,8.5,Yes,0,Wallet,08-06-2023,No
CUST01000,Pune,49,,,Postpaid,8,174.56,12.74,454,31,4,No,3G,Samsung,High (25k-60k),190.23,1,No Contract,2,No,3,3,20.8,1.2,No,0,Debit Card,03/25/2019,No
CUST00473,Mumbai ,78,Male,39400,Prepaid,9,219.87,0,917,22,0,N/A,4G,Oppo,High (25k-60k),217.48,1,null,1,No,1,3,8.3,5.6,Yes,0,Debit Card,26-02-2019,No
CUST01183,nashik,48,Male,25500,Prepaid,19,483.84,6.43,381,24,1,No,3G,Realme,High (25k-60k),467.36,0,With Contract,1,No,2,2,4.8,12,Yes,0,Credit Card,28-11-2020,No
CUST00564,Mumbai ,74,Female,48200,Prepaid,42,87.54,0.3,248,29,0,N/A,4G,Xiaomi,High (25k-60k),104.79,0,With Contract,3,No,2,5,3.6,0.1,Yes,0,Cash,05-02-2023,No
CUST01371,sangli,38,F,35000,Prepaid,18,157.63,3.47,593,24,2,No,4G,Xiaomi,Mid (10k-25k),143.71,2,No Contract,3,No,1,4,6.4,9.2,No,2,Cash,29-01-2019,No
CUST00751,Bombay,53,Male,10100,Prepaid,6,567.19,0.14,458,21,1,yes,4G,Samsung,Mid (10k-25k),701.33,1,No Contract,0,No,1,3,,3.2,Yes,1,Credit Card,21-10-2020,No
CUST00389,aurangabad,80,M,16900,POSTPAID,22,609.36,3.31,526,21,0,N/A,3G,Vivo,Low (<10k),702.55,0,With Contract,3,Yes,0,4,8.3,9.5,Yes,0,Credit Card,02-08-2021,No
CUST00023, Pune,28,Male,22000,Postpaid,9,467.18,2.45,515,26,1,NO,2G,Oppo,Low (<10k),480.85,0,No Contract,4,No,4,3,6.1,1.8,No,4,UPI,10/18/2022,No
CUST00834,Mumbai,39,Female,15600,Prepaid,40,132.68,3.75,467,35,1,yes,4G,Vivo,Low (<10k),141.62,1,No Contract,5,No,2,2,26.8,2.9,No,1,Debit Card,14-01-2023,No
CUST00125,Mumbai ,53,Male,43300,Prepaid,4,444.99,15.23,503,23,1,yes,4G,Apple,Mid (10k-25k),444.49,0,with contract,3,No,1,5,18.7,4.7,No,1,UPI,05-07-2020,No
CUST00424,nagpur,78,Male,17200,Postpaid,7,56.76,16.77,604,25,1,yes,4G,Vivo,Mid (10k-25k),56.61,2,No Contract,2,No,4,3,32.1,6.8,No,2,UPI,06/16/2022,Yes
CUST00774,PUNE,,Female,16200,Prepaid,84,31.86,5.07,206,22,3,Yes,5G,Realme,Mid (10k-25k),39.54,5,with contract,4,No,1,,6.5,1.7,Yes,3,UPI,08/20/2020,No
CUST01383,Sangli,34,Male,58800,POSTPAID,16,257.27,11.63,811,34,1,yes,4G,Apple,Low (<10k),320.51,1,With Contract,6,No,3,5,7.6,1.2,Yes,1,UPI,02/26/2021,No
CUST00471,Bombay,63,Male,29200,Postpaid,8,325.55,,586,28,0,N/A,5G,Samsung,Mid (10k-25k),343.53,0,No Contract,2,Yes,1,3,12.4,39.3,Yes,0,UPI,18-09-2023,No
CUST00722,mumbai,27,Female,36700,Prepaid,0,109.89,5.64,318,24,1,yes,3G,Samsung,Low (<10k),96.3,0,With Contract,2,No,1,4,22.9,5.7,Yes,2,UPI,15-01-2022,No
CUST01038,thane,83,Male,15700,POSTPAID,34,81.43,5,274,36,1,No,4G,Unknown,Low (<10k),71.34,0,With Contract,2,No,1,2,3.7,1.2,Yes,0,Net Banking,05/16/2019,No
CUST00182,MUMBAI,44,female,27100,Prepaid,30,839.71,8.11,662,22,2,NO,4G,Samsung,Low (<10k),857.57,0,No Contract,2,No,0,4,0.1,7.7,No,0,UPI,11-01-2022,No
CUST00143,Nagpur city,63,Female,23900,Postpaid,12,183.42,3.99,284,17,1,Yes,3G,Oppo,Mid (10k-25k),175.24,0,No Contract,0,No,0,3,5.5,1.4,No,1,Credit Card,11-10-2023,No
CUST00051,sangli,42,male,9000,Prepaid,7,495.02,5.41,380,28,1,Yes,4G,Vivo,High (25k-60k),597.63,1,No Contract,2,No,1,4,0.7,1.9,Yes,1,UPI,06-03-2021,No
CUST01411,NA,65,Male,22800,Prepaid,10,422.43,7.01,823,25,0,N/A,4G,Vivo,Low (<10k),468.8,1,No Contract,0,No,2,5,2.4,1,Yes,0,Debit Card,16-10-2022,No
CUST01054,Solapur,51,male,16000,Postpaid,7,101.44,6.51,193,34,2,NO,5G,Xiaomi,Premium (>60k),112.58,2,No Contract,1,No,4,2,22.1,0.2,No,1,UPI,24-11-2023,No
CUST00624,Nagpur,,Female,11100,Prepaid,1,81.34,6.96,462,25,4,No,4G,Apple,Mid (10k-25k),66.29,1,With Contract,2,No,1,3,1.5,9.1,Yes,1,Credit Card,06-06-2021,No
CUST01096,Mumbai,41,M,13500,Prepaid,19,109.63,5.32,499,35,0,N/A,4G,Apple,Low (<10k),123.16,0,With Contract,2,No,1,5,4.8,1.3,Yes,1,UPI,14-01-2021,No
CUST00082,Nasik,54,Female,20700,Prepaid,6,85.15,0.21,442,15,2,No,4G,Vivo,Low (<10k),73.37,1,With Contract,5,No,0,5,0.9,12.1,Yes,0,Credit Card,26-09-2023,No
CUST00704,Bombay,54,Male,11200,Prepaid,14,169.86,7,658,28,2,NO,4G,Vivo,Low (<10k),187.06,1,No Contract,2,Yes,1,4,17.3,1.2,No,1,Debit Card,06-04-2021,No
CUST00483,pune,43,Female,42300,prepaid,13,29.16,16.51,0,29,0,N/A,2G,Xiaomi,High (25k-60k),35.62,0,With Contract,1,No,1,2,14.3,2.7,No,1,Credit Card,17-02-2022,No
CUST00322,Thane,74,Male,28800,Postpaid,20,146.26,5.45,287,27,1,NO,3G,Oppo,Mid (10k-25k),146.55,1,No Contract,1,No,0,3,14.9,8.9,Yes,1,,10-05-2020,No
CUST01262,Solapur,42,Male,11300,Postpaid,13,126.9,0.15,906,27,0,N/A,3G,OnePlus,High (25k-60k),111.47,1,With Contract,1,No,5,3,20.9,3.3,Yes,1,UPI,02/26/2019,No
CUST00506,Bombay,,M,9900,Prepaid,0,300.67,2.89,335,26,2,yes,5G,Samsung,Mid (10k-25k),335.86,1,With Contract,3,No,2,4,2.6,4.4,No,0,Debit Card,12/25/2023,No
CUST01437,Pune,33,M,50100,Prepaid,3,422.06,7.52,133,24,0,N/A,4G,Xiaomi,High (25k-60k),497.51,2,No Contract,3,No,0,2,4.1,4.9,No,0,Credit Card,11-03-2023,Yes
CUST00842,Thane,35,Male,62000,Prepaid,20,272.98,8.38,744,25,5,No,5G,Apple,NA,254.31,2,No Contract,2,No,1,1,20.3,0.8,Yes,0,Wallet,06-02-2019,Yes
CUST00067,MUMBAI,53,Female,14500,Postpaid,16,80.44,7.9,,28,2,NO,4G,Oppo,Low (<10k),96.96,1,No Contract,2,No,3,4,0.9,3.8,No,0,Net Banking,03-09-2020,No
CUST01293,Nagpur city,36,Female,20600,Prepaid,5,636.72,1.98,538,29,1,No,4G,Apple,High (25k-60k),611.47,0,No Contract,0,No,2,4,6.2,1.8,No,2,upi,04-03-2022,No
CUST01245,Aurangabad,46,Female,18800,Postpaid,19,58.97,0.22,316,31,0,N/A,4g,Xiaomi,Low (<10k),65.7,0,No Contract,2,No,3,,1.4,1.9,No,2,Credit Card,22-11-2019,No
CUST01338,Thane,45,Male,28000,Postpaid,19,450.65,3.89,768,29,2,yes,4G,Realme,Low (<10k),482.53,0,with contract,3,No,1,3,0.1,11.1,Yes,1,Net Banking,10-02-2023,No
CUST00802,Mumbai ,46,Female,13100,Postpaid,36,151.17,1.35,355,23,1,yes,4G,Samsung,Mid (10k-25k),129.74,0,No Contract,2,No,0,1,8.3,0.2,Yes,1,Wallet,07-09-2019,No
CUST00862, Pune,-5,Female,5900,Prepaid,1,317.24,2.83,680,23,0,N/A,4G,Xiaomi,Low (<10k),404.68,1,No Contract,2,No,1,2,0.2,0.2,No,0,Debit Card,27-10-2022,No
CUST00032,MUMBAI,62,Female,23600,Postpaid,29,474.71,,,29,0,N/A,4G,Oppo,High (25k-60k),479.21,0,No Contract,1,Yes,3,3,0.7,25.4,No,2,UPI,13-09-2019,No
CUST00796,amravati,51,Male,20900,Postpaid,43,349.85,,471,16,0,N/A,3G,Samsung,Low (<10k),307.41,0,With Contract,2,No,2,3,,1.5,No,2,Debit Card,25-10-2022,No
CUST00418,PUNE,57,Female,22800,Postpaid,14,54.79,4.65,433,22,4,Yes,4g,OnePlus,Low (<10k),65.25,4,with contract,2,No,1,,9.6,7.6,No,4,Debit Card,10/14/2021,No
CUST00633,Nagpur city,49,Female,18300,Prepaid,21,315.84,5.73,380,20,1,yes,4g,Apple,Low (<10k),289.49,2,No Contract,3,No,2,3,21.4,8.7,Yes,2,Debit Card,19-10-2021,No
CUST01083,Pune,38,Female,17000,prepaid,34,132.51,0.2,50,30,2,yes,4g,Vivo,Low (<10k),150.15,1,with contract,1,No,3,2,0.1,8.1,No,1,Credit Card,05/26/2023,No
CUST00065,PUNE,66,F,34200,Prepaid,5,339.57,0.79,580,23,0,N/A,4G,Xiaomi,Mid (10k-25k),316.77,0,No Contract,1,No,0,4,6.2,6.4,No,0,Credit Card,02-09-2019,No
CUST00140,Sangli,58,male,27200,prepaid,5,186.37,10.95,,29,1,yes,4G,Xiaomi,High (25k-60k),165.53,2,No Contract,1,No,4,5,3.2,4.9,Yes,0,Net Banking,04-02-2023,No
CUST01217,mumbai,61,Female,61900,Prepaid,11,70.01,1.4,667,31,0,N/A,4G,Samsung,Premium (>60k),62.01,1,With Contract,2,No,1,,8.2,2.3,Yes,3,Net Banking,02-03-2024,No
CUST01211,Pune,41,M,19100,Prepaid,9,93.52,4.43,434,20,3,NO,4G,Samsung,Low (<10k),79.36,1,No Contract,7,No,3,3,11.5,12.9,Yes,3,Debit Card,05/18/2023,No
CUST00078,mumbai,74,Female,18900,Prepaid,20,344.61,5.6,531,30,2,yes,4G,Samsung,Mid (10k-25k),385.43,0,With Contract,1,No,2,5,1.1,6,No,2,UPI,19-10-2019,No
CUST00492,Nashik,66,Male,17200,Prepaid,33,140.27,36.95,,32,0,N/A,4G,Xiaomi,Mid (10k-25k),172.2,0,No Contract,3,No,1,4,,0,No,0,UPI,27-03-2024,No
CUST01065, Pune,27,Female,15700,Prepaid,15,284.94,5.32,315,34,2,yes,5G,Xiaomi,Low (<10k),330.11,1,No Contract,5,No,0,3,1.5,36.5,No,1,UPI,22-10-2020,No
CUST01146,amravati,26,Male,17200,Prepaid,1,111.8,0.92,,30,0,N/A,4g,Xiaomi,Mid (10k-25k),90.71,0,No Contract,0,No,1,3,0.2,1.8,Yes,1,UPI,12-10-2019,No
CUST00533,akola,36,Female,21900,Postpaid,2,346.88,0.36,364,24,0,N/A,4G,Xiaomi,Mid (10k-25k),344.5,1,No Contract,1,Yes,2,4,2,5,No,3,UPI,15-08-2022,No
CUST00066,Unknown,85,Female,30400,Postpaid,4,256.47,,458,24,0,N/A,4g,Vivo,Premium (>60k),310.14,1,No Contract,1,No,1,1,4,17.4,No,1,Credit Card,04-08-2021,No
CUST01274,Mumbai ,22,Female,38700,Prepaid,-3,162.81,5.09,770,26,2,Yes,4G,Xiaomi,Low (<10k),165.97,0,With Contract,3,No,1,5,3.5,5.8,No,1,Debit Card,19-08-2020,No
CUST01287,Bombay,42,male,19700,Prepaid,11,114.46,8.48,589,26,1,No,2G,Realme,Low (<10k),137.42,1,No Contract,1,No,3,4,5.3,6.3,Yes,0,Cash,07-04-2019,No
CUST01269,nashik,40,Female,25800,Postpaid,9,422.3,0.46,403,22,1,No,4G,Samsung,Mid (10k-25k),522.16,0,No Contract,3,No,1,3,,1.7,No,1,Cash,02/23/2019,No
CUST00297,Chhatrapati Sambhajinagar,56,M,19800,Prepaid,21,249.99,5.39,457,24,0,N/A,5G,Vivo,Mid (10k-25k),261.56,1,With Contract,0,No,4,5,2.4,8.7,No,4,Wallet,04-11-2022,No
CUST00592,thane,55,male,45200,prepaid,12,330.94,13.69,683,24,0,N/A,4G,Oppo,Mid (10k-25k),310.19,2,With Contract,0,No,2,3,0.7,2.6,No,0,UPI,25-08-2023,No
CUST00420,Aurangabad,45,Female,23800,Prepaid,28,157.69,0.62,483,19,0,N/A,4G,Xiaomi,Premium (>60k),132.45,4,No Contract,2,No,0,2,9.2,16.7,No,0,Credit Card,06-11-2023,No
CUST00768,amravati,53,Female,21700,Postpaid,41,132.61,1.59,286,28,0,N/A,4G,Xiaomi,High (25k-60k),115.02,1,No Contract,2,No,2,3,2.4,6,Yes,2,,30-12-2019,No
CUST00439,thane,47,Female,20100,Prepaid,3,139.92,2.83,474,34,1,NO,4G,Vivo,Low (<10k),128.23,0,No Contract,1,No,1,4,3.1,3.8,No,2,UPI,08-12-2022,No
CUST00262,akola,79,F,22300,Prepaid,40,138.59,3.46,24,20,1,yes,5G,Apple,Mid (10k-25k),173.48,1,With Contract,0,No,0,1,6.4,1.6,No,0,Net Banking,24-04-2020,Yes
CUST00984,mumbai,35,Male,22800,Prepaid,7,32.8,6.89,,17,2,No,-,Apple,High (25k-60k),35.01,1,No Contract,2,No,0,1,0.4,2.7,No,2,Debit Card,18-10-2019,No
CUST00725,Nasik,69,Male,28700,Prepaid,55,142.79,2.71,329,13,0,N/A,4G,Apple,Premium (>60k),162.35,1,No Contract,0,No,3,1,9.7,1.7,No,3,Debit Card,12-08-2023,No
CUST01400,thane,42,Male,36900,Prepaid,4,394.93,0.35,414,25,0,N/A,4G,Xiaomi,High (25k-60k),503.55,1,No Contract,2,No,4,5,17.5,1.9,Yes,2,Cash,19-09-2023,No
CUST00282,Pune,44,Other,13100,Postpaid,4,104.41,,0,17,0,N/A,4G,Samsung,Low (<10k),115.01,0,with contract,1,No,0,,0.8,2.1,No,0,upi,02-09-2021,Yes
CUST00627,pune,44,Female,,Postpaid,42,120.29,16.4,601,28,4,Yes,4G,Apple,Mid (10k-25k),124.7,0,No Contract,2,No,5,4,20.8,5.9,No,4,Debit Card,18-04-2024,No
CUST01386,Pune,42,male,36500,Postpaid,17,127.66,1.97,572,27,2,NO,4G,Realme,Premium (>60k),104.08,0,No Contract,2,Yes,2,3,18.4,12.4,No,0,Credit Card,12-11-2019,No
CUST01063,aurangabad,45,Male,,Postpaid,1,462.16,0.53,424,27,1,NO,5G,Realme,High (25k-60k),576.56,2,No Contract,2,No,2,4,7.3,5,Yes,1,Cash,05-12-2021,No
CUST01464,THANE,,female,11800,Prepaid,1,48.61,9.27,394,26,1,yes,5G,samsung,High (25k-60k),53.23,0,No Contract,3,Yes,5,3,7.4,2.6,No,4,Debit Card,03-03-2024,Yes
CUST00189,nagpur,53,Female,38600,POSTPAID,41,142.97,9.46,483,29,2,yes,4G,Realme,Low (<10k),132.01,0,With Contract,3,No,0,3,12.8,7,Yes,2,Debit Card,23-07-2021,No
CUST01315,Pune,58,Female,7700,Prepaid,8,341.48,2.47,699,34,0,N/A,4G,Samsung,Mid (10k-25k),425.9,0,With Contract,3,No,0,4,25.3,1.5,No,0,UPI,17-03-2019,No
CUST00252, Pune,47,,35400,Postpaid,6,85.02,4.11,577,32,3,No,4G,Samsung,Mid (10k-25k),79.83,0,No Contract,2,No,1,2,3.4,12.1,No,1,Wallet,29-01-2020,No
CUST00584,PUNE,85,Other,35800,Postpaid,14,423.14,2.33,239,24,2,No,3G,Xiaomi,Mid (10k-25k),520.81,0,With Contract,3,No,2,4,8.1,7.2,No,3,Debit Card,10/28/2020,No
CUST01045,amravati,55,Male,25400,prepaid,17,117.6,2.34,334,23,0,N/A,4G,Vivo,Mid (10k-25k),150.33,0,No Contract,2,No,0,,2.9,7.4,No,0,Wallet,16-12-2019,No
CUST01368,NaviMumbai,73,M,32300,Postpaid,14,121.7,10.78,792,26,1,No,4G,Vivo,High (25k-60k),131.77,3,No Contract,1,No,2,4,6.4,19.7,Yes,0,Debit Card,13-06-2020,Yes
CUST00976,Mumbai ,39,F,16000,Prepaid,22,98.94,13.68,484,25,2,NO,4G,OnePlus,Low (<10k),81.45,0,With Contract,2,No,2,3,2.1,0.2,Yes,1,Credit Card,14-06-2021,No
CUST00515,Mumbai,31,Female,25900,Prepaid,56,240.78,1.06,149,22,1,No,4g,Apple,High (25k-60k),309.35,2,No Contract,4,Yes,2,4,2.1,5.3,Yes,2,UPI,29-05-2022,Yes
CUST00934,None,56,Male,7400,Postpaid,27,209.35,9.2,342,26,0,N/A,4G,Apple,Low (<10k),191.32,1,No Contract,1,No,0,,13.7,5.9,No,1,Cash,04/24/2023,No
CUST01325,sangli,42,Male,62000,Prepaid,7,60.59,,360,22,0,N/A,4G,Xiaomi,High (25k-60k),55.03,0,No Contract,0,No,1,1,5.2,0.5,Yes,0,Debit Card,26-04-2023,No
CUST01430,Kolhapur,52,Female,18100,Prepaid,37,122.86,14,31,29,1,NO,4G,Xiaomi,Mid (10k-25k),151.29,3,With Contract,2,No,0,5,3,1.5,Yes,0,Cash,27-01-2019,No
CUST00707,Pune,31,Male,21400,Prepaid,18,132.59,6.52,608,24,1,yes,4G,Realme,Mid (10k-25k),129,0,With Contract,4,No,2,4,15.2,0.7,Yes,3,Wallet,04/26/2020,No
CUST00488,Pune,34,Female,27100,Prepaid,68,195.24,8.13,299,25,2,No,4G,Xiaomi,High (25k-60k),217.35,1,No Contract,1,No,3,5,3.3,7.2,No,0,UPI,11-12-2022,No
CUST00664,Bombay,48,F,18700,Postpaid,34,383.76,10.21,418,34,0,N/A,3G,Apple,Mid (10k-25k),308.83,1,No Contract,4,No,1,4,5.6,7.7,No,0,Net Banking,03/19/2022,No
CUST01145,Mumbai,44,Male,25900,Prepaid,4,172.79,5.34,263,29,0,N/A,4G,Oppo,Mid (10k-25k),181.19,2,With Contract,2,No,4,4,14.2,7,No,0,Net Banking,22-09-2022,No
CUST01153,THANE,41,Male,18000,Postpaid,6,247.49,17.77,,27,1,Yes,4g,Vivo,Low (<10k),221.74,2,With Contract,4,No,1,3,8.7,2.9,No,0,UPI,31-05-2023,Yes
CUST00274,Navi Mumbai,41,male,30100,Postpaid,14,99.03,1.53,438,42,1,Yes,5G,Oppo,Low (<10k),80.54,0,No Contract,2,No,0,5,3.2,1.8,Yes,2,Wallet,15-06-2024,No
CUST00686,nagpur,58,male,13000,Prepaid,2,83.82,7.69,563,18,0,N/A,4G,Xiaomi,Mid (10k-25k),71.99,3,null,3,No,0,,4,17.7,Yes,0,Net Banking,27-04-2021,No
CUST01132,N/A,37,Female,29100,Postpaid,0,322.25,2.75,384,28,3,yes,4G,Vivo,Mid (10k-25k),313.1,0,No Contract,1,No,1,3,0.8,2.5,Yes,0,UPI,15-07-2021,Yes
CUST01258,Nagpur city,56,F,,Prepaid,1,10.15,8.61,366,27,3,Yes,4g,Xiaomi,Low (<10k),12.98,1,No Contract,1,No,6,2,2,24.8,No,1,Wallet,02/14/2023,Yes
CUST00878,Thane,44,M,8700,Postpaid,6,49.33,10.06,317,23,1,No,4G,Xiaomi,Mid (10k-25k),52.99,0,No Contract,2,No,3,3,3.2,2.9,No,0,UPI,07-02-2022,No
CUST01059,pune,66,Male,30900,Prepaid,0,132.48,11.42,441,32,2,NO,4G,Vivo,High (25k-60k),144.92,2,No Contract,2,No,3,4,4.7,3.4,No,0,Credit Card,09/15/2021,No
CUST01363,Nashik,28,male,21600,Prepaid,33,168.42,4.69,216,26,0,N/A,4G,Apple,Mid (10k-25k),148.96,1,No Contract,0,No,1,3,34.1,18.5,Yes,0,Cash,03-04-2021,No
CUST00449,pune,47,Male,17600,Prepaid,15,179.78,9.9,560,22,0,N/A,4G,OnePlus,High (25k-60k),176.34,1,With Contract,3,No,1,4,0.3,0.3,No,4,Cash,11/21/2022,No
CUST00412,navi mumbai,58,,,Prepaid,1,290.17,0.56,403,24,0,N/A,4G,Xiaomi,Low (<10k),269.53,4,No Contract,2,No,0,1,2.8,3.1,No,0,Debit Card,10-09-2022,Yes
CUST00459,Bombay,34,Female,7200,Postpaid,11,346.57,9.17,341,26,0,N/A,4g,Vivo,High (25k-60k),306.66,1,No Contract,1,No,1,3,18.6,5.6,Yes,3,Credit Card,02-10-2021,No
CUST00377,Kolhapur,24,Female,21400,Prepaid,18,60.49,18.16,661,23,0,N/A,4G,Samsung,Mid (10k-25k),75.96,1,No Contract,6,No,3,5,5.5,3.3,No,2,Debit Card,03-10-2023,No
CUST01320,mumbai,60,Male,10900,prepaid,9,342.8,2.5,777,25,1,yes,4G,,Mid (10k-25k),391.82,2,No Contract,5,Yes,1,2,16.4,0.4,No,1,Wallet,03-05-2020,No
CUST00668,Mumbai ,39,Male,32200,Postpaid,10,102.28,6.11,355,28,1,Yes,3G,Xiaomi,Mid (10k-25k),122.02,1,No Contract,0,No,3,4,9.6,6,Yes,0,UPI,17-06-2022,No
CUST01253,Mumbai,46,Male,36400,Postpaid,25,382.51,8.5,587,34,1,Yes,4G,Oppo,Low (<10k),446.83,0,With Contract,1,No,2,2,36.7,0.1,No,2,Net Banking,09-08-2022,No
CUST00150,Mumbai,74,Female,76000,Prepaid,25,138.49,3.49,0,22,4,No,4G,Apple,null,146.64,2,No Contract,2,No,1,5,17.6,7.2,No,2,UPI,02-08-2021,No
CUST01314,Solapur,41,Male,41800,Prepaid,4,101.27,1.57,598,31,0,N/A,4G,Vivo,High (25k-60k),114.82,0,With Contract,2,No,1,4,,19.5,Yes,0,Credit Card,10-04-2019,No
CUST01209,Mumbai,68,Male,9700,Prepaid,19,247.08,3.84,288,23,1,No,4g,Oppo,Mid (10k-25k),318.01,0,No Contract,1,No,1,4,1.3,2.1,Yes,0,UPI,08/22/2022,No
CUST00734,nagpur,47,,16300,Prepaid,17,147.72,6.4,549,23,0,N/A,4G,Samsung,Mid (10k-25k),167.35,1,No Contract,2,No,3,4,5.2,6.6,No,0,Cash,20-09-2023,No
CUST00219,THANE,35,female,10100,Prepaid,43,146,4.3,543,24,2,NO,5G,Samsung,Mid (10k-25k),122.79,0,With Contract,3,No,0,3,6.6,0.9,Yes,1,,20-03-2021,No
CUST00240,Mumbai ,34,Female,28200,Prepaid,0,448.65,3.83,300,20,4,Yes,4G,Xiaomi,Low (<10k),412.97,1,No Contract,1,No,2,,0.5,9.2,No,0,Credit Card,17-07-2022,Yes
CUST01089,akola,29,Male,16500,Prepaid,1,277.34,6.98,299,21,3,Yes,5G,Samsung,Low (<10k),287.16,0,With Contract,2,No,2,5,27.9,5.8,No,3,upi,16-02-2022,No
CUST00868,Bombay,82,Female,4700,Prepaid,26,217.76,10.21,240,23,1,yes,3G,Samsung,High (25k-60k),261.67,1,No Contract,1,No,0,4,3.5,5.3,Yes,1,Cash,05/19/2019,No
CUST00726,kolhapur,34,Female,22200,Postpaid,1,190.68,11.31,33,24,2,NO,4G,Samsung,Mid (10k-25k),192.67,0,With Contract,2,No,1,3,16.4,1.8,Yes,2,UPI,18-10-2020,No
CUST00193,NaviMumbai,54,Female,14300,Prepaid,8,252.56,16.8,823,24,1,NO,4G,Vivo,Low (<10k),274.37,0,with contract,1,No,1,2,3.5,0.3,No,1,Debit Card,05-11-2021,No
CUST00793,Nagpur,44,Male,13900,Postpaid,3,173.11,6.42,343,27,0,N/A,4G,Oppo,High (25k-60k),151.74,3,With Contract,1,No,3,2,10.4,1.6,Yes,1,upi,18-09-2023,Yes
CUST00192,Amravati,71,Female,,Prepaid,4,143.99,11.58,621,27,1,No,4G,Samsung,Low (<10k),170.01,0,No Contract,2,No,1,4,13.3,0.2,No,3,Wallet,22-06-2024,Yes
CUST00944,Solapur,74,F,34100,Postpaid,16,242.86,7.48,344,26,1,No,4G,Oppo,High (25k-60k),276.24,1,No Contract,4,No,0,4,4.1,5.4,Yes,3,UPI,17-03-2019,No
CUST01193, Pune,33,Male,24100,Prepaid,13,248.37,5.63,695,19,1,yes,4G,Samsung,High (25k-60k),235.72,1,No Contract,2,No,1,3,9.3,26.1,Yes,1,UPI,01-03-2022,No
CUST01418,MUMBAI,34,F,48900,POSTPAID,9,397.88,6.22,434,23,2,No,4G,Vivo,Premium (>60k),340.6,1,No Contract,4,No,3,5,4.4,12.7,No,0,Credit Card,06-07-2023,No
CUST00645,MUMBAI,36,Female,19200,Prepaid,32,116.52,4.33,503,24,5,yes,4g,OnePlus,Low (<10k),133.1,1,No Contract,3,No,1,5,4.3,0.4,No,1,,11-01-2020,No
CUST00360,Nashik,38,M,32400,Prepaid,7,103.06,,471,14,2,No,4G,Xiaomi,High (25k-60k),127.11,1,With Contract,4,No,1,4,13.8,6.4,No,1,Credit Card,04-04-2024,No
CUST01352,nashik,48,Male,9999999,Postpaid,20,354.95,13.1,405,32,1,yes,4G,Vivo,Low (<10k),287.51,0,No Contract,1,No,2,3,35.7,18.3,No,1,Debit Card,22-10-2023,No
CUST01466,mumbai,50,Female,23000,Prepaid,2,126.8,5.49,453,19,1,No,4G,Samsung,Mid (10k-25k),123.19,0,No Contract,1,No,2,1,0.1,13.9,No,0,Credit Card,04-10-2021,Yes
CUST00017,pune,43,Female,41200,Prepaid,12,157.91,5.35,778,26,2,No,Unknown,Samsung,Low (<10k),191.78,0,No Contract,1,No,1,3,6.1,8.4,No,0,Debit Card,10-11-2019,No
CUST00334,mumbai,61,M,25800,Prepaid,11,323.05,,848,23,0,N/A,4G,Realme,Mid (10k-25k),296.9,0,With Contract,1,No,0,3,5.7,4,No,1,Wallet,01-03-2022,No
CUST01218,Thane,29,female,12000,Prepaid,15,342.28,4.72,306,35,0,N/A,4G,Samsung,High (25k-60k),419.07,0,With Contract,2,No,1,1,5,2.7,No,0,Net Banking,26-07-2021,No
CUST00583,Nagpur,45,Female,15300,Prepaid,39,399.85,13.18,251,20,1,NO,4G,Realme,Mid (10k-25k),364.17,0,With Contract,2,No,0,2,7.2,7.8,Yes,4,UPI,06/28/2023,No
CUST01435,Mumbai,55,Female,9000,prepaid,3,382.25,7.63,598,29,2,NO,4G,Oppo,Low (<10k),449.84,1,No Contract,2,Yes,2,3,11,5.2,No,1,Credit Card,12-02-2022,Yes
CUST01080,Unknown,69,Female,21900,Prepaid,6,55.54,,787,20,0,N/A,4G,Oppo,Mid (10k-25k),54.78,0,With Contract,1,No,3,4,3.9,5.2,Yes,1,Net Banking,12-09-2021,No
CUST00840,Nashik,32,Female,32600,Prepaid,33,105.35,0.61,623,24,2,yes,3G,Apple,Mid (10k-25k),119.4,1,No Contract,3,No,1,5,5.1,3,No,1,Credit Card,04/15/2024,No
CUST00628,Aurangabad,46,Male,41400,Postpaid,8,84.19,5,,24,1,Yes,4G,Samsung,Low (<10k),68.12,1,No Contract,0,No,0,2,19,0,No,1,UPI,17-10-2023,No
CUST01405,THANE,85,,43100,Prepaid,19,191.92,1.54,547,21,1,NO,4G,Vivo,Low (<10k),174.2,0,With Contract,2,No,1,3,8.5,1.6,No,1,UPI,26-10-2023,No
CUST00324,Bombay,45,M,15400,Prepaid,4,355.62,0.22,109,31,3,No,4G,Apple,High (25k-60k),284.51,3,No Contract,3,No,0,5,7.5,14.2,Yes,1,UPI,02-04-2024,No
CUST00825,Nagpur city,39,F,19100,Prepaid,4,120.05,9.82,457,21,2,NO,4G,Vivo,Low (<10k),139.52,0,No Contract,2,No,0,3,3.6,2.8,No,0,UPI,16-02-2024,Yes
CUST01238,pune,39,Female,24100,Prepaid,22,277.06,4.76,816,31,3,No,4G,Samsung,Low (<10k),243.01,0,With Contract,0,Yes,2,2,0.4,5.5,No,3,UPI,16-09-2019,No
CUST00632,Amravati,,Male,27700,Prepaid,7,219.21,2.02,530,38,0,N/A,4G,Samsung,Mid (10k-25k),236.76,0,With Contract,0,No,1,3,3.9,1,No,4,Debit Card,30-05-2021,No
CUST01091,NaviMumbai,65,F,32200,Prepaid,2,133.18,4.3,492,19,0,N/A,4g,Apple,Low (<10k),136.69,0,With Contract,1,No,0,3,3.3,8.3,No,1,UPI,04-12-2019,Yes
CUST01188,mumbai,37,Female,,Prepaid,8,494.2,2.42,,25,0,N/A,5G,Samsung,Low (<10k),490.07,3,No Contract,3,No,0,2,2.3,1.1,No,0,Wallet,03-08-2023,No
CUST00779,Thane,48,Female,12700,Prepaid,1,214.3,3.73,570,26,1,Yes,4G,Apple,High (25k-60k),205.47,1,With Contract,1,No,0,2,0.9,9.3,No,0,Credit Card,13-07-2023,Yes
CUST01047,MUMBAI,72,Male,22300,Prepaid,5,126.37,0.28,591,22,1,No,4G,Samsung,Mid (10k-25k),162.62,1,With Contract,1,No,1,4,15.6,2.2,Yes,1,Wallet,19-10-2022,No
CUST00940,Nashik,47,Male,36000,Prepaid,36,168.7,8.34,440,30,2,NO,5G,APPLE,High (25k-60k),211.65,1,No Contract,0,No,1,4,2.1,0.6,No,0,Debit Card,19-05-2022,No
CUST00856,MUMBAI,73,Male,49200,Prepaid,10,83.47,1.65,537,22,0,N/A,2G,samsung,Premium (>60k),72.19,1,No Contract,3,No,0,2,10,4.2,No,0,UPI,30-05-2022,No
CUST00438,solapur,39,F,26600,Prepaid,61,157.95,3.67,466,23,4,Yes,4G,Samsung,Low (<10k),190.53,1,No Contract,4,No,1,3,15.7,9,No,0,upi,12-02-2023,No
CUST00120,Nagpur,45,M,13700,POSTPAID,96,138.08,2.71,770,21,2,No,3G,Samsung,Premium (>60k),140.2,0,No Contract,1,No,2,4,3.6,1.9,No,3,Debit Card,08/29/2020,No
CUST01345,Chhatrapati Sambhajinagar,54,Female,35000,Prepaid,8,166.49,13.47,59,29,1,NO,4G,Vivo,High (25k-60k),201.84,0,No Contract,5,No,0,3,11.1,9.5,Yes,0,,08/16/2023,No
CUST01175,nashik,53,F,15700,Postpaid,37,154.8,16.27,367,18,2,yes,4G,Realme,Premium (>60k),139.5,1,No Contract,1,No,0,3,1.6,4.3,No,0,Credit Card,29-08-2021,No
CUST00791,Bombay,47,Female,,prepaid,1,214.62,0.71,4,30,1,yes,4G,Xiaomi,Mid (10k-25k),179.85,1,With Contract,1,No,4,,6.1,5.1,Yes,0,UPI,16-07-2022,No
CUST00342,pune,41,Female,18500,Prepaid,8,447.46,10.27,938,26,0,N/A,5G,OnePlus,High (25k-60k),,0,No Contract,4,No,0,4,13.1,1.4,No,0,Debit Card,11/14/2021,No
CUST00816,Nagpur,40,Male,9100,prepaid,41,93.92,2.61,490,15,1,yes,3G,OnePlus,Low (<10k),107.94,0,With Contract,3,No,3,5,2.5,11.3,No,3,Wallet,09/25/2023,No
CUST00003,THANE,69,Male,24300,Prepaid,2,290.39,20.19,813,28,0,N/A,4G,Xiaomi,High (25k-60k),344.31,1,With Contract,2,Yes,2,,5.1,5.4,No,1,Wallet,14-11-2020,No
CUST00230,-,42,Female,41500,prepaid,6,199.14,6.37,542,34,0,N/A,4G,Samsung,High (25k-60k),257.27,0,No Contract,2,No,2,2,3.7,0.8,Yes,2,Debit Card,24-01-2020,No
CUST01133,MUMBAI,37,Male,21400,Prepaid,17,126.35,0.24,626,27,1,yes,N/A,OnePlus,Low (<10k),108.51,2,With Contract,2,No,1,3,0.9,3.6,Yes,4,UPI,10-08-2022,No
CUST01456,Unknown,56,Female,33800,prepaid,10,178.21,1.61,932,23,4,No,4G,Samsung,High (25k-60k),201.64,0,No Contract,0,No,3,4,0.3,3.1,Yes,0,Cash,21-09-2021,No
CUST00077,Aurangabad,,Male,73400,Prepaid,1,281.26,8.93,223,27,1,yes,4G,OnePlus,High (25k-60k),234.12,1,With Contract,0,No,3,4,6.1,5.3,No,1,Credit Card,03-10-2023,No
CUST01470,Chhatrapati Sambhajinagar,78,Female,63200,POSTPAID,16,131.42,5.21,,17,0,N/A,4G,Realme,Mid (10k-25k),155.27,1,No Contract,2,No,4,4,34.5,0.2,No,2,Cash,24-03-2019,No
CUST01023,navi mumbai,31,Male,21600,Postpaid,4,331.24,0.43,594,30,2,NO,4G,Realme,Mid (10k-25k),414.04,0,With Contract,3,No,3,3,2.9,0.7,No,0,UPI,30-11-2022,No
CUST01475,PUNE,60,Female,29400,Postpaid,60,265.36,15.77,564,22,3,Yes,5G,Xiaomi,Low (<10k),242.06,0,No Contract,1,Yes,3,4,3.3,10.2,Yes,2,Cash,27-10-2019,No
CUST00372,MUMBAI,42,Male,19700,Prepaid,23,190.07,9.25,553,27,2,Yes,4G,OnePlus,Mid (10k-25k),233.1,1,With Contract,0,Yes,0,5,4.6,8.8,No,2,UPI,07-05-2020,No
CUST00181, Pune,59,Male,78500,Prepaid,0,138.56,7.13,477,28,0,N/A,4G,Vivo,Low (<10k),149.33,1,No Contract,3,No,1,5,1.3,3.2,No,2,UPI,09-05-2021,No
CUST01085,navi mumbai,60,Female,67400,Prepaid,32,45.1,2.26,714,21,0,N/A,4g,Xiaomi,Mid (10k-25k),36.54,1,With Contract,1,No,1,3,1.2,3.1,No,0,Cash,14-04-2022,No
CUST01486,Pune,42,,,Prepaid,23,355.23,3.74,307,27,1,No,4g,Apple,Low (<10k),393.69,1,None,2,No,2,4,12,0.2,Yes,3,Credit Card,26-01-2024,No
CUST00942,Nagpur,56,Female,,Prepaid,0,226.54,3.35,670,16,1,Yes,4G,Samsung,Low (<10k),217.28,0,No Contract,0,No,0,4,12.4,14.4,No,1,UPI,05/17/2021,No
CUST00578,navi mumbai,85,Female,22100,Postpaid,3,229.13,6.4,502,20,2,NO,3G,Vivo,High (25k-60k),289.69,1,with contract,2,Yes,0,2,3.3,8,Yes,0,Credit Card,16-06-2024,Yes
CUST00979,null,45,,24600,Postpaid,4,164.29,14.92,442,24,3,NO,4g,,High (25k-60k),152.33,1,No Contract,0,No,4,4,2.5,0.3,No,0,,21-01-2021,Yes
CUST00820,Pune,66,Female,18400,Postpaid,13,144.21,7.28,11,26,0,N/A,4g,OnePlus,Low (<10k),139.32,1,With Contract,4,No,3,4,9.6,1.1,Yes,1,Credit Card,14-02-2022,No
CUST01135,Thane,64,M,32900,Prepaid,6,241.34,13.16,387,22,2,NO,4G,Realme,Premium (>60k),214.63,1,No Contract,6,No,1,,8.3,7.2,Yes,4,Wallet,31-03-2023,No
CUST01122,NaviMumbai,25,F,45400,Postpaid,37,92.79,9.05,415,16,0,N/A,4G,Samsung,Low (<10k),105.29,1,With Contract,2,No,1,4,1.4,0.7,No,0,UPI,13-12-2019,No
CUST01301,Mumbai ,37,M,15400,Prepaid,6,41.88,3.83,186,26,2,Yes,4G,Samsung,Low (<10k),44.31,2,No Contract,5,No,0,4,,1.8,Yes,0,UPI,25-07-2019,No
CUST01292,Mumbai,56,female,11900,Prepaid,81,196.51,17.53,563,21,1,NO,5G,Apple,Premium (>60k),175.62,1,No Contract,2,No,1,3,15.8,7.1,Yes,2,UPI,20-04-2020,No
CUST00063,Solapur,39,M,,Prepaid,6,57.05,2.01,437,25,1,NO,4G,Unknown,High (25k-60k),50.01,0,No Contract,2,No,4,2,3,1.8,No,1,UPI,03-04-2019,Yes
CUST00590,Mumbai ,41,Female,,Postpaid,18,108.7,1.74,531,28,1,No,3G,OnePlus,Mid (10k-25k),130.72,0,No Contract,2,No,0,4,0.6,7.1,No,0,Credit Card,20-08-2019,Yes
CUST00887,Thane,40,Male,40300,Postpaid,38,305.44,8.6,504,30,0,N/A,4G,Xiaomi,Mid (10k-25k),381.62,1,No Contract,4,No,1,4,7.7,0.3,Yes,0,Credit Card,06/15/2023,No
CUST00969,Nagpur city,31,Female,53300,Prepaid,6,300.5,6,508,26,2,yes,4G,Xiaomi,High (25k-60k),313.07,1,No Contract,3,No,1,5,9.3,0.2,Yes,0,Cash,07-04-2019,No
CUST01131,thane,41,Female,15800,Prepaid,0,290.04,2.4,502,34,0,N/A,4g,Samsung,Low (<10k),249.28,1,No Contract,4,No,1,4,9,5.2,Yes,1,Credit Card,19-09-2022,No
CUST00786,navi mumbai,39,Male,9900,Postpaid,5,72.37,4.8,92,22,1,Yes,3G,Xiaomi,High (25k-60k),66.57,1,No Contract,1,No,1,4,11.8,0.1,No,2,Cash,24-12-2020,Yes
CUST01157,mumbai,57,F,11400,Postpaid,39,100.27,0.98,405,21,1,NO,3G,Oppo,None,80.57,2,No Contract,1,No,4,,0.3,0.5,Yes,1,upi,18-07-2020,No
CUST00312,Mumbai,,M,33700,Prepaid,25,138.05,0.95,607,32,1,Yes,5G,Samsung,High (25k-60k),138.66,0,No Contract,1,No,1,5,3,5.1,Yes,3,UPI,09-09-2021,No
CUST01212,pune,56,Female,21700,Prepaid,55,76.59,2.87,639,26,0,N/A,4G,Vivo,Low (<10k),90.59,2,No Contract,1,No,2,4,27.6,1.1,Yes,0,Debit Card,02-03-2023,No
CUST00302,Nagpur,43,M,34800,prepaid,3,117.62,0.16,536,21,1,yes,4G,Samsung,Mid (10k-25k),127.1,0,With Contract,6,No,0,1,32.8,0.6,No,0,UPI,01/17/2021,Yes
CUST00723,MUMBAI,44,Male,14900,Prepaid,24,300.71,0.04,570,26,2,NO,4G,Samsung,Premium (>60k),277.68,0,No Contract,3,No,2,1,0.1,8,Yes,1,UPI,12-05-2022,No
CUST00690,Bombay,65,Female,26100,POSTPAID,16,153.95,0.48,692,18,1,NO,4G,Vivo,Low (<10k),147.77,1,with contract,2,No,3,2,12.9,2.1,No,2,Cash,07-07-2019,No
CUST00813,mumbai,47,Female,38800,prepaid,7,225.24,4.97,861,27,1,yes,4G,Samsung,Mid (10k-25k),282.18,0,With Contract,1,Yes,2,4,9.4,11.7,Yes,1,Credit Card,20-04-2020,No
CUST00038,Mumbai ,54,Female,50100,Postpaid,9,394.1,3.42,23,17,2,NO,5G,Xiaomi,Mid (10k-25k),400.52,0,With Contract,1,No,3,5,,20.3,Yes,2,UPI,27-07-2020,No
CUST00354,Mumbai,58,F,29400,Prepaid,17,209.02,11.42,574,20,0,N/A,4G,Vivo,High (25k-60k),268.12,1,No Contract,4,No,1,4,14.2,13.2,Yes,0,Wallet,06-07-2021,No
CUST01391,Mumbai ,,Male,18400,Prepaid,12,148.67,6.67,560,28,1,NO,4G,Samsung,High (25k-60k),126.3,0,With Contract,6,Yes,3,5,,16.1,Yes,0,Debit Card,12-01-2024,No
CUST00715, Pune,38,M,23900,Prepaid,37,138.23,13.46,578,27,3,NO,4G,Xiaomi,Mid (10k-25k),111.05,0,With Contract,2,No,4,5,2.8,10.4,No,0,Credit Card,01/31/2020,No
CUST00981, Pune,41,Male,,Prepaid,22,201.19,0.2,860,31,0,N/A,4g,Samsung,Mid (10k-25k),247.69,0,No Contract,0,No,2,1,5.3,2.4,No,0,UPI,30-07-2020,No
CUST00237, Pune,45,Female,11100,Prepaid,25,311.74,5.64,656,14,3,NO,4G,Realme,Low (<10k),368.04,0,No Contract,1,No,3,5,25.2,9.3,No,0,Debit Card,02-12-2021,No
CUST01263,Pune,49,Female,47800,Prepaid,5,182.78,2.7,814,22,0,N/A,4G,Xiaomi,Mid (10k-25k),,0,No Contract,1,No,0,3,10,19.6,No,2,Debit Card,06-09-2020,No
CUST00963,MUMBAI,35.0 yrs,Female,15300,Prepaid,11,51.8,0.68,289,30,0,N/A,N/A,OnePlus,Mid (10k-25k),47.41,0,No Contract,1,No,1,2,6.7,6,No,0,Credit Card,14-04-2024,No
CUST01154,thane,59,Male,47800,Prepaid,13,229.28,0.74,373,23,0,N/A,4G,Apple,High (25k-60k),211.7,0,No Contract,0,No,3,4,6.3,2.4,Yes,3,Cash,10-08-2022,No
CUST00730,Bombay,63,Male,10200,Postpaid,1,178.94,7.42,260,38,3,NO,4G,Xiaomi,Low (<10k),158.41,2,No Contract,1,Yes,2,3,1.9,7.7,No,3,Net Banking,01-06-2024,Yes
CUST01248,mumbai,35,Male,,Postpaid,7,260.9,6.12,,30,1,No,3G,Realme,Premium (>60k),296.78,2,No Contract,0,No,2,4,16.9,0.1,No,0,UPI,29-05-2022,No
CUST01019,NaviMumbai,52,Female,131300,Postpaid,0,371.31,7.49,279,21,2,No,3G,Realme,Low (<10k),357.92,0,With Contract,3,No,2,3,6.2,0.3,No,1,Debit Card,14-04-2022,No
CUST00500,akola,39,Male,47600,Postpaid,4,73.75,1.48,,19,0,N/A,4g,Xiaomi,Mid (10k-25k),,0,With Contract,1,No,3,2,0.6,3.1,Yes,3,UPI,03/16/2020,No
CUST01250,nashik,26,Female,22300,Prepaid,49,358.85,0.99,370,21,1,yes,4G,Xiaomi,High (25k-60k),320.64,0,No Contract,2,No,0,5,7.2,0.6,Yes,3,UPI,03-11-2019,No
CUST00554,Nagpur,55,male,,Postpaid,39,332.23,4.02,305,23,0,N/A,4G,Vivo,Mid (10k-25k),361.35,0,No Contract,2,No,1,4,5.9,17.9,No,4,Credit Card,02-11-2021,No
CUST00056,Navi Mumbai,39,Male,21900,Prepaid,29,267.25,1.31,607,30,1,yes,5G,OnePlus,Low (<10k),343.13,1,No Contract,3,No,4,5,18,6.6,Yes,0,UPI,01/28/2019,No
CUST00303,Nagpur city,41,Male,9700,Prepaid,5,182.78,3.76,520,29,2,No,4G,Samsung,Mid (10k-25k),232.98,2,No Contract,1,No,2,2,13.5,0.8,No,1,Credit Card,30-12-2021,Yes
CUST00795,Mumbai,41,Male,30000,Prepaid,19,701.11,7.39,786,25,1,NO,4g,Apple,Low (<10k),708.36,0,No Contract,3,No,1,2,0.5,2.3,Yes,1,,26-06-2019,No
CUST00287,pune,37,Female,19700,Postpaid,31,92.48,1.69,445,35,2,yes,null,Apple,Mid (10k-25k),120.03,0,No Contract,4,No,0,1,24.6,2.1,No,0,UPI,30-10-2022,Yes
CUST01151,THANE,29,Male,51500,Postpaid,14,211.95,4.06,390,30,0,N/A,3G,samsung,Mid (10k-25k),184.5,1,No Contract,1,No,1,4,3.4,1.6,No,2,Debit Card,01/17/2020,No
CUST00220,kolhapur,80,Male,,Postpaid,40,59.35,,680,31,2,yes,4G,Realme,Low (<10k),50.72,2,No Contract,1,No,1,1,1.5,1,Yes,0,Wallet,12-08-2019,No
CUST00901,Mumbai,78,Male,12200,Postpaid,19,254.84,5.84,355,35,2,yes,4G,Apple,Mid (10k-25k),323.1,0,No Contract,0,No,3,4,,12.2,Yes,2,UPI,02-03-2024,No
CUST00991,Solapur,58,Male,10100,prepaid,25,134.1,2.51,208,23,0,N/A,4G,Xiaomi,Mid (10k-25k),138.4,0,With Contract,2,No,0,4,3,4.9,Yes,0,Credit Card,16-06-2020,No
CUST01034,Mumbai ,61,,35300,Prepaid,11,153.44,2.13,454,30,3,yes,4G,Oppo,Low (<10k),126.51,1,With Contract,2,No,2,4,16.7,26.9,No,0,UPI,21-09-2019,No
CUST00935,Mumbai,45,,35200,Postpaid,4,239.1,15.36,,20,2,NO,4G,Samsung,Low (<10k),299.09,0,With Contract,1,No,0,2,5.9,7.1,No,0,Wallet,16-08-2021,No
CUST00388,Bombay,39,Male,26600,Postpaid,47,101.54,6.72,484,22,1,yes,3G,Oppo,Mid (10k-25k),84.26,1,With Contract,4,No,3,4,2.7,7.9,Yes,0,UPI,09-09-2021,No
CUST00391,Akola,34,Male,17800,Prepaid,4,116.94,1.45,712,18,2,NO,4G,Oppo,Low (<10k),112.28,1,With Contract,2,No,0,,15.8,0.9,Yes,1,Debit Card,05-10-2021,No
CUST00744,Nagpur city,53,female,94700,Prepaid,9,111.46,2.14,536,26,2,NO,4G,Xiaomi,Low (<10k),106.72,2,No Contract,4,No,3,1,5.1,7.2,No,0,Cash,17-01-2024,Yes
CUST00353,thane,75,F,28600,Prepaid,14,264.13,7.32,719,25,0,N/A,4G,Xiaomi,Mid (10k-25k),276.41,1,No Contract,2,No,0,5,1,5.5,Yes,1,Debit Card,19-02-2024,No
CUST00236,Thane,45,F,43000,Postpaid,14,296.21,15.07,557,19,0,N/A,4G,Xiaomi,Low (<10k),241.6,0,No Contract,1,No,1,4,2.1,3.9,No,0,UPI,10-07-2019,No
CUST01284,Bombay,52,M,58900,Prepaid,-3,323,1.71,177,25,5,No,2G,Samsung,High (25k-60k),380.07,1,No Contract,0,No,1,3,3.9,1.6,No,2,Credit Card,01-03-2019,No
CUST00481,nashik,38,Male,17200,Prepaid,17,216.6,2.64,563,28,2,yes,4G,Xiaomi,Premium (>60k),271.1,1,No Contract,3,No,0,3,51.2,2.4,No,3,UPI,02-06-2024,Yes
CUST00568, Pune,85,Male,21400,Prepaid,12,269.21,0.06,534,20,1,Yes,4G,Vivo,Low (<10k),240.55,2,No Contract,1,No,1,4,25.6,1.2,Yes,0,Wallet,06/18/2020,No
CUST01268, Pune,61,Male,45000,Prepaid,13,226.69,7,356,30,1,NO,4G,Xiaomi,Premium (>60k),278.65,1,With Contract,0,No,2,4,7.6,5.1,No,2,UPI,19-11-2020,No
CUST01403,MUMBAI,51,Male,11700,Prepaid,2,243.03,9.04,754,21,1,yes,4G,Samsung,Low (<10k),205.18,0,No Contract,3,No,3,,18.3,7.7,Yes,1,Credit Card,29-03-2020,No
CUST01178,mumbai,56,Male,13100,Postpaid,4,81.44,11.61,267,21,3,Yes,4G,Vivo,Low (<10k),105.39,0,No Contract,2,No,1,3,3.4,17.2,No,1,,06-07-2020,No
CUST00121,Solapur,44,Female,31700,Prepaid,32,295.91,7.99,,24,0,N/A,4G,Apple,Mid (10k-25k),250.91,0,With Contract,0,No,1,4,,13.5,No,4,Debit Card,17-06-2024,No
CUST01298,mumbai,74,Female,20600,Postpaid,1,583.91,23.41,337,28,2,No,4G,Oppo,Premium (>60k),613.45,0,No Contract,1,Yes,1,1,1.8,2.4,No,0,Debit Card,16-06-2023,Yes
CUST01025,navi mumbai,57,M,30000,Prepaid,8,200.85,9.44,583,22,0,N/A,4G,Samsung,Mid (10k-25k),170.26,0,No Contract,1,No,2,3,0.9,3.1,No,0,upi,20-07-2020,No
CUST00927,Mumbai ,,Male,44800,Postpaid,8,144.36,15.32,510,23,2,NO,4G,Apple,High (25k-60k),136.81,0,No Contract,3,No,1,3,3,9.8,Yes,0,upi,21-02-2021,No
CUST00516,Mumbai ,75,Female,11300,Prepaid,0,210.85,0.07,648,19,1,Yes,4G,Oppo,Mid (10k-25k),238.28,1,With Contract,1,No,1,4,2,1.3,No,0,Wallet,01/30/2021,No
CUST00224, Pune,35,Male,34600,Prepaid,75,128.37,10.7,556,13,2,NO,4G,Samsung,Premium (>60k),125.03,0,No Contract,0,No,2,1,41.4,1.8,Yes,3,UPI,13-02-2022,No
CUST01229,Akola,79,Male,48100,Postpaid,16,76.32,7.28,260,28,1,No,4G,,Mid (10k-25k),87.99,2,With Contract,1,No,2,5,3.5,1.3,Yes,0,Credit Card,06-04-2022,No
CUST00614,Mumbai,33,F,52900,Prepaid,10,292.12,4.88,455,22,0,N/A,4G,Apple,Premium (>60k),325.96,1,No Contract,3,No,1,4,10.7,3.3,Yes,0,UPI,06/20/2023,Yes
CUST00844,sangli,64,Male,10900,Prepaid,31,136.29,3.36,668,26,1,Yes,4G,Xiaomi,Low (<10k),167.05,0,No Contract,2,No,3,5,8.8,1.9,No,2,Wallet,17-01-2023,No
CUST00053,NaviMumbai,38,F,11700,Postpaid,34,302.26,10.83,442,36,1,NO,4G,OnePlus,Mid (10k-25k),304.1,1,No Contract,1,No,2,3,17.1,8.6,No,1,UPI,13-11-2022,No
CUST01387,Chhatrapati Sambhajinagar,39,Female,16500,Prepaid,2,102.2,0.91,,26,2,No,5G,Apple,Low (<10k),104.58,1,No Contract,4,No,1,3,6.7,5.6,No,3,Wallet,12-03-2024,Yes
CUST00486,NaviMumbai,84,Male,18600,Postpaid,20,384.33,3.58,537,26,1,Yes,4G,OnePlus,Premium (>60k),352.63,0,With Contract,1,No,1,5,12.8,4.5,No,1,UPI,06-08-2022,No
CUST01439,Mumbai,67,male,23200,Postpaid,11,94.48,0.69,482,23,1,yes,3G,Vivo,Low (<10k),110.38,2,With Contract,3,No,2,4,1.5,0.2,No,1,Debit Card,12-05-2023,Yes
CUST00819,Bombay,56,Female,22500,Prepaid,32,135.77,4.74,762,29,1,Yes,5G,Xiaomi,Mid (10k-25k),117.87,0,With Contract,2,No,0,4,3.2,7.1,Yes,2,UPI,05-06-2024,No
CUST00156,MUMBAI,56,male,20800,Postpaid,14,59.01,2.42,204,22,0,N/A,3G,OnePlus,Low (<10k),59.54,1,No Contract,4,No,0,2,1.7,12.3,Yes,0,Credit Card,20-02-2023,Yes
CUST00601,mumbai,51,Other,43100,Postpaid,16,45.13,4.52,1087,31,2,Yes,2G,Samsung,Low (<10k),42.69,0,No Contract,2,No,1,4,8.2,7.4,No,1,Credit Card,04-11-2019,No
CUST01207,thane,66,Male,37100,Postpaid,37,116.07,22.02,507,19,2,yes,4G,Xiaomi,Mid (10k-25k),141.83,1,With Contract,6,No,3,5,7,3.3,Yes,0,Wallet,08-11-2022,No
CUST00249,Sangli,53,M,18700,Prepaid,10,29.43,0.93,540,20,1,Yes,4G,Samsung,Low (<10k),25.63,0,No Contract,3,No,3,2,11.2,13.7,Yes,1,Debit Card,04/28/2019,No
CUST00762,Pune,61,Female,23300,Prepaid,16,285.62,14.3,609,30,1,yes,4G,Xiaomi,Mid (10k-25k),259.4,2,With Contract,3,No,0,5,2.2,0.5,No,2,Debit Card,12/30/2021,No
CUST01375,mumbai,45,M,33500,Prepaid,28,126.79,11.44,603,24,0,N/A,4G,Apple,Low (<10k),137.58,1,With Contract,2,No,1,3,,1.3,Yes,0,UPI,10-12-2019,No
CUST00543,Mumbai,46,Female,72100,prepaid,15,87.93,7.34,413,17,1,No,3G,Xiaomi,Mid (10k-25k),86.83,1,With Contract,0,No,1,5,26.1,1.4,Yes,4,Credit Card,26-08-2021,No
CUST00794,Nashik,56,Female,,Postpaid,4,176.21,5.65,153,34,1,yes,4G,APPLE,Mid (10k-25k),153.96,1,No Contract,2,Yes,2,1,7.9,7,No,3,Credit Card,01/13/2022,Yes
CUST01095,Bombay,35,Male,16600,Postpaid,28,162.58,11.56,692,34,2,yes,4G,Realme,High (25k-60k),174.55,0,With Contract,5,No,4,3,3.4,4.1,No,1,upi,25-04-2023,No
CUST00629,mumbai,56,F,9500,Prepaid,6,556.74,5.67,139,25,1,yes,4G,Samsung,High (25k-60k),459.76,0,With Contract,2,No,1,5,16.4,9.3,No,1,UPI,17-10-2023,No
CUST00151,NaviMumbai,50,Male,18400,POSTPAID,19,81.01,3.61,697,21,1,Yes,4G,Xiaomi,Mid (10k-25k),82.05,0,No Contract,4,No,2,4,8.7,8.9,Yes,0,UPI,06-07-2023,No
CUST00292,Mumbai ,42,M,23100,Postpaid,3,310.4,2.52,547,18,0,N/A,5G,Vivo,Mid (10k-25k),283.62,0,With Contract,1,No,2,4,13.7,6.6,Yes,2,Debit Card,25-05-2019,No
CUST00382,thane,46,F,13200,Prepaid,2,77.31,0.49,1136,26,1,yes,4G,Unknown,Mid (10k-25k),96.4,1,No Contract,3,No,3,3,3.3,1.7,Yes,0,Cash,03-01-2021,No
CUST00687,Nashik,85,F,7200,Prepaid,17,227.61,7.69,578,21,2,No,4G,Samsung,Premium (>60k),189.11,0,N/A,0,No,2,2,3.5,10.9,No,3,Wallet,16-08-2021,No
CUST00898,amravati,56,Male,10400,Prepaid,16,138.12,4.41,,18,3,Yes,4G,Oppo,Low (<10k),125.81,0,No Contract,0,No,1,4,4.1,8.5,Yes,1,UPI,05/25/2024,No
CUST00855,null,65,M,35300,Postpaid,38,206.47,8.93,258,25,3,NO,4G,,Mid (10k-25k),246.22,0,No Contract,2,No,0,2,4.5,21.2,Yes,2,Cash,25-01-2022,No
CUST01265,Mumbai ,48,Male,8400,Prepaid,8,217.46,0.78,678,17,1,yes,4g,Vivo,Low (<10k),205.97,2,No Contract,2,No,1,3,15.1,1.6,Yes,0,Net Banking,04-06-2022,Yes
CUST01446,Mumbai,32,Male,120500,Postpaid,41,76.38,1.34,706,17,4,No,4G,Realme,Low (<10k),82.04,0,With Contract,1,No,3,4,6.3,1,No,1,UPI,04-04-2023,No
CUST01273,aurangabad,40,M,12800,Prepaid,96,409.15,1.87,559,18,2,NO,3G,Apple,High (25k-60k),426.95,1,With Contract,1,No,0,4,1.4,4.9,Yes,1,upi,03/17/2022,No
CUST00892,kolhapur,41,Male,16700,Postpaid,8,142.49,14.04,614,22,1,Yes,4G,Vivo,Low (<10k),120.15,1,No Contract,2,No,0,4,3.1,5.4,No,1,UPI,05-04-2022,No
CUST00775,solapur,42,male,6200,Prepaid,11,288.76,12.64,81,27,0,N/A,4g,Xiaomi,Low (<10k),319.86,0,No Contract,1,No,4,2,13.8,2.6,No,1,Debit Card,02/22/2023,Yes
CUST00616,Navi Mumbai,45,Male,,Postpaid,7,258.26,2.2,439,23,3,Yes,5G,Samsung,High (25k-60k),229.63,1,With Contract,2,No,2,3,3.9,9.8,No,1,Debit Card,24-09-2022,No
CUST00155,Akola,53,Male,8900,Prepaid,11,229.63,,759,28,2,yes,4G,Vivo,Mid (10k-25k),293.9,2,With Contract,1,No,2,4,9.6,4.9,Yes,3,UPI,09/27/2019,No
CUST00092,Thane,38,female,44600,POSTPAID,0,70.98,15.19,185,15,4,yes,4G,Xiaomi,Mid (10k-25k),63.59,0,Unknown,1,No,2,,0.8,0,Yes,2,UPI,22-08-2019,Yes
CUST00323,thane,41,Female,27900,Postpaid,90,326.76,5.05,580,21,2,Yes,4G,Vivo,Mid (10k-25k),340.98,0,With Contract,0,No,0,3,,4,Yes,0,Net Banking,03-03-2021,No
CUST01163,pune,68,Male,106400,Prepaid,8,458.33,4.86,433,28,0,N/A,4G,Xiaomi,Mid (10k-25k),427.87,1,No Contract,2,Yes,0,,8,26.4,No,0,UPI,04-03-2024,No
CUST00083,pune,44,Female,23100,Postpaid,22,46.18,10.25,719,19,0,N/A,5G,Oppo,Mid (10k-25k),57.97,0,With Contract,2,Yes,2,4,1.9,0.3,No,0,Wallet,09/20/2020,No
CUST00513,NaviMumbai,38,Other,24300,Prepaid,14,274.11,30.11,346,23,2,NO,4G,Samsung,Low (<10k),313.82,1,No Contract,2,No,1,5,2.6,0.3,Yes,0,Wallet,06-08-2019,No
CUST01147,Solapur,70,male,34500,prepaid,37,278.09,1.8,192,20,0,N/A,4G,Unknown,Mid (10k-25k),357.65,2,With Contract,1,No,1,5,10.5,10.7,No,1,Credit Card,10/25/2023,No
CUST00930,Bombay,77,F,18900,Prepaid,11,159.57,7.7,563,25,0,N/A,4G,Samsung,Premium (>60k),170.34,3,No Contract,2,No,0,1,1.2,1.3,Yes,4,Credit Card,19-04-2021,No
CUST01237,Kolhapur,44,female,46400,Prepaid,8,360.41,8.33,306,22,1,yes,4G,Xiaomi,Low (<10k),421.13,1,No Contract,1,No,3,3,1.4,2.9,No,1,Debit Card,19-05-2024,No
CUST00011,Bombay,41,F,41700,prepaid,8,220.52,6.69,216,27,1,Yes,4G,Xiaomi,Mid (10k-25k),246.81,1,with contract,5,No,2,4,12.1,6.8,No,1,Net Banking,13-04-2019,No
CUST00832,PUNE,44,Male,30500,Postpaid,5,343.19,0.69,623,31,1,yes,4G,samsung,Mid (10k-25k),313.8,0,No Contract,1,No,1,1,1.7,8.8,Yes,0,Cash,01-05-2021,Yes
CUST00033,mumbai,61,M,38800,Postpaid,35,141.79,3.61,7,17,1,NO,4G,Samsung,Mid (10k-25k),143.14,1,With Contract,3,No,2,1,25.5,1.8,No,0,upi,08/14/2021,No
CUST00414,Nashik,62,Male,13800,Postpaid,23,235.08,4.6,526,27,1,Yes,3G,Vivo,Mid (10k-25k),220.74,0,No Contract,1,No,0,2,10.2,0.9,No,2,Cash,20-12-2019,No
CUST00581,pune,47,Male,22200,Prepaid,36,453.25,10.63,655,33,0,N/A,4G,Xiaomi,Mid (10k-25k),490.68,1,No Contract,2,No,2,4,10.7,7.3,No,1,Wallet,06-11-2023,No
CUST01165,Mumbai,70,Female,13400,prepaid,5,171.31,5.12,288,37,0,N/A,4g,,Mid (10k-25k),162.58,1,with contract,0,No,1,4,1.6,0.5,No,2,Credit Card,08-10-2022,No
CUST01432,Nagpur,200,Female,22300,Postpaid,5,482.58,10.38,552,24,5,yes,5G,Samsung,High (25k-60k),410.24,0,With Contract,7,No,3,4,1.6,3.2,No,0,Debit Card,03-02-2024,Yes
CUST00615,amravati,42,Female,15900,Postpaid,16,82.23,12.87,600,24,0,N/A,4g,Apple,Mid (10k-25k),101.93,3,?,0,No,2,4,24.8,0.6,Yes,0,Net Banking,01-08-2022,No
CUST01046,nashik,31,Female,22000,Prepaid,28,130.92,2.73,358,32,0,N/A,4G,Apple,High (25k-60k),113.66,0,No Contract,0,No,1,3,1.3,1.7,No,2,Debit Card,09-01-2019,No
CUST01015,Thane,54,Female,33000,Postpaid,55,251.35,5.62,,26,3,NO,4G,OnePlus,Mid (10k-25k),278.34,0,With Contract,0,No,2,5,1.8,0.8,No,0,UPI,04-02-2022,No
CUST00090,PUNE,53,M,28500,Prepaid,20,404.62,0.47,448,31,2,No,4G,Xiaomi,Low (<10k),388.32,1,With Contract,3,No,1,3,15.8,15.3,Yes,0,UPI,02-03-2022,No
CUST01279,Mumbai,48,Female,47800,Prepaid,42,140.23,1.85,630,23,0,N/A,4g,Vivo,Mid (10k-25k),144.89,1,No Contract,1,No,2,4,14.9,7.3,No,3,UPI,06-02-2022,No
CUST00602,Mumbai,77,Female,19200,POSTPAID,3,184.19,6.92,719,17,2,No,2G,Vivo,High (25k-60k),231.1,1,With Contract,1,No,1,5,26.9,3.9,No,0,UPI,12/25/2023,No
CUST00134,null,,M,14800,Prepaid,0,149.14,4.19,220,29,0,N/A,4G,Oppo,Premium (>60k),126.01,0,No Contract,2,No,5,4,10.4,8,Yes,1,UPI,08-02-2022,No
CUST00556,pune,35,Female,9500,Postpaid,36,544.27,15.02,685,31,1,yes,3G,Oppo,Low (<10k),584.41,1,With Contract,3,No,2,3,0.4,29.5,No,2,Cash,20-11-2023,No
CUST01032,Nasik,45,F,10900,Prepaid,11,226.54,0.45,401,17,1,Yes,4G,Samsung,High (25k-60k),233.44,1,With Contract,2,No,0,2,,6.4,Yes,1,UPI,20-08-2019,No
CUST01179,Chhatrapati Sambhajinagar,42,Male,22900,Prepaid,0,204.86,,272,15,0,N/A,4g,Samsung,Mid (10k-25k),167.4,0,With Contract,2,Yes,1,1,14.7,2.6,No,0,Credit Card,16-08-2023,Yes
CUST00321,nagpur,63,Male,26200,Prepaid,16,357.89,0.35,269,23,0,N/A,4g,Oppo,Mid (10k-25k),334.54,1,Unknown,0,No,3,,8.9,6.5,Yes,1,UPI,03-12-2020,No
CUST01328,Chhatrapati Sambhajinagar,53,Male,6800,Prepaid,3,113.92,4.51,742,25,1,yes,4G,,Premium (>60k),96.34,1,with contract,3,No,1,4,5.4,2.3,Yes,1,UPI,19-10-2019,No
CUST01306,amravati,,,28200,Prepaid,10,199.71,0.1,488,31,1,NO,4g,Vivo,Mid (10k-25k),225.21,0,With Contract,2,No,1,3,6.8,1.4,No,2,Credit Card,29-05-2019,No
CUST00635,Mumbai ,53,M,,prepaid,34,16.99,5.43,520,32,3,Yes,NA,Xiaomi,High (25k-60k),21.1,1,with contract,0,No,0,1,1.2,4.9,Yes,1,Debit Card,01/20/2024,No
CUST00553,Nagpur,46,Male,,Prepaid,38,239.33,0.07,506,22,2,Yes,4G,Xiaomi,Premium (>60k),301.09,1,With Contract,0,No,0,2,7.6,0.6,No,0,Credit Card,02-05-2021,No
CUST01056,-,66,male,41900,Prepaid,12,105.85,14.07,236,19,0,N/A,4G,Realme,Mid (10k-25k),126.62,0,With Contract,3,No,4,3,23.1,4.6,Yes,2,Cash,11-08-2021,No
CUST01172,Akola,35,Female,29000,Prepaid,15,41.05,7.61,437,26,2,No,4G,Realme,High (25k-60k),49.87,1,With Contract,3,Yes,1,5,3.5,18.4,No,0,Cash,30-12-2023,No
CUST00797,NaviMumbai,71,Male,8600,Prepaid,9,153.89,0.73,391,21,1,NO,5G,Unknown,Low (<10k),188.86,1,No Contract,0,No,1,1,0.1,1.6,No,1,Credit Card,02-05-2022,No
CUST01362,Mumbai,56,Male,16500,Postpaid,1,189.99,1.32,394,18,1,yes,4G,Samsung,?,197.67,2,No Contract,3,No,1,4,11.9,8.4,Yes,3,UPI,13-08-2023,Yes
CUST01286,nagpur,41,Male,11500,Prepaid,7,136.06,28.08,54,20,2,yes,4G,Realme,Mid (10k-25k),121.69,0,With Contract,3,No,1,4,18.8,2.1,Yes,0,Cash,17-08-2021,No
CUST00175,Thane,39,M,33400,prepaid,6,250.34,1.4,382,29,1,yes,4G,Realme,Low (<10k),296.3,2,No Contract,0,No,2,5,1.3,3.7,No,3,Credit Card,29-04-2021,No
CUST00767,Aurangabad,57,Female,6800,Prepaid,42,109.31,1.87,464,25,4,Yes,4G,Vivo,High (25k-60k),87.76,0,With Contract,3,No,1,2,0.3,5.7,No,1,Credit Card,06/19/2023,No
CUST00246,NaviMumbai,48,Female,34500,Prepaid,9,188.46,6.16,839,26,0,N/A,3G,,Mid (10k-25k),181.21,0,No Contract,3,No,1,5,9.7,6.9,No,1,Debit Card,25-08-2023,No
CUST01081,aurangabad,31,Male,25100,Prepaid,30,117.34,0.46,880,22,2,NO,4G,Vivo,Mid (10k-25k),117.73,0,No Contract,1,Yes,2,4,3,3.8,No,0,upi,05-02-2020,No
CUST01305,Thane,57,Female,27400,prepaid,0,225.52,4.69,595,26,3,No,4g,Samsung,Low (<10k),253.94,0,No Contract,0,No,0,4,4.3,0.6,No,4,UPI,18-07-2021,No
CUST00146,MUMBAI,35,M,8300,Prepaid,5,244.6,2.54,541,28,1,yes,4G,Vivo,High (25k-60k),242.43,0,With Contract,3,No,3,2,36.9,0.5,No,0,UPI,20-04-2021,No
CUST00091,Mumbai,45,Female,34900,prepaid,31,216.34,17.58,677,27,2,NO,4G,Samsung,Low (<10k),175.28,1,No Contract,2,Yes,3,2,13.8,3,Yes,3,,10-10-2022,No
CUST00683,mumbai,69,Male,17000,Prepaid,5,309.79,5.59,174,26,1,No,4G,Xiaomi,High (25k-60k),324.66,0,No Contract,1,No,2,5,3.6,5.7,No,1,Wallet,04-04-2021,No
CUST00311,Pune,50,Female,38900,Prepaid,1,421.83,5.25,110,40,1,Yes,4G,Oppo,High (25k-60k),394.72,2,No Contract,0,Yes,2,3,8.8,16.1,Yes,2,UPI,27-07-2020,No
CUST00094,Nagpur city,44,Male,35300,prepaid,8,153.21,3.79,594,23,3,NO,4G,Vivo,Low (<10k),134.16,0,With Contract,1,No,0,,0.4,12.2,No,0,UPI,19-10-2019,No
CUST01181,sangli,34,Male,55200,Prepaid,36,221.99,1.17,84,22,1,NO,4G,Realme,Low (<10k),220.44,0,No Contract,0,No,0,4,5.1,6.6,No,0,UPI,28-08-2023,No
CUST00925,PUNE,47,Male,61100,prepaid,25,248.81,8.75,265,27,0,N/A,4G,Vivo,Mid (10k-25k),291.48,1,With Contract,2,No,2,4,16.4,4.2,No,1,Credit Card,08-05-2022,No
CUST01272,Kolhapur,41,,55700,Prepaid,30,182.51,0.39,527,30,0,N/A,3G,Apple,Mid (10k-25k),226.69,1,No Contract,0,No,0,4,7.8,13.1,Yes,3,Debit Card,03-07-2020,No
CUST01036,THANE,49,F,16900,Postpaid,6,519.4,0.82,348,37,1,No,4G,Oppo,Low (<10k),623.73,2,With Contract,3,Yes,0,,29,2.8,No,0,Wallet,09/27/2023,No
CUST00244,Pune,58,Male,38600,Prepaid,11,430.84,0.12,,27,2,NO,3G,Vivo,null,489.63,1,No Contract,1,No,1,4,1.7,8.1,No,0,UPI,02-01-2023,No
CUST01112,Mumbai,58,Male,,Prepaid,5,118.97,1.7,501,25,1,No,None,Samsung,Mid (10k-25k),,1,No Contract,2,No,0,2,8.8,5.6,No,1,Wallet,22-02-2020,Yes
CUST00215,thane,62,Male,16500,Prepaid,43,183.8,24.96,419,28,0,N/A,3G,OnePlus,High (25k-60k),195.1,0,No Contract,0,No,0,1,5.5,5.9,No,1,Credit Card,07/20/2021,No
CUST00999,navi mumbai,42,female,44000,Prepaid,6,36.3,2.73,479,40,1,No,5G,Samsung,Low (<10k),45.18,1,With Contract,2,No,1,3,3,7.3,No,1,Net Banking,11-09-2019,No
CUST00854,Amravati,43,F,10800,Postpaid,0,89.62,1.62,632,29,2,yes,4G,Xiaomi,Premium (>60k),107.88,1,With Contract,0,No,2,5,0,24.3,No,0,UPI,09/28/2020,No
CUST00426,Unknown,44,Male,26600,Prepaid,11,195.87,19.19,457,25,1,Yes,3G,Xiaomi,Low (<10k),185.96,2,With Contract,2,No,1,2,0.3,3.4,Yes,4,UPI,26-10-2020,Yes
CUST01323,amravati,44,Female,19800,Prepaid,26,245.04,10.64,538,26,0,N/A,4G,Vivo,Low (<10k),306.4,0,No Contract,1,No,2,4,15.3,15.7,Yes,0,UPI,10/26/2022,No
CUST00227,Sangli,38,Female,51800,Prepaid,19,168.21,0.63,506,30,2,No,4G,Samsung,Premium (>60k),177.23,1,With Contract,1,No,1,4,12.3,5.8,Yes,0,upi,06/14/2022,No
CUST01228,mumbai,35,Male,48100,Prepaid,52,180.41,4.22,408,30,1,NO,4g,Vivo,Mid (10k-25k),164.53,1,With Contract,2,No,1,3,21.1,0.3,Yes,2,Net Banking,04-05-2021,No
CUST00001,Pune,66,Female,36300,Prepaid,77,150.38,,881,24,4,yes,4G,Apple,Low (<10k),166.29,2,With Contract,2,No,0,3,0.2,13.8,No,3,Net Banking,03-07-2024,No
CUST00402,navi mumbai,57,Male,18400,Postpaid,17,256.14,4.7,290,20,1,NO,4G,Xiaomi,Low (<10k),307.08,1,No Contract,2,No,3,1,1.2,1.3,Yes,0,Net Banking,10/19/2020,No
CUST01104,NaviMumbai,,Male,40500,Postpaid,18,16.12,1.59,589,21,1,yes,4G,Apple,Low (<10k),19.77,1,With Contract,3,No,2,3,4,23.4,No,3,UPI,02-04-2024,No
CUST00085,Pune,85,female,40700,POSTPAID,30,237.86,5.19,154,23,1,yes,4G,Apple,Low (<10k),216.96,0,No Contract,0,No,2,5,0.8,0.7,Yes,1,Cash,31-01-2024,No
CUST00163,?,43,Other,29400,Prepaid,1,347.71,4.2,287,29,2,No,4G,Oppo,Mid (10k-25k),336.51,1,No Contract,1,No,3,1,1.4,3.4,No,2,Net Banking,11/30/2023,Yes
CUST00115,Nasik,36,Male,16000,Prepaid,16,124.74,8.07,656,22,1,No,4G,Oppo,High (25k-60k),141.76,1,No Contract,1,Yes,3,3,7.8,5,Yes,1,Wallet,21-03-2020,No
CUST00671,MUMBAI,52,Female,28300,Postpaid,12,269.44,8.1,480,15,1,yes,3G,Vivo,High (25k-60k),251.48,1,With Contract,3,No,2,3,1.4,0.7,No,4,Credit Card,02/25/2022,No
CUST01201,aurangabad,37,Female,23600,Prepaid,20,259.37,8.2,475,20,0,N/A,5G,Xiaomi,High (25k-60k),335.35,0,With Contract,2,No,2,1,19.4,4.5,Yes,1,Net Banking,16-05-2024,No
CUST00890,Mumbai ,49,Female,34300,POSTPAID,11,233.6,0.75,187,22,0,N/A,3G,Samsung,Low (<10k),282.43,2,No Contract,0,Yes,1,5,3.9,4.5,Yes,0,Cash,16-06-2022,No
CUST00626,Pune,59,Female,11400,Postpaid,11,262.38,7.41,540,25,0,N/A,5G,Oppo,Low (<10k),245.56,1,No Contract,2,No,3,1,5.4,0,No,0,Cash,09-07-2022,No
CUST01474,PUNE,57,M,22400,Prepaid,5,296.73,7.96,567,29,2,Yes,4G,Samsung,High (25k-60k),238.57,1,No Contract,1,No,5,4,2.6,5.6,No,0,Net Banking,08-06-2021,No
CUST00953,mumbai,46,Female,14800,Prepaid,0,299.25,3.66,370,22,0,N/A,2G,Samsung,Low (<10k),333.05,0,No Contract,5,No,1,5,0.4,3.9,No,1,Debit Card,07-01-2022,No
CUST00808,navi mumbai,59,Female,14800,Prepaid,12,368.79,1.41,801,22,0,N/A,4G,Vivo,Low (<10k),351.79,1,No Contract,0,No,1,5,10.2,7.5,Yes,0,UPI,30-07-2019,No
CUST00259,Nashik,45,Male,40900,prepaid,20,218.4,0.91,472,21,1,No,4G,Samsung,High (25k-60k),193.48,1,No Contract,3,Yes,4,3,2.6,3.9,No,3,UPI,17-03-2024,No
CUST00625,Nashik,75,female,20100,Prepaid,18,357.33,1.46,578,23,2,NO,4G,Xiaomi,Mid (10k-25k),372.07,1,With Contract,5,No,0,1,3.3,15.2,Yes,1,Credit Card,07/30/2021,No
CUST00827, Pune,62,F,18100,Postpaid,8,127.5,3.73,,27,1,Yes,4G,Realme,Low (<10k),146.26,1,No Contract,3,No,0,,24.4,1.5,No,1,UPI,06-10-2020,No
CUST00235,Mumbai ,31,Male,21000,Postpaid,4,218.15,0.25,654,25,2,yes,4G,Xiaomi,Low (<10k),259.17,2,With Contract,0,Yes,1,2,1.7,0.8,Yes,0,UPI,10-11-2022,No
CUST00136,pune,25,Male,79300,Prepaid,19,132.52,2.47,274,25,0,N/A,-,Samsung,Mid (10k-25k),161.23,0,With Contract,4,No,2,2,9.5,3.7,No,1,Cash,03-06-2020,No
CUST00617,Bombay,49,Female,49300,Prepaid,27,265.43,7.07,372,33,0,N/A,3G,Realme,Low (<10k),310.25,2,No Contract,1,No,2,5,,1.3,No,2,UPI,29-03-2020,No
CUST00837,navi mumbai,46,Female,10200,Postpaid,4,91.08,3.14,111,30,1,yes,5G,Samsung,Premium (>60k),87.09,2,No Contract,2,No,1,4,,4.2,Yes,1,UPI,11/29/2022,Yes
CUST00843,mumbai,31,Male,40300,Prepaid,49,207.55,3.7,632,15,0,N/A,4G,Xiaomi,High (25k-60k),219.53,1,No Contract,3,No,2,3,3.7,3.9,No,0,Debit Card,28-05-2023,No
CUST00960,THANE,45,Female,13300,Prepaid,7,219.52,1.86,356,27,0,N/A,Unknown,Apple,Low (<10k),203.35,1,With Contract,3,No,2,5,12.4,4.7,Yes,0,Wallet,18-02-2023,No
CUST00593,mumbai,52,Male,29500,Prepaid,3,325.61,0.97,0,32,2,yes,5G,Apple,Mid (10k-25k),415.6,0,Unknown,1,Yes,0,4,3.3,15.2,Yes,1,Net Banking,12/14/2022,Yes
CUST00344,pune,48,Female,73900,Prepaid,4,123.12,23.98,,20,3,NO,4G,Vivo,Low (<10k),119.56,0,No Contract,1,Yes,1,3,21.7,0.5,Yes,1,UPI,30-01-2022,No
CUST01452,nashik,,Female,15600,Postpaid,5,144.5,0.28,536,25,1,Yes,5G,OnePlus,Mid (10k-25k),177.38,1,N/A,1,No,1,5,11.4,0,Yes,0,,28-03-2023,No
CUST00294,PUNE,72,Female,55000,Postpaid,17,227.07,6.12,279,34,4,NO,4G,Vivo,High (25k-60k),257.31,0,No Contract,1,No,1,3,16.6,5.1,No,3,Debit Card,02-07-2019,No
CUST00365,Navi Mumbai,47,female,16100,Prepaid,12,254.15,3.58,478,24,1,Yes,null,Samsung,-,255.63,1,With Contract,5,No,0,5,2.3,1.4,No,0,,23-05-2020,Yes
CUST00179,NaviMumbai,54,Male,19800,Prepaid,7,512.26,4.72,414,23,2,NO,4G,Samsung,Low (<10k),451.6,2,With Contract,1,No,1,1,2.1,12.4,No,0,UPI,24-07-2021,No
CUST00660,Nasik,48,M,38900,Postpaid,8,39.01,0.13,558,25,0,N/A,4G,Vivo,Premium (>60k),50.25,0,With Contract,0,No,0,,19.5,3.9,No,1,Wallet,18-12-2020,No
CUST00997,NaviMumbai,39,Female,45100,Postpaid,77,512.51,1.03,754,31,0,N/A,2G,Samsung,High (25k-60k),577.46,0,No Contract,4,No,2,2,2,6.2,No,1,UPI,01-03-2024,No
CUST00015,Mumbai,67,Male,,Prepaid,20,369.95,4.17,452,23,1,NO,4G,Apple,Mid (10k-25k),458.26,0,No Contract,2,No,1,4,6.8,2.5,No,0,Credit Card,08-05-2024,No
CUST01111,Solapur,60,F,83700,Prepaid,16,364.96,1.37,335,29,2,No,4G,Realme,Premium (>60k),420.83,1,With Contract,1,No,2,4,7,9.6,No,0,Credit Card,12-07-2023,No
CUST00166,Kolhapur,75,F,,Prepaid,1,123.17,0.66,381,29,3,Yes,4G,Xiaomi,High (25k-60k),130.77,0,With Contract,3,No,2,2,11.5,1,No,2,Cash,15-10-2021,Yes
CUST01415,nagpur,39,Male,10900,Postpaid,26,256.15,4.13,653,20,2,Yes,4g,Oppo,Low (<10k),240.73,0,No Contract,2,No,1,4,,11.2,No,2,upi,21-12-2023,No
CUST00060,PUNE,56,Other,28000,Postpaid,3,225.14,6.9,552,19,0,N/A,5G,Oppo,Low (<10k),255.44,0,No Contract,5,No,1,4,2.2,9.8,No,0,Debit Card,09/29/2021,Yes
CUST00710,thane,60,Other,15000,Postpaid,14,82.26,2.86,602,26,1,yes,4G,Samsung,Mid (10k-25k),79.61,0,No Contract,2,No,2,3,1.7,6,No,3,UPI,18-04-2019,No
CUST00677,Bombay,38,Male,35300,Prepaid,0,536.01,4.26,363,23,0,N/A,2G,Xiaomi,Mid (10k-25k),582.76,2,With Contract,3,No,1,5,10.1,8.7,No,0,UPI,13-02-2019,Yes
CUST00781,thane,62,Male,27500,Prepaid,29,302.2,9.5,332,16,3,yes,3G,Oppo,Premium (>60k),333.99,2,No Contract,2,No,2,4,2.6,1.7,No,1,UPI,15-07-2023,No
CUST00425,Bombay,56,M,8300,Prepaid,35,283.57,29.54,411,28,0,N/A,4g,Vivo,Low (<10k),305.83,1,No Contract,1,No,1,3,,15.3,Yes,3,Credit Card,03-07-2022,No
CUST00293,solapur,42,,31400,Prepaid,64,123.29,1.54,367,23,1,No,4G,,Mid (10k-25k),111.89,3,With Contract,4,Yes,1,5,3.4,3.7,No,1,UPI,14-03-2023,No
CUST01066,thane,47,Male,50900,prepaid,5,301.21,1.78,715,28,0,N/A,4G,Realme,Mid (10k-25k),386.26,1,With Contract,3,Yes,1,1,3.2,3.6,No,1,UPI,31-10-2023,No
CUST01346,pune,36,Male,57600,Prepaid,9,294.26,20.04,,28,3,yes,4G,Samsung,Mid (10k-25k),282.07,1,With Contract,2,No,0,1,,1.8,No,0,Wallet,09-10-2023,No
CUST00330,Bombay,35,Male,69800,Prepaid,18,350.61,3.79,552,33,0,N/A,3G,Oppo,Low (<10k),317,2,No Contract,1,No,0,3,16.8,2.1,No,1,UPI,01/21/2022,No
CUST00430,mumbai,48,Male,29000,Prepaid,7,299.31,2.57,468,22,1,yes,4G,Xiaomi,High (25k-60k),336.63,1,No Contract,2,No,0,5,10.4,4.8,No,0,Wallet,22-05-2023,No
CUST01013,NaviMumbai,42,Female,21600,Prepaid,12,52.07,0.72,252,27,1,NO,4G,Xiaomi,Mid (10k-25k),52.23,0,With Contract,1,No,1,3,4.1,8.4,Yes,0,Wallet,16-07-2022,No
CUST00080,Mumbai ,45,Female,43900,Prepaid,29,613.44,16.04,0,29,1,Yes,4G,Oppo,High (25k-60k),694.71,0,With Contract,2,No,1,4,10.6,11.8,No,1,UPI,31-03-2022,No
CUST01053,NaviMumbai,59,M,24400,Prepaid,53,122.8,1.17,685,23,2,No,4g,Samsung,High (25k-60k),142.61,2,No Contract,3,No,0,5,0.6,3.3,Yes,0,UPI,14-11-2019,No
CUST00938,Navi Mumbai,64,Male,39100,prepaid,15,191.32,,301,31,1,Yes,4G,Xiaomi,Low (<10k),206.21,1,With Contract,2,No,5,1,12.6,24,Yes,0,UPI,03/25/2020,No
CUST00835,Nagpur city,46,Male,57700,POSTPAID,11,792.92,22.8,732,27,1,NO,4G,samsung,Low (<10k),753.32,2,With Contract,1,No,2,4,1.6,0.8,Yes,1,Net Banking,01-07-2019,No
CUST00750,nashik,,Male,28500,Prepaid,35,92.07,,696,26,3,NO,5G,Vivo,High (25k-60k),112.43,0,No Contract,4,No,1,4,4.3,9.8,No,0,Debit Card,05/27/2022,No
CUST00891,Unknown,61,Male,,Postpaid,23,161.85,1.58,654,26,1,NO,5G,Xiaomi,Mid (10k-25k),133.44,0,No Contract,0,No,1,1,6.1,8.1,Yes,2,,03-03-2020,Yes
CUST00255,Mumbai ,,female,59500,Postpaid,15,107.44,0.53,470,25,1,No,4G,Realme,High (25k-60k),95.81,0,No Contract,3,No,1,3,2.7,2.9,Yes,2,Credit Card,05-05-2024,No
CUST01303,Mumbai ,52,male,,Postpaid,18,157.83,6.22,224,19,0,N/A,3G,Oppo,Mid (10k-25k),,1,No Contract,3,No,0,5,1.4,5.5,Yes,2,UPI,02-02-2021,No
CUST01473,Amravati,47,M,17000,Prepaid,5,111.67,,615,25,0,N/A,4g,Xiaomi,Premium (>60k),90.82,1,No Contract,1,No,1,5,7.1,1,Yes,0,UPI,20-02-2019,No
CUST01109,THANE,49,Female,11100,Postpaid,2,320.1,16.3,806,30,0,N/A,4G,Oppo,Premium (>60k),385.64,1,No Contract,0,No,1,5,4.5,8.3,No,0,,30-03-2020,Yes
CUST00137,nagpur,41,Female,12300,Prepaid,6,182.66,0.45,194,25,2,No,4G,Xiaomi,Low (<10k),208.3,0,with contract,3,Yes,4,2,1.4,7.4,No,0,upi,25-02-2020,No
CUST01136,Mumbai ,56,Female,23000,Prepaid,6,396.66,0.16,496,19,2,No,4G,Realme,Low (<10k),471.86,0,With Contract,1,No,0,4,19.2,0.2,No,0,,06-09-2020,No
CUST00853,Mumbai ,58,Female,11600,prepaid,11,352.26,0.16,593,24,1,No,4G,Unknown,High (25k-60k),427.27,0,With Contract,3,No,2,,7.6,3.8,Yes,3,Net Banking,02-01-2022,No
CUST00724,Chhatrapati Sambhajinagar,39,Male,11600,Postpaid,25,162.28,27.47,278,17,0,N/A,4G,Unknown,Low (<10k),143.47,2,No Contract,1,No,1,3,2.5,1.2,No,0,Credit Card,10-05-2021,No
CUST00860,Bombay,77,Male,51800,Prepaid,5,411.31,24.5,,27,0,N/A,4G,Xiaomi,Mid (10k-25k),452.94,2,No Contract,1,No,2,5,,6.5,Yes,1,Cash,12-12-2023,No
CUST00970,PUNE,39,Female,16300,Prepaid,24,84.3,5.74,397,27,2,NO,5G,Vivo,Low (<10k),73.59,0,With Contract,2,No,4,3,3,7.9,No,0,UPI,08-12-2019,No
CUST00497,Nashik,54,male,14300,Postpaid,5,645.56,2.37,39,24,1,NO,3G,OnePlus,Low (<10k),796.62,0,No Contract,3,No,2,3,0.5,3.1,Yes,0,UPI,23-09-2020,Yes
CUST00951,nashik,66,Male,37100,Postpaid,7,446.47,0.6,290,27,1,No,4G,Vivo,Low (<10k),455.36,0,No Contract,3,No,1,3,1.4,2.2,No,0,Cash,09-08-2022,No
CUST00806,THANE,37.0 yrs,Female,19400,Prepaid,7,184.77,9.69,572,23,4,NO,4G,Samsung,Mid (10k-25k),161.64,2,No Contract,1,No,0,,10.2,0.5,No,1,Credit Card,20-09-2023,No
CUST00130,Nagpur city,46,Female,13700,Prepaid,20,90.34,3.67,496,27,0,N/A,3G,Samsung,Premium (>60k),,0,No Contract,2,No,3,3,11.6,0.1,Yes,0,UPI,06/21/2021,No
CUST00338,THANE,35,Male,7000,Prepaid,27,69.2,0.7,226,18,3,NO,5G,Samsung,Low (<10k),62.99,2,With Contract,2,No,1,3,6.4,14.4,No,3,UPI,20-01-2023,Yes
CUST00076,THANE,28,Male,36700,prepaid,49,98.71,8.05,,23,1,yes,4G,Oppo,Mid (10k-25k),97.06,1,With Contract,1,No,0,4,2.7,0.7,No,0,UPI,02-05-2021,No
CUST00609,nagpur,49,Male,64100,Prepaid,21,104.57,7.94,225,21,0,N/A,4G,Vivo,Low (<10k),104.41,1,No Contract,4,Yes,1,4,0.3,2.1,No,0,Wallet,13-03-2023,No
CUST01149,kolhapur,54,Female,26500,Prepaid,9,314.58,1.63,569,13,3,Yes,4g,Vivo,Low (<10k),311.95,0,With Contract,3,No,2,3,0.1,9,No,0,Wallet,13-02-2020,No
CUST00196,Pune,66,Male,93100,POSTPAID,16,103.26,,718,33,2,Yes,4G,Xiaomi,Low (<10k),122.57,1,No Contract,1,No,2,5,10.6,10.6,No,0,UPI,20-03-2023,No
CUST01488,THANE,85,Female,26200,Postpaid,0,168.53,6.24,405,25,0,N/A,4G,Samsung,Low (<10k),160.8,0,With Contract,3,Yes,0,1,0.1,14,No,0,Net Banking,21-01-2021,Yes
CUST00910,Pune,27,Female,11000,prepaid,3,160.28,0.27,468,26,1,yes,5G,Apple,High (25k-60k),151.95,1,No Contract,1,No,0,4,14.4,1.3,No,2,Credit Card,06/23/2021,No
CUST00585,nashik,40,Female,75300,POSTPAID,18,268.33,0.08,368,21,1,yes,4G,Oppo,Mid (10k-25k),294.08,0,No Contract,2,No,1,4,8.9,8.4,No,2,Debit Card,12-06-2023,No
CUST00104,Nagpur,34,Male,21100,POSTPAID,42,308.44,1.05,,26,0,N/A,4G,Samsung,Premium (>60k),344.82,0,No Contract,2,No,1,5,2.4,9.3,No,0,UPI,21-03-2020,No
CUST01393,Bombay,41,M,11100,Postpaid,4,55.57,4.92,520,22,0,N/A,4G,Apple,High (25k-60k),45.78,1,No Contract,4,No,2,5,10.4,4.2,No,1,Credit Card,30-12-2020,No
CUST01407,kolhapur,41,female,17000,Prepaid,32,402.69,32.01,919,36,0,N/A,3G,Oppo,Premium (>60k),518.79,1,with contract,4,No,2,1,6.5,2.8,No,4,upi,18-05-2023,No
CUST00720,thane,38,Male,44900,Prepaid,1,195.81,2.81,375,31,1,NO,4g,Vivo,Low (<10k),173.45,2,No Contract,1,No,3,3,0.2,5.9,Yes,2,Debit Card,09-08-2022,No
CUST00885,solapur,38,Male,9400,prepaid,55,260.64,,506,35,1,Yes,4G,APPLE,Mid (10k-25k),259.84,0,No Contract,1,No,1,4,2.8,10.1,Yes,0,Debit Card,07-02-2022,No
CUST00777,Mumbai ,85,M,16500,Prepaid,13,317.87,1.1,,34,0,N/A,5G,Realme,Low (<10k),313.35,0,No Contract,3,No,1,1,,4,Yes,0,UPI,07/27/2023,No
CUST00850,Nasik,26,Male,21800,Postpaid,13,66.05,10.31,340,21,0,N/A,4G,OnePlus,High (25k-60k),54.24,0,With Contract,2,No,0,5,12.6,6.8,Yes,0,Net Banking,10-06-2024,No
CUST00895,thane,70,F,73400,Postpaid,3,59.6,4.54,431,34,2,Yes,4G,Xiaomi,High (25k-60k),63.34,0,No Contract,0,No,2,2,3.8,0.5,No,3,UPI,11-11-2023,Yes
CUST00228, Pune,52,female,19400,Prepaid,7,95.54,12.78,541,16,1,No,4G,,Premium (>60k),120.05,1,No Contract,7,No,2,1,4.3,5.5,No,4,UPI,06/13/2019,No
CUST01417,mumbai,38,M,13200,Prepaid,9,211.99,2.37,310,28,3,Yes,4G,Apple,Low (<10k),199.49,1,No Contract,2,No,2,4,2.1,0.7,No,0,Credit Card,26-10-2020,No
CUST00127,solapur,48,Male,19900,POSTPAID,6,298.09,4.3,413,24,0,N/A,4G,Samsung,Low (<10k),285.54,2,No Contract,2,No,1,5,1,10.7,Yes,0,Credit Card,01-05-2020,No
CUST00406,Amravati,53,Male,23500,Prepaid,15,152.78,1.28,136,30,1,Yes,2G,Realme,Premium (>60k),124.69,1,No Contract,0,No,2,3,0.6,3.8,Yes,0,UPI,17-10-2019,No
CUST00776,Mumbai ,50,Female,40600,Postpaid,14,118.7,,286,27,0,N/A,4G,Xiaomi,Low (<10k),142.23,0,No Contract,2,No,3,4,18.3,2.9,No,0,UPI,26-07-2021,No
CUST00822,Mumbai,69,M,56200,POSTPAID,13,230.18,,347,21,1,No,3G,Xiaomi,Low (<10k),268.89,0,With Contract,2,No,3,5,2.7,5.8,Yes,3,Credit Card,04-01-2024,No
CUST00712,Nashik,54,M,12800,Postpaid,22,171.52,1.24,366,25,0,N/A,4G,Xiaomi,Mid (10k-25k),,1,With Contract,1,No,0,1,10.9,1.5,No,1,Credit Card,29-06-2023,No
CUST01421,Pune,59,Male,21400,Prepaid,5,62.46,23.65,517,28,2,Yes,2G,Samsung,Low (<10k),68.18,2,No Contract,0,No,0,,,5.2,No,0,UPI,09-01-2020,Yes
CUST01061,Amravati,37,M,18900,Postpaid,13,154.66,0.15,153,28,0,N/A,4G,Vivo,Premium (>60k),174.23,0,With Contract,3,No,3,4,3.2,1.3,Yes,1,Debit Card,11/15/2019,No
CUST01164,Chhatrapati Sambhajinagar,53,Female,82500,Postpaid,52,127.01,9.4,184,23,1,yes,4G,Xiaomi,Low (<10k),126.57,2,No Contract,1,No,0,1,11.6,12.2,No,0,UPI,06/25/2019,No
CUST00304,Nasik,53,Male,19200,prepaid,0,37.89,,630,24,0,N/A,4G,Xiaomi,Mid (10k-25k),42.7,0,NA,0,No,1,5,23.8,2.1,Yes,0,UPI,12/16/2019,No
CUST00268,thane,77,Female,16100,Prepaid,5,143.77,7.06,516,32,3,No,4G,Realme,Mid (10k-25k),179.14,0,With Contract,2,Yes,1,4,0.9,6.5,Yes,0,Credit Card,06-05-2019,No
CUST00546,pune,36,M,17400,Postpaid,30,369.18,0.02,324,26,1,NO,4G,Apple,Mid (10k-25k),401.07,0,With Contract,1,No,4,4,21,8.7,Yes,1,Debit Card,10-06-2023,No
CUST00213,Thane,54,M,20300,Prepaid,3,94.03,0.42,375,27,1,NO,4G,OnePlus,Mid (10k-25k),84.63,1,No Contract,0,No,1,3,14.6,0.6,No,0,UPI,16-03-2024,No
CUST00897, Pune,50,Male,56200,prepaid,1,295.52,2.02,436,21,0,N/A,4G,Vivo,High (25k-60k),310.08,1,No Contract,1,No,3,1,4.6,3.1,No,2,UPI,06-03-2019,No
CUST01223,pune,45,,24500,Prepaid,5,428.47,4.03,584,22,4,yes,3G,Vivo,Mid (10k-25k),405.18,0,With Contract,2,Yes,2,5,4.7,4.8,Yes,0,Net Banking,22-02-2022,Yes
CUST00917,PUNE,40,Female,25000,prepaid,21,337.2,0,830,22,1,NO,4G,OnePlus,Premium (>60k),336.15,1,With Contract,2,No,1,2,0.6,2.2,Yes,3,Credit Card,28-11-2022,No
CUST00676,akola,53,,20800,Postpaid,5,210.87,0.43,336,28,2,No,4G,Realme,High (25k-60k),268.88,1,No Contract,3,Yes,0,5,,0.1,No,0,Net Banking,01-01-2021,No
CUST00815,Kolhapur,52,female,11700,Postpaid,17,252.55,1.89,484,25,2,NO,4g,Apple,Mid (10k-25k),212.59,1,With Contract,0,No,1,3,1.4,0.7,No,2,Wallet,06/20/2024,No
CUST00343,MUMBAI,28,Female,15600,Prepaid,39,178.81,7.44,282,23,0,N/A,3G,Samsung,High (25k-60k),194.5,1,With Contract,2,No,0,4,6.6,12.1,No,1,Net Banking,04-11-2019,No
CUST00550,Chhatrapati Sambhajinagar,42,Male,67800,Prepaid,8,276.94,4.98,246,29,0,N/A,4G,Xiaomi,Mid (10k-25k),356.3,2,With Contract,2,No,1,,9.6,7,Yes,1,UPI,16-09-2019,No
CUST01215,Thane,40,Male,21300,prepaid,42,397.91,2.98,880,27,2,No,3G,Vivo,NA,414.47,0,With Contract,2,No,3,5,5,0.3,No,3,UPI,31-12-2021,No
CUST00967,Thane,58,Female,22200,Postpaid,4,373.57,0.88,839,17,1,yes,4G,Apple,Low (<10k),323.05,1,No Contract,1,No,2,3,2,5.3,Yes,0,Debit Card,05-04-2019,Yes
CUST01231,Amravati,41,M,21600,Prepaid,46,231.81,1.75,903,20,2,NO,4G,Apple,Mid (10k-25k),223.73,1,With Contract,1,No,1,4,,1.1,No,1,Net Banking,27-05-2024,No
CUST00296,Nagpur city,26,Male,20000,Prepaid,7,202.02,3.07,421,25,5,Yes,4G,Realme,Premium (>60k),228.44,1,No Contract,1,Yes,1,5,9,3.4,No,2,UPI,25-10-2020,Yes
CUST00696,Nashik,66,Female,22700,Prepaid,6,194.92,3.14,377,22,3,NO,4G,Xiaomi,Low (<10k),177.81,1,with contract,3,No,1,4,8.4,3.8,No,2,UPI,03/27/2020,No
CUST00074,Solapur,62,F,11600,Prepaid,15,261.92,3.22,398,23,0,N/A,5G,Samsung,High (25k-60k),329.2,1,With Contract,3,No,2,3,2.1,10.6,Yes,0,Credit Card,16-03-2023,No
CUST00606,pune,34,Male,9500,Prepaid,6,156.41,1.31,,13,0,N/A,4G,Unknown,Mid (10k-25k),,0,No Contract,1,No,0,2,5,3.9,Yes,1,Debit Card,12-11-2021,No
CUST00105,NaviMumbai,85,Male,46400,Prepaid,1,184.19,0.48,847,26,2,Yes,5G,samsung,Premium (>60k),158.14,0,With Contract,3,No,1,4,18,5.1,No,0,Credit Card,11/14/2022,Yes
CUST00646,amravati,77,F,11000,Postpaid,41,560.89,5.46,331,32,0,N/A,4G,Unknown,High (25k-60k),553.27,1,With Contract,1,No,0,1,1.1,1.9,No,1,Cash,10/20/2021,No
CUST01477,Solapur,43,F,74300,Prepaid,38,152.28,9.36,226,23,2,NO,2G,Vivo,High (25k-60k),190.71,0,No Contract,2,No,2,2,0.2,0.7,Yes,2,Credit Card,01/26/2019,No
CUST01041,Nagpur,29,Female,68100,Postpaid,50,126.29,17.02,726,24,0,N/A,4G,Vivo,Mid (10k-25k),161.29,2,No Contract,2,No,1,3,,1.7,Yes,3,Net Banking,12-11-2023,No
CUST00440,Bombay,,Male,52000,Prepaid,27,251,5.17,259,24,1,yes,4g,Apple,Mid (10k-25k),245.42,0,No Contract,5,No,0,1,0.2,8.1,No,0,Credit Card,06/18/2020,No
CUST01020,Mumbai ,25,M,38500,Prepaid,46,184.49,16.43,472,25,3,yes,4G,Vivo,High (25k-60k),228.49,2,with contract,2,No,2,4,0.2,4.1,No,1,Cash,04-07-2019,No
CUST00092,Thane,38,female,44600,POSTPAID,0,70.98,15.19,185,15,4,yes,4G,Xiaomi,Mid (10k-25k),63.59,0,Unknown,1,No,2,,0.8,0,Yes,2,UPI,22-08-2019,Yes
CUST01113,MUMBAI,59,Male,16900,prepaid,22,175.62,16.22,164,28,0,N/A,4G,Vivo,High (25k-60k),219.27,2,With Contract,7,No,2,5,15.9,2.3,No,0,UPI,01-07-2022,Yes
CUST01319,MUMBAI,68,Male,8200,Postpaid,32,262.45,16.59,472,30,0,N/A,4G,OnePlus,Mid (10k-25k),246.63,0,No Contract,3,No,1,2,15,3.1,No,3,UPI,08-06-2020,No
CUST00909,Bombay,49,female,,Prepaid,6,240.79,3.25,366,24,1,Yes,4G,Samsung,Premium (>60k),193.76,1,No Contract,2,No,0,3,2.9,5.9,Yes,4,UPI,12-04-2024,Yes
CUST00103,pune,39,Male,50000,Prepaid,7,496.24,0.89,614,23,0,N/A,4G,Samsung,High (25k-60k),570.71,2,No Contract,1,No,1,1,3.9,12.7,No,0,Net Banking,04/29/2022,No
CUST00239,thane,56,Male,16900,Postpaid,4,238.87,2.91,348,29,3,No,4G,Xiaomi,High (25k-60k),237.59,2,No Contract,3,No,2,3,5.5,19.8,No,0,Credit Card,03-07-2021,Yes
CUST01283,Nagpur city,85,female,21300,Prepaid,54,234.63,4.88,479,21,3,NO,4G,Oppo,Mid (10k-25k),222.89,0,with contract,2,No,2,,2.4,2,No,2,,03-01-2019,No
CUST00943,THANE,51,M,88900,Prepaid,10,587.93,3.1,0,24,0,N/A,4G,Vivo,Mid (10k-25k),647.21,0,With Contract,1,No,1,4,3.5,4.9,No,0,Net Banking,05/26/2019,No
CUST00939,mumbai,43,Female,31100,Prepaid,37,373.72,1.78,386,22,0,N/A,4g,Apple,Low (<10k),475.3,0,No Contract,4,No,1,4,10.8,1.2,No,0,Debit Card,01-09-2021,No
CUST01182, Pune,53,F,26400,Prepaid,20,76.94,1.04,773,22,2,yes,4G,Oppo,Mid (10k-25k),74.62,0,with contract,5,No,5,3,17.6,19.4,No,4,UPI,01/30/2023,No
CUST00006,mumbai,51,Female,51200,Postpaid,27,448.98,0.91,226,30,2,No,3G,Xiaomi,Mid (10k-25k),471.69,0,No Contract,2,No,0,5,13.8,6.9,Yes,3,Cash,22-08-2022,No
CUST01367,Thane,30,Female,25600,Prepaid,50,473.78,3.28,420,28,0,N/A,4G,Oppo,Mid (10k-25k),600.8,1,No Contract,4,No,2,5,17,1.6,Yes,2,UPI,10-02-2022,No
CUST00966,PUNE,36,Male,44500,Prepaid,4,135.41,0.4,641,23,1,No,4G,Samsung,Low (<10k),109.77,0,No Contract,2,No,1,5,1.2,1.7,No,0,Cash,06/20/2022,Yes
CUST00019,Pune,54,Male,24800,Prepaid,11,166.27,3.55,557,28,2,Yes,4G,Xiaomi,Low (<10k),154.03,0,With Contract,3,No,1,,11,0.8,Yes,0,,08-06-2023,No
CUST00122,amravati,48,Male,7700,Prepaid,40,227.41,4.32,325,27,1,NO,4G,Oppo,Mid (10k-25k),190.41,0,No Contract,1,No,0,1,8.5,17.4,No,0,UPI,04/24/2021,No
CUST00662,akola,85,Female,23600,Prepaid,13,312.71,4.76,720,24,1,Yes,5G,Vivo,High (25k-60k),272.84,0,No Contract,2,No,1,1,3.6,13.9,Yes,2,Net Banking,01-05-2024,No
CUST01271,THANE,31,Male,24100,Prepaid,2,224.81,0.59,0,25,1,Yes,5G,Samsung,Mid (10k-25k),191.5,1,No Contract,1,No,2,,8,2.9,No,0,Debit Card,02-07-2024,No
CUST00275,Nagpur city,,M,,prepaid,19,209.63,5.72,119,19,2,NO,2G,Samsung,Mid (10k-25k),186.44,1,with contract,1,No,1,3,15,2.9,Yes,0,Net Banking,04/23/2024,No
CUST00434,Mumbai,45,Female,19900,Prepaid,4,124.52,5.8,402,19,1,yes,2G,Apple,Low (<10k),143.48,0,No Contract,1,No,2,3,64.2,4,No,3,UPI,07-08-2020,No
CUST00812,Kolhapur,43,F,20300,prepaid,3,416.8,4.83,387,28,0,N/A,5G,Apple,High (25k-60k),395.41,0,With Contract,0,No,2,2,13.4,3.2,Yes,0,Credit Card,07-12-2022,No
CUST01408,Solapur,36,Male,,Prepaid,5,105.84,0.47,479,16,2,NO,4G,Vivo,High (25k-60k),128.06,0,With Contract,3,No,0,3,0.8,0.7,No,3,UPI,24-05-2023,Yes
CUST01422,Nagpur,58,M,12600,Prepaid,10,156.77,9.79,374,27,1,yes,4G,OnePlus,Mid (10k-25k),169.21,1,No Contract,3,No,2,2,3.1,0.3,No,0,Wallet,31-01-2020,No
CUST00182,MUMBAI,44,female,27100,Prepaid,30,839.71,8.11,662,22,2,NO,4G,Samsung,Low (<10k),857.57,0,No Contract,2,No,0,4,0.1,7.7,No,0,UPI,11-01-2022,No
CUST00185,Mumbai,60,Male,156600,Prepaid,11,110.07,27.92,333,31,2,yes,4G,Samsung,High (25k-60k),122.57,1,No Contract,0,Yes,4,3,1.3,10.4,No,0,UPI,04/17/2019,Yes
CUST00407, Pune,28,male,12000,prepaid,42,226.65,4.02,344,20,2,yes,5G,Xiaomi,Low (<10k),219.32,1,No Contract,1,No,2,3,44.3,0.4,No,2,UPI,04-04-2020,Yes
CUST00866,Nagpur city,47,Male,21300,Prepaid,3,93.29,2.86,576,29,2,No,4G,Xiaomi,High (25k-60k),119.42,1,With Contract,1,No,1,2,12.4,9.3,No,3,Cash,25-04-2019,Yes
CUST00521,Nasik,54,male,14400,Prepaid,12,81.86,8.5,459,25,2,NO,5G,Samsung,Low (<10k),87.08,2,No Contract,1,No,0,1,7.6,8.7,No,0,UPI,22-06-2022,No
CUST01004,Thane,65,male,21700,Prepaid,25,179.32,1.94,743,15,1,yes,3G,Xiaomi,Low (<10k),191.87,2,No Contract,2,No,1,,30.3,4.4,No,1,Cash,05-01-2023,Yes
CUST00381,Mumbai,37,Female,27500,Prepaid,3,362.82,4.45,659,21,3,Yes,4G,Vivo,Low (<10k),308.6,0,No Contract,3,No,0,,14.5,1.4,Yes,1,Credit Card,25-08-2023,Yes
CUST00428,Amravati,,Female,,POSTPAID,15,358.27,0.29,414,36,1,Yes,4G,Xiaomi,Mid (10k-25k),346.58,0,No Contract,1,No,3,5,19.9,6.2,Yes,0,UPI,23-05-2024,No
CUST00079, Pune,45,Female,10400,POSTPAID,39,133.84,0.14,346,25,1,Yes,2G,Vivo,Mid (10k-25k),162.92,2,No Contract,3,No,0,4,1.8,13,Yes,2,Net Banking,13-08-2021,No
CUST01010,Nagpur city,82,F,,Prepaid,21,599.86,10.32,315,29,3,No,4G,,Low (<10k),716.63,0,No Contract,1,No,1,2,0.2,7.7,No,0,Net Banking,12-05-2023,No
CUST01484,Bombay,60,F,43700,Prepaid,6,467.42,9.41,0,19,1,yes,4G,Realme,Mid (10k-25k),431.93,0,with contract,0,No,0,3,35.2,15.2,Yes,0,UPI,05/16/2023,No
CUST00608,PUNE,85,Other,68900,Prepaid,31,167.67,1.73,478,27,0,N/A,4g,Samsung,Premium (>60k),199.22,1,No Contract,2,No,3,3,8.8,8.4,No,1,UPI,31-05-2022,No
CUST01360,Nasik,47,Male,11400,Prepaid,4,104.04,0.42,483,23,0,N/A,4G,Xiaomi,High (25k-60k),100.13,2,No Contract,1,No,2,1,4.3,0.4,Yes,4,UPI,16-12-2023,Yes
CUST01499, Pune,85,Male,19700,Postpaid,55,272.72,1.62,548,31,2,yes,4G,OnePlus,Low (<10k),225.34,0,No Contract,1,Yes,0,5,0,8.3,Yes,1,Debit Card,29-11-2021,No
CUST01166,solapur,53,Male,69500,Prepaid,19,647.23,1.85,830,25,1,Yes,4G,Xiaomi,High (25k-60k),726.17,1,No Contract,4,No,1,4,7.3,17.7,Yes,0,Credit Card,11-06-2023,No
CUST01058, Pune,52,Male,28400,Prepaid,62,358.72,2.07,405,23,0,N/A,4G,Apple,Low (<10k),288.74,1,With Contract,1,No,2,5,0.7,5.5,No,0,UPI,13-01-2019,No
CUST01092,thane,51,M,19400,Prepaid,6,499.29,,370,32,1,yes,5G,Realme,Low (<10k),468.77,0,No Contract,1,No,3,4,14.1,4.4,No,0,Debit Card,09-02-2019,No
CUST01102,sangli,27,Male,26200,Prepaid,4,300.87,0.45,520,31,5,Yes,4G,Xiaomi,Low (<10k),337.73,0,No Contract,2,No,1,3,4.8,2.8,Yes,0,UPI,08-09-2022,Yes
CUST01130,mumbai,53,Female,35000,Prepaid,3,222.01,11.86,321,36,1,No,5G,Realme,Low (<10k),184.32,0,No Contract,3,No,3,3,4.2,0.2,No,3,UPI,09/29/2023,No
CUST01236,Pune,41,M,28300,Prepaid,22,147.72,3.25,584,27,0,N/A,NA,Realme,Mid (10k-25k),185.57,0,No Contract,2,Yes,1,3,8.9,3.1,Yes,0,Net Banking,09-01-2023,No
CUST01326,PUNE,34,F,78600,Postpaid,20,92.3,2.84,867,26,1,yes,4G,Apple,Mid (10k-25k),108.4,0,No Contract,3,No,3,,0.9,1.6,No,0,Debit Card,04/15/2021,No
CUST00959,Bombay,71,Female,35600,Prepaid,15,380.59,6.56,938,16,0,N/A,4G,Samsung,Mid (10k-25k),403.37,1,No Contract,1,No,3,2,4.1,5.1,Yes,0,UPI,04-06-2021,No
CUST00560,nashik,42,Female,35400,Postpaid,8,423.03,15.7,296,28,0,N/A,5G,OnePlus,Low (<10k),414.74,0,No Contract,5,No,2,4,2.5,4.3,No,1,Net Banking,28-12-2021,No
CUST00847,Mumbai,,Female,17300,Prepaid,8,391.08,1.72,844,30,2,NO,3G,Xiaomi,Mid (10k-25k),327.43,1,With Contract,0,No,1,5,0,15.9,Yes,1,UPI,11/30/2021,No
CUST00691, Pune,54,Male,24700,Prepaid,6,279.94,2.52,538,17,3,No,4G,Samsung,Mid (10k-25k),260.06,2,No Contract,1,Yes,3,4,2,3.5,Yes,1,Credit Card,20-11-2023,No
CUST01459,Bombay,40,Male,25900,Postpaid,20,376.59,8,745,28,2,No,4G,Unknown,High (25k-60k),487.57,1,With Contract,2,No,3,1,2.2,6.1,No,0,upi,11-10-2021,Yes
CUST01406, Pune,72,Male,15700,Prepaid,0,123.17,22.23,609,31,1,yes,4G,Samsung,Low (<10k),126.08,3,With Contract,7,No,1,4,37.7,9.8,Yes,0,UPI,01/14/2022,No
CUST00437,MUMBAI,39,Male,24100,Prepaid,5,111.51,0.66,364,13,1,Yes,4G,Apple,Low (<10k),95.33,0,No Contract,3,No,0,3,7.8,2.4,Yes,2,UPI,31-05-2021,No
CUST00491,Pune,,M,58400,Prepaid,0,106.48,7.56,,34,2,No,4g,OnePlus,Unknown,96.06,1,No Contract,0,No,2,4,21.7,7.1,No,2,Net Banking,12/22/2021,Yes
CUST00331,PUNE,50,female,12800,Postpaid,15,647.41,11.71,581,31,3,No,4G,Vivo,Mid (10k-25k),714.54,1,No Contract,4,No,0,4,7.3,12.1,No,1,Cash,07/31/2023,No
CUST01384,mumbai,58,Male,29200,Prepaid,2,147.93,14.42,403,20,3,yes,3G,Samsung,Low (<10k),180.89,0,No Contract,1,No,2,3,8.9,13.9,No,1,UPI,10-09-2022,Yes
CUST00070,akola,59,Female,28200,Prepaid,8,171.68,3.21,1019,21,2,yes,4g,Realme,Mid (10k-25k),208.33,1,No Contract,2,No,1,,8,1.8,No,1,Wallet,24-08-2023,Yes
CUST00809,Pune,61,Male,15500,Postpaid,47,221.8,9.19,719,34,1,No,4G,Vivo,Low (<10k),202.13,0,No Contract,5,No,1,2,2.8,2.6,No,1,Debit Card,09-12-2019,No
CUST01185,Bombay,55,Male,36800,Prepaid,34,143.4,,598,20,1,No,4G,Oppo,Mid (10k-25k),116.08,0,With Contract,0,No,0,3,1.4,6,No,0,upi,02-08-2022,No
CUST00012,Sangli,29,M,33200,Prepaid,7,228.21,21.19,88,32,2,No,4G,Apple,Mid (10k-25k),206.78,1,With Contract,2,No,1,3,,8.2,Yes,3,UPI,02-04-2023,No
CUST00145,pune,59,Male,50200,Postpaid,8,288.87,0.8,357,30,2,No,4G,Oppo,Mid (10k-25k),235.17,1,No Contract,0,No,3,5,44.1,4.8,No,2,UPI,10/26/2019,No
CUST00918,NaviMumbai,42,Male,38600,prepaid,9,398.69,12.84,518,19,1,yes,4G,,Low (<10k),346.38,2,With Contract,4,No,2,4,11.1,7.2,No,0,Credit Card,08-05-2021,No
CUST00640,Pune,56,F,19900,prepaid,20,127.5,0.21,520,23,1,Yes,4G,samsung,Premium (>60k),125.92,0,No Contract,5,No,1,4,17.3,0,Yes,1,Debit Card,03-07-2020,No
CUST00177,THANE,36,Male,32000,Postpaid,36,46.6,0.26,418,29,2,yes,4G,Oppo,Low (<10k),60.06,4,With Contract,2,No,2,4,13.4,2,Yes,1,Credit Card,27-03-2023,No
CUST00995, Pune,52,Female,11400,Postpaid,1,354.18,,420,23,0,N/A,4G,Oppo,Mid (10k-25k),413.6,1,No Contract,2,No,4,,1.4,6.1,No,2,Wallet,19-05-2022,No
CUST00441,Bombay,22,Male,87200,Prepaid,74,416.19,3.46,370,26,1,yes,4G,Oppo,Mid (10k-25k),363.19,1,With Contract,2,No,1,4,20,14.4,No,2,UPI,19-12-2019,No
CUST00522,pune,79,Female,26500,Prepaid,37,521.27,5.29,663,30,2,yes,4G,Oppo,High (25k-60k),561.28,1,With Contract,2,No,2,,0.5,8.2,No,4,UPI,16-05-2021,No
CUST01490, Pune,39,F,16600,Postpaid,2,471.13,5.85,236,26,1,No,5G,Vivo,Premium (>60k),483.57,1,No Contract,1,No,0,3,10.3,2.3,No,2,Net Banking,23-07-2019,Yes
CUST01005,solapur,39,Male,28700,Postpaid,2,346.78,5.05,479,27,1,NO,4G,APPLE,?,311.47,0,No Contract,1,No,2,3,10.9,2.4,No,0,Credit Card,14-04-2021,No
CUST01256,PUNE,45,Male,40400,Prepaid,30,185.07,8.5,496,25,0,N/A,4G,Vivo,Mid (10k-25k),164.43,1,No Contract,0,No,1,2,8.3,5,Yes,3,Credit Card,24-05-2024,No
CUST01235,Thane,49,male,21100,Prepaid,46,314.72,12.03,338,28,1,Yes,4G,OnePlus,Mid (10k-25k),294.66,1,?,1,No,1,4,,3.9,No,0,UPI,12-05-2020,No
CUST00144,pune,70,Female,33500,Prepaid,20,495.57,1.35,158,26,1,Yes,4G,Realme,Mid (10k-25k),539.09,0,No Contract,2,No,1,3,3.1,4.4,Yes,0,UPI,05-01-2023,No
CUST00754,PUNE,46,F,,prepaid,57,250.76,2.2,597,29,0,N/A,4G,Xiaomi,Premium (>60k),295.4,0,No Contract,1,No,1,2,25.6,14.4,No,0,Debit Card,16-04-2022,No
CUST00520,Mumbai,70,Female,42800,Prepaid,4,192.24,1.59,277,41,3,Yes,4G,Samsung,Mid (10k-25k),159.88,1,No Contract,2,No,2,4,17.3,2.3,Yes,0,UPI,03-07-2019,Yes
CUST00823, Pune,54,Female,22000,Prepaid,14,219.75,3.35,801,31,1,yes,4G,OnePlus,Mid (10k-25k),252.93,2,No Contract,0,Yes,0,5,6.8,15.8,Yes,0,Debit Card,08/16/2023,No
CUST00429,PUNE,47,Female,22100,Prepaid,26,86.59,0.96,718,30,2,NO,3G,Vivo,Low (<10k),77.72,3,With Contract,3,No,2,3,26.2,1.3,No,1,Credit Card,20-09-2020,No
CUST00613,nashik,51,Male,24900,Prepaid,3,41.86,8.27,278,16,1,No,4G,Samsung,Low (<10k),35.47,0,No Contract,1,No,0,2,1.6,5.6,No,0,Wallet,14-04-2021,No
CUST01033,Mumbai,41,Male,30100,Postpaid,34,140.22,7.87,0,18,2,NO,4G,Samsung,Mid (10k-25k),130.87,1,No Contract,2,No,2,3,16.8,7.8,No,4,Credit Card,01-08-2022,No
CUST00157,thane,79,Female,49900,POSTPAID,12,403.92,,452,25,2,NO,4G,Apple,Low (<10k),386.49,1,No Contract,2,No,2,4,12,3.9,Yes,1,Wallet,17-08-2019,No
CUST00540,mumbai,77,Male,27200,Postpaid,47,320.58,1.87,636,25,1,Yes,4G,Vivo,Mid (10k-25k),390.2,0,No Contract,2,No,1,2,13.3,0.3,Yes,2,UPI,01-04-2020,No
CUST01291, Pune,30,M,59300,Prepaid,23,567.64,6.22,482,35,1,NO,4G,Xiaomi,Mid (10k-25k),602.52,0,No Contract,3,No,1,1,5.8,2.4,Yes,0,UPI,09/14/2022,No
CUST00462,thane,,Female,37000,Prepaid,10,157.65,6.16,343,20,0,N/A,4G,Realme,Mid (10k-25k),197.36,0,No Contract,1,No,0,4,15.2,1.4,Yes,0,UPI,07-06-2022,No
CUST00577,Mumbai ,75,Male,,Postpaid,40,273.3,0.25,268,20,1,Yes,5G,Samsung,High (25k-60k),297.23,0,With Contract,2,No,1,4,4.9,5.4,Yes,0,Wallet,18-09-2020,No
CUST00256,Nagpur,82,M,24300,prepaid,4,529.94,13.26,458,24,0,N/A,4G,OnePlus,Low (<10k),434.88,0,No Contract,4,No,1,2,29.8,12,No,0,Debit Card,08/30/2023,No
CUST00980,nashik,28,M,48000,Postpaid,0,55.09,6.18,601,23,2,No,4G,Samsung,Mid (10k-25k),55.33,0,No Contract,2,No,0,5,2.6,1.9,No,1,Wallet,28-08-2020,No
CUST01186,navi mumbai,41,Male,22100,Prepaid,11,225.74,6.19,747,33,2,NO,5G,Xiaomi,Mid (10k-25k),268.06,1,No Contract,3,Yes,1,4,0.4,10.7,No,0,UPI,02/15/2024,No
CUST01007,THANE,36,F,26900,Postpaid,22,482.4,3.43,268,28,1,Yes,3G,Samsung,Premium (>60k),602.31,1,With Contract,2,No,1,3,2.5,4.4,Yes,2,UPI,15-10-2023,Yes
CUST00561,thane,51,Male,24000,Postpaid,16,99.28,3.05,273,29,2,yes,4g,Realme,Mid (10k-25k),101.01,1,No Contract,3,No,0,3,0.2,9.4,No,1,UPI,07/19/2019,Yes
CUST00209,mumbai,130,Female,44000,POSTPAID,0,42.02,1.79,498,24,0,N/A,2G,Xiaomi,Mid (10k-25k),48.95,3,No Contract,3,No,0,1,0.4,6.4,No,1,Wallet,09-12-2022,Yes
CUST00911,Nasik,44,Female,29200,Postpaid,0,149.87,,443,34,3,Yes,4G,Apple,Low (<10k),155.67,0,N/A,2,No,1,4,5.4,3.9,No,0,Net Banking,15-09-2021,No
CUST01312,amravati,64,Female,,Prepaid,10,84.59,1.04,380,25,2,Yes,5G,Samsung,Mid (10k-25k),80.98,2,No Contract,3,No,3,4,9.7,1.2,No,0,,11-05-2020,No
CUST00002,Navi Mumbai,58,Female,,Prepaid,13,219.37,7.87,457,22,0,N/A,5G,Xiaomi,Mid (10k-25k),,2,With Contract,3,No,4,4,21.8,0.3,Yes,1,Credit Card,05-04-2020,No
CUST00270,Pune,31,Female,15000,Prepaid,10,97.81,5.77,417,36,2,Yes,3G,Vivo,Low (<10k),113.73,0,With Contract,1,No,2,3,11.3,5.6,No,0,UPI,22-06-2021,No
CUST00266,Aurangabad,45,Male,51500,Prepaid,6,168.8,1.64,252,28,3,No,4G,Samsung,Premium (>60k),141.67,0,No Contract,5,No,2,3,16.7,10,Yes,2,Cash,15-08-2020,No
CUST00915,Nagpur,56,Female,37000,Prepaid,12,269.04,0.63,594,24,1,NO,4G,Oppo,High (25k-60k),310.79,0,with contract,2,No,1,3,1,0.2,No,2,Credit Card,22-03-2019,No
CUST00231,Solapur,46,Male,58400,Prepaid,14,174.35,4.01,451,20,0,N/A,4G,Realme,Low (<10k),181.02,3,with contract,5,No,1,5,0.7,12,No,3,Debit Card,22-02-2021,No
CUST01487,pune,26,Male,21900,Prepaid,0,219.79,1.2,516,25,0,N/A,3G,Vivo,Mid (10k-25k),253.91,1,No Contract,1,No,0,5,0.5,5.4,No,1,Net Banking,17-11-2019,No
CUST01120,MUMBAI,65,Male,10500,Postpaid,9,249.42,5.14,466,27,0,N/A,4G,Vivo,Low (<10k),286.92,0,With Contract,0,No,2,3,1.6,2.3,Yes,0,UPI,18-04-2024,No
CUST01482,mumbai,47,Male,25700,Prepaid,22,112.59,,409,13,1,Yes,5G,Samsung,Mid (10k-25k),141.47,0,With Contract,4,Yes,0,4,1.2,0.6,Yes,0,Net Banking,02-01-2022,No
CUST00865, Pune,38,Female,15700,Prepaid,4,36.82,4.04,215,23,1,No,4G,OnePlus,Mid (10k-25k),41.77,0,No Contract,2,No,0,3,9.6,0.2,No,2,Debit Card,09/24/2020,No
CUST01067,Mumbai,42,Male,109400,Prepaid,43,287.44,4.98,278,25,2,Yes,3G,Apple,Premium (>60k),354.08,1,No Contract,2,No,2,4,7.1,0.3,No,0,UPI,25-08-2020,No
CUST00874,Pune,59,Female,34300,Prepaid,55,129.51,6.93,614,30,3,yes,4G,Vivo,Mid (10k-25k),104.39,0,No Contract,3,No,3,3,2.6,3.2,No,2,UPI,04/18/2019,No
CUST01489, Pune,48,M,27200,prepaid,11,287.23,29.59,192,24,2,NO,4G,Vivo,Mid (10k-25k),352.41,1,No Contract,4,No,0,3,7.3,2.3,Yes,1,Credit Card,13-08-2023,No
CUST00399,Chhatrapati Sambhajinagar,51,Male,33000,Postpaid,27,191.21,10.23,217,26,0,N/A,N/A,Apple,Low (<10k),248.36,0,With Contract,2,Yes,3,,1.3,1.5,No,1,Debit Card,03-01-2019,No
CUST01376,amravati,38,Female,Rs.17900.0,Postpaid,15,161.53,17.13,737,19,1,No,4G,Xiaomi,Low (<10k),204.72,0,No Contract,0,No,1,3,0.1,8.6,No,2,Debit Card,18-01-2022,No
CUST00046,THANE,46,Female,108500,Prepaid,15,15.41,5.2,322,26,4,yes,4G,Apple,Low (<10k),12.78,0,No Contract,0,No,0,4,16.8,1.4,Yes,3,,24-02-2024,No
CUST00162,Nashik,40,Female,19800,Prepaid,2,145.2,2.95,273,18,3,NO,4G,Xiaomi,Low (<10k),170.5,1,With Contract,2,No,3,4,5.5,7.6,No,1,Cash,20-10-2021,Yes
CUST00992,thane,78,Male,20800,Prepaid,1,132.03,19.21,,24,1,yes,5G,Vivo,Low (<10k),143.91,1,No Contract,0,No,1,5,6.4,2.8,No,0,upi,09-08-2019,No
CUST00728,solapur,54,Female,25600,Postpaid,10,175,0.84,232,23,1,NO,4G,Xiaomi,Mid (10k-25k),144.14,0,With Contract,2,No,1,5,,3.1,Yes,1,UPI,05-09-2022,No
CUST00630,Mumbai ,84,Female,59900,prepaid,12,68,0.43,651,32,1,NO,4G,Oppo,High (25k-60k),54.94,0,With Contract,2,No,4,5,2,1,Yes,0,Debit Card,07-11-2022,No
CUST00289,Pune,26,Male,35800,Prepaid,16,107.04,9.89,538,25,1,NO,4G,Xiaomi,Mid (10k-25k),124.2,1,No Contract,1,No,1,4,1.5,1.8,No,1,Credit Card,12/22/2021,No
CUST01060,nashik,47,Female,17500,Postpaid,25,193.37,3.68,290,19,2,Yes,3G,,Mid (10k-25k),238.42,1,With Contract,4,Yes,3,1,0.6,12.8,No,1,Debit Card,06-07-2022,No
CUST01471,Nagpur city,51,Female,68200,Prepaid,30,84.24,6.87,612,23,0,N/A,4g,Samsung,Mid (10k-25k),72.39,3,With Contract,1,No,3,,2,10.9,No,1,Cash,08-04-2023,No
CUST00576,navi mumbai,56,F,5800,Prepaid,35,42.43,4.01,516,22,1,No,4G,Oppo,Low (<10k),53.14,0,No Contract,0,No,3,3,1.4,2.4,Yes,0,Cash,14-09-2021,No
CUST00851,Bombay,46,Female,23500,Postpaid,10,287.86,1.3,280,27,1,Yes,4G,Vivo,Mid (10k-25k),260.85,1,With Contract,4,No,1,4,1.1,11.1,Yes,0,Credit Card,28-05-2024,No
CUST01340,MUMBAI,41,Male,28100,Prepaid,7,290.61,6.14,328,26,1,yes,4g,OnePlus,High (25k-60k),302.52,0,With Contract,4,No,2,5,11.4,11.2,Yes,0,Debit Card,03/30/2023,No
CUST00912,Bombay,78,Male,27300,Prepaid,4,184.44,4.79,282,25,1,yes,5G,Vivo,Mid (10k-25k),183.91,0,With Contract,1,No,3,3,2.3,1.4,No,0,UPI,16-12-2022,No
CUST01255,thane,35,Other,13200,Postpaid,35,148.52,5.88,434,17,0,N/A,5G,Vivo,Low (<10k),167.67,0,With Contract,3,No,3,4,5.6,1.6,Yes,2,UPI,09-05-2020,No
CUST01369,Bombay,43,Male,20700,prepaid,16,199.59,3.88,683,26,1,yes,2G,Xiaomi,High (25k-60k),223.97,0,No Contract,0,No,1,5,15.3,1.6,No,0,Credit Card,01-09-2021,No
CUST00933,akola,22,female,40600,Prepaid,3,404.3,8.54,368,24,2,NO,4g,Apple,Low (<10k),331.51,1,No Contract,0,Yes,0,4,5,3.3,Yes,1,Cash,13-05-2020,No
CUST01101,Bombay,40,Female,20100,Prepaid,33,84.8,0.25,277,32,0,N/A,4g,OnePlus,High (25k-60k),,2,With Contract,0,Yes,1,2,1.9,6,No,0,Debit Card,05-11-2023,No
CUST01208,pune,68,Male,39600,Prepaid,46,355.01,1.51,281,26,0,N/A,4G,,Low (<10k),431.31,1,With Contract,1,No,2,5,12.8,3.2,No,1,Credit Card,02-12-2019,No
CUST00248,Sangli,44,Male,61000,Postpaid,11,242.22,5.24,481,22,0,N/A,-,,High (25k-60k),259.49,1,with contract,4,No,2,,2.3,5.4,No,0,UPI,02/27/2023,No
CUST00477,mumbai,36,Male,36400,Postpaid,2,346.71,2.82,301,24,2,Yes,5G,Xiaomi,Mid (10k-25k),418.63,0,No Contract,3,No,2,5,13.6,0.3,No,0,upi,10/20/2023,No
CUST00086,pune,70,Male,17900,Postpaid,22,608.06,3.77,4,22,0,N/A,NA,Oppo,Low (<10k),734.53,1,With Contract,0,No,3,4,2.6,1.2,Yes,2,Debit Card,10-12-2022,No
CUST00470,Sangli,40,Male,24700,Prepaid,31,125.74,5.75,228,22,2,No,3G,Xiaomi,Low (<10k),,0,No Contract,4,No,0,5,,17.1,No,0,Debit Card,16-08-2022,No
CUST00226,Mumbai,58,Male,16500,Postpaid,40,443.52,8.9,340,39,0,N/A,4G,OnePlus,Low (<10k),481.1,2,No Contract,3,No,2,5,9.8,1.9,Yes,0,Credit Card,12-11-2021,No
CUST00775,solapur,42,male,6200,Prepaid,11,288.76,12.64,81,27,0,N/A,4g,Xiaomi,Low (<10k),319.86,0,No Contract,1,No,4,2,13.8,2.6,No,1,Debit Card,02/22/2023,Yes
CUST00332,Chhatrapati Sambhajinagar,21,Female,13700,Postpaid,14,76.09,2.51,676,21,1,yes,4G,Samsung,High (25k-60k),81.31,0,No Contract,4,No,2,2,7.8,3.4,Yes,0,Wallet,07-03-2020,No
CUST00234,Nagpur city,46,Female,40900,Postpaid,2,89.69,17.68,821,33,0,N/A,5G,Apple,Low (<10k),71.94,0,No Contract,1,No,1,1,11.5,2.6,Yes,0,UPI,24-01-2023,Yes
CUST00589,MUMBAI,,F,16500,Prepaid,12,359.9,1.58,519,22,1,NO,4G,Xiaomi,Low (<10k),343.85,1,No Contract,2,No,3,5,6.9,9.4,Yes,0,Debit Card,22-12-2019,No
CUST00476,akola,42,male,10800,Postpaid,31,249.07,8.37,279,24,2,Yes,4G,Oppo,High (25k-60k),270.63,2,No Contract,2,No,2,2,5.8,2.2,No,0,UPI,14-01-2019,No
CUST01285,PUNE,38,F,20000,Postpaid,0,562.48,1.67,507,28,2,No,4G,Samsung,Low (<10k),478.7,0,No Contract,1,No,1,4,9.7,14.6,Yes,4,UPI,23-09-2019,No
CUST00600,Mumbai ,53,Female,30900,Postpaid,16,163.11,9.72,518,28,2,Yes,4G,Realme,High (25k-60k),133.61,0,With Contract,3,No,3,3,2.8,0.7,Yes,0,UPI,16-02-2023,No
CUST00422,aurangabad,52,Male,40000,Prepaid,5,107.33,3.13,675,22,1,yes,4g,Samsung,Low (<10k),87.79,1,With Contract,2,No,0,4,8.4,0.3,No,0,Credit Card,10-10-2022,No
CUST00183,navi mumbai,54,Female,23500,Postpaid,10,163.54,1.8,611,17,2,No,5G,Vivo,Mid (10k-25k),211.32,0,With Contract,4,No,2,3,7.1,4.1,No,0,UPI,04-09-2020,Yes
CUST00989,mumbai,48,Female,8300,prepaid,9,21.72,1.73,455,23,3,No,4G,Xiaomi,Low (<10k),26.22,2,With Contract,2,No,1,4,35.1,5.9,No,1,UPI,15-06-2022,No
CUST01001,mumbai,56,F,47700,Prepaid,26,23.06,0.85,806,22,0,N/A,4g,Vivo,Low (<10k),22.06,0,No Contract,0,No,0,5,4.7,6.9,No,0,upi,20-10-2020,No
CUST01357,Navi Mumbai,44,Male,28900,Prepaid,7,286.65,5.27,170,20,3,NO,4g,Realme,Mid (10k-25k),357.43,1,No Contract,3,No,1,4,0.7,5,No,1,Net Banking,19-08-2019,No
CUST00050,Bombay,,Female,17500,Prepaid,14,221.07,26.93,,27,2,NO,3G,Xiaomi,Mid (10k-25k),178.19,2,No Contract,1,No,1,5,4.3,0,No,0,UPI,19-07-2019,No
CUST01413,NA,38,M,13900,Postpaid,1,119.62,20.61,618,19,1,yes,4G,Samsung,Mid (10k-25k),117.17,0,No Contract,0,No,1,4,2.4,0.6,Yes,3,Cash,06-02-2020,Yes
CUST01030,solapur,56,female,20000,POSTPAID,39,193.43,4.94,,26,1,Yes,4G,Apple,Low (<10k),159.85,1,with contract,0,No,1,3,19.3,1.5,No,0,Credit Card,08-11-2021,No
CUST00530,kolhapur,85,Female,14800,Postpaid,9,109,1.11,463,31,0,N/A,4G,Realme,High (25k-60k),124.27,0,No Contract,1,No,0,3,1,2.2,No,0,Cash,15-07-2023,No
CUST01259,Mumbai,49,Female,21800,Postpaid,0,162.43,2.62,651,26,1,No,3G,Vivo,Low (<10k),,0,With Contract,5,No,2,4,1.7,21.1,No,1,Cash,27-04-2020,No
CUST00487,mumbai,65,M,52600,Prepaid,11,210.54,4.61,284,25,3,yes,4G,OnePlus,Mid (10k-25k),203.49,2,No Contract,3,No,4,1,11.4,6.8,Yes,0,Cash,12/15/2019,No
CUST01491,Bombay,85,Male,38100,Prepaid,19,389.83,0.22,263,24,3,No,3G,Xiaomi,Low (<10k),506.46,1,No Contract,2,No,2,4,4,1.7,Yes,0,UPI,02/14/2024,Yes
CUST00498,Mumbai,51,Male,21800,Postpaid,23,370.74,9.24,305,24,1,Yes,4G,Realme,Mid (10k-25k),462.53,0,With Contract,5,Yes,0,,10.2,4,No,0,Debit Card,03-10-2021,No
CUST00107,PUNE,32,Male,25000,Prepaid,10,299.96,7.54,581,26,2,yes,3G,Vivo,High (25k-60k),322.56,1,With Contract,1,No,4,1,10.2,1,No,0,Debit Card,10-11-2020,Yes
CUST00444,pune,50,Female,27500,Prepaid,5,136.33,4.71,501,36,1,No,4G,Realme,High (25k-60k),126.91,0,No Contract,2,No,1,2,8.6,1,Yes,2,UPI,16-06-2024,Yes
CUST00647,nashik,41,,,Prepaid,30,160.07,3.67,285,18,2,NO,4g,Xiaomi,Low (<10k),135.82,0,No Contract,1,No,0,3,6.2,8.8,No,0,UPI,03-10-2023,No
CUST01037,Pune,57,M,12500,Prepaid,2,248.56,9.73,219,29,1,yes,4G,Vivo,High (25k-60k),312.12,0,No Contract,3,No,2,4,9.9,11.5,No,0,,08-08-2021,No
CUST00727,Mumbai ,47,Male,39200,Prepaid,16,284.25,4.59,391,29,2,NO,4G,Xiaomi,High (25k-60k),303.83,2,No Contract,1,No,2,3,1.7,16.9,Yes,4,Net Banking,15-05-2019,Yes
CUST00191,Bombay,58,Male,79600,Prepaid,9,366.4,6.61,864,23,0,N/A,4G,Samsung,Low (<10k),467.3,2,With Contract,2,Yes,0,5,8.2,7.3,No,3,UPI,16-06-2024,No
CUST00283,Pune,57,Female,51600,Postpaid,4,479.05,6.65,661,28,1,Yes,3G,Apple,Mid (10k-25k),554.59,0,No Contract,3,No,2,3,3.1,1.5,No,0,UPI,26-04-2023,Yes
CUST00030,Mumbai ,45,Female,32000,Prepaid,5,166.64,7.07,464,30,3,yes,4G,Vivo,Low (<10k),198.54,0,No Contract,2,No,4,5,17.3,0.2,Yes,3,Debit Card,04-01-2020,No
CUST00170,Nashik,57,F,,Postpaid,31,67.69,2.42,835,19,0,N/A,4G,Vivo,Low (<10k),60.74,1,No Contract,3,No,3,3,1.8,0.8,Yes,0,Cash,30-04-2020,No
CUST01002,Nagpur city,43,M,,Prepaid,16,80.7,0.78,376,14,1,NO,4G,Xiaomi,Low (<10k),71.15,1,No Contract,3,No,2,4,14.6,0.1,No,0,UPI,11/18/2023,No
CUST01205,Nagpur,37,M,18700,Prepaid,58,371.99,3.83,293,19,1,yes,2G,Samsung,High (25k-60k),366.93,0,With Contract,1,No,1,3,7.6,1,No,0,Credit Card,08-11-2019,Yes
CUST00101,mumbai,64,Male,19100,Prepaid,3,372.27,0.05,213,30,0,N/A,4G,Samsung,Low (<10k),460.41,1,With Contract,3,No,1,5,3.2,1.1,No,0,Wallet,05-03-2020,Yes
CUST00198,Amravati,76,,,Postpaid,36,257.43,6.31,353,22,1,yes,3G,Samsung,Mid (10k-25k),237.43,2,No Contract,2,No,3,1,16.1,3.7,Yes,0,Debit Card,04-05-2023,No
CUST00496,pune,53,,120600,POSTPAID,96,105.76,7.05,352,22,0,N/A,2G,Apple,High (25k-60k),132.89,1,No Contract,3,Yes,3,2,3.9,9.8,No,1,upi,28-01-2021,No
CUST00648,THANE,34,Male,20000,Prepaid,11,211.81,2.5,602,25,1,No,3G,Oppo,Low (<10k),188.66,0,No Contract,2,No,1,3,11,3.9,No,1,Wallet,12-08-2020,No
CUST00988, Pune,70,F,10900,prepaid,7,57.42,3.44,505,30,2,NO,4G,Xiaomi,High (25k-60k),46.55,0,With Contract,3,No,3,3,5.9,4.4,Yes,3,UPI,08-01-2021,No
CUST00045,Mumbai ,48,male,47800,prepaid,1,390.07,,474,24,2,NO,3G,Xiaomi,Mid (10k-25k),453.74,1,No Contract,2,Yes,3,2,4.4,15.3,No,1,Cash,08-01-2024,Yes
CUST00711,Chhatrapati Sambhajinagar,44,M,26200,Prepaid,24,392.89,3.91,149,24,0,N/A,4G,Realme,Mid (10k-25k),332.53,0,No Contract,0,No,1,3,0.4,4.5,Yes,0,Cash,09-09-2022,No
CUST00374,THANE,43,F,45500,Postpaid,11,415.99,0.69,694,34,0,N/A,4G,Oppo,Mid (10k-25k),413.66,2,No Contract,3,No,1,,13.6,1.5,Yes,1,Net Banking,08-11-2023,No
CUST00679,sangli,84,Female,37600,Prepaid,0,119.87,7.99,706,19,0,N/A,4G,Xiaomi,Mid (10k-25k),111.57,0,With Contract,4,No,1,2,1,11.1,No,0,Wallet,10/25/2019,No
CUST00567, Pune,,Male,12500,prepaid,96,490.37,11.11,301,28,2,NO,2G,Samsung,Premium (>60k),597.96,1,No Contract,0,No,1,5,9.6,3,Yes,1,Net Banking,04-06-2023,No
CUST00848,Akola,28,Male,16300,Prepaid,49,381.37,16.8,312,21,1,Yes,4G,Xiaomi,Premium (>60k),401.77,1,No Contract,3,No,2,4,0.7,1.7,No,1,UPI,20-11-2021,No
CUST00461,Mumbai ,63,Male,41000,Prepaid,6,235.06,9.66,77,20,1,NO,4G,Apple,Mid (10k-25k),236.7,0,With Contract,6,No,4,5,8.7,7.1,Yes,0,Wallet,08-05-2020,No
CUST01156,Chhatrapati Sambhajinagar,56,Female,24600,Prepaid,7,357.86,2.31,471,23,4,yes,5G,Vivo,Low (<10k),353.81,0,No Contract,1,No,1,2,4,8.5,No,0,Credit Card,28-03-2020,Yes
CUST00040,PUNE,68,Female,65300,Prepaid,8,314.99,8.57,484,19,0,N/A,4G,Vivo,Premium (>60k),256.99,1,No Contract,1,No,2,2,1.8,7,Yes,0,Cash,07-04-2022,No
CUST00435,Bombay,47,Female,24300,Prepaid,11,208.98,14.96,,33,1,Yes,4g,Samsung,Mid (10k-25k),239.02,0,With Contract,2,No,2,,16.3,0.2,No,1,Debit Card,14-01-2024,No
CUST00974,Mumbai ,72,M,51900,prepaid,12,416.75,0.61,292,35,3,Yes,2G,Oppo,Mid (10k-25k),532.97,1,With Contract,3,No,1,5,9.1,34.1,Yes,0,Net Banking,11/30/2023,No
CUST01240,MUMBAI,34,Male,27800,Prepaid,8,44.06,9.96,326,18,3,Yes,4G,Xiaomi,Low (<10k),35.83,0,No Contract,1,No,0,3,12.4,1.5,No,1,Debit Card,11-01-2021,No
CUST01008,kolhapur,48,Female,67500,Prepaid,15,346.53,,409,19,1,Yes,4G,Vivo,Low (<10k),282.93,1,No Contract,1,No,3,,5.6,19.3,No,4,UPI,18-06-2024,No
CUST00457,Mumbai,35,Female,24900,Prepaid,31,222.46,6.15,481,26,4,yes,4G,Samsung,None,207.23,0,With Contract,2,No,0,5,27.9,0.4,Yes,3,Credit Card,04-06-2021,Yes
CUST00261,nashik,48,Female,23700,Prepaid,12,292.13,1.62,522,21,2,yes,4G,Oppo,Mid (10k-25k),276.34,1,No Contract,1,No,1,5,0.5,1.1,Yes,1,Debit Card,22-09-2021,No
CUST00036,Solapur,37,Male,28600,Prepaid,22,192.45,3.35,619,26,1,No,4g,Realme,Low (<10k),231.62,1,No Contract,1,No,2,5,6.4,0.8,Yes,0,upi,21-05-2019,No
CUST00828,PUNE,46,,17700,Postpaid,57,266.85,2.35,465,21,1,yes,4G,Xiaomi,Low (<10k),331.29,0,No Contract,4,No,4,2,3.1,10.1,Yes,2,UPI,17-11-2020,No
CUST00310,Mumbai ,82,Male,27500,Prepaid,17,56.6,3.26,711,26,0,N/A,4G,Xiaomi,Mid (10k-25k),69.49,1,with contract,0,No,2,3,24.2,4.2,No,0,UPI,18-11-2020,No
CUST00277,Solapur,39,Female,10900,Prepaid,0,236.32,16.11,513,22,1,Yes,3G,Apple,Mid (10k-25k),299.37,0,with contract,2,No,1,2,5.5,5.6,Yes,2,Debit Card,09-07-2023,Yes
CUST00637,nagpur,69,Male,30000,Prepaid,5,180.33,3.54,872,23,3,yes,4G,Realme,Low (<10k),219.28,1,With Contract,1,No,0,5,10.1,1.4,Yes,1,UPI,23-08-2020,Yes
CUST00655,Pune,53,Male,75100,Prepaid,65,241.2,26.87,474,27,2,NO,4G,OnePlus,Mid (10k-25k),195.45,1,With Contract,2,No,0,2,1.4,17.4,Yes,1,UPI,03-06-2020,No
CUST00623,Pune,44,male,27000,Prepaid,2,142.23,2.33,565,25,1,yes,4G,Xiaomi,Mid (10k-25k),160.62,2,With Contract,2,Yes,0,3,1.2,5.7,No,0,Debit Card,09-08-2021,No
CUST00845,mumbai,52,male,11100,Prepaid,33,94.02,13.66,316,24,0,N/A,4G,Xiaomi,Mid (10k-25k),83.91,1,With Contract,3,No,1,4,8.8,2.9,No,0,upi,26-06-2020,No
CUST00394,aurangabad,41,Male,21900,Postpaid,3,124.73,0.46,634,18,3,No,4G,Oppo,Premium (>60k),144.11,1,No Contract,0,No,4,,7.9,2.8,No,0,UPI,07-01-2021,No
CUST00108,Chhatrapati Sambhajinagar,41,M,23700,Prepaid,50,196.88,9.93,,23,3,NO,4G,Oppo,Mid (10k-25k),245.96,1,With Contract,2,No,2,4,4.2,1.3,Yes,3,Debit Card,27-03-2023,No
CUST00350,Nashik,53,Female,7300,Prepaid,4,153.81,8.6,93,34,2,yes,5G,,Mid (10k-25k),142.42,1,With Contract,2,No,2,2,4.1,16.6,Yes,1,UPI,29-08-2023,No
CUST00525,Kolhapur,37,Female,27400,Postpaid,1,177,0.31,412,19,0,N/A,2G,Xiaomi,Low (<10k),225.3,1,With Contract,2,No,0,1,,6.6,No,0,upi,11-04-2023,No
CUST00785,Mumbai ,41,Male,18800,Prepaid,9,229.33,1.39,538,22,2,NO,5G,Vivo,High (25k-60k),237.32,3,With Contract,1,No,1,5,6.7,0.2,No,0,UPI,11-03-2023,No
CUST00048,nagpur,62,Female,36400,Prepaid,11,45.33,9.27,364,17,1,yes,4G,Xiaomi,Mid (10k-25k),54.01,1,With Contract,2,No,1,1,1.1,3.4,No,0,UPI,23-02-2020,No
CUST00204,Amravati,85,Female,39800,Postpaid,23,110.67,8.24,536,19,0,N/A,4G,Xiaomi,Mid (10k-25k),92.9,1,No Contract,4,No,1,1,,4.4,No,2,UPI,02-06-2019,No
CUST00022,Bombay,37,male,50400,Prepaid,19,274.59,4.43,508,26,2,No,4G,Oppo,Low (<10k),349.13,0,No Contract,1,No,2,4,1.4,4.4,Yes,2,Credit Card,27-06-2020,No
CUST00403,Nagpur,69,M,16100,Postpaid,67,424,6.08,975,25,1,Yes,4G,Apple,Low (<10k),418.92,3,With Contract,5,No,1,4,12.1,0.9,Yes,0,Wallet,07-07-2022,No
CUST01108,Chhatrapati Sambhajinagar,27,Male,21500,Prepaid,1,121.43,,520,26,4,yes,4g,Realme,Low (<10k),157.26,3,No Contract,3,No,0,1,7.3,0.7,No,0,UPI,21-02-2024,Yes
CUST01155,Nashik,44,M,5300,Postpaid,11,47,2.44,488,25,1,No,3G,Apple,Low (<10k),55.91,1,With Contract,1,No,1,3,1.1,1.4,No,3,UPI,13-08-2021,No
CUST01440,thane,26,Male,32100,Prepaid,7,395.97,,371,28,3,No,4G,APPLE,Low (<10k),491.02,2,No Contract,1,No,3,3,0.6,3.4,Yes,2,Credit Card,01-08-2022,No
CUST00990,solapur,54,Male,18900,Postpaid,7,81.93,2.44,655,33,0,N/A,4g,Apple,Low (<10k),70.18,1,With Contract,2,No,1,5,16.8,0.2,No,3,Debit Card,06/29/2019,No
CUST00742,Pune,66,Male,17800,Prepaid,3,196.22,5.44,554,28,2,NO,4G,Realme,Low (<10k),166.67,1,with contract,1,No,2,4,1.8,1.2,No,0,UPI,18-04-2021,No
CUST01311,mumbai,47,Male,142600,Postpaid,25,178.8,0.29,565,31,0,N/A,4G,Vivo,Mid (10k-25k),208.83,1,No Contract,3,No,2,,0.9,11.6,No,0,UPI,13-04-2019,No
CUST01148,thane,64,Female,54200,Prepaid,35,49.28,4.74,216,36,1,No,4G,Vivo,Low (<10k),63.2,0,No Contract,2,No,0,2,4.2,5.6,No,0,UPI,28-09-2021,No
CUST00034,Navi Mumbai,35,Male,10600,Postpaid,86,175.22,4.39,614,22,0,N/A,4G,Xiaomi,Low (<10k),149.26,1,No Contract,1,No,0,,4,9,No,4,Wallet,11/15/2021,No
CUST00788,Pune,29,Male,27500,prepaid,21,275.34,2.05,93,15,2,Yes,2G,Apple,Mid (10k-25k),321.46,1,With Contract,2,No,2,4,5.6,6.9,No,1,UPI,14-09-2023,Yes
CUST00924,Solapur,42,Female,11800,Prepaid,34,118.06,0.44,93,27,1,NO,4G,Samsung,Low (<10k),150.17,2,With Contract,0,No,3,1,5.9,3.1,Yes,1,UPI,05-09-2022,No
CUST01044,Nashik,83,Female,29200,Prepaid,8,117.2,16.3,,22,2,No,4G,Oppo,Low (<10k),123.41,0,No Contract,2,No,1,2,19.1,2.6,No,1,UPI,01/30/2022,No
CUST01454,Nashik,32,Female,40100,Prepaid,6,132.12,3.18,275,28,0,N/A,3G,Samsung,Low (<10k),130.69,1,No Contract,2,No,2,4,2,4.9,Yes,2,Debit Card,28-03-2021,No
CUST01244,Kolhapur,36,Male,49600,prepaid,2,341.49,13.55,196,22,2,Yes,4G,Samsung,Mid (10k-25k),302.65,0,No Contract,2,No,3,5,4.6,0.1,Yes,1,Wallet,16-03-2019,No
CUST00580,Bombay,51,M,24500,Postpaid,66,41.66,7.64,395,24,3,Yes,4G,Apple,Mid (10k-25k),42.78,1,No Contract,3,No,1,2,2.2,17.8,No,1,UPI,02/25/2020,No
CUST00482,thane,70,M,,Postpaid,2,355.08,19.91,,26,0,N/A,4G,Samsung,Mid (10k-25k),303.58,2,With Contract,1,No,3,5,9.4,16.7,No,0,Debit Card,11-07-2023,Yes
CUST00932,Kolhapur,35,F,26900,Postpaid,3,114.88,1.47,323,20,2,No,4G,Xiaomi,Mid (10k-25k),114.67,4,No Contract,5,No,1,3,2.9,0.8,Yes,1,Debit Card,13-04-2020,Yes
CUST00357,mumbai,53,M,31100,Postpaid,44,149.31,4.21,483,28,1,yes,4G,Xiaomi,Mid (10k-25k),126.58,2,With Contract,1,No,0,1,4.5,0.8,No,1,Wallet,25-06-2020,No
CUST01249,NaviMumbai,57,F,64200,Prepaid,16,126.86,15.32,152,18,3,Yes,4G,Vivo,Low (<10k),107.53,1,With Contract,4,Yes,3,1,3,1.5,Yes,1,,10-03-2023,No
CUST00760,Aurangabad,62,Female,18200,Prepaid,10,46.95,13.62,720,30,1,NO,4G,Samsung,High (25k-60k),57.48,0,-,2,No,0,1,0.3,0.1,No,0,UPI,22-04-2023,No
CUST00093,Chhatrapati Sambhajinagar,54,Male,34000,Prepaid,0,73.26,6.92,643,38,3,Yes,4G,Oppo,None,80.02,1,No Contract,1,No,1,4,0.2,6.1,No,0,,08-06-2022,No
CUST01176,Nagpur,70,Male,10000,Postpaid,7,462.82,4.3,,13,2,Yes,4G,Samsung,Mid (10k-25k),394.01,0,No Contract,3,No,3,3,1.1,13.8,Yes,0,UPI,11-07-2020,No
CUST01416,Navi Mumbai,77,Female,14700,Postpaid,44,560.53,3.35,,25,5,NO,4G,Vivo,Low (<10k),613.78,1,No Contract,2,Yes,2,4,11.4,1.1,Yes,1,Debit Card,03/24/2023,No
CUST01342,PUNE,40,M,11300,Prepaid,34,126.87,0.72,544,24,1,yes,4G,Unknown,High (25k-60k),152.39,0,with contract,4,No,1,3,4.1,6.9,No,1,UPI,20-04-2022,No
CUST00804,nashik,32,Male,7500,Prepaid,25,468.51,20.4,,24,0,N/A,4g,OnePlus,Premium (>60k),562.86,0,With Contract,1,No,1,,10.9,2,Yes,3,upi,12-03-2019,No
CUST00746,Amravati,74,Female,38400,Prepaid,15,172.81,8.18,491,20,1,yes,4G,Samsung,Mid (10k-25k),156.06,0,No Contract,5,Yes,3,4,8.3,8.4,No,0,Wallet,08-04-2024,Yes
CUST00280,Solapur,56,F,37200,Postpaid,9,124.6,2.52,445,29,0,N/A,4g,Samsung,Mid (10k-25k),100.43,1,No Contract,1,No,1,,47.1,2.1,No,0,Credit Card,01-07-2021,No
CUST00765,MUMBAI,33,Female,54500,Prepaid,6,271.68,9.6,359,17,1,No,3G,Oppo,High (25k-60k),348.71,0,No Contract,4,No,2,2,0.9,10.3,Yes,2,UPI,05-02-2021,No
CUST00605,MUMBAI,42,M,42500,prepaid,4,157.4,11.18,479,15,1,NO,4G,Apple,High (25k-60k),142.72,0,With Contract,1,No,1,3,19,0.9,No,1,Wallet,12-02-2019,Yes
CUST01496,THANE,57,F,44000,Postpaid,2,512.61,11.18,689,34,0,N/A,4G,Oppo,Mid (10k-25k),610.61,1,No Contract,5,No,2,5,1.9,3.1,Yes,0,Wallet,07-07-2019,No
CUST01374,Unknown,,Female,32800,Prepaid,42,153.11,6.36,,29,1,NO,4G,,Mid (10k-25k),136.99,2,No Contract,0,No,1,4,0.3,5.1,No,1,UPI,11-02-2023,No
CUST01399,Nashik,64,Female,,Prepaid,26,451,7.43,101,27,0,N/A,4G,Apple,Premium (>60k),535.13,0,With Contract,4,No,1,2,3.8,3.6,No,0,Cash,26-03-2022,No
CUST00401,mumbai,61,Female,18700,Prepaid,0,299.14,1.36,449,21,5,Yes,3G,OnePlus,Low (<10k),344.94,0,No Contract,1,No,0,4,7,5.7,No,2,UPI,04-03-2022,Yes
CUST00258,thane,54,Female,42400,Prepaid,19,472.26,8.17,159,15,2,yes,5G,Oppo,Mid (10k-25k),434.42,0,No Contract,3,No,0,4,,7.1,No,0,Debit Card,04-06-2023,No
CUST00945,Mumbai ,55,Female,69900,Prepaid,14,167.35,14.99,,24,0,N/A,4G,Oppo,Low (<10k),175.58,1,With Contract,1,No,2,3,3.6,4.6,Yes,0,Debit Card,23-09-2023,No
CUST01097,Bombay,63,Male,51700,Prepaid,16,135.68,1.95,572,22,0,N/A,4G,Realme,High (25k-60k),170.91,0,With Contract,2,No,3,1,12.8,8,No,0,Credit Card,10/29/2019,No
CUST01220,mumbai,54,Male,,Prepaid,11,16.49,,301,24,2,Yes,4G,Apple,N/A,14.32,2,with contract,2,No,3,2,3.5,2.6,No,4,UPI,01/17/2020,No
CUST01162,Bombay,75,F,13900,Prepaid,3,374.9,0.37,351,29,1,No,5G,Samsung,Mid (10k-25k),457.8,3,With Contract,1,No,1,1,3.7,3,No,0,Net Banking,16-02-2019,Yes
CUST00495,pune,58,M,24400,Prepaid,2,88.78,,294,35,0,N/A,4G,Xiaomi,High (25k-60k),,2,No Contract,0,No,1,4,9.2,1.8,Yes,2,Cash,13-08-2023,Yes
CUST00773,Bombay,53,Female,30700,Prepaid,9,141.18,12.42,522,33,2,No,5G,Oppo,High (25k-60k),120.97,1,No Contract,3,No,1,4,0.5,1.9,No,3,Cash,27-12-2021,No
CUST00551,Nagpur,44,Female,19300,Postpaid,1,295.61,1.55,522,23,2,No,4G,Samsung,Low (<10k),342.08,1,No Contract,3,No,1,1,7.1,6.9,Yes,0,UPI,11-12-2019,Yes
CUST00202,MUMBAI,58,Female,16200,Prepaid,25,585.04,1.73,756,31,0,N/A,3G,Xiaomi,High (25k-60k),628.53,0,No Contract,2,No,0,2,6.7,10.6,No,0,Credit Card,04-12-2022,No
CUST00313,Bombay,46,Male,29700,POSTPAID,0,232.83,8.7,197,24,0,N/A,4G,Realme,Low (<10k),,0,With Contract,2,No,1,4,24.7,4,No,2,Net Banking,17-12-2019,No
CUST00291,Mumbai,22,Male,19500,Prepaid,4,148.69,5.43,419,27,3,No,4G,Oppo,Low (<10k),169.73,1,with contract,1,No,4,4,4.8,0.5,No,0,Credit Card,19-01-2023,Yes
CUST01214,Solapur,60,Male,32200,Postpaid,0,461.92,2.45,305,29,1,Yes,5G,Vivo,Low (<10k),413.5,0,No Contract,2,No,2,3,1.9,6.7,Yes,0,Net Banking,17-01-2020,Yes
CUST00764,Aurangabad,43,Female,80100,Postpaid,33,67.57,1.49,682,21,1,NO,4G,Xiaomi,Low (<10k),83.22,1,No Contract,3,No,4,2,5.8,12.6,Yes,0,UPI,22-09-2021,Yes
CUST01137,Unknown,66,male,,Prepaid,7,76.86,3.13,713,33,2,No,5G,Vivo,Mid (10k-25k),94.98,1,No Contract,7,No,3,4,14,8.8,Yes,4,UPI,17-08-2019,No
CUST00950,nashik,34,Male,21200,Prepaid,24,99.55,0.38,492,20,2,No,4g,Vivo,-,91.92,1,With Contract,2,No,0,3,4.9,1.2,No,0,UPI,06-06-2021,No
CUST00184,amravati,53,F,15400,Prepaid,7,287.67,2.53,,22,2,NO,4G,Vivo,Premium (>60k),238.71,1,No Contract,2,No,0,3,18.7,0.5,Yes,2,UPI,09-06-2023,No
CUST01177,Aurangabad,,Male,27100,prepaid,6,254.29,7.24,386,21,2,yes,2G,Xiaomi,High (25k-60k),269.67,1,With Contract,4,No,3,5,5.5,0.7,No,3,UPI,18-08-2019,No
CUST01350,Mumbai,,Male,,Prepaid,3,163.18,7.17,674,30,2,No,4G,Oppo,High (25k-60k),139.29,1,With Contract,1,No,1,4,4.6,30.4,No,1,UPI,19-03-2022,Yes
CUST01069,PUNE,47,M,37100,Postpaid,10,33.97,9.65,775,33,1,Yes,4G,Samsung,High (25k-60k),28.64,1,No Contract,4,No,4,3,9.9,4.6,Yes,1,,09-01-2020,No
CUST01469,Amravati,57,male,12900,Prepaid,5,208.78,18.72,376,27,2,Yes,4G,Xiaomi,High (25k-60k),254.64,1,No Contract,1,No,1,2,3.5,0.7,Yes,0,Debit Card,12-12-2023,Yes
CUST01031,mumbai,22,Female,38000,Prepaid,500,114.96,1.79,476,24,1,No,4G,Vivo,Mid (10k-25k),108.81,0,No Contract,1,No,2,3,14.1,5.4,Yes,0,Net Banking,05-12-2020,No
CUST00251, Pune,36,Female,69200,Postpaid,13,194.7,2.63,697,17,3,No,4G,Vivo,Mid (10k-25k),241.71,0,No Contract,2,No,0,4,1.3,16.8,Yes,0,Debit Card,10/25/2020,No
CUST00824, Pune,40,Male,9200,Postpaid,24,497.11,11.09,,29,2,No,4G,Oppo,Mid (10k-25k),635.04,0,No Contract,4,No,4,4,1.7,0.4,No,0,Cash,19-06-2019,No
CUST01100,pune,56,Male,47700,Prepaid,9,229.71,13.29,345,34,2,No,4G,Oppo,Low (<10k),216.25,0,No Contract,4,No,0,4,,0.7,No,0,UPI,01-11-2020,No
CUST00941,Mumbai ,54,Female,14800,Prepaid,10,108.15,2.49,313,41,2,NO,4G,Realme,Low (<10k),112.63,4,No Contract,1,No,2,5,3.1,6.5,Yes,3,UPI,15-10-2019,No
CUST00392,pune,,Female,18600,Postpaid,4,186.1,4.81,623,22,2,Yes,5G,Samsung,Low (<10k),241.16,0,No Contract,0,No,1,5,10.8,4.5,Yes,2,Cash,25-01-2023,No
CUST01457,Thane,47,M,48900,prepaid,23,262.72,0.32,479,29,3,NO,5G,Realme,Mid (10k-25k),317.27,1,No Contract,2,No,0,4,4.4,9.3,Yes,0,UPI,05-11-2022,No
CUST01093,nashik,44,Female,,Postpaid,13,64.52,0.23,243,27,2,No,4G,Vivo,Low (<10k),71.09,0,No Contract,2,No,2,3,0.6,11.9,Yes,0,Debit Card,06-02-2024,No
CUST01192,nashik,37,Female,21600,Prepaid,14,220.7,,268,27,1,Yes,4g,Samsung,Low (<10k),189.18,1,With Contract,1,No,2,4,21,0.4,No,0,UPI,25-07-2020,No
CUST00905,PUNE,39,Female,36200,Prepaid,50,851.33,3.16,894,20,2,No,4G,Apple,Premium (>60k),702.57,1,No Contract,1,No,0,1,,5.5,Yes,1,UPI,13-10-2023,No
CUST00731,MUMBAI,48,M,,Postpaid,14,176.02,4.5,471,28,0,N/A,4G,Apple,Low (<10k),172.51,0,With Contract,2,Yes,2,3,0.6,2.8,No,0,UPI,07-04-2020,No
CUST00555,amravati,36,F,0,prepaid,56,129.07,6.2,333,16,0,N/A,4G,Xiaomi,Mid (10k-25k),111.97,0,No Contract,3,No,0,3,4.3,0.7,Yes,2,UPI,26-12-2022,No
CUST00367,Sangli,41,Male,10700,Prepaid,3,335.71,2.13,633,25,0,N/A,4G,Xiaomi,null,382.81,0,No Contract,2,No,2,4,7.2,2.5,Yes,0,UPI,25-09-2020,No
CUST00346,Nasik,50,Male,27300,Postpaid,0,166.5,3.25,447,34,0,N/A,4G,Unknown,Low (<10k),194.93,1,No Contract,1,No,2,4,17.5,1.6,Yes,0,,28-11-2021,No
CUST00536,Navi Mumbai,67,Male,8300,prepaid,21,71.3,7.21,562,34,2,NO,5G,Xiaomi,Premium (>60k),77.87,0,No Contract,1,No,0,2,7.3,6.3,Yes,1,UPI,01/17/2024,No
CUST01423,Mumbai ,36,F,24300,Prepaid,28,318.6,11.8,561,20,2,Yes,3G,Vivo,Mid (10k-25k),341.26,0,No Contract,1,No,1,4,24.9,3.3,No,3,upi,11-03-2021,No
CUST01210,akola,48,Male,49200,Postpaid,48,393.13,0.38,262,28,0,N/A,4G,Realme,Low (<10k),404.36,2,With Contract,1,Yes,3,3,,4.9,Yes,1,Credit Card,16-10-2023,No
CUST01373,kolhapur,45,F,9100,Prepaid,23,165.87,0.31,457,31,3,NO,4g,Samsung,Premium (>60k),190.68,0,No Contract,1,No,2,5,3.6,7,Yes,0,UPI,10/19/2021,No
CUST00920,Mumbai ,36,Female,92300,prepaid,10,220.25,8.51,400,22,0,N/A,3G,OnePlus,Low (<10k),274.26,0,No Contract,0,No,2,4,10.5,0.4,Yes,3,UPI,06-04-2021,No
CUST00212,thane,44,Male,,Postpaid,5,576.93,,446,20,1,Yes,5G,Samsung,Low (<10k),634.88,0,with contract,3,No,1,3,5.8,6.8,Yes,0,UPI,20-08-2021,Yes
CUST00503, Pune,59,Other,56100,Prepaid,67,232.76,27.37,447,20,1,yes,3G,Unknown,Mid (10k-25k),222.47,2,With Contract,2,No,0,3,3.3,1.7,Yes,1,Net Banking,28-02-2022,No
CUST00538,Bombay,35,Male,30200,Postpaid,10,448.71,10.8,695,23,2,Yes,5G,Samsung,Low (<10k),580.91,0,No Contract,2,No,1,4,7.3,5.7,Yes,1,Wallet,30-10-2023,No
CUST01221,Navi Mumbai,58,F,62900,POSTPAID,32,146.35,30.09,440,19,2,NO,4G,Samsung,Low (<10k),179.16,1,No Contract,0,No,2,5,8.8,11,Yes,0,Wallet,19-04-2019,No
CUST00176,Bombay,58,Male,36400,prepaid,43,429.54,1.07,399,28,1,yes,4G,Samsung,Mid (10k-25k),386.51,2,No Contract,1,No,0,2,10.5,2.6,Yes,0,UPI,08-02-2023,No
